IPC.mojom.Channel.GetAssociatedInterface	GetAssociatedInterface	1677877362	425080747	959202844
IPC.mojom.Channel.SetPeerPid	SetPeerPid	1514254034	1838581214	37679234
access_code_cast.mojom.PageHandler.AddSink	AddSink	658916883	965291822	2074422509
access_code_cast.mojom.PageHandler.CastToSink	CastToSink	1121522394	1784183815	1260698065
access_code_cast.mojom.PageHandlerFactory.CreatePageHandler	CreatePageHandler	1491630672	1341422885	1049712340
action_chips.mojom.ActionChipsHandler.ActivateMetricsFunnel	ActivateMetricsFunnel	306277165	230444536	562328083
action_chips.mojom.ActionChipsHandler.NavigateToAim	NavigateToAim	145923986	930169661	426179484
action_chips.mojom.ActionChipsHandler.SetActionChipsVisibility	SetActionChipsVisibility	349639678	809245180	369193179
action_chips.mojom.ActionChipsHandler.StartActionChipsRetrieval	StartActionChipsRetrieval	369151218	1517409582	765129201
action_chips.mojom.ActionChipsHandlerFactory.CreateActionChipsHandler	CreateActionChipsHandler	1842178912	1862245614	2131498827
action_chips.mojom.Page.OnActionChipsChanged	OnActionChipsChanged	1710954627	1991675017	214405140
actor.mojom.JournalClient.AddEntriesToJournal	AddEntriesToJournal	2075851498	315379712	388437144
actor.ui.mojom.ActorOverlayPage.MoveCursorTo	MoveCursorTo	723922463	1340734391	2146543810
actor.ui.mojom.ActorOverlayPage.SetBorderGlowVisibility	SetBorderGlowVisibility	1037472910	1523876258	1569654105
actor.ui.mojom.ActorOverlayPage.SetScrimBackground	SetScrimBackground	1693430227	1979634303	1467482693
actor.ui.mojom.ActorOverlayPage.SetTheme	SetTheme	1390713734	2075076077	457088810
actor.ui.mojom.ActorOverlayPage.TriggerClickAnimation	TriggerClickAnimation	548880929	119175103	913126809
actor.ui.mojom.ActorOverlayPageHandler.GetCurrentBorderGlowVisibility	GetCurrentBorderGlowVisibility	932429191	408959119	2011248454
actor.ui.mojom.ActorOverlayPageHandler.OnHoverStatusChanged	OnHoverStatusChanged	1054936806	376164748	266026569
actor.ui.mojom.ActorOverlayPageHandlerFactory.CreatePageHandler	CreatePageHandler	1491630672	1381451751	1114207153
actor_internals.mojom.Page.JournalEntryAdded	JournalEntryAdded	412003260	675843932	214405140
actor_internals.mojom.PageHandler.StartLogging	StartLogging	1982288762	111513636	2074422509
actor_internals.mojom.PageHandler.StopLogging	StopLogging	821177528	1440969084	1260698065
actor_internals.mojom.PageHandlerFactory.CreatePageHandler	CreatePageHandler	1491630672	1188137583	1049712340
add_supervision.mojom.AddSupervisionHandler.GetInstalledArcApps	GetInstalledArcApps	378060629	245255571	287945362
add_supervision.mojom.AddSupervisionHandler.GetOAuthToken	GetOAuthToken	1485844495	1656335234	48922713
add_supervision.mojom.AddSupervisionHandler.LogOut	LogOut	1111274843	1965508095	1470512167
add_supervision.mojom.AddSupervisionHandler.NotifySupervisionEnabled	NotifySupervisionEnabled	555650554	750723220	817440613
add_supervision.mojom.AddSupervisionHandler.RequestClose	RequestClose	151942796	991786098	195119554
add_supervision.mojom.AddSupervisionHandler.SetCloseOnEscape	SetCloseOnEscape	2059463627	852785387	1937121117
ai.mojom.AIPrototypingService.ExecuteOnDeviceQuery	ExecuteOnDeviceQuery	155729325	2053233648	1191798101
ai.mojom.AIPrototypingService.ExecuteServerQuery	ExecuteServerQuery	2074748209	2061923219	539745039
ai.mojom.EnhancedCalendarService.ExecuteEnhancedCalendarRequest	ExecuteEnhancedCalendarRequest	172338649	986089583	479715086
ai.mojom.ModelLedSuggestionsService.FetchModelLedSuggestions	FetchModelLedSuggestions	154005572	1449272151	230030978
ai.mojom.SmartTabGroupingService.ExecuteSmartTabGroupingRequest	ExecuteSmartTabGroupingRequest	1176581952	782592559	1184068005
ai.mojom.TabOrganizationService.ExecuteGroupTabs	ExecuteGroupTabs	1394492831	1140038447	206686785
ai_overlay_dialog.mojom.AiOverlayToolRegistry.GetToolDefinitions	GetToolDefinitions	782618549	353083934	1456957601
ai_overlay_dialog.mojom.AiOverlayTools.AddBookmark	AddBookmark	1997030718	1077273588	422856827
ai_overlay_dialog.mojom.AiOverlayTools.ClickElement	ClickElement	1205275921	1110556163	1856500620
ai_overlay_dialog.mojom.AiOverlayTools.CloseCurrentTab	CloseCurrentTab	107256659	1588706549	1387103463
ai_overlay_dialog.mojom.AiOverlayTools.CloseGeminiPanel	CloseGeminiPanel	1928934308	789889876	438165711
ai_overlay_dialog.mojom.AiOverlayTools.FindAndHighlight	FindAndHighlight	493813885	985649940	891699335
ai_overlay_dialog.mojom.AiOverlayTools.FollowLink	FollowLink	419258110	390101587	963960699
ai_overlay_dialog.mojom.AiOverlayTools.GoBack	GoBack	803836246	1608022290	575956985
ai_overlay_dialog.mojom.AiOverlayTools.GoForward	GoForward	1582586622	850004932	22400968
ai_overlay_dialog.mojom.AiOverlayTools.OpenGeminiPanel	OpenGeminiPanel	1926226654	1582711341	613575023
ai_overlay_dialog.mojom.AiOverlayTools.OpenPage	OpenPage	1550227720	1450070973	1197402197
ai_overlay_dialog.mojom.AiOverlayTools.OpenUrl	OpenUrl	1129588892	523074871	772335172
ai_overlay_dialog.mojom.AiOverlayTools.PauseVideo	PauseVideo	771380694	1866063158	1460211186
ai_overlay_dialog.mojom.AiOverlayTools.PerformSearch	PerformSearch	286330956	98794775	1732941262
ai_overlay_dialog.mojom.AiOverlayTools.PlayVideo	PlayVideo	503729868	706007022	941695527
ai_overlay_dialog.mojom.AiOverlayTools.ReloadPage	ReloadPage	1453221391	1135211483	1112988324
ai_overlay_dialog.mojom.AiOverlayTools.RemoveBookmark	RemoveBookmark	806248597	637535405	112727658
ai_overlay_dialog.mojom.AiOverlayTools.Scroll	Scroll	1128842666	447320237	2066528250
ai_overlay_dialog.mojom.AiOverlayTools.SeekToTimestamp	SeekToTimestamp	599495130	1703433645	1120033694
ai_overlay_dialog.mojom.AiOverlayTools.SelectOption	SelectOption	202397822	1020441115	1937177179
ai_overlay_dialog.mojom.AiOverlayTools.SetFullscreen	SetFullscreen	2109319752	1222989662	1377317701
ai_overlay_dialog.mojom.AiOverlayTools.SetText	SetText	1578750858	104939917	348479381
ai_overlay_dialog.mojom.AiOverlayTools.SwitchTab	SwitchTab	1654423730	1735413137	1245224633
ai_overlay_dialog.mojom.AiOverlayTools.TranslatePage	TranslatePage	1331915708	367482299	1899775715
ai_overlay_dialog.mojom.Page.DidChangePage	DidChangePage	1915490341	702931426	214405140
ai_overlay_dialog.mojom.Page.OnAudioOutput	OnAudioOutput	194489763	796965872	530891996
ai_overlay_dialog.mojom.Page.OnGenerationStateChanged	OnGenerationStateChanged	1557819053	971628843	1928641487
ai_overlay_dialog.mojom.Page.OnStreamingSessionStateChanged	OnStreamingSessionStateChanged	170485207	1557364647	1120442167
ai_overlay_dialog.mojom.Page.OnTranscriptions	OnTranscriptions	1796773725	1469635817	1912817704
ai_overlay_dialog.mojom.Page.SetInputCaptionsVisible	SetInputCaptionsVisible	1188755086	1586000880	1672043667
ai_overlay_dialog.mojom.Page.SetOutputCaptionsVisible	SetOutputCaptionsVisible	1041718689	593832239	1934265607
ai_overlay_dialog.mojom.Page.SetUsePersona	SetUsePersona	407874336	823958638	1046016221
ai_overlay_dialog.mojom.Page.UpdateCurrentPageContext	UpdateCurrentPageContext	184624309	362717540	1408499727
ai_overlay_dialog.mojom.PageHandler.CaptureRawViewportRegion	CaptureRawViewportRegion	885250983	806348380	160316634
ai_overlay_dialog.mojom.PageHandler.Close	Close	1454175847	1870214687	252371155
ai_overlay_dialog.mojom.PageHandler.GetCursorPosition	GetCursorPosition	1862486624	2029371311	978676253
ai_overlay_dialog.mojom.PageHandler.GetImageBytes	GetImageBytes	691693575	1370063398	1558420783
ai_overlay_dialog.mojom.PageHandler.GetMockAudioData	GetMockAudioData	1778562305	575707561	2074422509
ai_overlay_dialog.mojom.PageHandler.GetRememberedNotes	GetRememberedNotes	1677187852	1672024760	477874547
ai_overlay_dialog.mojom.PageHandler.ReportPlaybackStatus	ReportPlaybackStatus	569464534	2041166189	527806321
ai_overlay_dialog.mojom.PageHandler.SendAudioChunk	SendAudioChunk	1827724334	1238800910	576514537
ai_overlay_dialog.mojom.PageHandler.SendTextInput	SendTextInput	1050553530	1061830391	703401204
ai_overlay_dialog.mojom.PageHandler.SetRememberedNote	SetRememberedNote	459423617	1610454348	1215762890
ai_overlay_dialog.mojom.PageHandler.StartStreamingSession	StartStreamingSession	1230179511	1310675995	1030440014
ai_overlay_dialog.mojom.PageHandler.StopStreamingSession	StopStreamingSession	1493634769	1328490599	1398728236
ai_overlay_dialog.mojom.PageHandler.UpdateAudioEnergy	UpdateAudioEnergy	1349283876	845060630	1260698065
ai_overlay_dialog.mojom.PageHandlerFactory.CreatePageHandler	CreatePageHandler	1491630672	1361886045	1049712340
aim_eligibility.mojom.Page.OnDriveStatusChanged	OnDriveStatusChanged	1124981980	1233677877	1408499727
aim_eligibility.mojom.Page.OnEligibilityStateChanged	OnEligibilityStateChanged	1329899628	1777672229	214405140
aim_eligibility.mojom.PageHandler.GetEligibilityState	GetEligibilityState	1668516781	1269004802	2074422509
aim_eligibility.mojom.PageHandler.RequestServerEligibilityForDebugging	RequestServerEligibilityForDebugging	11804751	901831250	1260698065
aim_eligibility.mojom.PageHandler.SetEligibilityResponseForDebugging	SetEligibilityResponseForDebugging	803056404	1938301348	252371155
aim_eligibility.mojom.PageHandlerFactory.CreatePageHandler	CreatePageHandler	1491630672	1488639608	1049712340
android_webview.mojom.FrameHost.ContentsSizeChanged	ContentsSizeChanged	124113676	106941548	1087015743
android_webview.mojom.FrameHost.ShouldOverrideUrlLoading	ShouldOverrideUrlLoading	1035224245	228987508	21755759
android_webview.mojom.FrameHost.UpdateHitTestData	UpdateHitTestData	776304913	308408379	391421434
android_webview.mojom.LocalMainFrame.DocumentHasImage	DocumentHasImage	1068176413	1620911074	153303356
android_webview.mojom.LocalMainFrame.ResetScrollAndScaleState	ResetScrollAndScaleState	543401493	1749290182	984578542
android_webview.mojom.LocalMainFrame.SetInitialPageScale	SetInitialPageScale	1304774238	22960680	352307538
android_webview.mojom.LocalMainFrame.SetTextZoomFactor	SetTextZoomFactor	1282622842	849862613	846734821
android_webview.mojom.LocalMainFrame.SmoothScroll	SmoothScroll	1614718156	658961938	1965898620
android_webview.mojom.RenderMessageFilter.SubFrameCreated	SubFrameCreated	665907288	1095549411	302181006
android_webview.mojom.Renderer.ClearCache	ClearCache	1655526126	141736623	344750155
android_webview.mojom.Renderer.PrefetchNativeLibrary	PrefetchNativeLibrary	1317057130	551971431	1961363425
android_webview.mojom.Renderer.SetJsOnlineProperty	SetJsOnlineProperty	2071486092	159078341	777000610
app_home.mojom.Page.AddApp	AddApp	1083186995	1583861001	214405140
app_home.mojom.Page.RemoveApp	RemoveApp	1651787922	62372200	1408499727
app_home.mojom.Page.UpdateApp	UpdateApp	1928335495	736146957	1672043667
app_home.mojom.PageHandler.CreateAppShortcut	CreateAppShortcut	1345849476	1853657390	160316634
app_home.mojom.PageHandler.GetApps	GetApps	2041961211	447190680	2074422509
app_home.mojom.PageHandler.GetDeprecationLinkString	GetDeprecationLinkString	147866088	1714441838	1260698065
app_home.mojom.PageHandler.InstallAppLocally	InstallAppLocally	261095501	2099573665	1030440014
app_home.mojom.PageHandler.LaunchApp	LaunchApp	1474952073	1255586146	1215762890
app_home.mojom.PageHandler.LaunchDeprecatedAppDialog	LaunchDeprecatedAppDialog	1139283432	907152073	1558420783
app_home.mojom.PageHandler.SetRunOnOsLoginMode	SetRunOnOsLoginMode	400367795	1358111371	477874547
app_home.mojom.PageHandler.SetUserDisplayMode	SetUserDisplayMode	622595753	1744587576	576514537
app_home.mojom.PageHandler.ShowAppSettings	ShowAppSettings	350444980	1742362262	978676253
app_home.mojom.PageHandler.UninstallApp	UninstallApp	1844339170	671281876	252371155
app_home.mojom.PageHandlerFactory.CreatePageHandler	CreatePageHandler	1491630672	92645704	1049712340
app_management.mojom.Page.OnAppAdded	OnAppAdded	1588784171	980086013	214405140
app_management.mojom.Page.OnAppChanged	OnAppChanged	1413340269	221417723	1408499727
app_management.mojom.Page.OnAppRemoved	OnAppRemoved	2031494685	1396702147	1672043667
app_management.mojom.PageHandler.GetApp	GetApp	1376219224	1126925194	1260698065
app_management.mojom.PageHandler.GetApps	GetApps	2041961211	174446720	2074422509
app_management.mojom.PageHandler.GetExtensionAppPermissionMessages	GetExtensionAppPermissionMessages	996637266	1306165581	978676253
app_management.mojom.PageHandler.GetOverlappingPreferredApps	GetOverlappingPreferredApps	17607107	1735263763	703401204
app_management.mojom.PageHandler.GetSubAppToParentMap	GetSubAppToParentMap	2105836447	1526215250	252371155
app_management.mojom.PageHandler.OpenNativeSettings	OpenNativeSettings	395699999	193075067	1030440014
app_management.mojom.PageHandler.OpenStorePage	OpenStorePage	1467880109	1858583929	1872147519
app_management.mojom.PageHandler.SetAppLocale	SetAppLocale	259730258	1490609637	503066160
app_management.mojom.PageHandler.SetFileHandlingEnabled	SetFileHandlingEnabled	1889670073	2086509161	176590812
app_management.mojom.PageHandler.SetPermission	SetPermission	2097898550	1152028971	1215762890
app_management.mojom.PageHandler.SetPinned	SetPinned	14806677	98830793	160316634
app_management.mojom.PageHandler.SetPreferredApp	SetPreferredApp	481845687	282924503	576514537
app_management.mojom.PageHandler.SetResizeLocked	SetResizeLocked	864314197	846904657	477874547
app_management.mojom.PageHandler.SetRunOnOsLoginMode	SetRunOnOsLoginMode	400367795	1160131979	1109170374
app_management.mojom.PageHandler.SetWindowMode	SetWindowMode	658677038	1839732739	1398728236
app_management.mojom.PageHandler.ShowDefaultAppAssociationsUi	ShowDefaultAppAssociationsUi	73304804	185529621	1530853526
app_management.mojom.PageHandler.Uninstall	Uninstall	1579573633	486721961	1558420783
app_management.mojom.PageHandler.UpdateAppSize	UpdateAppSize	324876116	1004021994	527806321
app_management.mojom.PageHandlerFactory.CreatePageHandler	CreatePageHandler	1491630672	2008087300	1049712340
arc.keymaster.mojom.CertStoreInstance.UpdatePlaceholderKeys	UpdatePlaceholderKeys	356420321	1382596209	1
arc.keymint.mojom.CertStoreInstance.SetSerialNumber	SetSerialNumber	1039673964	1995451943	2
arc.keymint.mojom.CertStoreInstance.UpdatePlaceholderKeys	UpdatePlaceholderKeys	356420321	291828561	1
arc.mojom.AdbdMonitorHost.AdbdStarted	AdbdStarted	279508819	1260117193	0
arc.mojom.AdbdMonitorHost.AdbdStopped	AdbdStopped	886148071	734144681	1
arc.mojom.AdbdMonitorInstance.Init	Init	860934531	649716657	0
arc.mojom.AppHost.OnAppAddedDeprecated	OnAppAddedDeprecated	958613440	402136748	2
arc.mojom.AppHost.OnAppListRefreshed	OnAppListRefreshed	1836675799	374457532	0
arc.mojom.AppHost.OnInstallShortcut	OnInstallShortcut	2066932909	1617198704	11
arc.mojom.AppHost.OnInstallationActiveChanged	OnInstallationActiveChanged	1128096048	1118908615	20
arc.mojom.AppHost.OnInstallationFinished	OnInstallationFinished	744562396	556442203	15
arc.mojom.AppHost.OnInstallationProgressChanged	OnInstallationProgressChanged	1999717393	747395058	19
arc.mojom.AppHost.OnInstallationStarted	OnInstallationStarted	1127593545	518000669	14
arc.mojom.AppHost.OnNotificationsEnabledChanged	OnNotificationsEnabledChanged	2011373195	1469591100	7
arc.mojom.AppHost.OnPackageAdded	OnPackageAdded	822945504	171410205	8
arc.mojom.AppHost.OnPackageAppListRefreshed	OnPackageAppListRefreshed	1176834063	196761869	13
arc.mojom.AppHost.OnPackageListRefreshed	OnPackageListRefreshed	1914869876	194461218	9
arc.mojom.AppHost.OnPackageModified	OnPackageModified	1811676259	786511572	10
arc.mojom.AppHost.OnPackageRemoved	OnPackageRemoved	842316498	63429743	3
arc.mojom.AppHost.OnTaskCreated	OnTaskCreated	1848801979	1918697587	4
arc.mojom.AppHost.OnTaskDescriptionChanged	OnTaskDescriptionChanged	749727067	1076416493	18
arc.mojom.AppHost.OnTaskDescriptionUpdated	OnTaskDescriptionUpdated	1333573342	674772380	17
arc.mojom.AppHost.OnTaskDestroyed	OnTaskDestroyed	1760174866	1477370372	5
arc.mojom.AppHost.OnTaskSetActive	OnTaskSetActive	440837981	1740022311	6
arc.mojom.AppHost.OnUninstallShortcut	OnUninstallShortcut	1503253722	861216466	16
arc.mojom.AppInstance.CloseTask	CloseTask	1348524068	186767933	8
arc.mojom.AppInstance.GetAndroidId	GetAndroidId	1575100039	2039316351	33
arc.mojom.AppInstance.GetAppCategory	GetAppCategory	1761996384	977366884	41
arc.mojom.AppInstance.GetAppIcon	GetAppIcon	1414265731	385830833	35
arc.mojom.AppInstance.GetAppShortcutGlobalQueryItems	GetAppShortcutGlobalQueryItems	1225094631	1079069017	26
arc.mojom.AppInstance.GetAppShortcutIcon	GetAppShortcutIcon	1460499421	104003646	36
arc.mojom.AppInstance.GetAppShortcutItems	GetAppShortcutItems	1619610738	1304261452	23
arc.mojom.AppInstance.GetPackageIcon	GetPackageIcon	1101287954	1478932027	37
arc.mojom.AppInstance.GetRecentAndSuggestedAppsFromPlayStore	GetRecentAndSuggestedAppsFromPlayStore	1793630627	1320306739	16
arc.mojom.AppInstance.Init	Init	860934531	723909001	21
arc.mojom.AppInstance.InstallPackage	InstallPackage	349858754	1501984006	11
arc.mojom.AppInstance.IsInstallable	IsInstallable	35740226	85337556	34
arc.mojom.AppInstance.LaunchAppShortcutItem	LaunchAppShortcutItem	1424961606	504176936	24
arc.mojom.AppInstance.LaunchAppWithWindowInfo	LaunchAppWithWindowInfo	333181717	1371401659	38
arc.mojom.AppInstance.LaunchIntentWithWindowInfo	LaunchIntentWithWindowInfo	232541178	369729605	39
arc.mojom.AppInstance.RemoveCachedIcon	RemoveCachedIcon	549272428	1821360662	14
arc.mojom.AppInstance.RequestAppIcon	RequestAppIcon	160562046	899396198	27
arc.mojom.AppInstance.RequestPackageIcon	RequestPackageIcon	2220715	141977224	30
arc.mojom.AppInstance.RequestShortcutIcon	RequestShortcutIcon	747408949	529841874	28
arc.mojom.AppInstance.SetAppLocale	SetAppLocale	259730258	1624017893	43
arc.mojom.AppInstance.SetNotificationsEnabled	SetNotificationsEnabled	316566588	336188600	10
arc.mojom.AppInstance.SetTaskActive	SetTaskActive	1089400842	1330918271	7
arc.mojom.AppInstance.ShowPackageInfoDeprecated	ShowPackageInfoDeprecated	1806498009	774175314	9
arc.mojom.AppInstance.ShowPackageInfoOnPage	ShowPackageInfoOnPage	1041249824	1982712002	20
arc.mojom.AppInstance.ShowPackageInfoOnPageDeprecated	ShowPackageInfoOnPageDeprecated	873894419	1359527167	15
arc.mojom.AppInstance.StartFastAppReinstallFlow	StartFastAppReinstallFlow	2095983198	839697155	25
arc.mojom.AppInstance.StartPaiFlow	StartPaiFlow	1852875059	926145706	32
arc.mojom.AppInstance.UninstallPackage	UninstallPackage	2055103915	642716527	5
arc.mojom.AppInstance.UpdateAppDetails	UpdateAppDetails	273353991	1090968023	42
arc.mojom.AppInstance.UpdateWindowInfo	UpdateWindowInfo	308235566	1160907946	40
arc.mojom.AppPermissionsInstance.GrantPermission	GrantPermission	1860881416	955294559	0
arc.mojom.AppPermissionsInstance.RevokePermission	RevokePermission	322766326	2007555589	1
arc.mojom.AppfuseHost.Mount	Mount	151725336	329657861	0
arc.mojom.AppfuseHost.OpenFile	OpenFile	1095998031	1424315990	2
arc.mojom.AppfuseHost.Unmount	Unmount	230168847	612305839	1
arc.mojom.AppfuseInstance.Init	Init	860934531	1514661873	0
arc.mojom.ArcBridgeHost.OnAccessibilityHelperInstanceReady	OnAccessibilityHelperInstanceReady	785767160	1311993229	127
arc.mojom.ArcBridgeHost.OnAdbdMonitorInstanceReady	OnAdbdMonitorInstanceReady	561208075	1653303067	158
arc.mojom.ArcBridgeHost.OnAppInstanceReady	OnAppInstanceReady	684080215	278904787	100
arc.mojom.ArcBridgeHost.OnAppPermissionsInstanceReady	OnAppPermissionsInstanceReady	272231417	360996617	149
arc.mojom.ArcBridgeHost.OnAppfuseInstanceReady	OnAppfuseInstanceReady	409840274	398064391	145
arc.mojom.ArcBridgeHost.OnArcShellExecutionInstanceReady	OnArcShellExecutionInstanceReady	990287544	1530568067	174
arc.mojom.ArcBridgeHost.OnArcWifiInstanceReady	OnArcWifiInstanceReady	947927765	1591638367	171
arc.mojom.ArcBridgeHost.OnAudioInstanceReady	OnAudioInstanceReady	1879752970	572499079	115
arc.mojom.ArcBridgeHost.OnAuthInstanceReady	OnAuthInstanceReady	1985686022	975927887	106
arc.mojom.ArcBridgeHost.OnBackupSettingsInstanceReady	OnBackupSettingsInstanceReady	678791679	1228131389	138
arc.mojom.ArcBridgeHost.OnBluetoothInstanceReady	OnBluetoothInstanceReady	1138124866	825374567	113
arc.mojom.ArcBridgeHost.OnBootPhaseMonitorInstanceReady	OnBootPhaseMonitorInstanceReady	1775689543	1257906397	125
arc.mojom.ArcBridgeHost.OnCameraInstanceReady	OnCameraInstanceReady	1819539223	1550781989	151
arc.mojom.ArcBridgeHost.OnChromeFeatureFlagsInstanceReady	OnChromeFeatureFlagsInstanceReady	1607611703	113298653	170
arc.mojom.ArcBridgeHost.OnCompatibilityModeInstanceReady	OnCompatibilityModeInstanceReady	810510159	853313259	161
arc.mojom.ArcBridgeHost.OnCrashCollectorInstanceReady	OnCrashCollectorInstanceReady	1876405126	2070068775	112
arc.mojom.ArcBridgeHost.OnDigitalGoodsInstanceReady	OnDigitalGoodsInstanceReady	1784349270	146146467	156
arc.mojom.ArcBridgeHost.OnDiskSpaceInstanceReady	OnDiskSpaceInstanceReady	1309309205	1425039731	144
arc.mojom.ArcBridgeHost.OnEnterpriseReportingInstanceReady	OnEnterpriseReportingInstanceReady	764214431	885290103	122
arc.mojom.ArcBridgeHost.OnErrorNotificationInstanceReady	OnErrorNotificationInstanceReady	1189216941	2132870035	172
arc.mojom.ArcBridgeHost.OnFileSystemInstanceReady	OnFileSystemInstanceReady	1523279187	1829878265	119
arc.mojom.ArcBridgeHost.OnIioSensorInstanceReady	OnIioSensorInstanceReady	2034999613	1384818479	159
arc.mojom.ArcBridgeHost.OnImeInstanceReady	OnImeInstanceReady	127563861	376969067	110
arc.mojom.ArcBridgeHost.OnInputMethodManagerInstanceReady	OnInputMethodManagerInstanceReady	1270687988	146592391	143
arc.mojom.ArcBridgeHost.OnIntentHelperInstanceReady	OnIntentHelperInstanceReady	247215558	457678027	111
arc.mojom.ArcBridgeHost.OnKeyMintInstanceReady	OnKeyMintInstanceReady	214412011	1110550712	168
arc.mojom.ArcBridgeHost.OnKeymasterInstanceReady	OnKeymasterInstanceReady	1529457281	1044664603	152
arc.mojom.ArcBridgeHost.OnKioskInstanceReady	OnKioskInstanceReady	337181679	811900895	175
arc.mojom.ArcBridgeHost.OnMediaSessionInstanceReady	OnMediaSessionInstanceReady	372818848	2144933863	148
arc.mojom.ArcBridgeHost.OnMemoryInstanceReady	OnMemoryInstanceReady	580158563	872338017	164
arc.mojom.ArcBridgeHost.OnMetricsInstanceReady	OnMetricsInstanceReady	171562305	1557556871	116
arc.mojom.ArcBridgeHost.OnMidisInstanceReady	OnMidisInstanceReady	1163818670	1089175327	135
arc.mojom.ArcBridgeHost.OnNearbyShareInstanceReady	OnNearbyShareInstanceReady	970913466	1971674807	163
arc.mojom.ArcBridgeHost.OnNetInstanceReady	OnNetInstanceReady	1838783899	1879170403	108
arc.mojom.ArcBridgeHost.OnNotificationsInstanceReady	OnNotificationsInstanceReady	1731676832	1027486559	102
arc.mojom.ArcBridgeHost.OnObbMounterInstanceReady	OnObbMounterInstanceReady	369870617	144298105	120
arc.mojom.ArcBridgeHost.OnOemCryptoInstanceReady	OnOemCryptoInstanceReady	23400074	1675174407	133
arc.mojom.ArcBridgeHost.OnOnDeviceSafetyInstanceReady	OnOnDeviceSafetyInstanceReady	545795773	869630245	173
arc.mojom.ArcBridgeHost.OnPaymentAppInstanceReady	OnPaymentAppInstanceReady	2109634677	547558358	155
arc.mojom.ArcBridgeHost.OnPipInstanceReady	OnPipInstanceReady	354227497	1384041443	146
arc.mojom.ArcBridgeHost.OnPolicyInstanceReady	OnPolicyInstanceReady	10516626	1877650967	114
arc.mojom.ArcBridgeHost.OnPowerInstanceReady	OnPowerInstanceReady	1349296181	1758840099	103
arc.mojom.ArcBridgeHost.OnPrintSpoolerInstanceReady	OnPrintSpoolerInstanceReady	1681512969	1848730789	150
arc.mojom.ArcBridgeHost.OnPrivacyItemsInstanceReady	OnPrivacyItemsInstanceReady	1079995536	1014670663	166
arc.mojom.ArcBridgeHost.OnProcessInstanceReady	OnProcessInstanceReady	1279139665	252593779	104
arc.mojom.ArcBridgeHost.OnScreenCaptureInstanceReady	OnScreenCaptureInstanceReady	684348842	1096018335	140
arc.mojom.ArcBridgeHost.OnSharesheetInstanceReady	OnSharesheetInstanceReady	190580234	1935521411	157
arc.mojom.ArcBridgeHost.OnSystemStateInstanceReady	OnSystemStateInstanceReady	112763114	127834567	169
arc.mojom.ArcBridgeHost.OnSystemUiInstanceReady	OnSystemUiInstanceReady	394928671	1436074989	167
arc.mojom.ArcBridgeHost.OnTracingInstanceReady	OnTracingInstanceReady	348768902	337909351	128
arc.mojom.ArcBridgeHost.OnTtsInstanceReady	OnTtsInstanceReady	1507124181	1410065207	123
arc.mojom.ArcBridgeHost.OnUsbHostInstanceReady	OnUsbHostInstanceReady	735734380	234017403	139
arc.mojom.ArcBridgeHost.OnVideoInstanceReady	OnVideoInstanceReady	367014079	125575083	107
arc.mojom.ArcBridgeHost.OnVolumeMounterInstanceReady	OnVolumeMounterInstanceReady	497467044	1648417247	131
arc.mojom.ArcBridgeHost.OnWakeLockInstanceReady	OnWakeLockInstanceReady	1975991139	744031433	142
arc.mojom.ArcBridgeHost.OnWallpaperInstanceReady	OnWallpaperInstanceReady	113842074	957536327	124
arc.mojom.ArcBridgeHost.OnWebApkInstanceReady	OnWebApkInstanceReady	1586396796	1210232295	162
arc.mojom.ArcShellExecutionInstance.Exec	Exec	1612962022	709930770	0
arc.mojom.ArcWifiHost.GetScanResults	GetScanResults	1768704478	1264847059	4
arc.mojom.ArcWifiHost.GetWifiEnabledState	GetWifiEnabledState	1119721290	1495463292	1
arc.mojom.ArcWifiHost.SetWifiEnabledState	SetWifiEnabledState	1991939326	456835464	2
arc.mojom.ArcWifiHost.StartScan	StartScan	780077320	885789658	3
arc.mojom.ArcWifiInstance.Init	Init	860934531	391054401	1
arc.mojom.ArcWifiInstance.ScanCompleted	ScanCompleted	1743301177	426014060	3
arc.mojom.ArcWifiInstance.WifiEnabledStateChanged	WifiEnabledStateChanged	1793129500	2042171299	2
arc.mojom.AudioHost.OnSystemVolumeUpdateRequest	OnSystemVolumeUpdateRequest	468491319	1064052990	1
arc.mojom.AudioHost.ShowVolumeControls	ShowVolumeControls	1428121786	31184839	0
arc.mojom.AudioInstance.Init	Init	860934531	1756977129	3
arc.mojom.AudioInstance.NotifyOutputDeviceInfo	NotifyOutputDeviceInfo	1080507139	601553424	5
arc.mojom.AudioInstance.NotifySpatialAudioState	NotifySpatialAudioState	1104787867	404977425	4
arc.mojom.AudioInstance.NotifySwitchState	NotifySwitchState	2124175421	1250820624	0
arc.mojom.AudioInstance.NotifyVolumeState	NotifyVolumeState	1014572939	1587876332	2
arc.mojom.AuthHost.HandleAddAccountRequest	HandleAddAccountRequest	1005911032	1979440931	15
arc.mojom.AuthHost.HandleRemoveAccountRequest	HandleRemoveAccountRequest	393680923	2145456557	16
arc.mojom.AuthHost.HandleUpdateCredentialsRequest	HandleUpdateCredentialsRequest	192248473	575417167	17
arc.mojom.AuthHost.IsAccountManagerAvailable	IsAccountManagerAvailable	1098061640	796426231	14
arc.mojom.AuthHost.OnAuthorizationResult	OnAuthorizationResult	1763833566	662005801	19
arc.mojom.AuthHost.ReportAccountCheckStatus	ReportAccountCheckStatus	1294204734	14933029	9
arc.mojom.AuthHost.ReportAccountReauthReason	ReportAccountReauthReason	2115328573	67515906	20
arc.mojom.AuthHost.ReportManagementChangeStatus	ReportManagementChangeStatus	1899631384	46138925	11
arc.mojom.AuthHost.ReportMetrics	ReportMetrics	848023142	865311353	8
arc.mojom.AuthHost.RequestAccountInfo	RequestAccountInfo	552336489	1624231948	13
arc.mojom.AuthHost.RequestPrimaryAccount	RequestPrimaryAccount	1302279147	93795369	18
arc.mojom.AuthHost.RequestPrimaryAccountInfo	RequestPrimaryAccountInfo	1185540563	1559097423	12
arc.mojom.AuthInstance.GetGoogleAccounts	GetGoogleAccounts	1894986710	142973247	4
arc.mojom.AuthInstance.GetMainAccountResolutionStatus	GetMainAccountResolutionStatus	633945001	1079654932	5
arc.mojom.AuthInstance.Init	Init	860934531	1757845211	2
arc.mojom.AuthInstance.OnAccountUpdated	OnAccountUpdated	1119156768	446011594	3
arc.mojom.AuthInstance.SetAccounts	SetAccounts	1156285231	1072565556	6
arc.mojom.BackupSettingsInstance.SetBackupEnabled	SetBackupEnabled	343258988	1975193667	0
arc.mojom.BluetoothConnectSocketClient.OnConnectFailed	OnConnectFailed	847568447	1433276852	1
arc.mojom.BluetoothConnectSocketClient.OnConnected	OnConnected	2043767779	1931498414	0
arc.mojom.BluetoothHost.AddCharacteristic	AddCharacteristic	1440495733	2061145136	31
arc.mojom.BluetoothHost.AddDescriptor	AddDescriptor	1061205477	294091720	32
arc.mojom.BluetoothHost.AddService	AddService	916222331	860997863	30
arc.mojom.BluetoothHost.BluetoothSocketConnect	BluetoothSocketConnect	636070764	1051774508	48
arc.mojom.BluetoothHost.BluetoothSocketListen	BluetoothSocketListen	480630603	1233403229	47
arc.mojom.BluetoothHost.CancelBond	CancelBond	134123592	1041494406	12
arc.mojom.BluetoothHost.CancelDiscovery	CancelDiscovery	311358715	1212596408	9
arc.mojom.BluetoothHost.ConnectLEDevice	ConnectLEDevice	1079798966	2122987696	16
arc.mojom.BluetoothHost.CreateBond	CreateBond	315002718	1316483956	10
arc.mojom.BluetoothHost.CreateSdpRecord	CreateSdpRecord	2073671919	1314424537	38
arc.mojom.BluetoothHost.DeleteService	DeleteService	800964757	787640671	35
arc.mojom.BluetoothHost.DeregisterForGattNotification	DeregisterForGattNotification	638370361	2003406649	27
arc.mojom.BluetoothHost.DisableAdapter	DisableAdapter	2059709168	1363033616	1
arc.mojom.BluetoothHost.DisableAdvertisement	DisableAdvertisement	1119973038	1118128076	43
arc.mojom.BluetoothHost.DisconnectLEDevice	DisconnectLEDevice	1628314388	1545495530	17
arc.mojom.BluetoothHost.EnableAdapter	EnableAdapter	349526085	620703275	0
arc.mojom.BluetoothHost.EnableAdvertisement	EnableAdvertisement	1037863427	2122763925	41
arc.mojom.BluetoothHost.ExecuteWrite	ExecuteWrite	1126939151	1026390362	44
arc.mojom.BluetoothHost.GetAdapterProperty	GetAdapterProperty	1886742891	1893274550	2
arc.mojom.BluetoothHost.GetConnectionState	GetConnectionState	548894882	450362096	13
arc.mojom.BluetoothHost.GetGattDB	GetGattDB	139292125	2019521871	19
arc.mojom.BluetoothHost.GetSdpRecords	GetSdpRecords	1436348348	1958908512	37
arc.mojom.BluetoothHost.ReadGattCharacteristic	ReadGattCharacteristic	1736811906	434323539	22
arc.mojom.BluetoothHost.ReadGattDescriptor	ReadGattDescriptor	484524482	1321639353	24
arc.mojom.BluetoothHost.ReadRemoteRssi	ReadRemoteRssi	1385995478	504504630	28
arc.mojom.BluetoothHost.RegisterForGattNotification	RegisterForGattNotification	1517723606	1762686192	26
arc.mojom.BluetoothHost.ReleaseAdvertisementHandle	ReleaseAdvertisementHandle	1155931233	2123049731	42
arc.mojom.BluetoothHost.RemoveBond	RemoveBond	1018529226	1229373108	11
arc.mojom.BluetoothHost.RemoveSdpRecord	RemoveSdpRecord	1906620843	970605012	39
arc.mojom.BluetoothHost.ReserveAdvertisementHandle	ReserveAdvertisementHandle	1090280452	295019890	40
arc.mojom.BluetoothHost.SearchService	SearchService	1740887718	1908400024	18
arc.mojom.BluetoothHost.SendIndication	SendIndication	908400917	28648707	36
arc.mojom.BluetoothHost.SetAdapterProperty	SetAdapterProperty	577759495	1563331678	3
arc.mojom.BluetoothHost.StartDiscovery	StartDiscovery	651977543	1431008564	8
arc.mojom.BluetoothHost.StartLEScan	StartLEScan	225290581	1031958458	14
arc.mojom.BluetoothHost.StartService	StartService	1406622588	94563374	33
arc.mojom.BluetoothHost.StopLEScan	StopLEScan	565868911	67149412	15
arc.mojom.BluetoothHost.StopService	StopService	1761093390	1105958152	34
arc.mojom.BluetoothHost.WriteGattCharacteristic	WriteGattCharacteristic	1563447957	2103620207	23
arc.mojom.BluetoothHost.WriteGattDescriptor	WriteGattDescriptor	135788805	994177945	25
arc.mojom.BluetoothInstance.Init	Init	860934531	319660845	18
arc.mojom.BluetoothInstance.OnAdapterProperties	OnAdapterProperties	696078992	1335947760	1
arc.mojom.BluetoothInstance.OnBondStateChanged	OnBondStateChanged	970630684	1788829231	5
arc.mojom.BluetoothInstance.OnConnectionStateChanged	OnConnectionStateChanged	354192515	680790397	23
arc.mojom.BluetoothInstance.OnDeviceFound	OnDeviceFound	1005171776	2084860115	3
arc.mojom.BluetoothInstance.OnDevicePropertiesChanged	OnDevicePropertiesChanged	1227254453	1351321625	22
arc.mojom.BluetoothInstance.OnDiscoveryStateChanged	OnDiscoveryStateChanged	1634609861	752163191	4
arc.mojom.BluetoothInstance.OnGattNotify	OnGattNotify	1789205669	605307006	13
arc.mojom.BluetoothInstance.OnGetGattDB	OnGetGattDB	1262324772	2073028441	10
arc.mojom.BluetoothInstance.OnGetSdpRecords	OnGetSdpRecords	391703137	364758173	17
arc.mojom.BluetoothInstance.OnLEConnectionStateChange	OnLEConnectionStateChange	145204666	86796903	8
arc.mojom.BluetoothInstance.OnLEDeviceAddressChange	OnLEDeviceAddressChange	1193686683	1443081565	16
arc.mojom.BluetoothInstance.OnLEDeviceFound	OnLEDeviceFound	1040709911	1027879603	21
arc.mojom.BluetoothInstance.OnMTUReceived	OnMTUReceived	1224344259	67427529	19
arc.mojom.BluetoothInstance.OnSearchComplete	OnSearchComplete	1731650531	647710285	9
arc.mojom.BluetoothInstance.OnServiceChanged	OnServiceChanged	580857381	1833729974	24
arc.mojom.BluetoothInstance.RequestGattExecuteWrite	RequestGattExecuteWrite	1724177122	290217400	20
arc.mojom.BluetoothInstance.RequestGattRead	RequestGattRead	990825336	778443844	14
arc.mojom.BluetoothInstance.RequestGattWrite	RequestGattWrite	238503953	999973075	15
arc.mojom.BluetoothListenSocketClient.OnAccepted	OnAccepted	1516736185	1441580101	0
arc.mojom.BootPhaseMonitorHost.OnBootCompleted	OnBootCompleted	180438561	1763641533	0
arc.mojom.BootPhaseMonitorInstance.Init	Init	860934531	293338733	1
arc.mojom.CameraHost.RegisterCameraHalClient	RegisterCameraHalClient	447340599	1630349609	2
arc.mojom.CameraHost.RegisterCameraHalClientLegacy	RegisterCameraHalClientLegacy	203967642	725587098	1
arc.mojom.CameraHost.StartCameraService	StartCameraService	1893678871	566827449	0
arc.mojom.CameraInstance.Init	Init	860934531	974029477	0
arc.mojom.CameraService.Connect	Connect	161123025	316621975	0
arc.mojom.CameraService.Disconnect	Disconnect	1836270535	1077646142	1
arc.mojom.CameraService.GetCameraDeviceInfos	GetCameraDeviceInfos	365271387	421337587	7
arc.mojom.CameraService.GetDeviceSupportedFormats	GetDeviceSupportedFormats	595222079	450157157	6
arc.mojom.CameraService.GetNextFrameBuffer	GetNextFrameBuffer	1601755469	1510389904	4
arc.mojom.CameraService.ReuseFrameBuffer	ReuseFrameBuffer	1413033748	1182686730	5
arc.mojom.CameraService.StreamOff	StreamOff	2010949348	175103623	3
arc.mojom.CameraService.StreamOn	StreamOn	269179070	171505172	2
arc.mojom.ChromeFeatureFlagsInstance.NotifyFeatureFlags	NotifyFeatureFlags	1986051445	991017032	1
arc.mojom.CompatibilityModeInstance.IsOptimizedForCrosApp	IsOptimizedForCrosApp	927234533	1783207573	2
arc.mojom.CompatibilityModeInstance.SetResizeLockState	SetResizeLockState	11681185	423394876	0
arc.mojom.CrashCollectorHost.DumpCrash	DumpCrash	1697588044	91976954	0
arc.mojom.CrashCollectorHost.DumpKernelCrash	DumpKernelCrash	649265341	1321320142	3
arc.mojom.CrashCollectorHost.DumpNativeCrash	DumpNativeCrash	1960736579	79821784	2
arc.mojom.CrashCollectorHost.SetBuildProperties	SetBuildProperties	568528382	793294266	1
arc.mojom.CrashCollectorInstance.Init	Init	860934531	145444459	1
arc.mojom.CustomTabSession.OnOpenInChromeClicked	OnOpenInChromeClicked	975585324	778942761	0
arc.mojom.DigitalGoodsInstance.Acknowledge	Acknowledge	821912683	863083377	1
arc.mojom.DigitalGoodsInstance.Consume	Consume	1789325893	532066461	5
arc.mojom.DigitalGoodsInstance.DeprecatedListPurchases	DeprecatedListPurchases	1188596922	1347743746	2
arc.mojom.DigitalGoodsInstance.GetDetails	GetDetails	1548370427	1018950378	0
arc.mojom.DigitalGoodsInstance.ListPurchaseHistory	ListPurchaseHistory	949768288	1677682024	4
arc.mojom.DigitalGoodsInstance.ListPurchases	ListPurchases	901801195	1201212187	3
arc.mojom.DiskSpaceHost.GetFreeDiskSpace	GetFreeDiskSpace	1172291888	142282085	5
arc.mojom.DiskSpaceHost.GetQuotaCurrentSpaceForGid	GetQuotaCurrentSpaceForGid	793269745	178587963	2
arc.mojom.DiskSpaceHost.GetQuotaCurrentSpaceForProjectId	GetQuotaCurrentSpaceForProjectId	1935882217	1058452059	3
arc.mojom.DiskSpaceHost.GetQuotaCurrentSpaceForUid	GetQuotaCurrentSpaceForUid	57320183	847414409	1
arc.mojom.DiskSpaceHost.GetQuotaCurrentSpacesForIds	GetQuotaCurrentSpacesForIds	1238011796	1978778435	6
arc.mojom.DiskSpaceHost.IsQuotaSupported	IsQuotaSupported	1512135023	1008899233	0
arc.mojom.DiskSpaceInstance.GetApplicationsSize	GetApplicationsSize	2043950797	533550712	1
arc.mojom.DiskSpaceInstance.Init	Init	860934531	1471598697	0
arc.mojom.DiskSpaceInstance.ResizeStorageBalloon	ResizeStorageBalloon	461056257	126668155	2
arc.mojom.EnterpriseReportingHost.ReportCloudDpcOperationTime	ReportCloudDpcOperationTime	777700095	1084774967	1
arc.mojom.EnterpriseReportingInstance.GetStatus	GetStatus	1517081017	1703436474	1
arc.mojom.EnterpriseReportingInstance.Init	Init	860934531	2072799865	2
arc.mojom.ErrorNotificationActionHandler.OnNotificationButtonClicked	OnNotificationButtonClicked	1283889346	1851206591	0
arc.mojom.ErrorNotificationActionHandler.OnNotificationClosed	OnNotificationClosed	1570811587	762650589	1
arc.mojom.ErrorNotificationHost.SendErrorDetails	SendErrorDetails	29224031	1646136730	0
arc.mojom.ErrorNotificationInstance.Init	Init	860934531	1245117161	0
arc.mojom.ErrorNotificationItem.CloseErrorNotification	CloseErrorNotification	2058005534	1116441585	0
arc.mojom.FileSystemHost.CreateMoniker	CreateMoniker	1670391392	1222976859	13
arc.mojom.FileSystemHost.DestroyMoniker	DestroyMoniker	1296359544	1353750335	14
arc.mojom.FileSystemHost.GetFileName	GetFileName	122924020	785624319	1
arc.mojom.FileSystemHost.GetFileSelectorElements	GetFileSelectorElements	471091837	1612873294	8
arc.mojom.FileSystemHost.GetFileSize	GetFileSize	2076643186	448263922	2
arc.mojom.FileSystemHost.GetFileType	GetFileType	148367453	248195082	3
arc.mojom.FileSystemHost.GetLastModified	GetLastModified	1932312014	124550169	11
arc.mojom.FileSystemHost.GetVirtualFileId	GetVirtualFileId	554746481	1587829488	9
arc.mojom.FileSystemHost.HandleIdReleased	HandleIdReleased	391068221	1395717680	10
arc.mojom.FileSystemHost.OnDocumentChanged	OnDocumentChanged	1202221287	1535210427	0
arc.mojom.FileSystemHost.OnFileSelectorEvent	OnFileSelectorEvent	1286551329	1816327285	7
arc.mojom.FileSystemHost.OnMediaStoreUriAdded	OnMediaStoreUriAdded	66039517	2074446457	12
arc.mojom.FileSystemHost.OnRootsChanged	OnRootsChanged	1024197319	1555199617	6
arc.mojom.FileSystemHost.OpenFileToRead	OpenFileToRead	1541448480	672113550	4
arc.mojom.FileSystemHost.SelectFiles	SelectFiles	1978435442	244105230	5
arc.mojom.FileSystemInstance.AddWatcher	AddWatcher	1195387934	794253534	6
arc.mojom.FileSystemInstance.CloseFileSession	CloseFileSession	1617270623	347363382	24
arc.mojom.FileSystemInstance.CopyDocument	CopyDocument	1006062817	678461784	16
arc.mojom.FileSystemInstance.CreateDocument	CreateDocument	2034704982	1538334032	15
arc.mojom.FileSystemInstance.DeleteDocument	DeleteDocument	416160287	230372502	13
arc.mojom.FileSystemInstance.GetChildDocuments	GetChildDocuments	440798339	662121056	4
arc.mojom.FileSystemInstance.GetDocument	GetDocument	721798016	1286061824	3
arc.mojom.FileSystemInstance.GetFileSize	GetFileSize	2076643186	1150896985	1
arc.mojom.FileSystemInstance.GetMimeType	GetMimeType	647349035	1361036523	8
arc.mojom.FileSystemInstance.GetRecentDocuments	GetRecentDocuments	1050038380	1519591657	9
arc.mojom.FileSystemInstance.GetRootSize	GetRootSize	553883280	1102956456	22
arc.mojom.FileSystemInstance.GetRoots	GetRoots	1623100210	149309458	12
arc.mojom.FileSystemInstance.Init	Init	860934531	915280297	10
arc.mojom.FileSystemInstance.MoveDocument	MoveDocument	1960075561	937792451	17
arc.mojom.FileSystemInstance.OpenFileSessionToRead	OpenFileSessionToRead	320031878	822538012	26
arc.mojom.FileSystemInstance.OpenFileSessionToWrite	OpenFileSessionToWrite	1307881431	847291517	25
arc.mojom.FileSystemInstance.OpenThumbnail	OpenThumbnail	269845091	1563220458	21
arc.mojom.FileSystemInstance.OpenUrlsWithPermissionAndWindowInfo	OpenUrlsWithPermissionAndWindowInfo	1483265945	1806505659	23
arc.mojom.FileSystemInstance.ReindexDirectory	ReindexDirectory	155959651	1194674701	19
arc.mojom.FileSystemInstance.RemoveWatcher	RemoveWatcher	745619895	1920791405	7
arc.mojom.FileSystemInstance.RenameDocument	RenameDocument	638426956	505584935	14
arc.mojom.FileSystemInstance.RequestFileRemovalScan	RequestFileRemovalScan	773221641	855335690	20
arc.mojom.FileSystemInstance.RequestMediaScan	RequestMediaScan	1143481367	906309004	0
arc.mojom.IioSensorHost.RegisterSensorHalClient	RegisterSensorHalClient	636219846	620806475	0
arc.mojom.IioSensorInstance.Init	Init	860934531	1074501617	0
arc.mojom.IioSensorInstance.OnTabletModeChanged	OnTabletModeChanged	1075946761	1939515084	1
arc.mojom.ImeHost.OnCancelComposition	OnCancelComposition	220890270	795005664	2
arc.mojom.ImeHost.OnCursorRectChanged	OnCursorRectChanged	1387161238	614544632	8
arc.mojom.ImeHost.OnCursorRectChangedWithSurroundingText	OnCursorRectChangedWithSurroundingText	1247075657	765464906	9
arc.mojom.ImeHost.OnTextInputTypeChanged	OnTextInputTypeChanged	1954826847	1275410773	0
arc.mojom.ImeHost.SendKeyEvent	SendKeyEvent	1075908104	1562908808	7
arc.mojom.ImeHost.ShowVirtualKeyboardIfEnabled	ShowVirtualKeyboardIfEnabled	1002818052	2142818028	3
arc.mojom.ImeInstance.ConfirmCompositionText	ConfirmCompositionText	458271770	1562711993	2
arc.mojom.ImeInstance.ExtendSelectionAndDelete	ExtendSelectionAndDelete	1596409309	1649978758	5
arc.mojom.ImeInstance.Init	Init	860934531	39779609	6
arc.mojom.ImeInstance.InsertText	InsertText	2013715239	100696933	3
arc.mojom.ImeInstance.OnKeyboardAppearanceChanging	OnKeyboardAppearanceChanging	168563938	1333313712	4
arc.mojom.ImeInstance.SetComposingRegion	SetComposingRegion	900618568	823572651	8
arc.mojom.ImeInstance.SetCompositionText	SetCompositionText	1256192062	1074152092	1
arc.mojom.ImeInstance.SetSelectionText	SetSelectionText	1852963706	1834807009	7
arc.mojom.InputConnection.CommitText	CommitText	978279655	99234000	0
arc.mojom.InputConnection.DeleteSurroundingText	DeleteSurroundingText	676246971	320652702	1
arc.mojom.InputConnection.FinishComposingText	FinishComposingText	1002440528	1539237521	2
arc.mojom.InputConnection.RequestTextInputState	RequestTextInputState	292361218	1138205840	3
arc.mojom.InputConnection.SendKeyEvent	SendKeyEvent	1075908104	1480165027	6
arc.mojom.InputConnection.SetComposingText	SetComposingText	881904753	1052488897	4
arc.mojom.InputConnection.SetCompositionRange	SetCompositionRange	595363202	1804052699	7
arc.mojom.InputConnection.SetSelection	SetSelection	522835639	2006639964	5
arc.mojom.InputMethodManagerHost.OnActiveImeChanged	OnActiveImeChanged	662738221	658368973	0
arc.mojom.InputMethodManagerHost.OnImeDisabled	OnImeDisabled	830792345	1725134569	2
arc.mojom.InputMethodManagerHost.OnImeInfoChanged	OnImeInfoChanged	427334191	899433615	1
arc.mojom.InputMethodManagerInstance.EnableIme	EnableIme	767263679	1470514560	1
arc.mojom.InputMethodManagerInstance.Focus	Focus	2017476539	1325244348	3
arc.mojom.InputMethodManagerInstance.HideVirtualKeyboard	HideVirtualKeyboard	820329125	762869583	6
arc.mojom.InputMethodManagerInstance.Init	Init	860934531	1793053847	0
arc.mojom.InputMethodManagerInstance.ShowVirtualKeyboard	ShowVirtualKeyboard	548398816	1704622088	5
arc.mojom.InputMethodManagerInstance.SwitchImeTo	SwitchImeTo	1972584091	2139237266	2
arc.mojom.InputMethodManagerInstance.UpdateTextInputState	UpdateTextInputState	1511713292	1538711311	4
arc.mojom.IntentHelperHost.CloseCameraApp	CloseCameraApp	856920615	2060231854	14
arc.mojom.IntentHelperHost.FactoryResetArc	FactoryResetArc	389647242	1661837397	11
arc.mojom.IntentHelperHost.IsChromeAppEnabled	IsChromeAppEnabled	1425620279	1665340362	15
arc.mojom.IntentHelperHost.LaunchCameraApp	LaunchCameraApp	1277145598	1985674461	12
arc.mojom.IntentHelperHost.OnAndroidSettingChange	OnAndroidSettingChange	1219793537	1307872674	23
arc.mojom.IntentHelperHost.OnCloseSystemDialogs	OnCloseSystemDialogs	2062431376	283396911	22
arc.mojom.IntentHelperHost.OnDownloadAddedDeprecated	OnDownloadAddedDeprecated	146653259	1778036582	18
arc.mojom.IntentHelperHost.OnIconInvalidated	OnIconInvalidated	1091814462	1815539630	1
arc.mojom.IntentHelperHost.OnIntentFiltersUpdated	OnIntentFiltersUpdated	1683774038	1948075001	5
arc.mojom.IntentHelperHost.OnIntentFiltersUpdatedForPackage	OnIntentFiltersUpdatedForPackage	677691477	597416027	13
arc.mojom.IntentHelperHost.OnOpenAppWithIntent	OnOpenAppWithIntent	1391548409	2003494441	19
arc.mojom.IntentHelperHost.OnOpenChromePage	OnOpenChromePage	393366321	918700048	7
arc.mojom.IntentHelperHost.OnOpenCustomTab	OnOpenCustomTab	562805744	1956854965	17
arc.mojom.IntentHelperHost.OnOpenDownloads	OnOpenDownloads	779498081	1476598812	2
arc.mojom.IntentHelperHost.OnOpenGlobalActions	OnOpenGlobalActions	1138347988	635837987	21
arc.mojom.IntentHelperHost.OnOpenUrl	OnOpenUrl	448260425	1381460299	0
arc.mojom.IntentHelperHost.OnOpenWebApp	OnOpenWebApp	1889671965	1005022903	8
arc.mojom.IntentHelperHost.OnSupportedLinksChanged	OnSupportedLinksChanged	1705050605	999688014	20
arc.mojom.IntentHelperHost.OpenVolumeControl	OpenVolumeControl	806906530	1663333917	6
arc.mojom.IntentHelperHost.OpenWallpaperPicker	OpenWallpaperPicker	1526076299	79545882	3
arc.mojom.IntentHelperInstance.AddPreferredPackage	AddPreferredPackage	1955878827	146945076	8
arc.mojom.IntentHelperInstance.EnableAccessibilityFeatures	EnableAccessibilityFeatures	1391796229	259278815	23
arc.mojom.IntentHelperInstance.HandleCameraResult	HandleCameraResult	637801041	248558561	16
arc.mojom.IntentHelperInstance.HandleIntent	HandleIntent	1723857301	797735119	10
arc.mojom.IntentHelperInstance.HandleIntentWithWindowInfo	HandleIntentWithWindowInfo	2023038641	194009754	20
arc.mojom.IntentHelperInstance.HandleUrl	HandleUrl	1637193142	47924504	2
arc.mojom.IntentHelperInstance.Init	Init	860934531	131475431	13
arc.mojom.IntentHelperInstance.RequestActivityIcons	RequestActivityIcons	1811825035	1601214795	4
arc.mojom.IntentHelperInstance.RequestDomainVerificationStatusUpdate	RequestDomainVerificationStatusUpdate	355931056	833932698	19
arc.mojom.IntentHelperInstance.RequestIntentHandlerList	RequestIntentHandlerList	1038340182	479635241	9
arc.mojom.IntentHelperInstance.RequestTextSelectionActions	RequestTextSelectionActions	900899186	717963498	15
arc.mojom.IntentHelperInstance.RequestUrlHandlerList	RequestUrlHandlerList	872965	305564830	3
arc.mojom.IntentHelperInstance.RequestUrlListHandlerList	RequestUrlListHandlerList	2058720513	1923728360	6
arc.mojom.IntentHelperInstance.SendBroadcast	SendBroadcast	643375144	132025300	1
arc.mojom.IntentHelperInstance.SetCaptionStyle	SetCaptionStyle	1754334738	1083968750	22
arc.mojom.IntentHelperInstance.SetVerifiedLinks	SetVerifiedLinks	1669195002	1722402406	21
arc.mojom.KeymasterHost.GetServer	GetServer	410292522	2026159571	0
arc.mojom.KeymasterInstance.Init	Init	860934531	648663181	0
arc.mojom.KeymasterServer.Abort	Abort	72446017	1606414624	13
arc.mojom.KeymasterServer.AddRngEntropy	AddRngEntropy	357031172	681659714	1
arc.mojom.KeymasterServer.AttestKey	AttestKey	1876232827	1220689690	6
arc.mojom.KeymasterServer.Begin	Begin	352721696	1051256763	10
arc.mojom.KeymasterServer.DeleteAllKeys	DeleteAllKeys	1445425517	1697314502	9
arc.mojom.KeymasterServer.DeleteKey	DeleteKey	1945826633	1402308595	8
arc.mojom.KeymasterServer.ExportKey	ExportKey	1880755532	1609220187	5
arc.mojom.KeymasterServer.Finish	Finish	1783629928	647727601	12
arc.mojom.KeymasterServer.GenerateKey	GenerateKey	1214640653	1376077960	3
arc.mojom.KeymasterServer.GetKeyCharacteristics	GetKeyCharacteristics	146354198	585116413	2
arc.mojom.KeymasterServer.ImportKey	ImportKey	880849495	1381607390	4
arc.mojom.KeymasterServer.SetSystemVersion	SetSystemVersion	1697438224	1691988717	0
arc.mojom.KeymasterServer.Update	Update	379933338	586675167	11
arc.mojom.KeymasterServer.UpgradeKey	UpgradeKey	1531142476	1111399485	7
arc.mojom.KioskHost.OnMaintenanceSessionCreated	OnMaintenanceSessionCreated	1435749907	878402265	0
arc.mojom.KioskHost.OnMaintenanceSessionFinished	OnMaintenanceSessionFinished	1699070995	2108496643	1
arc.mojom.KioskInstance.Init	Init	860934531	1564464665	0
arc.mojom.MediaSessionInstance.DisableAudioFocus	DisableAudioFocus	1280548529	1196102983	2
arc.mojom.MediaSessionInstance.EnableAudioFocus	EnableAudioFocus	2097285058	1920213942	1
arc.mojom.MemoryInstance.DropCaches	DropCaches	894441815	1764011562	0
arc.mojom.MemoryInstance.Reclaim	Reclaim	767714846	316461741	3
arc.mojom.MetricsHost.ReportAnr	ReportAnr	2046469144	1977263904	10
arc.mojom.MetricsHost.ReportApkCacheHit	ReportApkCacheHit	2079896642	1882187268	38
arc.mojom.MetricsHost.ReportAppCategoryDataSizeList	ReportAppCategoryDataSizeList	1520397519	2087412153	39
arc.mojom.MetricsHost.ReportAppErrorDialogType	ReportAppErrorDialogType	1991072242	1122307912	37
arc.mojom.MetricsHost.ReportAppKill	ReportAppKill	1479476672	1751881488	3
arc.mojom.MetricsHost.ReportAppPrimaryAbi	ReportAppPrimaryAbi	713004132	1239690984	21
arc.mojom.MetricsHost.ReportArcCorePriAbiMigBootTime	ReportArcCorePriAbiMigBootTime	1272531615	753795930	7
arc.mojom.MetricsHost.ReportArcCorePriAbiMigDowngradeDelay	ReportArcCorePriAbiMigDowngradeDelay	1794794858	1625748657	6
arc.mojom.MetricsHost.ReportArcCorePriAbiMigEvent	ReportArcCorePriAbiMigEvent	2121797804	469309288	4
arc.mojom.MetricsHost.ReportArcCorePriAbiMigFailedTries	ReportArcCorePriAbiMigFailedTries	142237486	904837283	5
arc.mojom.MetricsHost.ReportArcKeyMintError	ReportArcKeyMintError	348765196	1873196992	35
arc.mojom.MetricsHost.ReportArcKeyMintErrorForOperation	ReportArcKeyMintErrorForOperation	406224664	11453995	41
arc.mojom.MetricsHost.ReportArcNetworkError	ReportArcNetworkError	1016108781	829898642	20
arc.mojom.MetricsHost.ReportArcNetworkEvent	ReportArcNetworkEvent	149345127	964957110	19
arc.mojom.MetricsHost.ReportArcSystemHealthUpgrade	ReportArcSystemHealthUpgrade	1466530592	257154047	11
arc.mojom.MetricsHost.ReportBootProgress	ReportBootProgress	1104516902	1055885264	0
arc.mojom.MetricsHost.ReportCertificateSigningResult	ReportCertificateSigningResult	918478974	293568128	42
arc.mojom.MetricsHost.ReportCompanionLibApiUsage	ReportCompanionLibApiUsage	2115328645	790409626	2
arc.mojom.MetricsHost.ReportDataDirectorySizeList	ReportDataDirectorySizeList	1602108059	1080579969	40
arc.mojom.MetricsHost.ReportDataRestore	ReportDataRestore	282120935	814160045	22
arc.mojom.MetricsHost.ReportDnsQueryResult	ReportDnsQueryResult	2064637151	1935143185	16
arc.mojom.MetricsHost.ReportDragResizeLatency	ReportDragResizeLatency	1545090301	1481088669	36
arc.mojom.MetricsHost.ReportLowLatencyStylusLibApiUsage	ReportLowLatencyStylusLibApiUsage	1945743315	1293573220	12
arc.mojom.MetricsHost.ReportLowLatencyStylusLibPredictionTarget	ReportLowLatencyStylusLibPredictionTarget	1383293886	744545448	13
arc.mojom.MetricsHost.ReportMainAccountHashMigrationMetrics	ReportMainAccountHashMigrationMetrics	1000719706	103012005	17
arc.mojom.MetricsHost.ReportMemoryPressure	ReportMemoryPressure	1192658647	992477570	23
arc.mojom.MetricsHost.ReportNativeBridge	ReportNativeBridge	82900149	1055676180	1
arc.mojom.MetricsHost.ReportNewQosSocketCount	ReportNewQosSocketCount	535476154	2055103470	33
arc.mojom.MetricsHost.ReportProvisioningPreSignIn	ReportProvisioningPreSignIn	1757642753	893557549	24
arc.mojom.MetricsHost.ReportQosSocketPercentage	ReportQosSocketPercentage	1391374793	2097482613	34
arc.mojom.MetricsHost.ReportVpnServiceBuilderCompatApiUsage	ReportVpnServiceBuilderCompatApiUsage	578445892	961445638	32
arc.mojom.MetricsHost.ReportWaylandLateTimingEvent	ReportWaylandLateTimingEvent	1360719643	385777169	30
arc.mojom.MetricsHost.ReportWebViewProcessStarted	ReportWebViewProcessStarted	211449306	1790280804	31
arc.mojom.MetricsInstance.GetGfxMetrics	GetGfxMetrics	1254671955	1543569833	2
arc.mojom.MetricsInstance.Init	Init	860934531	2019021069	1
arc.mojom.MidisClient.OnDeviceAdded	OnDeviceAdded	1722420050	584922469	0
arc.mojom.MidisClient.OnDeviceRemoved	OnDeviceRemoved	1195390200	1793438847	1
arc.mojom.MidisHost.Connect	Connect	161123025	526718563	0
arc.mojom.MidisInstance.Init	Init	860934531	920542017	1
arc.mojom.MidisServer.CloseDevice	CloseDevice	1361325537	118675211	2
arc.mojom.MidisServer.ListDevices	ListDevices	896837246	502681000	0
arc.mojom.MidisServer.RequestPort	RequestPort	725291289	2044273986	3
arc.mojom.NearbyShareHost.StartNearbyShare	StartNearbyShare	1375678219	656083854	0
arc.mojom.NearbyShareInstance.Init	Init	860934531	1035127009	0
arc.mojom.NearbyShareSessionInstance.OnNearbyShareViewClosed	OnNearbyShareViewClosed	1274435407	1429849127	0
arc.mojom.NetHost.AddPasspointCredentials	AddPasspointCredentials	1133164121	838057141	14
arc.mojom.NetHost.AndroidVpnConnected	AndroidVpnConnected	1137349115	268738593	11
arc.mojom.NetHost.AndroidVpnDisconnected	AndroidVpnDisconnected	1678790039	841149423	26
arc.mojom.NetHost.AndroidVpnUpdated	AndroidVpnUpdated	2138640159	822279717	25
arc.mojom.NetHost.CreateNetwork	CreateNetwork	693995813	713764824	5
arc.mojom.NetHost.DEPRECATED_AndroidVpnStateChanged	DEPRECATED_AndroidVpnStateChanged	406109459	1158224521	12
arc.mojom.NetHost.DisconnectHostVpn	DisconnectHostVpn	1284213279	1095489353	17
arc.mojom.NetHost.ForgetNetwork	ForgetNetwork	1126124044	1592893129	6
arc.mojom.NetHost.GetNetworks	GetNetworks	1035612874	1797488506	10
arc.mojom.NetHost.GetWifiEnabledState	GetWifiEnabledState	1119721290	489035294	1
arc.mojom.NetHost.NotifyARCVPNSocketConnectionEvent	NotifyARCVPNSocketConnectionEvent	1304410771	1843440615	24
arc.mojom.NetHost.NotifyAndroidWifiMulticastLockChange	NotifyAndroidWifiMulticastLockChange	1048650119	1944836211	22
arc.mojom.NetHost.NotifySocketConnectionEvent	NotifySocketConnectionEvent	779030139	1113755635	23
arc.mojom.NetHost.RemovePasspointCredentials	RemovePasspointCredentials	1059829578	38637729	16
arc.mojom.NetHost.RequestPasspointAppApproval	RequestPasspointAppApproval	1104021165	151031331	21
arc.mojom.NetHost.SetAlwaysOnVpn	SetAlwaysOnVpn	646593997	286055848	13
arc.mojom.NetHost.SetWifiEnabledState	SetWifiEnabledState	1991939326	1800649326	4
arc.mojom.NetHost.StartConnect	StartConnect	1322463859	122145146	7
arc.mojom.NetHost.StartDisconnect	StartDisconnect	926366009	1321698014	8
arc.mojom.NetHost.StartLohs	StartLohs	1865287887	2066572499	18
arc.mojom.NetHost.StartScan	StartScan	780077320	57112072	2
arc.mojom.NetHost.StopLohs	StopLohs	206389829	590572465	19
arc.mojom.NetHost.UpdateWifiNetwork	UpdateWifiNetwork	1494002673	1416367764	20
arc.mojom.NetInstance.ActiveNetworksChanged	ActiveNetworksChanged	1985380294	494554455	7
arc.mojom.NetInstance.ConfigureAndroidVpn	ConfigureAndroidVpn	794275016	2002663757	5
arc.mojom.NetInstance.DisconnectAndroidVpn	DisconnectAndroidVpn	282586068	383303797	4
arc.mojom.NetInstance.DnsResolutionTest	DnsResolutionTest	1672659772	1436418466	8
arc.mojom.NetInstance.HttpTest	HttpTest	232864953	1063250794	9
arc.mojom.NetInstance.Init	Init	860934531	62632017	6
arc.mojom.NetInstance.PingTest	PingTest	386904333	1962900594	10
arc.mojom.NetInstance.ScanCompleted	ScanCompleted	1743301177	540934002	1
arc.mojom.NetInstance.SetUpFlag	SetUpFlag	1278900230	1470173346	11
arc.mojom.NetInstance.WifiEnabledStateChanged	WifiEnabledStateChanged	1793129500	537286825	3
arc.mojom.NotificationsHost.CloseMessageCenter	CloseMessageCenter	48063871	1847851146	8
arc.mojom.NotificationsHost.LogInlineReplySent	LogInlineReplySent	1276590328	1946080040	11
arc.mojom.NotificationsHost.OnDoNotDisturbStatusUpdated	OnDoNotDisturbStatusUpdated	1497956060	976086349	7
arc.mojom.NotificationsHost.OnLockScreenSettingUpdated	OnLockScreenSettingUpdated	1886697986	1910660332	10
arc.mojom.NotificationsHost.OnNotificationPosted	OnNotificationPosted	606632910	1033618875	0
arc.mojom.NotificationsHost.OnNotificationRemoved	OnNotificationRemoved	936738301	230103171	1
arc.mojom.NotificationsHost.OnNotificationUpdated	OnNotificationUpdated	1351779116	954265017	5
arc.mojom.NotificationsHost.OpenMessageCenter	OpenMessageCenter	683539109	2094785836	6
arc.mojom.NotificationsHost.ProcessUserAction	ProcessUserAction	1431094903	72509643	9
arc.mojom.NotificationsInstance.CancelDeferredUserAction	CancelDeferredUserAction	1119266321	2117821804	10
arc.mojom.NotificationsInstance.CancelPress	CancelPress	160341208	1381778389	8
arc.mojom.NotificationsInstance.CloseNotificationWindow	CloseNotificationWindow	672798718	1074533703	3
arc.mojom.NotificationsInstance.CreateNotificationWindow	CreateNotificationWindow	1973412684	380058391	2
arc.mojom.NotificationsInstance.Init	Init	860934531	1481025689	5
arc.mojom.NotificationsInstance.OnMessageCenterVisibilityChanged	OnMessageCenterVisibilityChanged	160446264	2140573649	13
arc.mojom.NotificationsInstance.OpenNotificationSettings	OpenNotificationSettings	2122403963	1535119202	4
arc.mojom.NotificationsInstance.OpenNotificationSnoozeSettings	OpenNotificationSnoozeSettings	1990625569	1535429640	6
arc.mojom.NotificationsInstance.PerformDeferredUserAction	PerformDeferredUserAction	308457950	1065457719	9
arc.mojom.NotificationsInstance.PopUpAppNotificationSettings	PopUpAppNotificationSettings	446601468	1483051083	15
arc.mojom.NotificationsInstance.SendNotificationButtonClickToAndroid	SendNotificationButtonClickToAndroid	1716038794	286032135	14
arc.mojom.NotificationsInstance.SendNotificationEventToAndroid	SendNotificationEventToAndroid	466806494	1994778351	1
arc.mojom.NotificationsInstance.SetDoNotDisturbStatusOnAndroid	SetDoNotDisturbStatusOnAndroid	1269582854	542022616	7
arc.mojom.NotificationsInstance.SetLockScreenSettingOnAndroid	SetLockScreenSettingOnAndroid	78788990	1093086015	11
arc.mojom.NotificationsInstance.SetNotificationConfiguration	SetNotificationConfiguration	1473410692	1634312066	12
arc.mojom.ObbMounterHost.MountObb	MountObb	1344482247	2134144285	0
arc.mojom.ObbMounterHost.UnmountObb	UnmountObb	544391294	2142094807	1
arc.mojom.ObbMounterInstance.Init	Init	860934531	801641369	1
arc.mojom.OemCryptoHost.Connect	Connect	161123025	1202157872	0
arc.mojom.OemCryptoInstance.Init	Init	860934531	1850146685	1
arc.mojom.OemCryptoService.BuildInformation	BuildInformation	107234951	746771278	60
arc.mojom.OemCryptoService.CloseSession	CloseSession	815197517	571027710	3
arc.mojom.OemCryptoService.CopyBuffer	CopyBuffer	19636904	678814644	76
arc.mojom.OemCryptoService.CopyBufferV14	CopyBufferV14	566011253	551711038	16
arc.mojom.OemCryptoService.CopyOldUsageEntry	CopyOldUsageEntry	2083151654	5355874	51
arc.mojom.OemCryptoService.CreateNewUsageEntry	CreateNewUsageEntry	838577226	545395422	45
arc.mojom.OemCryptoService.CreateOldUsageEntry	CreateOldUsageEntry	497125363	1599713394	52
arc.mojom.OemCryptoService.CreateUsageTableHeader	CreateUsageTableHeader	933517489	1824345868	43
arc.mojom.OemCryptoService.DeactivateUsageEntry	DeactivateUsageEntry	448765628	1675505674	48
arc.mojom.OemCryptoService.DeactivateUsageEntryV12	DeactivateUsageEntryV12	2067664039	2038744278	31
arc.mojom.OemCryptoService.DecryptCenc	DecryptCenc	100122989	542777824	75
arc.mojom.OemCryptoService.DecryptCencV15	DecryptCencV15	1965756147	806351453	11
arc.mojom.OemCryptoService.DeleteOldUsageTable	DeleteOldUsageTable	880241768	937783072	35
arc.mojom.OemCryptoService.DeleteUsageEntry	DeleteUsageEntry	764123071	1323482488	33
arc.mojom.OemCryptoService.DeriveKeysFromSessionKey	DeriveKeysFromSessionKey	388516485	1401872333	27
arc.mojom.OemCryptoService.ForceDeleteUsageEntry	ForceDeleteUsageEntry	1130967284	2115585479	34
arc.mojom.OemCryptoService.GenerateDerivedKeys	GenerateDerivedKeys	103327699	494283848	4
arc.mojom.OemCryptoService.GenerateNonce	GenerateNonce	672002269	1891512977	5
arc.mojom.OemCryptoService.GenerateRsaSignature	GenerateRsaSignature	577401512	749255795	26
arc.mojom.OemCryptoService.GenerateSignature	GenerateSignature	1974632662	1593236076	6
arc.mojom.OemCryptoService.GenericDecrypt	GenericDecrypt	529875419	1428915117	13
arc.mojom.OemCryptoService.GenericEncrypt	GenericEncrypt	1815664035	1984805829	12
arc.mojom.OemCryptoService.GenericSign	GenericSign	401520203	1947119769	14
arc.mojom.OemCryptoService.GenericVerify	GenericVerify	1947248751	164419632	15
arc.mojom.OemCryptoService.GetAnalogOutputFlags	GetAnalogOutputFlags	1609067005	1961875420	53
arc.mojom.OemCryptoService.GetCurrentSrmVersion	GetCurrentSrmVersion	1324022022	2097671687	40
arc.mojom.OemCryptoService.GetDeviceId	GetDeviceId	1187660286	1490598708	19
arc.mojom.OemCryptoService.GetHdcpCapability	GetHdcpCapability	1000237380	28515312	29
arc.mojom.OemCryptoService.GetKeyData	GetKeyData	1490084232	367055580	20
arc.mojom.OemCryptoService.GetMaxNumberOfSessions	GetMaxNumberOfSessions	153247400	197904771	23
arc.mojom.OemCryptoService.GetNumberOfOpenSessions	GetNumberOfOpenSessions	2051310184	692531921	22
arc.mojom.OemCryptoService.GetOemPublicCertificate	GetOemPublicCertificate	1684932172	943769222	63
arc.mojom.OemCryptoService.GetProvisioningMethod	GetProvisioningMethod	384638151	1873722338	37
arc.mojom.OemCryptoService.GetRandom	GetRandom	2146907330	1036138711	21
arc.mojom.OemCryptoService.Initialize	Initialize	164710295	1561610832	36
arc.mojom.OemCryptoService.InitializeDeprecated	InitializeDeprecated	1819597532	848413786	0
arc.mojom.OemCryptoService.IsAntiRollbackHwPresent	IsAntiRollbackHwPresent	704599855	1893958975	65
arc.mojom.OemCryptoService.IsRootKeyCertificateValid	IsRootKeyCertificateValid	584589999	699639789	18
arc.mojom.OemCryptoService.IsSrmUpdateSupported	IsSrmUpdateSupported	1828879762	1841670126	39
arc.mojom.OemCryptoService.LoadDeviceRsaKey	LoadDeviceRsaKey	1701973672	1667672134	25
arc.mojom.OemCryptoService.LoadDrmPrivateKey	LoadDrmPrivateKey	1075676930	589898791	74
arc.mojom.OemCryptoService.LoadEntitledContentKeys	LoadEntitledContentKeys	766393173	1100873769	62
arc.mojom.OemCryptoService.LoadEntitledContentKeysV14	LoadEntitledContentKeysV14	610276970	1238002700	55
arc.mojom.OemCryptoService.LoadKeys	LoadKeys	1848997629	2059475090	58
arc.mojom.OemCryptoService.LoadKeysV11OrV12	LoadKeysV11OrV12	942030327	845877973	7
arc.mojom.OemCryptoService.LoadKeysV14	LoadKeysV14	61160130	914845621	57
arc.mojom.OemCryptoService.LoadLicense	LoadLicense	1485495498	478416028	70
arc.mojom.OemCryptoService.LoadOemPrivateKey	LoadOemPrivateKey	1110827372	1737188435	73
arc.mojom.OemCryptoService.LoadProvisioning	LoadProvisioning	2066163438	73324489	72
arc.mojom.OemCryptoService.LoadRenewal	LoadRenewal	1438732567	1762963629	71
arc.mojom.OemCryptoService.LoadSrm	LoadSrm	388521303	554749874	41
arc.mojom.OemCryptoService.LoadTestKeybox	LoadTestKeybox	1777482269	75061994	54
arc.mojom.OemCryptoService.LoadTestKeyboxV13	LoadTestKeyboxV13	274634021	1107943867	17
arc.mojom.OemCryptoService.LoadUsageEntry	LoadUsageEntry	1833762138	228016281	46
arc.mojom.OemCryptoService.LoadUsageTableHeader	LoadUsageTableHeader	520302817	563362802	44
arc.mojom.OemCryptoService.MaximumUsageTableHeaderSize	MaximumUsageTableHeaderSize	943624422	1932293419	64
arc.mojom.OemCryptoService.MinorApiVersion	MinorApiVersion	1237329252	1200455973	66
arc.mojom.OemCryptoService.MoveEntry	MoveEntry	2055507130	1458751626	50
arc.mojom.OemCryptoService.OpenSession	OpenSession	1216433951	100746546	2
arc.mojom.OemCryptoService.PrepAndSignLicenseRequest	PrepAndSignLicenseRequest	1206849700	1600175995	67
arc.mojom.OemCryptoService.PrepAndSignProvisioningRequest	PrepAndSignProvisioningRequest	1640044906	1502789815	69
arc.mojom.OemCryptoService.PrepAndSignRenewalRequest	PrepAndSignRenewalRequest	219024283	1199628546	68
arc.mojom.OemCryptoService.QueryKeyControl	QueryKeyControl	1201692715	1658179765	9
arc.mojom.OemCryptoService.RefreshKeys	RefreshKeys	1471966522	757612160	61
arc.mojom.OemCryptoService.RefreshKeysV14	RefreshKeysV14	1328154831	1193329898	8
arc.mojom.OemCryptoService.RemoveSrm	RemoveSrm	1486277387	369605681	42
arc.mojom.OemCryptoService.ReportUsage	ReportUsage	309750284	924403373	32
arc.mojom.OemCryptoService.ResourceRatingTier	ResourceRatingTier	666598846	1101241301	59
arc.mojom.OemCryptoService.RewrapDeviceRsaKey	RewrapDeviceRsaKey	1191539615	486744100	24
arc.mojom.OemCryptoService.SecurityPatchLevel	SecurityPatchLevel	125766967	2033480525	28
arc.mojom.OemCryptoService.SelectKey	SelectKey	1470070834	1691975773	56
arc.mojom.OemCryptoService.SelectKeyV13	SelectKeyV13	682721904	2065593514	10
arc.mojom.OemCryptoService.ShrinkUsageTableHeader	ShrinkUsageTableHeader	1915064762	345673754	49
arc.mojom.OemCryptoService.SupportedCertificates	SupportedCertificates	1779079273	764199762	38
arc.mojom.OemCryptoService.Terminate	Terminate	1112596158	984931642	1
arc.mojom.OemCryptoService.UpdateUsageEntry	UpdateUsageEntry	2036962109	1536670000	47
arc.mojom.OemCryptoService.UpdateUsageTable	UpdateUsageTable	1368476689	10706373	30
arc.mojom.OnDeviceSafetyHost.IsCrosSafetyServiceEnabled	IsCrosSafetyServiceEnabled	136813994	2041973684	0
arc.mojom.OnDeviceSafetyInstance.GetArcSafetySession	GetArcSafetySession	1895149217	1599207924	0
arc.mojom.OnDeviceSafetyInstance.Init	Init	860934531	1555454041	1
arc.mojom.PipHost.OnPipEvent	OnPipEvent	1171435119	1342608103	0
arc.mojom.PipInstance.ClosePip	ClosePip	524720706	80137573	1
arc.mojom.PipInstance.Init	Init	860934531	1246946713	0
arc.mojom.PipInstance.SetPipSuppressionStatus	SetPipSuppressionStatus	599319625	25192812	2
arc.mojom.PolicyHost.GetPolicies	GetPolicies	188749313	161862831	0
arc.mojom.PolicyHost.ReportCompliance	ReportCompliance	959826058	1884599753	1
arc.mojom.PolicyHost.ReportDPCVersion	ReportDPCVersion	532250338	1765641646	7
arc.mojom.PolicyHost.ReportPlayStoreLocalPolicySet	ReportPlayStoreLocalPolicySet	1202722329	1561955113	8
arc.mojom.PolicyInstance.Init	Init	860934531	553879479	2
arc.mojom.PolicyInstance.OnCommandReceived	OnCommandReceived	1874101884	1802146754	3
arc.mojom.PolicyInstance.OnPolicyUpdated	OnPolicyUpdated	1451534905	1110508501	1
arc.mojom.PowerHost.GetBatterySaverModeState	GetBatterySaverModeState	2025319447	1990385704	8
arc.mojom.PowerHost.IsDisplayOn	IsDisplayOn	1742456730	1334865760	2
arc.mojom.PowerHost.OnAcquireDisplayWakeLock	OnAcquireDisplayWakeLock	1818549133	211418239	0
arc.mojom.PowerHost.OnAnrRecoveryFailed	OnAnrRecoveryFailed	1816536677	998540595	7
arc.mojom.PowerHost.OnPreAnr	OnPreAnr	1161597178	1326372768	6
arc.mojom.PowerHost.OnReleaseDisplayWakeLock	OnReleaseDisplayWakeLock	1808394412	1887943516	1
arc.mojom.PowerHost.OnScreenBrightnessUpdateRequest	OnScreenBrightnessUpdateRequest	416436583	1791470556	3
arc.mojom.PowerHost.OnWakefulnessChanged	OnWakefulnessChanged	201975010	465814228	5
arc.mojom.PowerInstance.GetWakefulnessMode	GetWakefulnessMode	941737064	1228431777	7
arc.mojom.PowerInstance.Init	Init	860934531	1919637053	5
arc.mojom.PowerInstance.OnBatterySaverModeStateChanged	OnBatterySaverModeStateChanged	32865716	320710038	9
arc.mojom.PowerInstance.OnCpuRestrictionChanged	OnCpuRestrictionChanged	91865642	2041735205	8
arc.mojom.PowerInstance.PowerSupplyInfoChanged	PowerSupplyInfoChanged	608799431	2119145066	6
arc.mojom.PowerInstance.Resume	Resume	1161860812	1862631911	3
arc.mojom.PowerInstance.SetIdleState	SetIdleState	1867214828	957410449	10
arc.mojom.PowerInstance.SetInteractiveDeprecated	SetInteractiveDeprecated	824016102	1868228353	1
arc.mojom.PowerInstance.Suspend	Suspend	862068935	389142982	2
arc.mojom.PowerInstance.UpdateScreenBrightnessSettings	UpdateScreenBrightnessSettings	1871671132	1240585136	4
arc.mojom.PrintSessionInstance.CreatePreviewDocument	CreatePreviewDocument	426021720	2084630461	1
arc.mojom.PrintSessionInstance.OnPrintPreviewClosed	OnPrintPreviewClosed	35531217	11344594	0
arc.mojom.PrintSpoolerHost.StartPrintInCustomTab	StartPrintInCustomTab	423361697	1061268845	1
arc.mojom.PrintSpoolerInstance.Init	Init	860934531	1764358073	0
arc.mojom.PrivacyItemsHost.OnLocationIndicatorRequirementChanged	OnLocationIndicatorRequirementChanged	794415057	1634320554	2
arc.mojom.PrivacyItemsHost.OnMicCameraIndicatorRequirementChanged	OnMicCameraIndicatorRequirementChanged	1433809046	2098599235	1
arc.mojom.PrivacyItemsHost.OnPrivacyItemsChanged	OnPrivacyItemsChanged	199975726	1701214356	0
arc.mojom.PrivacyItemsInstance.Init	Init	860934531	359978091	0
arc.mojom.PrivacyItemsInstance.OnStaticPrivacyIndicatorBoundsChanged	OnStaticPrivacyIndicatorBoundsChanged	1417426024	2137872006	1
arc.mojom.ProcessInstance.ApplyHostMemoryPressure	ApplyHostMemoryPressure	245150061	1593657992	11
arc.mojom.ProcessInstance.ApplyHostMemoryPressureDeprecated	ApplyHostMemoryPressureDeprecated	2147334746	1861058400	10
arc.mojom.ProcessInstance.KillProcess	KillProcess	1582495956	117975145	1
arc.mojom.ProcessInstance.RequestApplicationProcessMemoryInfo	RequestApplicationProcessMemoryInfo	252628288	1358488286	8
arc.mojom.ProcessInstance.RequestLowMemoryKillCounts	RequestLowMemoryKillCounts	991364603	1366865754	12
arc.mojom.ProcessInstance.RequestProcessList	RequestProcessList	1183895747	858174223	5
arc.mojom.ProcessInstance.RequestSystemProcessMemoryInfo	RequestSystemProcessMemoryInfo	1598847691	1886244475	9
arc.mojom.ProtectedBufferManager.DeprecatedGetProtectedSharedMemoryFromHandle	DeprecatedGetProtectedSharedMemoryFromHandle	1301149548	1951170382	0
arc.mojom.ProtectedBufferManager.GetProtectedNativePixmapHandleFromHandle	GetProtectedNativePixmapHandleFromHandle	1983895041	1797673806	2
arc.mojom.ProtectedBufferManager.GetProtectedSharedMemoryFromHandle	GetProtectedSharedMemoryFromHandle	2062329763	745796478	4
arc.mojom.ProtectedBufferManager.IsProtectedNativePixmapHandle	IsProtectedNativePixmapHandle	1002760105	936384289	3
arc.mojom.RfcommConnectingSocketClient.OnConnectFailed	OnConnectFailed	847568447	2123445258	1
arc.mojom.RfcommConnectingSocketClient.OnConnected	OnConnected	2043767779	1601863667	0
arc.mojom.RfcommListeningSocketClient.OnAccepted	OnAccepted	1516736185	792505006	0
arc.mojom.ScreenCaptureHost.OpenSession	OpenSession	1216433951	1420144370	1
arc.mojom.ScreenCaptureHost.RequestPermission	RequestPermission	1945663549	690563610	0
arc.mojom.ScreenCaptureHost.TestModeAcceptPermission	TestModeAcceptPermission	1470943137	75842173	2
arc.mojom.ScreenCaptureInstance.Init	Init	860934531	1561485429	0
arc.mojom.ScreenCaptureSession.SetOutputBuffer	SetOutputBuffer	1832045546	1678587762	1
arc.mojom.ScreenCaptureSession.SetOutputBufferDeprecated	SetOutputBufferDeprecated	1169836733	174898073	0
arc.mojom.ScreenCaptureSessionNotifier.ForceUpdate	ForceUpdate	1489757937	2055821400	0
arc.mojom.SharesheetInstance.Init	Init	860934531	358765791	0
arc.mojom.SystemStateHost.UpdateAppRunningState	UpdateAppRunningState	614132779	1406260763	0
arc.mojom.SystemStateInstance.Init	Init	860934531	1500509937	0
arc.mojom.SystemUiInstance.SetDarkThemeStatus	SetDarkThemeStatus	22529556	1144346799	0
arc.mojom.SystemUiInstance.SetOverlayColor	SetOverlayColor	142324918	1499601317	1
arc.mojom.TracingInstance.QueryAvailableCategories	QueryAvailableCategories	480503340	934544604	0
arc.mojom.TracingInstance.StartTracing	StartTracing	1515232211	968533358	1
arc.mojom.TracingInstance.StopTracing	StopTracing	976450397	312889539	2
arc.mojom.TtsHost.OnTtsEvent	OnTtsEvent	625720003	1933841145	2
arc.mojom.TtsHost.OnVoicesChanged	OnVoicesChanged	832466257	356819344	1
arc.mojom.TtsInstance.Init	Init	860934531	910875773	3
arc.mojom.TtsInstance.RefreshVoices	RefreshVoices	436006791	1545534806	4
arc.mojom.TtsInstance.Speak	Speak	576845797	436278123	1
arc.mojom.TtsInstance.Stop	Stop	294650813	535103840	2
arc.mojom.UsbHostHost.GetDeviceInfo	GetDeviceInfo	105638241	1343511719	1
arc.mojom.UsbHostHost.OpenDevice	OpenDevice	682866515	1420784298	3
arc.mojom.UsbHostHost.RequestPermission	RequestPermission	1945663549	1734688850	2
arc.mojom.UsbHostInstance.Init	Init	860934531	194195469	0
arc.mojom.UsbHostInstance.OnDeviceAdded	OnDeviceAdded	1722420050	916984268	1
arc.mojom.UsbHostInstance.OnDeviceRemoved	OnDeviceRemoved	1195390200	1043725514	2
arc.mojom.VideoAcceleratorFactory.CreateDecodeAccelerator	CreateDecodeAccelerator	1066631296	1755737839	2
arc.mojom.VideoAcceleratorFactory.CreateEncodeAccelerator	CreateEncodeAccelerator	516570644	527737886	1
arc.mojom.VideoAcceleratorFactory.CreateProtectedBufferAllocator	CreateProtectedBufferAllocator	939747118	1287514016	3
arc.mojom.VideoAcceleratorFactory.CreateVideoDecoder	CreateVideoDecoder	892903870	1457743801	4
arc.mojom.VideoDecodeAccelerator.AssignPictureBuffers	AssignPictureBuffers	85384741	260150463	2
arc.mojom.VideoDecodeAccelerator.Decode	Decode	1288262771	245384706	1
arc.mojom.VideoDecodeAccelerator.Flush	Flush	729528193	1466305614	6
arc.mojom.VideoDecodeAccelerator.ImportBufferForPicture	ImportBufferForPicture	536345829	1916360508	9
arc.mojom.VideoDecodeAccelerator.Initialize	Initialize	164710295	493191125	0
arc.mojom.VideoDecodeAccelerator.Reset	Reset	1914451226	1862693127	5
arc.mojom.VideoDecodeAccelerator.ReusePictureBuffer	ReusePictureBuffer	2103692873	223259958	4
arc.mojom.VideoDecodeClient.NotifyEndOfBitstreamBuffer	NotifyEndOfBitstreamBuffer	675913305	489654270	2
arc.mojom.VideoDecodeClient.NotifyError	NotifyError	386809748	1695324257	3
arc.mojom.VideoDecodeClient.PictureReady	PictureReady	858738658	1492578360	1
arc.mojom.VideoDecodeClient.ProvidePictureBuffers	ProvidePictureBuffers	117914151	297750899	5
arc.mojom.VideoDecoder.Decode	Decode	1288262771	1039609471	1
arc.mojom.VideoDecoder.Initialize	Initialize	164710295	491015480	0
arc.mojom.VideoDecoder.ReleaseVideoFrame	ReleaseVideoFrame	83395900	586543792	3
arc.mojom.VideoDecoder.Reset	Reset	1914451226	1225731272	2
arc.mojom.VideoDecoderClient.OnError	OnError	1669973012	1382248756	1
arc.mojom.VideoDecoderClient.OnVideoFrameDecoded	OnVideoFrameDecoded	1292921888	509333971	0
arc.mojom.VideoEncodeAccelerator.Encode	Encode	2112191799	1837949244	8
arc.mojom.VideoEncodeAccelerator.Flush	Flush	729528193	574960852	5
arc.mojom.VideoEncodeAccelerator.GetSupportedProfiles	GetSupportedProfiles	418791861	693113122	0
arc.mojom.VideoEncodeAccelerator.Initialize	Initialize	164710295	680765769	9
arc.mojom.VideoEncodeAccelerator.RequestEncodingParametersChange	RequestEncodingParametersChange	1096189819	1176600451	10
arc.mojom.VideoEncodeAccelerator.RequestEncodingParametersChangeDeprecated	RequestEncodingParametersChangeDeprecated	442143408	650233125	4
arc.mojom.VideoEncodeAccelerator.UseBitstreamBuffer	UseBitstreamBuffer	591568693	93908514	3
arc.mojom.VideoEncodeClient.NotifyError	NotifyError	386809748	260342462	2
arc.mojom.VideoEncodeClient.RequireBitstreamBuffers	RequireBitstreamBuffers	2038841496	1703763115	0
arc.mojom.VideoFramePool.AddVideoFrame	AddVideoFrame	567594902	1365092702	1
arc.mojom.VideoFramePool.Initialize	Initialize	164710295	1634761716	0
arc.mojom.VideoFramePoolClient.RequestVideoFrames	RequestVideoFrames	940880763	500978796	1
arc.mojom.VideoHost.CreateVideoAcceleratorFactory	CreateVideoAcceleratorFactory	1339187763	930053695	2
arc.mojom.VideoHost.OnBootstrapVideoAcceleratorFactory	OnBootstrapVideoAcceleratorFactory	340248916	1624774901	1
arc.mojom.VideoInstance.Init	Init	860934531	1081013321	1
arc.mojom.VideoProtectedBufferAllocator.AllocateProtectedNativePixmap	AllocateProtectedNativePixmap	1653048912	1746058906	1
arc.mojom.VideoProtectedBufferAllocator.AllocateProtectedSharedMemory	AllocateProtectedSharedMemory	2042787776	1003054127	0
arc.mojom.VideoProtectedBufferAllocator.ReleaseProtectedBuffer	ReleaseProtectedBuffer	995179644	50524217	2
arc.mojom.VolumeMounterHost.OnReadyToSuspend	OnReadyToSuspend	2014688276	860168207	4
arc.mojom.VolumeMounterHost.RequestAllMountPoints	RequestAllMountPoints	134857121	738056800	1
arc.mojom.VolumeMounterHost.SetUpExternalStorageMountPoints	SetUpExternalStorageMountPoints	1126114470	1150763558	3
arc.mojom.VolumeMounterInstance.Init	Init	860934531	236465765	0
arc.mojom.VolumeMounterInstance.OnMountEvent	OnMountEvent	670293219	907032463	1
arc.mojom.VolumeMounterInstance.PrepareForRemovableMediaUnmount	PrepareForRemovableMediaUnmount	1339045962	1411426421	2
arc.mojom.WakeLockHost.AcquirePartialWakeLock	AcquirePartialWakeLock	762054611	214246829	0
arc.mojom.WakeLockHost.ReleasePartialWakeLock	ReleasePartialWakeLock	1724321854	769917038	1
arc.mojom.WakeLockInstance.Init	Init	860934531	1736265649	0
arc.mojom.WallpaperHost.GetWallpaper	GetWallpaper	477497127	1573658611	0
arc.mojom.WallpaperHost.SetDefaultWallpaper	SetDefaultWallpaper	155335136	117347773	2
arc.mojom.WallpaperHost.SetWallpaper	SetWallpaper	2046226035	1950136511	1
arc.mojom.WallpaperInstance.Init	Init	860934531	179256593	3
arc.mojom.WallpaperInstance.OnWallpaperChanged	OnWallpaperChanged	292580272	1739460376	1
arc.mojom.WebApkInstance.GetWebApkInfo	GetWebApkInfo	1406348791	1373657086	1
arc.mojom.WebApkInstance.InstallWebApk	InstallWebApk	1331833922	820367869	0
arc.mojom.keymint.KeyMintHost.GetServer	GetServer	410292522	744098357	0
arc.mojom.keymint.KeyMintInstance.Init	Init	860934531	1376471909	0
arc.mojom.keymint.KeyMintServer.Abort	Abort	72446017	1506590569	20
arc.mojom.keymint.KeyMintServer.AddRngEntropy	AddRngEntropy	357031172	1864448483	1
arc.mojom.keymint.KeyMintServer.Begin	Begin	352721696	1289964509	9
arc.mojom.keymint.KeyMintServer.ComputeSharedSecret	ComputeSharedSecret	902187979	1315867221	22
arc.mojom.keymint.KeyMintServer.ConvertStorageKeyToEphemeral	ConvertStorageKeyToEphemeral	224398694	1235213569	12
arc.mojom.keymint.KeyMintServer.DeleteAllKeys	DeleteAllKeys	1445425517	1587612267	7
arc.mojom.keymint.KeyMintServer.DeleteKey	DeleteKey	1945826633	354874966	6
arc.mojom.keymint.KeyMintServer.DestroyAttestationIds	DestroyAttestationIds	2108809493	1259548567	8
arc.mojom.keymint.KeyMintServer.DeviceLocked	DeviceLocked	1670021329	340392399	10
arc.mojom.keymint.KeyMintServer.EarlyBootEnded	EarlyBootEnded	1514727666	1224476106	11
arc.mojom.keymint.KeyMintServer.Finish	Finish	1783629928	1076132248	19
arc.mojom.keymint.KeyMintServer.GenerateCertificateRequest	GenerateCertificateRequest	1933708208	2127464529	25
arc.mojom.keymint.KeyMintServer.GenerateEcdsaP256KeyPair	GenerateEcdsaP256KeyPair	103606328	1534154131	24
arc.mojom.keymint.KeyMintServer.GenerateKey	GenerateKey	1214640653	349615372	2
arc.mojom.keymint.KeyMintServer.GenerateTimeStamp	GenerateTimeStamp	1193351848	297386736	23
arc.mojom.keymint.KeyMintServer.GetKeyCharacteristics	GetKeyCharacteristics	146354198	699729841	13
arc.mojom.keymint.KeyMintServer.GetRootOfTrust	GetRootOfTrust	379632602	55615174	15
arc.mojom.keymint.KeyMintServer.GetRootOfTrustChallenge	GetRootOfTrustChallenge	292737629	1028087177	14
arc.mojom.keymint.KeyMintServer.GetSharedSecretParameters	GetSharedSecretParameters	1292238024	387611362	21
arc.mojom.keymint.KeyMintServer.ImportKey	ImportKey	880849495	639250900	3
arc.mojom.keymint.KeyMintServer.ImportWrappedKey	ImportWrappedKey	980927858	1940370128	4
arc.mojom.keymint.KeyMintServer.SendRootOfTrust	SendRootOfTrust	861341018	1939601193	16
arc.mojom.keymint.KeyMintServer.SetSystemVersion	SetSystemVersion	1697438224	1414770458	0
arc.mojom.keymint.KeyMintServer.SetVendorPatchLevel	SetVendorPatchLevel	118208173	628898260	26
arc.mojom.keymint.KeyMintServer.Update	Update	379933338	594308328	18
arc.mojom.keymint.KeyMintServer.UpdateAad	UpdateAad	32516336	1363885976	17
arc.mojom.keymint.KeyMintServer.UpgradeKey	UpgradeKey	1531142476	617917352	5
ash.annotator.mojom.UntrustedAnnotatorPage.Clear	Clear	1757158544	1773274692	1048495670
ash.annotator.mojom.UntrustedAnnotatorPage.Redo	Redo	2001577497	478896289	2009808879
ash.annotator.mojom.UntrustedAnnotatorPage.SetTool	SetTool	1361627773	1456271456	552962686
ash.annotator.mojom.UntrustedAnnotatorPage.Undo	Undo	725987923	1915988063	608617920
ash.annotator.mojom.UntrustedAnnotatorPageHandler.OnCanvasInitialized	OnCanvasInitialized	1962958480	2132213056	1436446370
ash.annotator.mojom.UntrustedAnnotatorPageHandler.OnUndoRedoAvailabilityChanged	OnUndoRedoAvailabilityChanged	1946015203	1449542457	1946648912
ash.annotator.mojom.UntrustedAnnotatorPageHandlerFactory.Create	Create	838289373	940022990	1686358996
ash.app_install.mojom.AppInfoActions.InstallApp	InstallApp	144952959	1871853713	1297582063
ash.app_install.mojom.AppInfoActions.LaunchApp	LaunchApp	1474952073	1993787925	1051235729
ash.app_install.mojom.ConnectionErrorActions.TryAgain	TryAgain	745316900	714373909	752301913
ash.app_install.mojom.PageHandler.CloseDialog	CloseDialog	1718537155	52137152	1260698065
ash.app_install.mojom.PageHandler.GetDialogArgs	GetDialogArgs	363661964	521930324	2074422509
ash.app_install.mojom.PageHandlerFactory.CreatePageHandler	CreatePageHandler	1491630672	423970052	1049712340
ash.audio_config.mojom.AudioSystemPropertiesObserver.OnPropertiesUpdated	OnPropertiesUpdated	350644050	2012892366	141483273
ash.audio_config.mojom.CrosAudioConfig.ObserveAudioSystemProperties	ObserveAudioSystemProperties	114664563	1862050653	1060916931
ash.audio_config.mojom.CrosAudioConfig.RecordVoiceIsolationEnabledChange	RecordVoiceIsolationEnabledChange	1641949091	652750680	213923412
ash.audio_config.mojom.CrosAudioConfig.RecordVoiceIsolationPreferredEffectChange	RecordVoiceIsolationPreferredEffectChange	166895940	706316468	1677564079
ash.audio_config.mojom.CrosAudioConfig.SetActiveDevice	SetActiveDevice	1173857223	1150972218	328048719
ash.audio_config.mojom.CrosAudioConfig.SetForceRespectUiGainsEnabled	SetForceRespectUiGainsEnabled	515395203	1853992980	1983529062
ash.audio_config.mojom.CrosAudioConfig.SetHfpMicSrEnabled	SetHfpMicSrEnabled	1096301242	335216843	1604562425
ash.audio_config.mojom.CrosAudioConfig.SetInputGainPercent	SetInputGainPercent	563847983	1187324474	1220279988
ash.audio_config.mojom.CrosAudioConfig.SetInputMuted	SetInputMuted	74205766	59156847	868347593
ash.audio_config.mojom.CrosAudioConfig.SetNoiseCancellationEnabled	SetNoiseCancellationEnabled	1501196661	829423494	1507106729
ash.audio_config.mojom.CrosAudioConfig.SetOutputMuted	SetOutputMuted	70174361	1070802538	1573324843
ash.audio_config.mojom.CrosAudioConfig.SetOutputVolumePercent	SetOutputVolumePercent	1150950965	75606175	1330249741
ash.audio_config.mojom.CrosAudioConfig.SetSpatialAudioEnabled	SetSpatialAudioEnabled	1946106588	1801332501	1103414927
ash.audio_config.mojom.CrosAudioConfig.SetStyleTransferEnabled	SetStyleTransferEnabled	400711778	181481103	2108577516
ash.auth.mojom.AuthFactorConfig.GetLocalAuthFactorsComplexity	GetLocalAuthFactorsComplexity	671718630	1994167303	47037103
ash.auth.mojom.AuthFactorConfig.GetManagementType	GetManagementType	345613358	972783025	2087808404
ash.auth.mojom.AuthFactorConfig.IsConfigured	IsConfigured	681642585	73537242	976697948
ash.auth.mojom.AuthFactorConfig.IsEditable	IsEditable	1309795081	554286582	811672820
ash.auth.mojom.AuthFactorConfig.IsSupported	IsSupported	1436651541	628599216	216167346
ash.auth.mojom.AuthFactorConfig.ObserveFactorChanges	ObserveFactorChanges	1696752485	1778195836	511444571
ash.auth.mojom.FactorObserver.OnFactorChanged	OnFactorChanged	761902529	1339318777	33922801
ash.auth.mojom.PasswordFactorEditor.CheckLocalPasswordComplexity	CheckLocalPasswordComplexity	1917962419	1075257969	1464902194
ash.auth.mojom.PasswordFactorEditor.RemovePassword	RemovePassword	1644420262	2131919795	403463418
ash.auth.mojom.PasswordFactorEditor.SetLocalPassword	SetLocalPassword	1347373467	1419679017	123602119
ash.auth.mojom.PasswordFactorEditor.SetOnlinePassword	SetOnlinePassword	344272029	503926313	142555668
ash.auth.mojom.PasswordFactorEditor.UpdateOrSetLocalPassword	UpdateOrSetLocalPassword	1481246631	212316393	463551535
ash.auth.mojom.PasswordFactorEditor.UpdateOrSetOnlinePassword	UpdateOrSetOnlinePassword	25516177	398886377	421672028
ash.auth.mojom.PinFactorEditor.CheckPinComplexity	CheckPinComplexity	377291288	489346158	1940480051
ash.auth.mojom.PinFactorEditor.GetConfiguredPinFactor	GetConfiguredPinFactor	748160425	1037180821	88545582
ash.auth.mojom.PinFactorEditor.RemovePin	RemovePin	1335720302	1153479697	1315714911
ash.auth.mojom.PinFactorEditor.SetPin	SetPin	650370972	278158432	1191868278
ash.auth.mojom.PinFactorEditor.UpdatePin	UpdatePin	1981184487	634317555	997452183
ash.auth.mojom.RecoveryFactorEditor.Configure	Configure	1900503275	1346701684	835876871
ash.babelorca.mojom.TachyonParsingService.Parse	Parse	948845558	711835561	1167919727
ash.bluetooth_config.mojom.BluetoothDeviceStatusObserver.OnDeviceConnected	OnDeviceConnected	1339013217	445090793	82284243
ash.bluetooth_config.mojom.BluetoothDeviceStatusObserver.OnDeviceDisconnected	OnDeviceDisconnected	1505363741	664749279	2136613742
ash.bluetooth_config.mojom.BluetoothDeviceStatusObserver.OnDevicePaired	OnDevicePaired	1997149179	1942447313	1192743055
ash.bluetooth_config.mojom.BluetoothDiscoveryDelegate.OnBluetoothDiscoveryStarted	OnBluetoothDiscoveryStarted	1043606877	1897182911	1731756449
ash.bluetooth_config.mojom.BluetoothDiscoveryDelegate.OnBluetoothDiscoveryStopped	OnBluetoothDiscoveryStopped	1116606601	925540808	441581357
ash.bluetooth_config.mojom.BluetoothDiscoveryDelegate.OnDiscoveredDevicesListChanged	OnDiscoveredDevicesListChanged	1671122527	1096860008	793027831
ash.bluetooth_config.mojom.CrosBluetoothConfig.Connect	Connect	161123025	1904586937	278439435
ash.bluetooth_config.mojom.CrosBluetoothConfig.Disconnect	Disconnect	1836270535	2050425555	1172778403
ash.bluetooth_config.mojom.CrosBluetoothConfig.Forget	Forget	1409027042	1953510100	600299346
ash.bluetooth_config.mojom.CrosBluetoothConfig.ObserveDeviceStatusChanges	ObserveDeviceStatusChanges	1126001138	301373094	408518959
ash.bluetooth_config.mojom.CrosBluetoothConfig.ObserveDiscoverySessionStatusChanges	ObserveDiscoverySessionStatusChanges	305417406	1375766374	955617491
ash.bluetooth_config.mojom.CrosBluetoothConfig.ObserveSystemProperties	ObserveSystemProperties	1579845423	2077300263	1031101266
ash.bluetooth_config.mojom.CrosBluetoothConfig.SetBluetoothEnabledState	SetBluetoothEnabledState	887352857	838001030	530408781
ash.bluetooth_config.mojom.CrosBluetoothConfig.SetBluetoothEnabledWithoutPersistence	SetBluetoothEnabledWithoutPersistence	694622935	1388773416	1205664936
ash.bluetooth_config.mojom.CrosBluetoothConfig.SetBluetoothHidDetectionInactive	SetBluetoothHidDetectionInactive	237084912	56579565	487949254
ash.bluetooth_config.mojom.CrosBluetoothConfig.SetDeviceNickname	SetDeviceNickname	224184145	978177994	2086395453
ash.bluetooth_config.mojom.CrosBluetoothConfig.StartDiscovery	StartDiscovery	651977543	1683822582	799579510
ash.bluetooth_config.mojom.DevicePairingDelegate.AuthorizePairing	AuthorizePairing	1514375962	1612242139	2002455635
ash.bluetooth_config.mojom.DevicePairingDelegate.ConfirmPasskey	ConfirmPasskey	2083126185	1137435489	1453598566
ash.bluetooth_config.mojom.DevicePairingDelegate.DisplayPasskey	DisplayPasskey	1705369595	2114085101	1414961526
ash.bluetooth_config.mojom.DevicePairingDelegate.DisplayPinCode	DisplayPinCode	1077481697	798043179	1748034376
ash.bluetooth_config.mojom.DevicePairingDelegate.RequestPasskey	RequestPasskey	1555470352	1996181410	595207604
ash.bluetooth_config.mojom.DevicePairingDelegate.RequestPinCode	RequestPinCode	1162945130	135107012	1991205357
ash.bluetooth_config.mojom.DevicePairingHandler.FetchDevice	FetchDevice	363337005	285452032	1244354341
ash.bluetooth_config.mojom.DevicePairingHandler.PairDevice	PairDevice	2016258279	1970803981	2038096071
ash.bluetooth_config.mojom.DiscoverySessionStatusObserver.OnHasAtLeastOneDiscoverySessionChanged	OnHasAtLeastOneDiscoverySessionChanged	42616330	1391467382	1577994210
ash.bluetooth_config.mojom.KeyEnteredHandler.HandleKeyEntered	HandleKeyEntered	1698242437	1308509331	829294081
ash.bluetooth_config.mojom.SystemPropertiesObserver.OnPropertiesUpdated	OnPropertiesUpdated	350644050	625138160	660952248
ash.boca.mojom.BocaPageHandlerFactory.Create	Create	838289373	1090047676	526701953
ash.boca.mojom.Page.OnActiveNetworkStateChanged	OnActiveNetworkStateChanged	970453671	187427731	1672043667
ash.boca.mojom.Page.OnFrameDataReceived	OnFrameDataReceived	191273156	2118273138	1912817704
ash.boca.mojom.Page.OnLocalCaptionDisabled	OnLocalCaptionDisabled	126660939	1360014408	1934265607
ash.boca.mojom.Page.OnPresentOwnScreenEnded	OnPresentOwnScreenEnded	1344711723	1159064028	1987404497
ash.boca.mojom.Page.OnPresentStudentScreenEnded	OnPresentStudentScreenEnded	124086016	1226789341	1928641487
ash.boca.mojom.Page.OnSessionCaptionDisabled	OnSessionCaptionDisabled	1896005248	764034293	1120442167
ash.boca.mojom.Page.OnSessionConfigUpdated	OnSessionConfigUpdated	1513069485	1976826473	1408499727
ash.boca.mojom.Page.OnSpeechRecognitionInstallStateUpdated	OnSpeechRecognitionInstallStateUpdated	1005764942	1294828046	1046016221
ash.boca.mojom.Page.OnSpotlightCrdSessionStatusUpdated	OnSpotlightCrdSessionStatusUpdated	519211856	2136682319	530891996
ash.boca.mojom.Page.OnStudentActivityUpdated	OnStudentActivityUpdated	983602973	2014963679	214405140
ash.boca.mojom.PageHandler.AddStudents	AddStudents	1949867866	991667440	703401204
ash.boca.mojom.PageHandler.CreateSession	CreateSession	1522243275	974518695	160316634
ash.boca.mojom.PageHandler.EndSession	EndSession	1462289240	983720809	477874547
ash.boca.mojom.PageHandler.EndViewScreenSession	EndViewScreenSession	501769073	347467908	1872147519
ash.boca.mojom.PageHandler.ExtendSessionDuration	ExtendSessionDuration	1220765475	353650471	1558420783
ash.boca.mojom.PageHandler.GetGeminiStatus	GetGeminiStatus	1048686724	1753823335	2031927237
ash.boca.mojom.PageHandler.GetSession	GetSession	2138087481	1819696767	1215762890
ash.boca.mojom.PageHandler.GetSpeechRecognitionInstallationStatus	GetSpeechRecognitionInstallationStatus	1857211232	1697096998	885177250
ash.boca.mojom.PageHandler.GetUserPref	GetUserPref	1928239049	662502721	860298833
ash.boca.mojom.PageHandler.GetWindowsTabsList	GetWindowsTabsList	360953074	371380562	2074422509
ash.boca.mojom.PageHandler.ListAssignments	ListAssignments	288324877	1395209361	978676253
ash.boca.mojom.PageHandler.ListCourses	ListCourses	608225025	655214068	1260698065
ash.boca.mojom.PageHandler.ListStudents	ListStudents	1579006509	1113541922	252371155
ash.boca.mojom.PageHandler.OpenFeedbackDialog	OpenFeedbackDialog	759755416	885384795	814209281
ash.boca.mojom.PageHandler.PresentOwnScreen	PresentOwnScreen	1726999046	12678006	101302558
ash.boca.mojom.PageHandler.PresentStudentScreen	PresentStudentScreen	1660167827	1110597611	2066750974
ash.boca.mojom.PageHandler.RefreshWorkbook	RefreshWorkbook	1483590438	1525324545	1477216060
ash.boca.mojom.PageHandler.RemoveStudent	RemoveStudent	142232406	556554586	1030440014
ash.boca.mojom.PageHandler.RenotifyStudent	RenotifyStudent	1883519606	226831710	576514537
ash.boca.mojom.PageHandler.SetFloatMode	SetFloatMode	1185025670	1965561265	1109170374
ash.boca.mojom.PageHandler.SetSitePermission	SetSitePermission	1710219483	1891515243	619992512
ash.boca.mojom.PageHandler.SetUserPref	SetUserPref	2091378333	995218399	1441338643
ash.boca.mojom.PageHandler.SetViewScreenSessionActive	SetViewScreenSessionActive	149776982	1187626506	503066160
ash.boca.mojom.PageHandler.StartSpotlight	StartSpotlight	1249494317	985361347	1919670021
ash.boca.mojom.PageHandler.StopPresentingOwnScreen	StopPresentingOwnScreen	1416630530	1138914217	1787525872
ash.boca.mojom.PageHandler.StopPresentingStudentScreen	StopPresentingStudentScreen	526545111	333660102	77638566
ash.boca.mojom.PageHandler.SubmitAccessCode	SubmitAccessCode	1557591596	593464910	176590812
ash.boca.mojom.PageHandler.UpdateCaptionConfig	UpdateCaptionConfig	2113346050	103052941	1398728236
ash.boca.mojom.PageHandler.UpdateOnTaskConfig	UpdateOnTaskConfig	1158264392	1136555793	527806321
ash.boca.mojom.PageHandler.ViewStudentScreen	ViewStudentScreen	497211599	1800278454	1530853526
ash.boca_receiver.mojom.UntrustedPage.OnAudioPacket	OnAudioPacket	1523188004	1762366425	1226273161
ash.boca_receiver.mojom.UntrustedPage.OnConnecting	OnConnecting	764332752	1711338660	506228438
ash.boca_receiver.mojom.UntrustedPage.OnConnectionClosed	OnConnectionClosed	567415278	545254047	893517190
ash.boca_receiver.mojom.UntrustedPage.OnFrameReceived	OnFrameReceived	933553756	586439476	1302300733
ash.boca_receiver.mojom.UntrustedPage.OnInitReceiverError	OnInitReceiverError	310164739	286249926	1877356300
ash.boca_receiver.mojom.UntrustedPage.OnInitReceiverInfo	OnInitReceiverInfo	1398821135	191874857	667342829
ash.boca_receiver.mojom.UntrustedPageHandlerFactory.CreateUntrustedPageHandler	CreateUntrustedPageHandler	1435435372	773725829	1670697252
ash.borealis_motd.mojom.PageHandler.IsBorealisInstalled	IsBorealisInstalled	1413098510	1999580988	252371155
ash.borealis_motd.mojom.PageHandler.OnDismiss	OnDismiss	587882986	2071346136	2074422509
ash.borealis_motd.mojom.PageHandler.OnUninstall	OnUninstall	1151329028	408163582	1260698065
ash.borealis_motd.mojom.PageHandlerFactory.CreatePageHandler	CreatePageHandler	1491630672	1815808648	1049712340
ash.camera_app.mojom.CameraAppHelper.CheckDocumentModeReadiness	CheckDocumentModeReadiness	765287491	28019451	35055285
ash.camera_app.mojom.CameraAppHelper.ConvertToDocument	ConvertToDocument	426876846	1897682190	1161780600
ash.camera_app.mojom.CameraAppHelper.CreatePdfBuilder	CreatePdfBuilder	418466402	408339385	235216697
ash.camera_app.mojom.CameraAppHelper.GetAspectRatioOrder	GetAspectRatioOrder	1498027812	1923931498	1063365428
ash.camera_app.mojom.CameraAppHelper.GetEventsSender	GetEventsSender	2054261667	1284334532	1339485116
ash.camera_app.mojom.CameraAppHelper.GetWindowStateController	GetWindowStateController	846972966	1540375078	98032551
ash.camera_app.mojom.CameraAppHelper.HandleCameraResult	HandleCameraResult	637801041	1352762151	1178396534
ash.camera_app.mojom.CameraAppHelper.IsDocumentScannerSupported	IsDocumentScannerSupported	840271478	70909008	1285340262
ash.camera_app.mojom.CameraAppHelper.IsMetricsAndCrashReportingEnabled	IsMetricsAndCrashReportingEnabled	1053985417	432720103	1662429581
ash.camera_app.mojom.CameraAppHelper.IsTabletMode	IsTabletMode	636112708	1484364170	1555653307
ash.camera_app.mojom.CameraAppHelper.MaybeTriggerSurvey	MaybeTriggerSurvey	444831179	1550801223	995324755
ash.camera_app.mojom.CameraAppHelper.MonitorFileDeletion	MonitorFileDeletion	1137113633	1971559403	1576619784
ash.camera_app.mojom.CameraAppHelper.OpenFeedbackDialog	OpenFeedbackDialog	759755416	968684861	136646697
ash.camera_app.mojom.CameraAppHelper.OpenFileInGallery	OpenFileInGallery	1650458808	1372281399	1895225237
ash.camera_app.mojom.CameraAppHelper.OpenStorageManagement	OpenStorageManagement	196471497	992139043	1190717137
ash.camera_app.mojom.CameraAppHelper.OpenUrlInBrowser	OpenUrlInBrowser	89241963	2091513932	337290154
ash.camera_app.mojom.CameraAppHelper.OpenWifiDialog	OpenWifiDialog	1493972162	389394815	1303397198
ash.camera_app.mojom.CameraAppHelper.PerformOcr	PerformOcr	2127167504	1848628237	737376558
ash.camera_app.mojom.CameraAppHelper.PerformOcrInline	PerformOcrInline	758758463	1107897051	1813119388
ash.camera_app.mojom.CameraAppHelper.ProcessCapturedFile	ProcessCapturedFile	647837560	1323033542	1400026813
ash.camera_app.mojom.CameraAppHelper.RenderPdfAsJpeg	RenderPdfAsJpeg	1094709247	2058574013	1077898343
ash.camera_app.mojom.CameraAppHelper.ScanDocumentCorners	ScanDocumentCorners	1395417161	1191150733	970295077
ash.camera_app.mojom.CameraAppHelper.SetExternalScreenMonitor	SetExternalScreenMonitor	1409976008	1290198926	1059241019
ash.camera_app.mojom.CameraAppHelper.SetLidStateMonitor	SetLidStateMonitor	104685625	1571208370	1073271105
ash.camera_app.mojom.CameraAppHelper.SetSWPrivacySwitchMonitor	SetSWPrivacySwitchMonitor	1353197987	795593344	1649929318
ash.camera_app.mojom.CameraAppHelper.SetScreenLockedMonitor	SetScreenLockedMonitor	2041882261	575172378	1789179333
ash.camera_app.mojom.CameraAppHelper.SetScreenStateMonitor	SetScreenStateMonitor	468508620	1455433825	275625241
ash.camera_app.mojom.CameraAppHelper.SetTabletMonitor	SetTabletMonitor	517603879	1578902127	1295971270
ash.camera_app.mojom.CameraAppHelper.StartPerfEventTrace	StartPerfEventTrace	1730262725	1716839640	444339849
ash.camera_app.mojom.CameraAppHelper.StartStorageMonitor	StartStorageMonitor	1288717768	2078213017	1639411352
ash.camera_app.mojom.CameraAppHelper.StopPerfEventTrace	StopPerfEventTrace	747472539	2108122160	324489744
ash.camera_app.mojom.CameraAppHelper.StopStorageMonitor	StopStorageMonitor	825341830	389256200	2132840844
ash.camera_app.mojom.CameraUsageOwnershipMonitor.OnCameraUsageOwnershipChanged	OnCameraUsageOwnershipChanged	1091541957	121590862	561989990
ash.camera_app.mojom.EventsSender.SendAndroidIntentEvent	SendAndroidIntentEvent	1563498334	1149181447	1920363564
ash.camera_app.mojom.EventsSender.SendBarcodeDetectedEvent	SendBarcodeDetectedEvent	416130717	1628811641	1450945524
ash.camera_app.mojom.EventsSender.SendCaptureEvent	SendCaptureEvent	1959504645	200286793	528014941
ash.camera_app.mojom.EventsSender.SendDocScanActionEvent	SendDocScanActionEvent	1815185294	1229402423	1209790398
ash.camera_app.mojom.EventsSender.SendDocScanResultEvent	SendDocScanResultEvent	1600949173	1912399329	787213910
ash.camera_app.mojom.EventsSender.SendLowStorageActionEvent	SendLowStorageActionEvent	868340636	2094765977	1755425499
ash.camera_app.mojom.EventsSender.SendOcrEvent	SendOcrEvent	166814715	632360029	673701053
ash.camera_app.mojom.EventsSender.SendOpenCameraEvent	SendOpenCameraEvent	323222430	1945585041	57458814
ash.camera_app.mojom.EventsSender.SendOpenPTZPanelEvent	SendOpenPTZPanelEvent	1971965737	1714410213	347236268
ash.camera_app.mojom.EventsSender.SendPerfEvent	SendPerfEvent	897425314	215626345	519093443
ash.camera_app.mojom.EventsSender.SendStartSessionEvent	SendStartSessionEvent	242517925	2107179121	1590062004
ash.camera_app.mojom.EventsSender.SendUnsupportedProtocolEvent	SendUnsupportedProtocolEvent	1800336344	755679920	726895164
ash.camera_app.mojom.EventsSender.UpdateMemoryUsageEventParams	UpdateMemoryUsageEventParams	56176486	811190068	25901804
ash.camera_app.mojom.ExternalScreenMonitor.Update	Update	379933338	137207843	1399310232
ash.camera_app.mojom.LidStateMonitor.Update	Update	379933338	535112922	2116951075
ash.camera_app.mojom.PdfBuilder.AddPage	AddPage	491083099	273788555	1203383460
ash.camera_app.mojom.PdfBuilder.AddPageInline	AddPageInline	1727851792	1271879477	1424160833
ash.camera_app.mojom.PdfBuilder.DeletePage	DeletePage	1316152589	1201025159	87182792
ash.camera_app.mojom.PdfBuilder.Save	Save	175486254	1754660071	1198213092
ash.camera_app.mojom.PdfBuilder.SaveInline	SaveInline	1902828045	2005186563	1850331176
ash.camera_app.mojom.SWPrivacySwitchMonitor.Update	Update	379933338	22011318	36010594
ash.camera_app.mojom.ScreenLockedMonitor.Update	Update	379933338	793326558	2039025281
ash.camera_app.mojom.ScreenStateMonitor.Update	Update	379933338	1328354220	12844124
ash.camera_app.mojom.StorageMonitor.Update	Update	379933338	294714714	353771226
ash.camera_app.mojom.TabletModeMonitor.Update	Update	379933338	1210083523	1479162050
ash.camera_app.mojom.WindowStateController.AddMonitor	AddMonitor	1628945780	635917727	27877965
ash.camera_app.mojom.WindowStateController.Focus	Focus	2017476539	545951034	1595493561
ash.camera_app.mojom.WindowStateController.Fullscreen	Fullscreen	857009506	2098013233	197774821
ash.camera_app.mojom.WindowStateController.GetWindowState	GetWindowState	694988238	1496030965	1075797630
ash.camera_app.mojom.WindowStateController.Maximize	Maximize	76618607	1032200534	1071997680
ash.camera_app.mojom.WindowStateController.Minimize	Minimize	1181744245	1626750588	1612833461
ash.camera_app.mojom.WindowStateController.Restore	Restore	1244740061	2130221732	384347323
ash.camera_app.mojom.WindowStateMonitor.OnWindowFocusChanged	OnWindowFocusChanged	1103183498	1004267889	1013604874
ash.camera_app.mojom.WindowStateMonitor.OnWindowStateChanged	OnWindowStateChanged	1756603979	1099833966	170907184
ash.cellular_setup.mojom.ActivationDelegate.OnActivationFinished	OnActivationFinished	836437620	1816575132	723090095
ash.cellular_setup.mojom.ActivationDelegate.OnActivationStarted	OnActivationStarted	560860081	635300179	1319592214
ash.cellular_setup.mojom.CarrierPortalHandler.OnCarrierPortalStatusChange	OnCarrierPortalStatusChange	1356444162	77930212	43551205
ash.cellular_setup.mojom.CellularSetup.StartActivation	StartActivation	1845317215	938171272	1555066060
ash.cellular_setup.mojom.ESimManager.AddObserver	AddObserver	2130361764	1799171399	176248336
ash.cellular_setup.mojom.ESimManager.GetAvailableEuiccs	GetAvailableEuiccs	780930380	1679953788	880192051
ash.cellular_setup.mojom.ESimManagerObserver.OnAvailableEuiccListChanged	OnAvailableEuiccListChanged	613275008	1243498354	2125166681
ash.cellular_setup.mojom.ESimManagerObserver.OnEuiccChanged	OnEuiccChanged	947059341	910748940	285547285
ash.cellular_setup.mojom.ESimManagerObserver.OnProfileChanged	OnProfileChanged	574714647	248417986	1666176112
ash.cellular_setup.mojom.ESimManagerObserver.OnProfileListChanged	OnProfileListChanged	436978239	677232206	816339247
ash.cellular_setup.mojom.ESimProfile.GetProperties	GetProperties	1365929440	668138877	44832702
ash.cellular_setup.mojom.ESimProfile.InstallProfile	InstallProfile	695377833	1723276382	1779426064
ash.cellular_setup.mojom.ESimProfile.SetProfileNickname	SetProfileNickname	108513046	569293749	432435883
ash.cellular_setup.mojom.ESimProfile.UninstallProfile	UninstallProfile	2116787380	402386115	1120852274
ash.cellular_setup.mojom.Euicc.GetEidQRCode	GetEidQRCode	1496707313	855044441	1407214126
ash.cellular_setup.mojom.Euicc.GetProfileList	GetProfileList	963051842	1616644372	1478952872
ash.cellular_setup.mojom.Euicc.GetProperties	GetProperties	1365929440	2074290549	1299598575
ash.cellular_setup.mojom.Euicc.InstallProfileFromActivationCode	InstallProfileFromActivationCode	1851650322	1629633898	269247378
ash.cellular_setup.mojom.Euicc.RefreshInstalledProfiles	RefreshInstalledProfiles	1834959870	1553906809	1356938892
ash.cellular_setup.mojom.Euicc.RequestAvailableProfiles	RequestAvailableProfiles	453495015	2047339882	864532629
ash.cfm.mojom.DataAggregator.AddDataSource	AddDataSource	1416743373	274499287	1
ash.cfm.mojom.DataAggregator.AddWatchDog	AddWatchDog	1287232183	872710884	2
ash.cfm.mojom.DataAggregator.GetDataSourceNames	GetDataSourceNames	1799613948	659426380	0
ash.cfm.mojom.DataSource.AddWatchDog	AddWatchDog	1287232183	596136909	1
ash.cfm.mojom.DataSource.Fetch	Fetch	635489603	186080749	0
ash.cfm.mojom.DataSource.Flush	Flush	729528193	1538095699	2
ash.cfm.mojom.DataWatchDog.OnNotify	OnNotify	2045326877	368928312	0
ash.cfm.mojom.HotrodStatus.PostCallStatus	PostCallStatus	599962149	1564782504	0
ash.cfm.mojom.MeetBrowser.TranslateVideoDeviceId	TranslateVideoDeviceId	1441306051	770507970	0
ash.cfm.mojom.XuCamera.GetCtrl	GetCtrl	1557786872	4473400	1865419260
ash.cfm.mojom.XuCamera.GetUnitId	GetUnitId	1699788362	1743005510	674891375
ash.cfm.mojom.XuCamera.MapCtrl	MapCtrl	2138546266	756564024	565507153
ash.cfm.mojom.XuCamera.SetCtrl	SetCtrl	627827852	871453761	1621526186
ash.cloud_upload.mojom.PageHandler.GetAlwaysMoveOfficeFilesToDrive	GetAlwaysMoveOfficeFilesToDrive	1267910061	1080745496	1030440014
ash.cloud_upload.mojom.PageHandler.GetAlwaysMoveOfficeFilesToOneDrive	GetAlwaysMoveOfficeFilesToOneDrive	1974063415	455649206	703401204
ash.cloud_upload.mojom.PageHandler.GetDialogArgs	GetDialogArgs	363661964	1661279719	2074422509
ash.cloud_upload.mojom.PageHandler.GetOfficeMoveConfirmationShownForDrive	GetOfficeMoveConfirmationShownForDrive	1375997577	1867571780	1398728236
ash.cloud_upload.mojom.PageHandler.GetOfficeMoveConfirmationShownForOneDrive	GetOfficeMoveConfirmationShownForOneDrive	132334739	1460531970	1109170374
ash.cloud_upload.mojom.PageHandler.InstallOfficeWebApp	InstallOfficeWebApp	661157785	842166300	252371155
ash.cloud_upload.mojom.PageHandler.IsODFSMounted	IsODFSMounted	1187318015	781943558	978676253
ash.cloud_upload.mojom.PageHandler.IsOfficeWebAppInstalled	IsOfficeWebAppInstalled	287104168	590518315	1260698065
ash.cloud_upload.mojom.PageHandler.RecordCancel	RecordCancel	1087272868	895187190	176590812
ash.cloud_upload.mojom.PageHandler.RespondWithLocalTaskAndClose	RespondWithLocalTaskAndClose	2128792991	212176900	477874547
ash.cloud_upload.mojom.PageHandler.RespondWithUserActionAndClose	RespondWithUserActionAndClose	404912758	8269744	1215762890
ash.cloud_upload.mojom.PageHandler.SetAlwaysMoveOfficeFilesToDrive	SetAlwaysMoveOfficeFilesToDrive	1155932305	483014548	576514537
ash.cloud_upload.mojom.PageHandler.SetAlwaysMoveOfficeFilesToOneDrive	SetAlwaysMoveOfficeFilesToOneDrive	229445259	800596558	527806321
ash.cloud_upload.mojom.PageHandler.SetOfficeAsDefaultHandler	SetOfficeAsDefaultHandler	531317318	448945289	1558420783
ash.cloud_upload.mojom.PageHandler.SignInToOneDrive	SignInToOneDrive	42954352	2049295267	160316634
ash.cloud_upload.mojom.PageHandlerFactory.CreatePageHandler	CreatePageHandler	1491630672	796132540	1049712340
ash.color_internals.mojom.WallpaperColorsHandler.SetWallpaperColorsObserver	SetWallpaperColorsObserver	647503125	1186162426	13444181
ash.color_internals.mojom.WallpaperColorsObserver.OnWallpaperColorsChanged	OnWallpaperColorsChanged	859592804	605102376	23216883
ash.common.mojom.AcceleratorFetcher.GetMetaKeyToDisplay	GetMetaKeyToDisplay	453861796	1465590479	1928356350
ash.common.mojom.AcceleratorFetcher.ObserveAcceleratorChanges	ObserveAcceleratorChanges	2121570291	1412972105	1986506094
ash.common.mojom.AcceleratorFetcherObserver.OnAcceleratorsUpdated	OnAcceleratorsUpdated	487767115	1756851672	189135364
ash.common.mojom.AccessibilityFeatures.ObserveForceHiddenElementsVisible	ObserveForceHiddenElementsVisible	1949569499	990854933	1377765425
ash.common.mojom.ForceHiddenElementsVisibleObserver.OnForceHiddenElementsVisibleChange	OnForceHiddenElementsVisibleChange	143891342	448963122	950031549
ash.common.mojom.ShortcutInputObserver.OnShortcutInputEventPressed	OnShortcutInputEventPressed	1179255938	1911969905	1736677017
ash.common.mojom.ShortcutInputObserver.OnShortcutInputEventReleased	OnShortcutInputEventReleased	1436855849	1163594730	4231658
ash.common.mojom.ShortcutInputProvider.StartObservingShortcutInput	StartObservingShortcutInput	484445626	1952928192	1375889058
ash.common.mojom.ShortcutInputProvider.StopObservingShortcutInput	StopObservingShortcutInput	881966160	1956188315	1015302685
ash.common.mojom.WebUiSyslogEmitter.EmitSyslog	EmitSyslog	1154032099	1564248544	1322094192
ash.cros_healthd.connectivity.mojom.ConnectivityTestProvider.BindContext	BindContext	1817595561	1610730498	335392425
ash.cros_healthd.connectivity.mojom.ConnectivityTestProvider.BindTestProvider	BindTestProvider	1315476339	742050720	971184537
ash.cros_healthd.connectivity.mojom.State.FulfillLastCallCallback	FulfillLastCallCallback	1477268184	681292609	115666054
ash.cros_healthd.connectivity.mojom.State.LastCallHasNext	LastCallHasNext	1634561712	1722188701	621452749
ash.cros_healthd.connectivity.mojom.State.WaitLastCall	WaitLastCall	1950039130	67724083	96301714
ash.cros_healthd.internal.mojom.ChromiumDataCollector.DEPRECATED_SetAudioOutputMute	DEPRECATED_SetAudioOutputMute	995739911	116232280	3
ash.cros_healthd.internal.mojom.ChromiumDataCollector.GetTouchpadLibraryName	GetTouchpadLibraryName	2080409229	894182709	1
ash.cros_healthd.internal.mojom.ChromiumDataCollector.GetTouchscreenDevices	GetTouchscreenDevices	689745553	1469958478	0
ash.cros_healthd.internal.mojom.ChromiumDataCollector.SetPrivacyScreenState	SetPrivacyScreenState	828653508	370209969	2
ash.cros_healthd.mojom.AshEventReporter.SendKeyboardDiagnosticEvent	SendKeyboardDiagnosticEvent	1828716463	1979296962	0
ash.cros_healthd.mojom.CrosHealthdAudioObserver.OnSevereUnderrun	OnSevereUnderrun	1495510715	16277583	1
ash.cros_healthd.mojom.CrosHealthdAudioObserver.OnUnderrun	OnUnderrun	1238490547	787092763	0
ash.cros_healthd.mojom.CrosHealthdBluetoothObserver.OnAdapterAdded	OnAdapterAdded	1968112779	841398283	0
ash.cros_healthd.mojom.CrosHealthdBluetoothObserver.OnAdapterPropertyChanged	OnAdapterPropertyChanged	1415329520	1581891202	2
ash.cros_healthd.mojom.CrosHealthdBluetoothObserver.OnAdapterRemoved	OnAdapterRemoved	699718013	906951601	1
ash.cros_healthd.mojom.CrosHealthdBluetoothObserver.OnDeviceAdded	OnDeviceAdded	1722420050	1457770278	3
ash.cros_healthd.mojom.CrosHealthdBluetoothObserver.OnDevicePropertyChanged	OnDevicePropertyChanged	1436039537	915763875	5
ash.cros_healthd.mojom.CrosHealthdBluetoothObserver.OnDeviceRemoved	OnDeviceRemoved	1195390200	1105706508	4
ash.cros_healthd.mojom.CrosHealthdDiagnosticsService.DEPRECATED_RunAudioSetGainRoutine	DEPRECATED_RunAudioSetGainRoutine	245046005	287342163	40
ash.cros_healthd.mojom.CrosHealthdDiagnosticsService.DEPRECATED_RunAudioSetVolumeRoutine	DEPRECATED_RunAudioSetVolumeRoutine	1679809328	1290176850	39
ash.cros_healthd.mojom.CrosHealthdDiagnosticsService.DEPRECATED_RunLedLitUpRoutine	DEPRECATED_RunLedLitUpRoutine	1555383015	1233078227	37
ash.cros_healthd.mojom.CrosHealthdDiagnosticsService.DEPRECATED_RunNvmeWearLevelRoutine	DEPRECATED_RunNvmeWearLevelRoutine	738951693	1659310951	32
ash.cros_healthd.mojom.CrosHealthdDiagnosticsService.DEPRECATED_RunNvmeWearLevelRoutineWithThreshold	DEPRECATED_RunNvmeWearLevelRoutineWithThreshold	475033598	509152057	10
ash.cros_healthd.mojom.CrosHealthdDiagnosticsService.GetAvailableRoutines	GetAvailableRoutines	1710271239	770612442	0
ash.cros_healthd.mojom.CrosHealthdDiagnosticsService.GetRoutineUpdate	GetRoutineUpdate	1754538226	1249667673	1
ash.cros_healthd.mojom.CrosHealthdDiagnosticsService.RunAcPowerRoutine	RunAcPowerRoutine	1978546709	1035718312	6
ash.cros_healthd.mojom.CrosHealthdDiagnosticsService.RunArcDnsResolutionRoutine	RunArcDnsResolutionRoutine	1727790833	1447108111	31
ash.cros_healthd.mojom.CrosHealthdDiagnosticsService.RunArcHttpRoutine	RunArcHttpRoutine	1023363480	1874079204	29
ash.cros_healthd.mojom.CrosHealthdDiagnosticsService.RunArcPingRoutine	RunArcPingRoutine	392877552	1905083756	30
ash.cros_healthd.mojom.CrosHealthdDiagnosticsService.RunAudioDriverRoutine	RunAudioDriverRoutine	1480421540	317939600	46
ash.cros_healthd.mojom.CrosHealthdDiagnosticsService.RunBatteryCapacityRoutine	RunBatteryCapacityRoutine	1306894349	314093211	3
ash.cros_healthd.mojom.CrosHealthdDiagnosticsService.RunBatteryChargeRoutine	RunBatteryChargeRoutine	9641893	1220582303	15
ash.cros_healthd.mojom.CrosHealthdDiagnosticsService.RunBatteryDischargeRoutine	RunBatteryDischargeRoutine	1210445495	1040220829	14
ash.cros_healthd.mojom.CrosHealthdDiagnosticsService.RunBatteryHealthRoutine	RunBatteryHealthRoutine	973801407	146960813	4
ash.cros_healthd.mojom.CrosHealthdDiagnosticsService.RunBluetoothDiscoveryRoutine	RunBluetoothDiscoveryRoutine	399073860	1040289440	42
ash.cros_healthd.mojom.CrosHealthdDiagnosticsService.RunBluetoothPairingRoutine	RunBluetoothPairingRoutine	388493018	812757673	44
ash.cros_healthd.mojom.CrosHealthdDiagnosticsService.RunBluetoothPowerRoutine	RunBluetoothPowerRoutine	681382947	2073300113	41
ash.cros_healthd.mojom.CrosHealthdDiagnosticsService.RunBluetoothScanningRoutine	RunBluetoothScanningRoutine	1564058545	118281363	43
ash.cros_healthd.mojom.CrosHealthdDiagnosticsService.RunCaptivePortalRoutine	RunCaptivePortalRoutine	1820498112	461798796	24
ash.cros_healthd.mojom.CrosHealthdDiagnosticsService.RunCpuCacheRoutine	RunCpuCacheRoutine	562071200	1179512526	7
ash.cros_healthd.mojom.CrosHealthdDiagnosticsService.RunCpuStressRoutine	RunCpuStressRoutine	435990450	2145863420	8
ash.cros_healthd.mojom.CrosHealthdDiagnosticsService.RunDiskReadRoutine	RunDiskReadRoutine	1422172385	1022596600	12
ash.cros_healthd.mojom.CrosHealthdDiagnosticsService.RunDnsLatencyRoutine	RunDnsLatencyRoutine	106410231	925193685	22
ash.cros_healthd.mojom.CrosHealthdDiagnosticsService.RunDnsResolutionRoutine	RunDnsResolutionRoutine	917347345	1081519487	23
ash.cros_healthd.mojom.CrosHealthdDiagnosticsService.RunDnsResolverPresentRoutine	RunDnsResolverPresentRoutine	180314808	1725038212	21
ash.cros_healthd.mojom.CrosHealthdDiagnosticsService.RunEmmcLifetimeRoutine	RunEmmcLifetimeRoutine	1817439353	671764343	38
ash.cros_healthd.mojom.CrosHealthdDiagnosticsService.RunFanRoutine	RunFanRoutine	980185977	11651479	48
ash.cros_healthd.mojom.CrosHealthdDiagnosticsService.RunFingerprintAliveRoutine	RunFingerprintAliveRoutine	259913961	139258695	35
ash.cros_healthd.mojom.CrosHealthdDiagnosticsService.RunFingerprintRoutine	RunFingerprintRoutine	909676196	830954592	34
ash.cros_healthd.mojom.CrosHealthdDiagnosticsService.RunFloatingPointAccuracyRoutine	RunFloatingPointAccuracyRoutine	963150465	80305155	9
ash.cros_healthd.mojom.CrosHealthdDiagnosticsService.RunGatewayCanBePingedRoutine	RunGatewayCanBePingedRoutine	1368317160	1728717620	19
ash.cros_healthd.mojom.CrosHealthdDiagnosticsService.RunHasSecureWiFiConnectionRoutine	RunHasSecureWiFiConnectionRoutine	2057613748	2010453920	20
ash.cros_healthd.mojom.CrosHealthdDiagnosticsService.RunHttpFirewallRoutine	RunHttpFirewallRoutine	979045752	51737284	25
ash.cros_healthd.mojom.CrosHealthdDiagnosticsService.RunHttpsFirewallRoutine	RunHttpsFirewallRoutine	1832253217	1272765743	26
ash.cros_healthd.mojom.CrosHealthdDiagnosticsService.RunHttpsLatencyRoutine	RunHttpsLatencyRoutine	2023080153	751136695	27
ash.cros_healthd.mojom.CrosHealthdDiagnosticsService.RunLanConnectivityRoutine	RunLanConnectivityRoutine	859742360	374670900	17
ash.cros_healthd.mojom.CrosHealthdDiagnosticsService.RunMemoryRoutine	RunMemoryRoutine	1435856723	753624289	16
ash.cros_healthd.mojom.CrosHealthdDiagnosticsService.RunNvmeSelfTestRoutine	RunNvmeSelfTestRoutine	104012384	1081482992	11
ash.cros_healthd.mojom.CrosHealthdDiagnosticsService.RunPowerButtonRoutine	RunPowerButtonRoutine	2052227409	1742339812	45
ash.cros_healthd.mojom.CrosHealthdDiagnosticsService.RunPrimeSearchRoutine	RunPrimeSearchRoutine	77467671	1497692709	13
ash.cros_healthd.mojom.CrosHealthdDiagnosticsService.RunPrivacyScreenRoutine	RunPrivacyScreenRoutine	1622240916	806360008	36
ash.cros_healthd.mojom.CrosHealthdDiagnosticsService.RunSensitiveSensorRoutine	RunSensitiveSensorRoutine	557215730	1681767638	33
ash.cros_healthd.mojom.CrosHealthdDiagnosticsService.RunSignalStrengthRoutine	RunSignalStrengthRoutine	1280993425	624966399	18
ash.cros_healthd.mojom.CrosHealthdDiagnosticsService.RunSmartctlCheckRoutine	RunSmartctlCheckRoutine	683660330	1435911556	5
ash.cros_healthd.mojom.CrosHealthdDiagnosticsService.RunUfsLifetimeRoutine	RunUfsLifetimeRoutine	944198891	1163085849	47
ash.cros_healthd.mojom.CrosHealthdDiagnosticsService.RunUrandomRoutine	RunUrandomRoutine	1919028040	1066674646	2
ash.cros_healthd.mojom.CrosHealthdDiagnosticsService.RunVideoConferencingRoutine	RunVideoConferencingRoutine	973363826	221054808	28
ash.cros_healthd.mojom.CrosHealthdEventService.AddEventObserver	AddEventObserver	1601868456	487994625	7
ash.cros_healthd.mojom.CrosHealthdEventService.AddNetworkObserver	AddNetworkObserver	1085999446	400407917	3
ash.cros_healthd.mojom.CrosHealthdEventService.DEPRECATED_AddAudioObserver	DEPRECATED_AddAudioObserver	1555071142	739682514	4
ash.cros_healthd.mojom.CrosHealthdEventService.DEPRECATED_AddBluetoothObserver	DEPRECATED_AddBluetoothObserver	1858727598	772202966	0
ash.cros_healthd.mojom.CrosHealthdEventService.DEPRECATED_AddLidObserver	DEPRECATED_AddLidObserver	1834478415	1209516956	1
ash.cros_healthd.mojom.CrosHealthdEventService.DEPRECATED_AddPowerObserver	DEPRECATED_AddPowerObserver	870465467	1853875428	2
ash.cros_healthd.mojom.CrosHealthdEventService.DEPRECATED_AddThunderboltObserver	DEPRECATED_AddThunderboltObserver	1407530779	2753628	5
ash.cros_healthd.mojom.CrosHealthdEventService.DEPRECATED_AddUsbObserver	DEPRECATED_AddUsbObserver	1486606434	108031478	6
ash.cros_healthd.mojom.CrosHealthdEventService.IsEventSupported	IsEventSupported	271277463	949596830	8
ash.cros_healthd.mojom.CrosHealthdLidObserver.OnLidClosed	OnLidClosed	209241457	816797460	0
ash.cros_healthd.mojom.CrosHealthdLidObserver.OnLidOpened	OnLidOpened	1230429734	2015877945	1
ash.cros_healthd.mojom.CrosHealthdPowerObserver.OnAcInserted	OnAcInserted	693579666	1589627565	0
ash.cros_healthd.mojom.CrosHealthdPowerObserver.OnAcRemoved	OnAcRemoved	1606399398	848151641	1
ash.cros_healthd.mojom.CrosHealthdPowerObserver.OnOsResume	OnOsResume	1218747165	252266048	3
ash.cros_healthd.mojom.CrosHealthdPowerObserver.OnOsSuspend	OnOsSuspend	592159272	284791687	2
ash.cros_healthd.mojom.CrosHealthdProbeService.ProbeMultipleProcessInfo	ProbeMultipleProcessInfo	248795512	32811779	2
ash.cros_healthd.mojom.CrosHealthdProbeService.ProbeProcessInfo	ProbeProcessInfo	1411978596	1220762245	0
ash.cros_healthd.mojom.CrosHealthdProbeService.ProbeTelemetryInfo	ProbeTelemetryInfo	920759978	550007030	1
ash.cros_healthd.mojom.CrosHealthdRoutinesService.CreateRoutine	CreateRoutine	200698567	1719772496	0
ash.cros_healthd.mojom.CrosHealthdRoutinesService.IsRoutineArgumentSupported	IsRoutineArgumentSupported	2067862344	1892692240	1
ash.cros_healthd.mojom.CrosHealthdSdCardObserver.OnAdd	OnAdd	256164347	798054018	0
ash.cros_healthd.mojom.CrosHealthdSdCardObserver.OnRemove	OnRemove	2139322698	1804663773	1
ash.cros_healthd.mojom.CrosHealthdThunderboltObserver.OnAdd	OnAdd	256164347	1563569822	0
ash.cros_healthd.mojom.CrosHealthdThunderboltObserver.OnAuthorized	OnAuthorized	1183965281	1014555584	2
ash.cros_healthd.mojom.CrosHealthdThunderboltObserver.OnRemove	OnRemove	2139322698	1798382329	1
ash.cros_healthd.mojom.CrosHealthdThunderboltObserver.OnUnAuthorized	OnUnAuthorized	1973609272	1225366787	3
ash.cros_healthd.mojom.CrosHealthdUsbObserver.OnAdd	OnAdd	256164347	1141112144	0
ash.cros_healthd.mojom.CrosHealthdUsbObserver.OnRemove	OnRemove	2139322698	1387372245	1
ash.cros_healthd.mojom.DEPRECATED_LedLitUpRoutineReplier.GetColorMatched	GetColorMatched	900808452	1101816977	0
ash.cros_healthd.mojom.EventObserver.OnEvent	OnEvent	805713874	1446640736	0
ash.cros_healthd.mojom.RoutineControl.GetState	GetState	1354018142	1191109188	0
ash.cros_healthd.mojom.RoutineControl.ReplyInquiry	ReplyInquiry	158492718	2049673130	2
ash.cros_healthd.mojom.RoutineControl.Start	Start	1284713943	2073949361	1
ash.cros_healthd.mojom.RoutineObserver.OnRoutineStateChange	OnRoutineStateChange	1402664113	997698286	0
ash.cros_safety.mojom.CloudSafetySession.ClassifyImageSafety	ClassifyImageSafety	950403860	1249686958	1
ash.cros_safety.mojom.CloudSafetySession.ClassifyTextSafety	ClassifyTextSafety	1127147264	1275370811	0
ash.cros_safety.mojom.CrosSafetyService.CreateCloudSafetySession	CreateCloudSafetySession	1904589890	2092341258	1
ash.cros_safety.mojom.CrosSafetyService.CreateOnDeviceSafetySession	CreateOnDeviceSafetySession	1377369170	1142479746	0
ash.cros_safety.mojom.OnDeviceSafetySession.ClassifyImageSafety	ClassifyImageSafety	950403860	430833064	1
ash.cros_safety.mojom.OnDeviceSafetySession.ClassifyTextSafety	ClassifyTextSafety	1127147264	1054081075	0
ash.crostini_installer.mojom.Page.OnCanceled	OnCanceled	1001135283	688460333	1672043667
ash.crostini_installer.mojom.Page.OnInstallFinished	OnInstallFinished	1488517085	622058913	1408499727
ash.crostini_installer.mojom.Page.OnProgressUpdate	OnProgressUpdate	352034652	1704401782	214405140
ash.crostini_installer.mojom.Page.RequestClose	RequestClose	151942796	1941729672	1934265607
ash.crostini_installer.mojom.PageHandler.Cancel	Cancel	1287471363	1344822457	1260698065
ash.crostini_installer.mojom.PageHandler.CancelBeforeStart	CancelBeforeStart	1695215982	1660934152	252371155
ash.crostini_installer.mojom.PageHandler.Install	Install	1403029442	322207336	2074422509
ash.crostini_installer.mojom.PageHandler.OnPageClosed	OnPageClosed	1436924171	915429085	978676253
ash.crostini_installer.mojom.PageHandler.RequestAmountOfFreeDiskSpace	RequestAmountOfFreeDiskSpace	76680428	9591099	160316634
ash.crostini_installer.mojom.PageHandlerFactory.CreatePageHandler	CreatePageHandler	1491630672	799611189	1049712340
ash.device_sync.mojom.DeviceSync.AddObserver	AddObserver	2130361764	1886438979	1870191952
ash.device_sync.mojom.DeviceSync.FindEligibleDevices	FindEligibleDevices	1378544340	265330380	1046601306
ash.device_sync.mojom.DeviceSync.ForceEnrollmentNow	ForceEnrollmentNow	462214350	377757892	1087937672
ash.device_sync.mojom.DeviceSync.ForceSyncNow	ForceSyncNow	71883713	1775784433	761231822
ash.device_sync.mojom.DeviceSync.GetBetterTogetherMetadataStatus	GetBetterTogetherMetadataStatus	1258248458	165906510	1232467787
ash.device_sync.mojom.DeviceSync.GetDebugInfo	GetDebugInfo	1511797144	1401984699	292172573
ash.device_sync.mojom.DeviceSync.GetDevicesActivityStatus	GetDevicesActivityStatus	197618465	823236194	279398584
ash.device_sync.mojom.DeviceSync.GetGroupPrivateKeyStatus	GetGroupPrivateKeyStatus	363527556	1704180454	722182104
ash.device_sync.mojom.DeviceSync.GetLocalDeviceMetadata	GetLocalDeviceMetadata	1525732305	316159438	1226047398
ash.device_sync.mojom.DeviceSync.GetSyncedDevices	GetSyncedDevices	1004966350	1987080392	129750791
ash.device_sync.mojom.DeviceSync.NotifyDevices	NotifyDevices	186243359	514851361	88119220
ash.device_sync.mojom.DeviceSync.SetFeatureStatus	SetFeatureStatus	51356893	1151788641	329406881
ash.device_sync.mojom.DeviceSync.SetSoftwareFeatureState	SetSoftwareFeatureState	685193585	559360828	29003735
ash.device_sync.mojom.DeviceSyncObserver.OnEnrollmentFinished	OnEnrollmentFinished	1624518468	1596977428	1517477154
ash.device_sync.mojom.DeviceSyncObserver.OnNewDevicesSynced	OnNewDevicesSynced	1332680699	2059540085	2147327509
ash.diagnostics.mojom.BatteryChargeStatusObserver.OnBatteryChargeStatusUpdated	OnBatteryChargeStatusUpdated	517791328	1811391852	825655934
ash.diagnostics.mojom.BatteryHealthObserver.OnBatteryHealthUpdated	OnBatteryHealthUpdated	636640336	70800028	2052078540
ash.diagnostics.mojom.ConnectedDevicesObserver.OnKeyboardConnected	OnKeyboardConnected	224084278	762990203	2097698449
ash.diagnostics.mojom.ConnectedDevicesObserver.OnKeyboardDisconnected	OnKeyboardDisconnected	965929796	196690778	1592969690
ash.diagnostics.mojom.ConnectedDevicesObserver.OnTouchDeviceConnected	OnTouchDeviceConnected	44628602	1450264825	2119807958
ash.diagnostics.mojom.ConnectedDevicesObserver.OnTouchDeviceDisconnected	OnTouchDeviceDisconnected	813678024	1130080450	591740076
ash.diagnostics.mojom.CpuUsageObserver.OnCpuUsageUpdated	OnCpuUsageUpdated	1503134982	64198734	949611615
ash.diagnostics.mojom.InputDataProvider.GetConnectedDevices	GetConnectedDevices	300268109	937139468	609196423
ash.diagnostics.mojom.InputDataProvider.MoveAppBackToPreviousScreen	MoveAppBackToPreviousScreen	183620314	1424189284	1872401212
ash.diagnostics.mojom.InputDataProvider.MoveAppToTestingScreen	MoveAppToTestingScreen	1457968844	12657651	1581795682
ash.diagnostics.mojom.InputDataProvider.ObserveConnectedDevices	ObserveConnectedDevices	172622413	362216865	1036648215
ash.diagnostics.mojom.InputDataProvider.ObserveInternalDisplayPowerState	ObserveInternalDisplayPowerState	340141932	1879173843	1536049101
ash.diagnostics.mojom.InputDataProvider.ObserveKeyEvents	ObserveKeyEvents	2121769323	50532759	97206662
ash.diagnostics.mojom.InputDataProvider.ObserveLidState	ObserveLidState	1957883869	1217447221	623877855
ash.diagnostics.mojom.InputDataProvider.ObserveTabletMode	ObserveTabletMode	1152011270	1734367773	406306213
ash.diagnostics.mojom.InputDataProvider.SetA11yTouchPassthrough	SetA11yTouchPassthrough	667394278	1974890096	1309471155
ash.diagnostics.mojom.InternalDisplayPowerStateObserver.OnInternalDisplayPowerStateChanged	OnInternalDisplayPowerStateChanged	94567497	1420006071	1972639838
ash.diagnostics.mojom.KeyboardObserver.OnKeyEvent	OnKeyEvent	2060911113	1565283315	656266634
ash.diagnostics.mojom.KeyboardObserver.OnKeyEventsPaused	OnKeyEventsPaused	1924833678	404316316	548621197
ash.diagnostics.mojom.KeyboardObserver.OnKeyEventsResumed	OnKeyEventsResumed	48538383	1362872929	1147226036
ash.diagnostics.mojom.LidStateObserver.OnLidStateChanged	OnLidStateChanged	1780289756	95047945	928159111
ash.diagnostics.mojom.MemoryUsageObserver.OnMemoryUsageUpdated	OnMemoryUsageUpdated	1161712909	1609522803	1003764820
ash.diagnostics.mojom.NetworkHealthProvider.ObserveNetwork	ObserveNetwork	47084035	454523709	2131054849
ash.diagnostics.mojom.NetworkHealthProvider.ObserveNetworkList	ObserveNetworkList	1033071527	675218501	1507184388
ash.diagnostics.mojom.NetworkListObserver.OnNetworkListChanged	OnNetworkListChanged	1799709116	1114359120	200806197
ash.diagnostics.mojom.NetworkStateObserver.OnNetworkStateChanged	OnNetworkStateChanged	603700689	2039664040	1936222721
ash.diagnostics.mojom.RoutineRunner.OnRoutineResult	OnRoutineResult	421155801	1597178968	910395016
ash.diagnostics.mojom.SystemDataProvider.GetBatteryInfo	GetBatteryInfo	1695954974	871154637	1683049475
ash.diagnostics.mojom.SystemDataProvider.GetSystemInfo	GetSystemInfo	235580428	1222157377	140629248
ash.diagnostics.mojom.SystemDataProvider.ObserveBatteryChargeStatus	ObserveBatteryChargeStatus	1677749236	1466394348	868612872
ash.diagnostics.mojom.SystemDataProvider.ObserveBatteryHealth	ObserveBatteryHealth	312301048	943979440	1979857035
ash.diagnostics.mojom.SystemDataProvider.ObserveCpuUsage	ObserveCpuUsage	2066839824	1058250786	1281298716
ash.diagnostics.mojom.SystemDataProvider.ObserveMemoryUsage	ObserveMemoryUsage	301598303	1117138038	1709111229
ash.diagnostics.mojom.SystemRoutineController.GetSupportedRoutines	GetSupportedRoutines	437865736	251373026	88944353
ash.diagnostics.mojom.SystemRoutineController.RunRoutine	RunRoutine	1826059880	1956066633	122903028
ash.diagnostics.mojom.TabletModeObserver.OnTabletModeChanged	OnTabletModeChanged	1075946761	641708515	70899133
ash.eche_app.mojom.AccessibilityObserver.EnableAccessibilityTreeStreaming	EnableAccessibilityTreeStreaming	1840129112	1514758530	479237559
ash.eche_app.mojom.AccessibilityObserver.EnableExploreByTouch	EnableExploreByTouch	938184407	429888643	1548909154
ash.eche_app.mojom.AccessibilityObserver.PerformAction	PerformAction	1991276118	702128369	761537005
ash.eche_app.mojom.AccessibilityObserver.RefreshWithExtraData	RefreshWithExtraData	982241636	1231527207	452556444
ash.eche_app.mojom.AccessibilityProvider.HandleAccessibilityEventReceived	HandleAccessibilityEventReceived	907654010	307878418	475431819
ash.eche_app.mojom.AccessibilityProvider.IsAccessibilityEnabled	IsAccessibilityEnabled	2017118970	1328515485	1213426193
ash.eche_app.mojom.AccessibilityProvider.SetAccessibilityObserver	SetAccessibilityObserver	264935051	1905673179	123069387
ash.eche_app.mojom.ConnectionStatusObserver.OnConnectionStatusChanged	OnConnectionStatusChanged	964514460	626201250	1729390156
ash.eche_app.mojom.DisplayStreamHandler.OnStreamStatusChanged	OnStreamStatusChanged	1818796472	224713952	2039989143
ash.eche_app.mojom.DisplayStreamHandler.SetStreamActionObserver	SetStreamActionObserver	91099915	183583384	898099308
ash.eche_app.mojom.DisplayStreamHandler.StartStreaming	StartStreaming	1802566281	981016097	32773663
ash.eche_app.mojom.KeyboardLayoutHandler.RequestCurrentKeyboardLayout	RequestCurrentKeyboardLayout	1396505886	607044369	2025260482
ash.eche_app.mojom.KeyboardLayoutHandler.SetKeyboardLayoutObserver	SetKeyboardLayoutObserver	1208362436	1713297631	1296654612
ash.eche_app.mojom.KeyboardLayoutObserver.OnKeyboardLayoutChanged	OnKeyboardLayoutChanged	200702073	499534358	1842607377
ash.eche_app.mojom.NotificationGenerator.ShowNotification	ShowNotification	1762569739	690546884	381180106
ash.eche_app.mojom.NotificationGenerator.ShowToast	ShowToast	1221146215	1047876833	2089142129
ash.eche_app.mojom.SignalingMessageExchanger.SendSignalingMessage	SendSignalingMessage	23837846	138016193	1498991422
ash.eche_app.mojom.SignalingMessageExchanger.SetSignalingMessageObserver	SetSignalingMessageObserver	1207524104	339985988	989560832
ash.eche_app.mojom.SignalingMessageExchanger.TearDownSignaling	TearDownSignaling	2104608831	197194883	536618827
ash.eche_app.mojom.SignalingMessageObserver.OnReceivedSignalingMessage	OnReceivedSignalingMessage	546607614	676203558	2141529217
ash.eche_app.mojom.StreamActionObserver.OnStreamAction	OnStreamAction	840894320	1984781596	1846341492
ash.eche_app.mojom.StreamOrientationObserver.OnStreamOrientationChanged	OnStreamOrientationChanged	656285776	1322024636	1529149485
ash.eche_app.mojom.SystemInfoObserver.OnAndroidDeviceNetworkInfoChanged	OnAndroidDeviceNetworkInfoChanged	1436077795	1132015306	1796270613
ash.eche_app.mojom.SystemInfoObserver.OnReceivedTabletModeChanged	OnReceivedTabletModeChanged	1859007370	1595462895	1969442307
ash.eche_app.mojom.SystemInfoObserver.OnScreenBacklightStateChanged	OnScreenBacklightStateChanged	163757932	2042391481	1756321840
ash.eche_app.mojom.SystemInfoProvider.GetSystemInfo	GetSystemInfo	235580428	1909236233	313552967
ash.eche_app.mojom.SystemInfoProvider.SetSystemInfoObserver	SetSystemInfoObserver	5627134	1111338596	876103689
ash.eche_app.mojom.UidGenerator.GetUid	GetUid	1122583315	898439095	29653
ash.enhanced_network_tts.mojom.AudioDataObserver.OnAudioDataReceived	OnAudioDataReceived	1793030005	2040732931	1292847316
ash.enhanced_network_tts.mojom.EnhancedNetworkTts.GetAudioData	GetAudioData	1817375487	1264829290	320096301
ash.extended_updates.mojom.PageHandler.CloseDialog	CloseDialog	1718537155	2128911165	1260698065
ash.extended_updates.mojom.PageHandler.GetInstalledAndroidApps	GetInstalledAndroidApps	651828372	880705641	252371155
ash.extended_updates.mojom.PageHandler.OptInToExtendedUpdates	OptInToExtendedUpdates	76003009	1128561085	2074422509
ash.extended_updates.mojom.PageHandlerFactory.CreatePageHandler	CreatePageHandler	1491630672	1658395863	1049712340
ash.file_manager.mojom.PageHandlerFactory.CreatePageHandler	CreatePageHandler	1491630672	1149625389	1049712340
ash.firmware_update.mojom.DeviceRequestObserver.OnDeviceRequest	OnDeviceRequest	463878583	1978663157	1744509556
ash.firmware_update.mojom.InstallController.AddDeviceRequestObserver	AddDeviceRequestObserver	1676098301	509667548	607327515
ash.firmware_update.mojom.InstallController.AddUpdateProgressObserver	AddUpdateProgressObserver	555643074	431042160	1528159324
ash.firmware_update.mojom.InstallController.BeginUpdate	BeginUpdate	2068407291	2075844418	1202912290
ash.firmware_update.mojom.SystemUtils.Restart	Restart	974032434	861389008	134230444
ash.firmware_update.mojom.UpdateObserver.OnUpdateListChanged	OnUpdateListChanged	1916596923	599177025	1919316497
ash.firmware_update.mojom.UpdateProgressObserver.OnStatusChanged	OnStatusChanged	977814608	656465287	72451953
ash.firmware_update.mojom.UpdateProvider.FetchInProgressUpdate	FetchInProgressUpdate	1718269628	1126187379	1766151296
ash.firmware_update.mojom.UpdateProvider.ObservePeripheralUpdates	ObservePeripheralUpdates	1598675023	1956639397	1314653892
ash.firmware_update.mojom.UpdateProvider.PrepareForUpdate	PrepareForUpdate	1623488920	1536327394	1514683873
ash.focus_mode.mojom.MediaClient.StartPlay	StartPlay	1310436769	1819360992	1681473395
ash.focus_mode.mojom.TrackProvider.GetTrack	GetTrack	1934067088	302755682	794068715
ash.focus_mode.mojom.TrackProvider.ReportPlayback	ReportPlayback	1268143264	1239830057	564395553
ash.focus_mode.mojom.TrackProvider.ReportPlayerError	ReportPlayerError	1761334046	998631403	311381432
ash.focus_mode.mojom.TrackProvider.SetMediaClient	SetMediaClient	489446780	1678121560	1419041395
ash.graduation_ui.mojom.GraduationUiHandler.AuthenticateWebview	AuthenticateWebview	960886267	1446584714	210921084
ash.graduation_ui.mojom.GraduationUiHandler.GetProfileInfo	GetProfileInfo	106608454	810017033	1245309947
ash.graduation_ui.mojom.GraduationUiHandler.OnScreenSwitched	OnScreenSwitched	1229883925	524876227	1048018318
ash.graduation_ui.mojom.GraduationUiHandler.OnTransferComplete	OnTransferComplete	1441096122	707197774	1152260432
ash.growth.mojom.PageHandler.ClearAllEvents	ClearAllEvents	2008869058	2079204869	1260698065
ash.growth.mojom.PageHandler.GetCampaignsLogs	GetCampaignsLogs	1492205477	2059334858	2074422509
ash.heartd.mojom.HeartbeatService.Register	Register	2030014310	333154146	0
ash.heartd.mojom.HeartdControl.EnableForceRebootAction	EnableForceRebootAction	1677294188	1040779224	1
ash.heartd.mojom.HeartdControl.EnableNormalRebootAction	EnableNormalRebootAction	1465894908	570795690	0
ash.heartd.mojom.HeartdControl.RunAction	RunAction	76641942	96230857	2
ash.heartd.mojom.Pacemaker.SendHeartbeat	SendHeartbeat	1495023681	289781873	0
ash.heartd.mojom.Pacemaker.StopMonitor	StopMonitor	470701549	670091655	1
ash.help_app.mojom.PageHandler.GetDeviceInfo	GetDeviceInfo	105638241	1631579472	477874547
ash.help_app.mojom.PageHandler.LaunchMicrosoft365Setup	LaunchMicrosoft365Setup	806205971	102206274	160316634
ash.help_app.mojom.PageHandler.MaybeShowReleaseNotesNotification	MaybeShowReleaseNotesNotification	1911053303	373016702	1215762890
ash.help_app.mojom.PageHandler.OpenFeedbackDialog	OpenFeedbackDialog	759755416	894836041	2074422509
ash.help_app.mojom.PageHandler.OpenSettings	OpenSettings	1178162138	680761531	1030440014
ash.help_app.mojom.PageHandler.OpenUrlInBrowserAndTriggerInstallDialog	OpenUrlInBrowserAndTriggerInstallDialog	1739105695	1714519933	1558420783
ash.help_app.mojom.PageHandler.SetHasCompletedNewDeviceChecklist	SetHasCompletedNewDeviceChecklist	266134964	1523776227	576514537
ash.help_app.mojom.PageHandler.SetHasVisitedHowToPage	SetHasVisitedHowToPage	1481969567	843363462	703401204
ash.help_app.mojom.PageHandler.ShowOnDeviceAppControls	ShowOnDeviceAppControls	338644470	1265082601	1260698065
ash.help_app.mojom.PageHandler.ShowParentalControls	ShowParentalControls	106856635	698724306	252371155
ash.help_app.mojom.PageHandler.TriggerWelcomeTipCallToAction	TriggerWelcomeTipCallToAction	1941243529	1063437743	978676253
ash.help_app.mojom.PageHandlerFactory.CreatePageHandler	CreatePageHandler	1491630672	1280509360	1049712340
ash.help_app.mojom.SearchHandler.Observe	Observe	226566243	243498676	632658421
ash.help_app.mojom.SearchHandler.Search	Search	1531476693	690536850	1413983856
ash.help_app.mojom.SearchHandler.Update	Update	379933338	618744039	1443456958
ash.help_app.mojom.SearchResultsObserver.OnSearchResultAvailabilityChanged	OnSearchResultAvailabilityChanged	1744204872	785402678	1090196132
ash.hotspot_config.mojom.CrosHotspotConfig.AddObserver	AddObserver	2130361764	258067531	551451669
ash.hotspot_config.mojom.CrosHotspotConfig.DisableHotspot	DisableHotspot	1163923552	371989643	1292482988
ash.hotspot_config.mojom.CrosHotspotConfig.EnableHotspot	EnableHotspot	851766321	932141024	1215815894
ash.hotspot_config.mojom.CrosHotspotConfig.GetHotspotInfo	GetHotspotInfo	1252656028	406140627	786330557
ash.hotspot_config.mojom.CrosHotspotConfig.ObserveEnabledStateChanges	ObserveEnabledStateChanges	135859424	1978625338	1068947831
ash.hotspot_config.mojom.CrosHotspotConfig.SetHotspotConfig	SetHotspotConfig	283771118	1247942288	1158329592
ash.hotspot_config.mojom.CrosHotspotConfigObserver.OnHotspotInfoChanged	OnHotspotInfoChanged	1663472409	482829630	1392724506
ash.hotspot_config.mojom.HotspotEnabledStateObserver.OnHotspotTurnedOff	OnHotspotTurnedOff	1871202136	54690561	1896774446
ash.hotspot_config.mojom.HotspotEnabledStateObserver.OnHotspotTurnedOn	OnHotspotTurnedOn	2050464386	2010859882	1920706316
ash.ime.mojom.ConnectionFactory.ConnectToInputMethod	ConnectToInputMethod	673333589	1600062628	0
ash.ime.mojom.ConnectionFactory.Unused	Unused	1597609303	2015268760	1
ash.ime.mojom.ImeService.BindInputEngineManager	BindInputEngineManager	541053703	1147533534	1904104919
ash.ime.mojom.ImeService.BindInputMethodUserDataService	BindInputMethodUserDataService	805196211	652338114	472973698
ash.ime.mojom.ImeService.SetPlatformAccessProvider	SetPlatformAccessProvider	829510907	346594772	1394424880
ash.ime.mojom.InputChannel.ProcessMessage	ProcessMessage	306868745	1239111430	1898744856
ash.ime.mojom.InputEngineManager.ConnectToImeEngine	ConnectToImeEngine	799679011	474332727	1878631230
ash.ime.mojom.InputEngineManager.InitializeConnectionFactory	InitializeConnectionFactory	248626827	486193084	1408801689
ash.ime.mojom.InputMethod.IsReadyForTesting	IsReadyForTesting	684771893	551733212	8
ash.ime.mojom.InputMethod.OnAssistiveWindowChanged	OnAssistiveWindowChanged	646412205	423981567	9
ash.ime.mojom.InputMethod.OnBlur	OnBlur	657952201	1989725008	1
ash.ime.mojom.InputMethod.OnCandidateSelected	OnCandidateSelected	1689239166	276314630	5
ash.ime.mojom.InputMethod.OnCompositionCanceledBySystem	OnCompositionCanceledBySystem	950132189	348827836	4
ash.ime.mojom.InputMethod.OnFocus	OnFocus	72049274	1568075701	6
ash.ime.mojom.InputMethod.OnFocusDeprecated	OnFocusDeprecated	191955117	1593024697	0
ash.ime.mojom.InputMethod.OnQuickSettingsUpdated	OnQuickSettingsUpdated	543654965	2082006771	7
ash.ime.mojom.InputMethod.OnSurroundingTextChanged	OnSurroundingTextChanged	2068930095	1406385265	3
ash.ime.mojom.InputMethod.ProcessKeyEvent	ProcessKeyEvent	1496698227	73122602	2
ash.ime.mojom.InputMethodHost.CommitText	CommitText	978279655	2007283288	0
ash.ime.mojom.InputMethodHost.DEPRECATED_ReportHistogramSample	DEPRECATED_ReportHistogramSample	2035073657	1399436380	15
ash.ime.mojom.InputMethodHost.DEPRECATED_ReportKoreanAction	DEPRECATED_ReportKoreanAction	2041761617	1566452636	10
ash.ime.mojom.InputMethodHost.DEPRECATED_ReportKoreanSettings	DEPRECATED_ReportKoreanSettings	522465364	1907577012	11
ash.ime.mojom.InputMethodHost.DEPRECATED_ReportSuggestionOpportunity	DEPRECATED_ReportSuggestionOpportunity	673291942	77771680	14
ash.ime.mojom.InputMethodHost.DEPRECATED_SetComposition	DEPRECATED_SetComposition	646405703	231030661	1
ash.ime.mojom.InputMethodHost.DeleteSurroundingText	DeleteSurroundingText	676246971	756321884	4
ash.ime.mojom.InputMethodHost.DisplaySuggestions	DisplaySuggestions	190130052	856858759	6
ash.ime.mojom.InputMethodHost.FinishComposition	FinishComposition	1803677294	1007573423	3
ash.ime.mojom.InputMethodHost.HandleAutocorrect	HandleAutocorrect	589025704	815151438	5
ash.ime.mojom.InputMethodHost.RecordUkm	RecordUkm	816266555	25258655	8
ash.ime.mojom.InputMethodHost.ReplaceSurroundingText	ReplaceSurroundingText	1292818342	1964842091	16
ash.ime.mojom.InputMethodHost.RequestSuggestions	RequestSuggestions	2072984231	443846414	7
ash.ime.mojom.InputMethodHost.SetComposition	SetComposition	979465411	1321385338	12
ash.ime.mojom.InputMethodHost.SetCompositionRange	SetCompositionRange	595363202	169983573	2
ash.ime.mojom.InputMethodHost.UpdateCandidatesWindow	UpdateCandidatesWindow	1027134120	1480135678	9
ash.ime.mojom.InputMethodHost.UpdateQuickSettings	UpdateQuickSettings	405603940	1745429286	13
ash.ime.mojom.InputMethodUserDataService.AddJapaneseDictionaryEntry	AddJapaneseDictionaryEntry	1434044689	669499469	877764384
ash.ime.mojom.InputMethodUserDataService.ClearJapanesePersonalizationData	ClearJapanesePersonalizationData	334001255	383929838	799216531
ash.ime.mojom.InputMethodUserDataService.CreateJapaneseDictionary	CreateJapaneseDictionary	1275895620	59752358	729404816
ash.ime.mojom.InputMethodUserDataService.DeleteJapaneseDictionary	DeleteJapaneseDictionary	791910793	1099640048	446474366
ash.ime.mojom.InputMethodUserDataService.DeleteJapaneseDictionaryEntry	DeleteJapaneseDictionaryEntry	2085606039	1255550245	1616823686
ash.ime.mojom.InputMethodUserDataService.EditJapaneseDictionaryEntry	EditJapaneseDictionaryEntry	735458556	1778694889	215140891
ash.ime.mojom.InputMethodUserDataService.ExportJapaneseDictionary	ExportJapaneseDictionary	351493986	1977644130	1226010996
ash.ime.mojom.InputMethodUserDataService.FetchJapaneseDictionary	FetchJapaneseDictionary	542365150	1230015669	416939403
ash.ime.mojom.InputMethodUserDataService.ImportJapaneseDictionary	ImportJapaneseDictionary	28812539	1114901183	411057647
ash.ime.mojom.InputMethodUserDataService.RenameJapaneseDictionary	RenameJapaneseDictionary	847654474	1160487042	637797606
ash.ime.mojom.JpUnused.Unused	Unused	1597609303	184048660	0
ash.ime.mojom.PlatformAccessProvider.DownloadImeFileTo	DownloadImeFileTo	654046293	1976672458	403049592
ash.language.mojom.LanguagePacks.AddObserver	AddObserver	2130361764	90939986	4
ash.language.mojom.LanguagePacks.GetPackInfo	GetPackInfo	1482944456	1056730998	0
ash.language.mojom.LanguagePacks.InstallBasePack	InstallBasePack	1994592274	1260732362	2
ash.language.mojom.LanguagePacks.InstallPack	InstallPack	18371749	1799751129	1
ash.language.mojom.LanguagePacks.UninstallPack	UninstallPack	201869146	1449950754	3
ash.language.mojom.LanguagePacksObserver.OnPackStateChanged	OnPackStateChanged	124146224	43361447	0
ash.local_search_service.mojom.Index.AddOrUpdate	AddOrUpdate	697000978	1096976925	238142643
ash.local_search_service.mojom.Index.ClearIndex	ClearIndex	230402180	782905757	1683792733
ash.local_search_service.mojom.Index.Delete	Delete	1835819124	1557226994	243604351
ash.local_search_service.mojom.Index.Find	Find	414292396	449973622	1821910980
ash.local_search_service.mojom.Index.GetSize	GetSize	159169400	233537747	1451035097
ash.local_search_service.mojom.Index.SetSearchParams	SetSearchParams	329706645	1578755981	13154752
ash.local_search_service.mojom.Index.UpdateDocuments	UpdateDocuments	294693344	305924760	765077656
ash.local_search_service.mojom.LocalSearchService.BindIndex	BindIndex	1123237884	907052342	604746656
ash.local_search_service.mojom.SearchMetricsReporter.OnSearchPerformed	OnSearchPerformed	1831766014	267925283	1824935189
ash.mall.mojom.PageHandler.GetMallEmbedUrl	GetMallEmbedUrl	492906123	226169583	2074422509
ash.manage_mirrorsync.mojom.PageHandler.GetChildFolders	GetChildFolders	1863740410	1697752959	2074422509
ash.manage_mirrorsync.mojom.PageHandler.GetSyncingPaths	GetSyncingPaths	747186746	678533956	1260698065
ash.manage_mirrorsync.mojom.PageHandlerFactory.CreatePageHandler	CreatePageHandler	1491630672	1454710496	1049712340
ash.media_app_ui.mojom.MahiUntrustedPage.GetPdfContent	GetPdfContent	1456252162	785773304	878546502
ash.media_app_ui.mojom.MahiUntrustedPage.HidePdfContextMenu	HidePdfContextMenu	1405953483	931683299	1407088907
ash.media_app_ui.mojom.MahiUntrustedService.OnPdfContextMenuHide	OnPdfContextMenuHide	944220468	937053816	1010649235
ash.media_app_ui.mojom.MahiUntrustedService.OnPdfContextMenuShow	OnPdfContextMenuShow	203829591	471544376	656547038
ash.media_app_ui.mojom.MahiUntrustedService.OnPdfFileNameUpdated	OnPdfFileNameUpdated	1328707192	157479515	1295328284
ash.media_app_ui.mojom.MahiUntrustedService.OnPdfLoaded	OnPdfLoaded	454673415	1579758611	128771465
ash.media_app_ui.mojom.MantisUntrustedPage.ReportMantisProgress	ReportMantisProgress	889305442	1358806918	1817844122
ash.media_app_ui.mojom.MantisUntrustedService.ClassifyImageSafety	ClassifyImageSafety	950403860	1339338639	1308339893
ash.media_app_ui.mojom.MantisUntrustedService.GenerativeFillImage	GenerativeFillImage	1972929475	1018195668	820380514
ash.media_app_ui.mojom.MantisUntrustedService.InferSegmentationMode	InferSegmentationMode	477103724	398620184	190579551
ash.media_app_ui.mojom.MantisUntrustedService.InpaintImage	InpaintImage	212096471	199368913	993065084
ash.media_app_ui.mojom.MantisUntrustedService.OutpaintImage	OutpaintImage	2072778980	73925598	202392106
ash.media_app_ui.mojom.MantisUntrustedService.SegmentImage	SegmentImage	1640635599	43864238	1765063155
ash.media_app_ui.mojom.OcrUntrustedPage.RequestBitmap	RequestBitmap	243042937	1149708293	1930616531
ash.media_app_ui.mojom.OcrUntrustedPage.SetPdfOcrEnabled	SetPdfOcrEnabled	135801900	1138847459	2059761629
ash.media_app_ui.mojom.OcrUntrustedPage.SetViewport	SetViewport	1527094289	1131215226	2085360384
ash.media_app_ui.mojom.OcrUntrustedService.PageContentsUpdated	PageContentsUpdated	1470305451	925942529	226686543
ash.media_app_ui.mojom.OcrUntrustedService.PageMetadataUpdated	PageMetadataUpdated	1661197780	1420871822	706159915
ash.media_app_ui.mojom.OcrUntrustedService.ViewportUpdated	ViewportUpdated	1010457232	663202495	898246737
ash.media_app_ui.mojom.PageHandler.EditInPhotos	EditInPhotos	2109264567	2029648596	1215762890
ash.media_app_ui.mojom.PageHandler.IsFileArcWritable	IsFileArcWritable	1542900321	1116376393	978676253
ash.media_app_ui.mojom.PageHandler.IsFileBrowserWritable	IsFileBrowserWritable	1977094797	1213448029	160316634
ash.media_app_ui.mojom.PageHandler.MaybeTriggerPdfHats	MaybeTriggerPdfHats	1459744879	1132279670	252371155
ash.media_app_ui.mojom.PageHandler.OpenFeedbackDialog	OpenFeedbackDialog	759755416	1586191133	2074422509
ash.media_app_ui.mojom.PageHandler.SubmitForm	SubmitForm	204827583	277792432	477874547
ash.media_app_ui.mojom.PageHandler.ToggleBrowserFullscreenMode	ToggleBrowserFullscreenMode	449862749	324715876	1260698065
ash.media_app_ui.mojom.PageHandlerFactory.CreatePageHandler	CreatePageHandler	1491630672	97189276	1049712340
ash.media_app_ui.mojom.UntrustedServiceFactory.CreateMahiUntrustedService	CreateMahiUntrustedService	1246889465	2130444768	1019462843
ash.media_app_ui.mojom.UntrustedServiceFactory.CreateMantisUntrustedService	CreateMantisUntrustedService	1010238942	952516363	383117290
ash.media_app_ui.mojom.UntrustedServiceFactory.CreateOcrUntrustedService	CreateOcrUntrustedService	601893700	292782980	1903222418
ash.media_app_ui.mojom.UntrustedServiceFactory.IsMantisAvailable	IsMantisAvailable	1320972026	1438744877	1272493585
ash.mojom.HidPreservingBluetoothStateController.TryToSetBluetoothEnabledState	TryToSetBluetoothEnabledState	1178614179	1446154834	714846086
ash.mojom.demo_mode.UntrustedPageHandler.LaunchApp	LaunchApp	1474952073	52814019	335396891
ash.mojom.demo_mode.UntrustedPageHandler.ToggleFullscreen	ToggleFullscreen	1769182918	1500914961	318378773
ash.mojom.demo_mode.UntrustedPageHandlerFactory.CreatePageHandler	CreatePageHandler	1491630672	518343988	1670697252
ash.mojom.files_internals.PageHandler.ClearOfficeFileHandlers	ClearOfficeFileHandlers	1809987109	964531651	978676253
ash.mojom.files_internals.PageHandler.GetAlwaysMoveOfficeFilesToDrive	GetAlwaysMoveOfficeFilesToDrive	1267910061	1088443367	703401204
ash.mojom.files_internals.PageHandler.GetAlwaysMoveOfficeFilesToOneDrive	GetAlwaysMoveOfficeFilesToOneDrive	1974063415	301568531	1398728236
ash.mojom.files_internals.PageHandler.GetMoveConfirmationShownForCloudToDrive	GetMoveConfirmationShownForCloudToDrive	1572167611	1636929113	1030440014
ash.mojom.files_internals.PageHandler.GetMoveConfirmationShownForCloudToOneDrive	GetMoveConfirmationShownForCloudToOneDrive	533075369	789290033	576514537
ash.mojom.files_internals.PageHandler.GetMoveConfirmationShownForDrive	GetMoveConfirmationShownForDrive	1300769445	729979633	160316634
ash.mojom.files_internals.PageHandler.GetMoveConfirmationShownForLocalToDrive	GetMoveConfirmationShownForLocalToDrive	2092849513	138608411	477874547
ash.mojom.files_internals.PageHandler.GetMoveConfirmationShownForLocalToOneDrive	GetMoveConfirmationShownForLocalToOneDrive	1362278707	1203460967	1558420783
ash.mojom.files_internals.PageHandler.GetMoveConfirmationShownForOneDrive	GetMoveConfirmationShownForOneDrive	1131518431	2036063769	1215762890
ash.mojom.files_internals.PageHandler.GetOfficeFileHandlers	GetOfficeFileHandlers	1738424262	1419800601	252371155
ash.mojom.files_internals.PageHandler.GetSmbfsEnableVerboseLogging	GetSmbfsEnableVerboseLogging	1221622326	1164945384	2074422509
ash.mojom.files_internals.PageHandler.SetAlwaysMoveOfficeFilesToDrive	SetAlwaysMoveOfficeFilesToDrive	1155932305	629629831	527806321
ash.mojom.files_internals.PageHandler.SetAlwaysMoveOfficeFilesToOneDrive	SetAlwaysMoveOfficeFilesToOneDrive	229445259	135949923	1109170374
ash.mojom.files_internals.PageHandler.SetSmbfsEnableVerboseLogging	SetSmbfsEnableVerboseLogging	2062889090	1137271012	1260698065
ash.mojom.sample_swa.ChildUntrustedPage.DoSomethingForParent	DoSomethingForParent	893078187	2109135816	500451602
ash.mojom.sample_swa.Page.CreateParentPage	CreateParentPage	1310428388	2123302726	1408499727
ash.mojom.sample_swa.Page.OnEventOccurred	OnEventOccurred	1276216355	972440358	214405140
ash.mojom.sample_swa.PageHandler.DoSomething	DoSomething	1728673654	940353074	252371155
ash.mojom.sample_swa.PageHandler.GetPreferences	GetPreferences	2125106211	105268762	2074422509
ash.mojom.sample_swa.PageHandler.Send	Send	309015779	25945076	1260698065
ash.mojom.sample_swa.PageHandlerFactory.CreatePageHandler	CreatePageHandler	1491630672	410039625	1049712340
ash.mojom.sample_swa.ParentTrustedPage.DoSomethingForChild	DoSomethingForChild	1653576123	1930420864	1037447932
ash.mojom.sample_swa.UntrustedPageInterfacesFactory.CreateParentPage	CreateParentPage	1310428388	1250849076	1539965012
ash.mojom.scanner_feedback_ui.PageHandler.CloseDialog	CloseDialog	1718537155	136584968	1260698065
ash.mojom.scanner_feedback_ui.PageHandler.GetFeedbackInfo	GetFeedbackInfo	194222210	1167099002	2074422509
ash.mojom.scanner_feedback_ui.PageHandler.SendFeedback	SendFeedback	575100946	1972862552	252371155
ash.mojom.status_area_internals.PageHandler.ResetHmrConsentStatus	ResetHmrConsentStatus	895013493	439183718	576514537
ash.mojom.status_area_internals.PageHandler.SetBatteryIcon	SetBatteryIcon	1167197161	216331015	703401204
ash.mojom.status_area_internals.PageHandler.SetBatteryPercent	SetBatteryPercent	1421617437	469579037	527806321
ash.mojom.status_area_internals.PageHandler.SetIsInUserChildSession	SetIsInUserChildSession	257722209	1205922898	1558420783
ash.mojom.status_area_internals.PageHandler.ToggleAnnotationTray	ToggleAnnotationTray	589048810	1531090539	477874547
ash.mojom.status_area_internals.PageHandler.ToggleDictationTray	ToggleDictationTray	2091768400	1146696045	160316634
ash.mojom.status_area_internals.PageHandler.ToggleImeTray	ToggleImeTray	507540812	421127893	2074422509
ash.mojom.status_area_internals.PageHandler.ToggleLogoutTray	ToggleLogoutTray	1046160479	182227068	252371155
ash.mojom.status_area_internals.PageHandler.TogglePaletteTray	TogglePaletteTray	285173426	407494883	1260698065
ash.mojom.status_area_internals.PageHandler.ToggleVideoConferenceTray	ToggleVideoConferenceTray	1321641872	445502637	1215762890
ash.mojom.status_area_internals.PageHandler.ToggleVirtualKeyboardTray	ToggleVirtualKeyboardTray	1456460885	751009354	978676253
ash.mojom.status_area_internals.PageHandler.TriggerPrivacyIndicators	TriggerPrivacyIndicators	1475125035	1453232560	1030440014
ash.multidevice_setup.mojom.AccountStatusChangeDelegate.OnBecameEligibleForWifiSync	OnBecameEligibleForWifiSync	2129610559	131555093	2099331081
ash.multidevice_setup.mojom.AccountStatusChangeDelegate.OnConnectedHostSwitchedForExistingUser	OnConnectedHostSwitchedForExistingUser	1598664921	1396277134	1296695954
ash.multidevice_setup.mojom.AccountStatusChangeDelegate.OnNewChromebookAddedForExistingUser	OnNewChromebookAddedForExistingUser	1238393336	1613868299	1242334139
ash.multidevice_setup.mojom.AccountStatusChangeDelegate.OnNoLongerNewUser	OnNoLongerNewUser	2083662639	870530281	1074365167
ash.multidevice_setup.mojom.AccountStatusChangeDelegate.OnPotentialHostExistsForNewUser	OnPotentialHostExistsForNewUser	1664059986	912131166	1570613900
ash.multidevice_setup.mojom.FeatureStateObserver.OnFeatureStatesChanged	OnFeatureStatesChanged	1888893126	1446886112	1662877438
ash.multidevice_setup.mojom.HostStatusObserver.OnHostStatusChanged	OnHostStatusChanged	3781982	2127647207	1741831649
ash.multidevice_setup.mojom.MultiDeviceSetup.AddFeatureStateObserver	AddFeatureStateObserver	45855537	916020551	1859931995
ash.multidevice_setup.mojom.MultiDeviceSetup.AddHostStatusObserver	AddHostStatusObserver	954909632	1924838859	658739091
ash.multidevice_setup.mojom.MultiDeviceSetup.GetEligibleActiveHostDevices	GetEligibleActiveHostDevices	1217657329	996714778	501422840
ash.multidevice_setup.mojom.MultiDeviceSetup.GetEligibleHostDevices	GetEligibleHostDevices	64630323	1740994774	43153420
ash.multidevice_setup.mojom.MultiDeviceSetup.GetFeatureStates	GetFeatureStates	1302646017	494403070	376010152
ash.multidevice_setup.mojom.MultiDeviceSetup.GetHostStatus	GetHostStatus	1270563303	1113737742	486419650
ash.multidevice_setup.mojom.MultiDeviceSetup.GetQuickStartPhoneInstanceID	GetQuickStartPhoneInstanceID	2112992586	1079602242	1770299801
ash.multidevice_setup.mojom.MultiDeviceSetup.RemoveHostDevice	RemoveHostDevice	1049406537	200800435	712130263
ash.multidevice_setup.mojom.MultiDeviceSetup.RetrySetHostNow	RetrySetHostNow	1375963523	1657970039	732061559
ash.multidevice_setup.mojom.MultiDeviceSetup.SetAccountStatusChangeDelegate	SetAccountStatusChangeDelegate	406205863	876682874	277616335
ash.multidevice_setup.mojom.MultiDeviceSetup.SetFeatureEnabledState	SetFeatureEnabledState	1410975865	795866209	1905680846
ash.multidevice_setup.mojom.MultiDeviceSetup.SetHostDevice	SetHostDevice	1861695879	1665495101	208745153
ash.multidevice_setup.mojom.MultiDeviceSetup.SetQuickStartPhoneInstanceID	SetQuickStartPhoneInstanceID	602246078	425951833	981396994
ash.multidevice_setup.mojom.MultiDeviceSetup.TriggerEventForDebugging	TriggerEventForDebugging	1265199378	1261201687	678953153
ash.multidevice_setup.mojom.PrivilegedHostDeviceSetter.SetHostDevice	SetHostDevice	1861695879	2049216106	228694838
ash.nearby.presence.mojom.NearbyPresence.GetLocalSharedCredentials	GetLocalSharedCredentials	754576431	603379850	311461963
ash.nearby.presence.mojom.NearbyPresence.SetScanObserver	SetScanObserver	277644134	370692090	424923240
ash.nearby.presence.mojom.NearbyPresence.StartScan	StartScan	780077320	289232157	678618831
ash.nearby.presence.mojom.NearbyPresence.UpdateLocalDeviceMetadata	UpdateLocalDeviceMetadata	2128752234	1050223377	274130227
ash.nearby.presence.mojom.NearbyPresence.UpdateLocalDeviceMetadataAndGenerateCredentials	UpdateLocalDeviceMetadataAndGenerateCredentials	583951330	538292404	12449239
ash.nearby.presence.mojom.NearbyPresence.UpdateRemoteSharedCredentials	UpdateRemoteSharedCredentials	1971552735	1806393856	1156423110
ash.nearby.presence.mojom.NearbyPresenceCredentialStorage.GetPrivateCredentials	GetPrivateCredentials	1647257218	753162637	1332433814
ash.nearby.presence.mojom.NearbyPresenceCredentialStorage.GetPublicCredentials	GetPublicCredentials	1750393174	462189222	1561088402
ash.nearby.presence.mojom.NearbyPresenceCredentialStorage.SaveCredentials	SaveCredentials	1464201604	918963085	1878734280
ash.nearby.presence.mojom.NearbyPresenceCredentialStorage.UpdateLocalCredential	UpdateLocalCredential	1561931640	1142701527	1456941740
ash.nearby.presence.mojom.ScanObserver.OnDeviceChanged	OnDeviceChanged	833780760	374129746	274203759
ash.nearby.presence.mojom.ScanObserver.OnDeviceFound	OnDeviceFound	1005171776	449141214	702184442
ash.nearby.presence.mojom.ScanObserver.OnDeviceLost	OnDeviceLost	1672556126	2123515890	1672087321
ash.office_fallback.mojom.PageHandler.Close	Close	1454175847	524379143	2074422509
ash.office_fallback.mojom.PageHandlerFactory.CreatePageHandler	CreatePageHandler	1491630672	737793772	1049712340
ash.orca.mojom.EditorClient.AppendText	AppendText	1425437008	2084197939	11
ash.orca.mojom.EditorClient.ApproveConsent	ApproveConsent	79480858	1661192078	5
ash.orca.mojom.EditorClient.CloseUI	CloseUI	2083298329	1852863665	10
ash.orca.mojom.EditorClient.DeclineConsent	DeclineConsent	471359725	1522411191	6
ash.orca.mojom.EditorClient.DismissConsent	DismissConsent	930573623	1863242897	7
ash.orca.mojom.EditorClient.EmitMetricEvent	EmitMetricEvent	801967664	767655560	15
ash.orca.mojom.EditorClient.GetPresetTextQueries	GetPresetTextQueries	576734501	780779036	0
ash.orca.mojom.EditorClient.InsertText	InsertText	2013715239	335943798	4
ash.orca.mojom.EditorClient.OnTrigger	OnTrigger	1361174878	776343329	14
ash.orca.mojom.EditorClient.OpenUrlInNewWindow	OpenUrlInNewWindow	1306743953	812498832	8
ash.orca.mojom.EditorClient.PreviewFeedback	PreviewFeedback	167326498	1044882221	12
ash.orca.mojom.EditorClient.RequestFreeformRewrite	RequestFreeformRewrite	753399672	1585988593	2
ash.orca.mojom.EditorClient.RequestFreeformWrite	RequestFreeformWrite	1713406589	159306528	3
ash.orca.mojom.EditorClient.RequestPresetRewrite	RequestPresetRewrite	1829317179	504708724	1
ash.orca.mojom.EditorClient.ShowUI	ShowUI	1522616332	1405409900	9
ash.orca.mojom.EditorClient.SubmitFeedback	SubmitFeedback	1889292244	2068671692	13
ash.orca.mojom.EditorClientConnector.BindEditorClient	BindEditorClient	938859134	2094843245	0
ash.orca.mojom.EditorEventSink.OnContextUpdated	OnContextUpdated	367936432	697701381	0
ash.orca.mojom.OrcaService.BindEditor	BindEditor	1543113707	454648236	0
ash.orca.mojom.SystemActuator.ApproveConsent	ApproveConsent	79480858	1428384614	1
ash.orca.mojom.SystemActuator.CloseUI	CloseUI	2083298329	1132716649	5
ash.orca.mojom.SystemActuator.DeclineConsent	DeclineConsent	471359725	1223531311	2
ash.orca.mojom.SystemActuator.EmitMetricEvent	EmitMetricEvent	801967664	1342629872	8
ash.orca.mojom.SystemActuator.InsertText	InsertText	2013715239	1933933278	0
ash.orca.mojom.SystemActuator.OnTrigger	OnTrigger	1361174878	1102955561	7
ash.orca.mojom.SystemActuator.OpenUrlInNewWindow	OpenUrlInNewWindow	1306743953	1012785912	3
ash.orca.mojom.SystemActuator.ShowUI	ShowUI	1522616332	640328884	4
ash.orca.mojom.SystemActuator.SubmitFeedback	SubmitFeedback	1889292244	1855775739	6
ash.orca.mojom.TextQueryProvider.Process	Process	1443129668	58529106	0
ash.os_feedback_ui.mojom.FeedbackServiceProvider.GetFeedbackContext	GetFeedbackContext	613997947	438433790	1121744498
ash.os_feedback_ui.mojom.FeedbackServiceProvider.GetScreenshotPng	GetScreenshotPng	726275276	1914206002	412619050
ash.os_feedback_ui.mojom.FeedbackServiceProvider.OpenAutofillDialog	OpenAutofillDialog	1300470703	649853695	2114772256
ash.os_feedback_ui.mojom.FeedbackServiceProvider.OpenDiagnosticsApp	OpenDiagnosticsApp	963746216	1357350633	1753728661
ash.os_feedback_ui.mojom.FeedbackServiceProvider.OpenExploreApp	OpenExploreApp	915591703	1666764000	1010791977
ash.os_feedback_ui.mojom.FeedbackServiceProvider.OpenMetricsDialog	OpenMetricsDialog	256484108	1820245429	368442952
ash.os_feedback_ui.mojom.FeedbackServiceProvider.OpenSystemInfoDialog	OpenSystemInfoDialog	1965743334	1518349567	409800845
ash.os_feedback_ui.mojom.FeedbackServiceProvider.RecordExitPath	RecordExitPath	455205239	179822691	914264226
ash.os_feedback_ui.mojom.FeedbackServiceProvider.RecordHelpContentOutcome	RecordHelpContentOutcome	470204862	23752427	1800431426
ash.os_feedback_ui.mojom.FeedbackServiceProvider.RecordHelpContentSearchResultCount	RecordHelpContentSearchResultCount	514379114	1432119411	211430454
ash.os_feedback_ui.mojom.FeedbackServiceProvider.RecordPostSubmitAction	RecordPostSubmitAction	1960743150	15778699	1702613748
ash.os_feedback_ui.mojom.FeedbackServiceProvider.RecordPreSubmitAction	RecordPreSubmitAction	324941039	947836525	1705973050
ash.os_feedback_ui.mojom.FeedbackServiceProvider.SendReport	SendReport	1379007757	1680704994	546145657
ash.os_feedback_ui.mojom.HelpContentProvider.GetHelpContents	GetHelpContents	1870267596	1008921869	1351806391
ash.personalization_app.mojom.AmbientObserver.OnAlbumsChanged	OnAlbumsChanged	1509826734	639647931	1063170477
ash.personalization_app.mojom.AmbientObserver.OnAmbientModeEnabledChanged	OnAmbientModeEnabledChanged	541571894	1340975171	769773647
ash.personalization_app.mojom.AmbientObserver.OnAmbientThemeChanged	OnAmbientThemeChanged	359473839	2088395378	220208490
ash.personalization_app.mojom.AmbientObserver.OnAmbientThemePreviewImagesChanged	OnAmbientThemePreviewImagesChanged	981632055	52254079	950652136
ash.personalization_app.mojom.AmbientObserver.OnAmbientUiVisibilityChanged	OnAmbientUiVisibilityChanged	1823134872	475693394	1697314199
ash.personalization_app.mojom.AmbientObserver.OnGeolocationPermissionForSystemServicesChanged	OnGeolocationPermissionForSystemServicesChanged	490149803	678500490	286576602
ash.personalization_app.mojom.AmbientObserver.OnPreviewsFetched	OnPreviewsFetched	693754064	1850734061	971775435
ash.personalization_app.mojom.AmbientObserver.OnScreenSaverDurationChanged	OnScreenSaverDurationChanged	1134053815	940947603	140094962
ash.personalization_app.mojom.AmbientObserver.OnTemperatureUnitChanged	OnTemperatureUnitChanged	2144480894	699130534	1327362869
ash.personalization_app.mojom.AmbientObserver.OnTopicSourceChanged	OnTopicSourceChanged	2002212620	1973452966	68198758
ash.personalization_app.mojom.AmbientProvider.EnableGeolocationForSystemServices	EnableGeolocationForSystemServices	3336596	346352624	181981753
ash.personalization_app.mojom.AmbientProvider.FetchSettingsAndAlbums	FetchSettingsAndAlbums	988993951	787645145	196938756
ash.personalization_app.mojom.AmbientProvider.HandleTimeOfDayBannerDismissed	HandleTimeOfDayBannerDismissed	1623369584	1948357924	1146247837
ash.personalization_app.mojom.AmbientProvider.IsAmbientModeEnabled	IsAmbientModeEnabled	2138470069	786477571	764604842
ash.personalization_app.mojom.AmbientProvider.IsGeolocationEnabledForSystemServices	IsGeolocationEnabledForSystemServices	985763238	568397428	1984712693
ash.personalization_app.mojom.AmbientProvider.IsGeolocationUserModifiable	IsGeolocationUserModifiable	1855520142	64425252	1752435513
ash.personalization_app.mojom.AmbientProvider.SetAlbumSelected	SetAlbumSelected	2015802215	1115262923	1200755287
ash.personalization_app.mojom.AmbientProvider.SetAmbientModeEnabled	SetAmbientModeEnabled	1915835223	1322422511	1390999602
ash.personalization_app.mojom.AmbientProvider.SetAmbientObserver	SetAmbientObserver	1907814703	36883951	1607217268
ash.personalization_app.mojom.AmbientProvider.SetAmbientTheme	SetAmbientTheme	1725669820	1044370764	599510947
ash.personalization_app.mojom.AmbientProvider.SetPageViewed	SetPageViewed	1336798882	1502307248	1410592570
ash.personalization_app.mojom.AmbientProvider.SetScreenSaverDuration	SetScreenSaverDuration	1113705386	258878816	1984984896
ash.personalization_app.mojom.AmbientProvider.SetTemperatureUnit	SetTemperatureUnit	1165546733	1179120474	122051043
ash.personalization_app.mojom.AmbientProvider.SetTopicSource	SetTopicSource	850059899	818014506	1415656163
ash.personalization_app.mojom.AmbientProvider.ShouldShowTimeOfDayBanner	ShouldShowTimeOfDayBanner	1392724045	815838209	46651823
ash.personalization_app.mojom.AmbientProvider.StartScreenSaverPreview	StartScreenSaverPreview	1527640666	927686680	2013434886
ash.personalization_app.mojom.KeyboardBacklightObserver.OnBacklightStateChanged	OnBacklightStateChanged	1410633712	700490657	1523951934
ash.personalization_app.mojom.KeyboardBacklightObserver.OnWallpaperColorChanged	OnWallpaperColorChanged	1682979723	517497306	1296598634
ash.personalization_app.mojom.KeyboardBacklightProvider.HandleNudgeShown	HandleNudgeShown	971063715	1052370623	331991150
ash.personalization_app.mojom.KeyboardBacklightProvider.SetBacklightColor	SetBacklightColor	1286315603	558537818	1238909764
ash.personalization_app.mojom.KeyboardBacklightProvider.SetBacklightZoneColor	SetBacklightZoneColor	525701733	1735903868	246518208
ash.personalization_app.mojom.KeyboardBacklightProvider.SetKeyboardBacklightObserver	SetKeyboardBacklightObserver	1201260265	846289993	1764871818
ash.personalization_app.mojom.KeyboardBacklightProvider.ShouldShowNudge	ShouldShowNudge	789002088	267928340	523978828
ash.personalization_app.mojom.SeaPenObserver.OnSelectedSeaPenImageChanged	OnSelectedSeaPenImageChanged	1295073522	1350872517	1264539222
ash.personalization_app.mojom.SeaPenObserver.OnTextQueryHistoryChanged	OnTextQueryHistoryChanged	516057437	865320900	1421552148
ash.personalization_app.mojom.SeaPenProvider.DeleteRecentSeaPenImage	DeleteRecentSeaPenImage	258145210	733821331	1544571612
ash.personalization_app.mojom.SeaPenProvider.GetRecentSeaPenImageIds	GetRecentSeaPenImageIds	268546863	1910432775	219776755
ash.personalization_app.mojom.SeaPenProvider.GetRecentSeaPenImageThumbnail	GetRecentSeaPenImageThumbnail	1165796953	1951236931	852376209
ash.personalization_app.mojom.SeaPenProvider.GetSeaPenThumbnails	GetSeaPenThumbnails	1724433402	959697547	368946842
ash.personalization_app.mojom.SeaPenProvider.HandleSeaPenFreeformIntroductionDialogClosed	HandleSeaPenFreeformIntroductionDialogClosed	269631549	1006600263	1175405164
ash.personalization_app.mojom.SeaPenProvider.HandleSeaPenIntroductionDialogClosed	HandleSeaPenIntroductionDialogClosed	506657869	759702911	1679823821
ash.personalization_app.mojom.SeaPenProvider.IsInTabletMode	IsInTabletMode	946683297	127351023	1550900342
ash.personalization_app.mojom.SeaPenProvider.MakeTransparent	MakeTransparent	1775168115	415449911	428009620
ash.personalization_app.mojom.SeaPenProvider.OpenFeedbackDialog	OpenFeedbackDialog	759755416	757776353	918733900
ash.personalization_app.mojom.SeaPenProvider.SelectRecentSeaPenImage	SelectRecentSeaPenImage	1172148297	850966708	162741824
ash.personalization_app.mojom.SeaPenProvider.SelectSeaPenThumbnail	SelectSeaPenThumbnail	1253516417	1059221812	343578741
ash.personalization_app.mojom.SeaPenProvider.SetSeaPenObserver	SetSeaPenObserver	1393725091	203301259	1756902715
ash.personalization_app.mojom.SeaPenProvider.ShouldShowSeaPenFreeformIntroductionDialog	ShouldShowSeaPenFreeformIntroductionDialog	1641257813	404261387	111596764
ash.personalization_app.mojom.SeaPenProvider.ShouldShowSeaPenIntroductionDialog	ShouldShowSeaPenIntroductionDialog	1484809941	567104563	252139079
ash.personalization_app.mojom.SearchHandler.AddObserver	AddObserver	2130361764	1437429571	1443456958
ash.personalization_app.mojom.SearchHandler.Search	Search	1531476693	1467516546	1413983856
ash.personalization_app.mojom.SearchResultsObserver.OnSearchResultsChanged	OnSearchResultsChanged	2055532260	1117197015	1090196132
ash.personalization_app.mojom.ThemeObserver.OnColorModeAutoScheduleChanged	OnColorModeAutoScheduleChanged	1712116392	31263842	403835451
ash.personalization_app.mojom.ThemeObserver.OnColorModeChanged	OnColorModeChanged	2022946378	1921785256	795223465
ash.personalization_app.mojom.ThemeObserver.OnColorSchemeChanged	OnColorSchemeChanged	817281882	1038737850	327153763
ash.personalization_app.mojom.ThemeObserver.OnDaylightTimeChanged	OnDaylightTimeChanged	483924337	16073611	341319233
ash.personalization_app.mojom.ThemeObserver.OnGeolocationPermissionForSystemServicesChanged	OnGeolocationPermissionForSystemServicesChanged	490149803	183180313	1291358428
ash.personalization_app.mojom.ThemeObserver.OnSampleColorSchemesChanged	OnSampleColorSchemesChanged	1180125433	1114788343	7697435
ash.personalization_app.mojom.ThemeObserver.OnStaticColorChanged	OnStaticColorChanged	941439295	1546820190	1374313457
ash.personalization_app.mojom.ThemeProvider.EnableGeolocationForSystemServices	EnableGeolocationForSystemServices	3336596	70749587	1995122000
ash.personalization_app.mojom.ThemeProvider.GenerateSampleColorSchemes	GenerateSampleColorSchemes	168406089	1118933966	1572502022
ash.personalization_app.mojom.ThemeProvider.GetColorScheme	GetColorScheme	1462642121	207062926	594125029
ash.personalization_app.mojom.ThemeProvider.GetStaticColor	GetStaticColor	1624344490	1038059724	1816060520
ash.personalization_app.mojom.ThemeProvider.IsColorModeAutoScheduleEnabled	IsColorModeAutoScheduleEnabled	2132907220	864011975	1915262678
ash.personalization_app.mojom.ThemeProvider.IsDarkModeEnabled	IsDarkModeEnabled	984665871	2031359454	282160118
ash.personalization_app.mojom.ThemeProvider.IsGeolocationEnabledForSystemServices	IsGeolocationEnabledForSystemServices	985763238	1052878749	96263791
ash.personalization_app.mojom.ThemeProvider.IsGeolocationUserModifiable	IsGeolocationUserModifiable	1855520142	215747277	483430617
ash.personalization_app.mojom.ThemeProvider.SetColorModeAutoScheduleEnabled	SetColorModeAutoScheduleEnabled	426968162	927939569	628342974
ash.personalization_app.mojom.ThemeProvider.SetColorModePref	SetColorModePref	1401741794	1009454113	1284143458
ash.personalization_app.mojom.ThemeProvider.SetColorScheme	SetColorScheme	763716997	1154044954	341300403
ash.personalization_app.mojom.ThemeProvider.SetStaticColor	SetStaticColor	1203382878	923380327	476738207
ash.personalization_app.mojom.ThemeProvider.SetThemeObserver	SetThemeObserver	1712308092	315750724	1074212924
ash.personalization_app.mojom.UserImageObserver.OnCameraPresenceCheckDone	OnCameraPresenceCheckDone	2063091632	1367334541	2107742222
ash.personalization_app.mojom.UserImageObserver.OnIsEnterpriseManagedChanged	OnIsEnterpriseManagedChanged	578429462	1017307	1108636502
ash.personalization_app.mojom.UserImageObserver.OnUserImageChanged	OnUserImageChanged	366402322	913401776	436878706
ash.personalization_app.mojom.UserImageObserver.OnUserProfileImageUpdated	OnUserProfileImageUpdated	913635438	1560013716	755289280
ash.personalization_app.mojom.UserProvider.GetDefaultUserImages	GetDefaultUserImages	752288129	586688689	1733643925
ash.personalization_app.mojom.UserProvider.GetUserInfo	GetUserInfo	1812098482	360383755	2079281492
ash.personalization_app.mojom.UserProvider.SelectCameraImage	SelectCameraImage	1043408015	1256507770	2072914219
ash.personalization_app.mojom.UserProvider.SelectDefaultImage	SelectDefaultImage	1377800711	232619780	903184700
ash.personalization_app.mojom.UserProvider.SelectImageFromDisk	SelectImageFromDisk	65031403	923541434	769693397
ash.personalization_app.mojom.UserProvider.SelectLastExternalUserImage	SelectLastExternalUserImage	1596817892	780016315	532285823
ash.personalization_app.mojom.UserProvider.SelectProfileImage	SelectProfileImage	436329391	1506175470	135098312
ash.personalization_app.mojom.UserProvider.SetUserImageObserver	SetUserImageObserver	1082328739	1871485846	1133381653
ash.personalization_app.mojom.WallpaperObserver.OnAttributionChanged	OnAttributionChanged	2040197251	397710622	1704062683
ash.personalization_app.mojom.WallpaperObserver.OnWallpaperChanged	OnWallpaperChanged	292580272	2144842388	1806701771
ash.personalization_app.mojom.WallpaperObserver.OnWallpaperPreviewEnded	OnWallpaperPreviewEnded	1966742116	662658383	1463880635
ash.personalization_app.mojom.WallpaperProvider.CancelPreviewWallpaper	CancelPreviewWallpaper	38834737	524301213	1508319917
ash.personalization_app.mojom.WallpaperProvider.ConfirmPreviewWallpaper	ConfirmPreviewWallpaper	1826536545	977299411	45124761
ash.personalization_app.mojom.WallpaperProvider.FetchCollections	FetchCollections	1828647646	155418767	58067986
ash.personalization_app.mojom.WallpaperProvider.FetchGooglePhotosAlbums	FetchGooglePhotosAlbums	1390112441	1107571155	1578857992
ash.personalization_app.mojom.WallpaperProvider.FetchGooglePhotosEnabled	FetchGooglePhotosEnabled	1413402840	473215169	1599398065
ash.personalization_app.mojom.WallpaperProvider.FetchGooglePhotosPhotos	FetchGooglePhotosPhotos	1049149278	1912359295	728605924
ash.personalization_app.mojom.WallpaperProvider.FetchGooglePhotosSharedAlbums	FetchGooglePhotosSharedAlbums	781569434	553238868	22617455
ash.personalization_app.mojom.WallpaperProvider.FetchImagesForCollection	FetchImagesForCollection	2125965862	2012878575	773818855
ash.personalization_app.mojom.WallpaperProvider.GetDailyRefreshCollectionId	GetDailyRefreshCollectionId	546186288	1919031023	129321872
ash.personalization_app.mojom.WallpaperProvider.GetDefaultImageThumbnail	GetDefaultImageThumbnail	1935623767	2084649568	1157697431
ash.personalization_app.mojom.WallpaperProvider.GetGooglePhotosDailyRefreshAlbumId	GetGooglePhotosDailyRefreshAlbumId	552571237	1650709594	1862340460
ash.personalization_app.mojom.WallpaperProvider.GetLocalImageThumbnail	GetLocalImageThumbnail	1797391497	1326547797	503651041
ash.personalization_app.mojom.WallpaperProvider.GetLocalImages	GetLocalImages	1240816410	242111123	864697701
ash.personalization_app.mojom.WallpaperProvider.IsInTabletMode	IsInTabletMode	946683297	365280105	1681219698
ash.personalization_app.mojom.WallpaperProvider.MakeOpaque	MakeOpaque	807165394	637279576	827951881
ash.personalization_app.mojom.WallpaperProvider.MakeTransparent	MakeTransparent	1775168115	977499845	1236951314
ash.personalization_app.mojom.WallpaperProvider.SelectDefaultImage	SelectDefaultImage	1377800711	1588404947	1426185154
ash.personalization_app.mojom.WallpaperProvider.SelectGooglePhotosAlbum	SelectGooglePhotosAlbum	778196340	2103231779	1208047893
ash.personalization_app.mojom.WallpaperProvider.SelectGooglePhotosPhoto	SelectGooglePhotosPhoto	1119386913	243662087	1724435055
ash.personalization_app.mojom.WallpaperProvider.SelectLocalImage	SelectLocalImage	519304625	1993398017	1375817832
ash.personalization_app.mojom.WallpaperProvider.SelectWallpaper	SelectWallpaper	2035814205	296107381	1845620833
ash.personalization_app.mojom.WallpaperProvider.SetCurrentWallpaperLayout	SetCurrentWallpaperLayout	847885966	390083387	901974134
ash.personalization_app.mojom.WallpaperProvider.SetDailyRefreshCollectionId	SetDailyRefreshCollectionId	1069974956	1274690471	1347340529
ash.personalization_app.mojom.WallpaperProvider.SetWallpaperObserver	SetWallpaperObserver	1648077081	2036214009	939756829
ash.personalization_app.mojom.WallpaperProvider.ShouldShowTimeOfDayWallpaperDialog	ShouldShowTimeOfDayWallpaperDialog	441089767	1626386363	593598638
ash.personalization_app.mojom.WallpaperProvider.UpdateDailyRefreshWallpaper	UpdateDailyRefreshWallpaper	729159232	813528656	1657424696
ash.projector.mojom.UntrustedProjectorPage.OnNewScreencastPreconditionChanged	OnNewScreencastPreconditionChanged	888758337	984807573	816541811
ash.projector.mojom.UntrustedProjectorPage.OnScreencastsStateChange	OnScreencastsStateChange	1377285353	1647339847	668501573
ash.projector.mojom.UntrustedProjectorPage.OnSodaInstallError	OnSodaInstallError	290775892	1815094726	1194896560
ash.projector.mojom.UntrustedProjectorPage.OnSodaInstallProgressUpdated	OnSodaInstallProgressUpdated	1608325360	908225156	784079365
ash.projector.mojom.UntrustedProjectorPage.OnSodaInstalled	OnSodaInstalled	88821161	1897615087	935212607
ash.projector.mojom.UntrustedProjectorPageHandler.GetAccounts	GetAccounts	852541499	690079508	2065977461
ash.projector.mojom.UntrustedProjectorPageHandler.GetNewScreencastPrecondition	GetNewScreencastPrecondition	450228324	1811893026	1393319530
ash.projector.mojom.UntrustedProjectorPageHandler.GetPendingScreencasts	GetPendingScreencasts	1742373688	186690508	585745533
ash.projector.mojom.UntrustedProjectorPageHandler.GetUserPref	GetUserPref	1928239049	454439328	960300879
ash.projector.mojom.UntrustedProjectorPageHandler.GetVideo	GetVideo	1274505752	1558574644	1257208218
ash.projector.mojom.UntrustedProjectorPageHandler.InstallSoda	InstallSoda	1664023053	1333506551	85157617
ash.projector.mojom.UntrustedProjectorPageHandler.OpenFeedbackDialog	OpenFeedbackDialog	759755416	971119346	1477654912
ash.projector.mojom.UntrustedProjectorPageHandler.SendXhr	SendXhr	813418323	666349101	902080269
ash.projector.mojom.UntrustedProjectorPageHandler.SetUserPref	SetUserPref	2091378333	1605326884	1783328908
ash.projector.mojom.UntrustedProjectorPageHandler.ShouldDownloadSoda	ShouldDownloadSoda	866130095	595546527	1255147211
ash.projector.mojom.UntrustedProjectorPageHandler.StartProjectorSession	StartProjectorSession	1706549007	820754052	1556626494
ash.projector.mojom.UntrustedProjectorPageHandlerFactory.Create	Create	838289373	416685182	2134126308
ash.quick_pair.mojom.FastPairDataParser.GetHexModelIdFromServiceData	GetHexModelIdFromServiceData	667033091	942292638	792699168
ash.quick_pair.mojom.FastPairDataParser.ParseDecryptedPasskey	ParseDecryptedPasskey	1115404578	272227948	99457482
ash.quick_pair.mojom.FastPairDataParser.ParseDecryptedResponse	ParseDecryptedResponse	861563307	951100160	967838144
ash.quick_pair.mojom.FastPairDataParser.ParseMessageStreamMessages	ParseMessageStreamMessages	1937679803	2114998738	2034692786
ash.quick_pair.mojom.FastPairDataParser.ParseNotDiscoverableAdvertisement	ParseNotDiscoverableAdvertisement	442950695	55027338	1895158597
ash.quick_pair.mojom.QuickPairService.Connect	Connect	161123025	1338163934	1337867592
ash.quick_start.mojom.QuickStartDecoder.DecodeQuickStartMessage	DecodeQuickStartMessage	443747033	2146445706	994793117
ash.recorder_app.mojom.ModelStateMonitor.Update	Update	379933338	240478788	1978894682
ash.recorder_app.mojom.PageHandler.AddModelMonitor	AddModelMonitor	2120740829	1335487577	160316634
ash.recorder_app.mojom.PageHandler.AddQuietModeMonitor	AddQuietModeMonitor	1473781587	2009438262	1398728236
ash.recorder_app.mojom.PageHandler.AddSodaMonitor	AddSodaMonitor	720073529	333441981	1558420783
ash.recorder_app.mojom.PageHandler.CanCaptureSystemAudioWithLoopback	CanCaptureSystemAudioWithLoopback	623376643	161296539	1872147519
ash.recorder_app.mojom.PageHandler.CanUseSpeakerLabel	CanUseSpeakerLabel	1568427409	754300099	176590812
ash.recorder_app.mojom.PageHandler.FormatModelInput	FormatModelInput	398829737	112793428	252371155
ash.recorder_app.mojom.PageHandler.GetAvailableLangPacks	GetAvailableLangPacks	643215274	2113916543	1215762890
ash.recorder_app.mojom.PageHandler.GetDefaultLanguage	GetDefaultLanguage	1752615528	1528265399	477874547
ash.recorder_app.mojom.PageHandler.GetMicrophoneInfo	GetMicrophoneInfo	186375191	1450557956	527806321
ash.recorder_app.mojom.PageHandler.GetModelInfo	GetModelInfo	1909262938	591399706	2074422509
ash.recorder_app.mojom.PageHandler.InstallSoda	InstallSoda	1664023053	1627923998	1030440014
ash.recorder_app.mojom.PageHandler.LoadModel	LoadModel	2024580700	1269720663	1260698065
ash.recorder_app.mojom.PageHandler.LoadSpeechRecognizer	LoadSpeechRecognizer	1725040901	1740404196	576514537
ash.recorder_app.mojom.PageHandler.OpenAiFeedbackDialog	OpenAiFeedbackDialog	1602535902	1506245713	703401204
ash.recorder_app.mojom.PageHandler.RecordSpeakerLabelConsent	RecordSpeakerLabelConsent	1229127533	1147946602	1530853526
ash.recorder_app.mojom.PageHandler.RecordStructuredMetrics	RecordStructuredMetrics	940863350	443971118	503066160
ash.recorder_app.mojom.PageHandler.SetQuietMode	SetQuietMode	83790960	1276470732	1109170374
ash.recorder_app.mojom.PageHandler.ValidateSafetyResult	ValidateSafetyResult	1945383926	1084247801	978676253
ash.recorder_app.mojom.QuietModeMonitor.Update	Update	379933338	275185534	50277371
ash.rollback_network_config.mojom.RollbackNetworkConfig.RollbackConfigExport	RollbackConfigExport	507425605	1222456591	1432465168
ash.rollback_network_config.mojom.RollbackNetworkConfig.RollbackConfigImport	RollbackConfigImport	1616321776	423659996	870359683
ash.sanitize_ui.mojom.SettingsResetter.PerformSanitizeSettings	PerformSanitizeSettings	1423348022	322274290	1496811094
ash.scanning.mojom.MultiPageScanController.CompleteMultiPageScan	CompleteMultiPageScan	490811317	1846945122	625212535
ash.scanning.mojom.MultiPageScanController.RemovePage	RemovePage	1811542024	953688606	257505730
ash.scanning.mojom.MultiPageScanController.RescanPage	RescanPage	1735406168	1610524231	198855772
ash.scanning.mojom.MultiPageScanController.ScanNextPage	ScanNextPage	1193155280	895799866	1915411385
ash.scanning.mojom.ScanJobObserver.OnCancelComplete	OnCancelComplete	247267093	1338418593	845434521
ash.scanning.mojom.ScanJobObserver.OnMultiPageScanFail	OnMultiPageScanFail	142156811	2112418043	1342432380
ash.scanning.mojom.ScanJobObserver.OnPageComplete	OnPageComplete	1790678538	1195936332	786625051
ash.scanning.mojom.ScanJobObserver.OnPageProgress	OnPageProgress	78706894	428552244	157746000
ash.scanning.mojom.ScanJobObserver.OnScanComplete	OnScanComplete	2038191220	1473601316	964974224
ash.scanning.mojom.ScanService.CancelScan	CancelScan	1256992252	1248566032	401986930
ash.scanning.mojom.ScanService.GetScannerCapabilities	GetScannerCapabilities	1187175593	493296572	1592402271
ash.scanning.mojom.ScanService.GetScanners	GetScanners	1502400970	1907011251	809520287
ash.scanning.mojom.ScanService.StartMultiPageScan	StartMultiPageScan	1337169996	662501571	2058054148
ash.scanning.mojom.ScanService.StartScan	StartScan	780077320	6675276	2046153160
ash.screens_common.mojom.AiIntroPage.SetAutoTransition	SetAutoTransition	1592205599	736475292	1811219563
ash.screens_common.mojom.AiIntroPageHandler.OnNextClicked	OnNextClicked	199425936	1263737787	1918185598
ash.screens_common.mojom.AppDownloadingPageHandler.OnContinueClicked	OnContinueClicked	1543642580	1820582480	1893028300
ash.screens_common.mojom.DrivePinningPage.SetRequiredSpaceInfo	SetRequiredSpaceInfo	1583292802	796737822	1989508566
ash.screens_common.mojom.DrivePinningPageHandler.OnNextClicked	OnNextClicked	199425936	1076083452	62761516
ash.screens_common.mojom.DrivePinningPageHandler.OnReturnClicked	OnReturnClicked	95978927	572767357	1904329297
ash.screens_common.mojom.FjordImageSelectionPageHandler.OnImageSelected	OnImageSelected	1916461130	2082722988	1157620024
ash.screens_common.mojom.FjordStationSetupPageHandler.OnSetupComplete	OnSetupComplete	241948668	692428037	1231913367
ash.screens_common.mojom.FjordTouchControllerPageHandler.OnSetupComplete	OnSetupComplete	241948668	1384371337	958034473
ash.screens_common.mojom.GaiaInfoPage.SetQuickStartVisible	SetQuickStartVisible	722050886	587067541	294019723
ash.screens_common.mojom.GaiaInfoPageHandler.OnBackClicked	OnBackClicked	304091014	325214283	1202424028
ash.screens_common.mojom.GaiaInfoPageHandler.OnNextClicked	OnNextClicked	199425936	1888851660	519161305
ash.screens_common.mojom.GeminiIntroPageHandler.OnBackClicked	OnBackClicked	304091014	1762138104	105398329
ash.screens_common.mojom.GeminiIntroPageHandler.OnNextClicked	OnNextClicked	199425936	1285219590	364768342
ash.screens_common.mojom.GestureNavigationPageHandler.OnExitClicked	OnExitClicked	403503409	1356537367	914683370
ash.screens_common.mojom.GestureNavigationPageHandler.OnPageChange	OnPageChange	1556608507	343163794	1840584297
ash.screens_common.mojom.GestureNavigationPageHandler.OnSkipClicked	OnSkipClicked	1297258286	1048126958	1026577202
ash.screens_factory.mojom.ScreensFactory.EstablishAiIntroScreenPipe	EstablishAiIntroScreenPipe	638358586	222397756	481031414
ash.screens_factory.mojom.ScreensFactory.EstablishAppDownloadingScreenPipe	EstablishAppDownloadingScreenPipe	627277189	740471479	1633470287
ash.screens_factory.mojom.ScreensFactory.EstablishConsumerUpdateScreenPipe	EstablishConsumerUpdateScreenPipe	997441333	1743996647	2083072505
ash.screens_factory.mojom.ScreensFactory.EstablishDrivePinningScreenPipe	EstablishDrivePinningScreenPipe	447776481	1808834907	1524806902
ash.screens_factory.mojom.ScreensFactory.EstablishEncryptionMigrationScreenPipe	EstablishEncryptionMigrationScreenPipe	1411708119	160204787	184336133
ash.screens_factory.mojom.ScreensFactory.EstablishFjordImageSelectionScreenPipe	EstablishFjordImageSelectionScreenPipe	1589481036	234941025	1376039355
ash.screens_factory.mojom.ScreensFactory.EstablishFjordStationSetupScreenPipe	EstablishFjordStationSetupScreenPipe	175927156	1387087709	179986785
ash.screens_factory.mojom.ScreensFactory.EstablishFjordTouchControllerScreenPipe	EstablishFjordTouchControllerScreenPipe	695919800	816332837	1176384844
ash.screens_factory.mojom.ScreensFactory.EstablishGaiaInfoScreenPipe	EstablishGaiaInfoScreenPipe	610486416	80238662	2056427961
ash.screens_factory.mojom.ScreensFactory.EstablishGeminiIntroScreenPipe	EstablishGeminiIntroScreenPipe	294908283	757126313	880340535
ash.screens_factory.mojom.ScreensFactory.EstablishGestureNavigationScreenPipe	EstablishGestureNavigationScreenPipe	1408285677	606923741	602370993
ash.screens_factory.mojom.ScreensFactory.EstablishLocalDataLossWarningScreenPipe	EstablishLocalDataLossWarningScreenPipe	999613218	486603652	105805182
ash.screens_factory.mojom.ScreensFactory.EstablishPackagedLicenseScreenPipe	EstablishPackagedLicenseScreenPipe	1764743163	897120451	1071098891
ash.screens_login.mojom.EncryptionMigrationPage.SetBatteryState	SetBatteryState	1965688801	1275487364	79698665
ash.screens_login.mojom.EncryptionMigrationPage.SetIsResuming	SetIsResuming	1274089039	1974392945	1438939474
ash.screens_login.mojom.EncryptionMigrationPage.SetMigrationProgress	SetMigrationProgress	2022583964	793974929	1402117135
ash.screens_login.mojom.EncryptionMigrationPage.SetNecessaryBatteryPercent	SetNecessaryBatteryPercent	764008090	244589567	2104605885
ash.screens_login.mojom.EncryptionMigrationPage.SetSpaceInfoInString	SetSpaceInfoInString	1491571157	406977641	297047770
ash.screens_login.mojom.EncryptionMigrationPage.SetUIState	SetUIState	1361838196	546795361	1314982983
ash.screens_login.mojom.EncryptionMigrationPageHandler.OnOpenFeedbackDialog	OnOpenFeedbackDialog	1373937023	469424307	743393003
ash.screens_login.mojom.EncryptionMigrationPageHandler.OnRequestRestartOnFailure	OnRequestRestartOnFailure	620342453	1048141239	1544668559
ash.screens_login.mojom.EncryptionMigrationPageHandler.OnRequestRestartOnLowStorage	OnRequestRestartOnLowStorage	415177268	31783330	2024836843
ash.screens_login.mojom.EncryptionMigrationPageHandler.OnSkipMigration	OnSkipMigration	91053421	1602941811	2086253895
ash.screens_login.mojom.EncryptionMigrationPageHandler.OnStartMigration	OnStartMigration	90914470	65672152	1823792290
ash.screens_oobe.mojom.ConsumerUpdatePage.SetAutoTransition	SetAutoTransition	1592205599	2035271679	565764934
ash.screens_oobe.mojom.ConsumerUpdatePage.SetLowBatteryWarningVisible	SetLowBatteryWarningVisible	894150136	1634455126	1918958257
ash.screens_oobe.mojom.ConsumerUpdatePage.SetScreenStep	SetScreenStep	2064857017	1493841432	443661124
ash.screens_oobe.mojom.ConsumerUpdatePage.SetUpdateStatusMessage	SetUpdateStatusMessage	465615823	454790846	1212692974
ash.screens_oobe.mojom.ConsumerUpdatePage.ShowSkipButton	ShowSkipButton	118989887	935331317	1672226404
ash.screens_oobe.mojom.ConsumerUpdatePageHandler.OnAcceptCellularClicked	OnAcceptCellularClicked	299344423	711105791	1470459934
ash.screens_oobe.mojom.ConsumerUpdatePageHandler.OnBackClicked	OnBackClicked	304091014	1513341160	1076591857
ash.screens_oobe.mojom.ConsumerUpdatePageHandler.OnDeclineCellularClicked	OnDeclineCellularClicked	250661153	1221513071	6303741
ash.screens_oobe.mojom.ConsumerUpdatePageHandler.OnSkipClicked	OnSkipClicked	1297258286	1245148232	234441107
ash.screens_oobe.mojom.PackagedLicensePageHandler.OnDontEnrollClicked	OnDontEnrollClicked	129392666	188682186	942982897
ash.screens_oobe.mojom.PackagedLicensePageHandler.OnEnrollClicked	OnEnrollClicked	1387333945	1334237039	647907816
ash.screens_osauth.mojom.LocalDataLossWarningPageHandler.OnBack	OnBack	356793651	359832313	1883312412
ash.screens_osauth.mojom.LocalDataLossWarningPageHandler.OnCancel	OnCancel	1575596440	720541020	17553500
ash.screens_osauth.mojom.LocalDataLossWarningPageHandler.OnPowerwash	OnPowerwash	427134044	1176252806	791377555
ash.screens_osauth.mojom.LocalDataLossWarningPageHandler.OnRecreateUser	OnRecreateUser	1093902996	1188430016	155990013
ash.secure_channel.mojom.Channel.GetConnectionMetadata	GetConnectionMetadata	1617402928	3654628	193857844
ash.secure_channel.mojom.Channel.RegisterPayloadFile	RegisterPayloadFile	1833943642	295863604	959202844
ash.secure_channel.mojom.Channel.SendMessage	SendMessage	725928752	2117538116	37679234
ash.secure_channel.mojom.ConnectionDelegate.OnConnection	OnConnection	747555146	1455903705	1359333303
ash.secure_channel.mojom.ConnectionDelegate.OnConnectionAttemptFailure	OnConnectionAttemptFailure	783774697	1030272271	985900158
ash.secure_channel.mojom.FilePayloadListener.OnFileTransferUpdate	OnFileTransferUpdate	1548837626	195660276	309074770
ash.secure_channel.mojom.MessageReceiver.OnMessageReceived	OnMessageReceived	840554498	1664492103	283849903
ash.secure_channel.mojom.NearbyConnectionStateListener.OnNearbyConnectionStateChanged	OnNearbyConnectionStateChanged	2078464238	436914195	2093263070
ash.secure_channel.mojom.NearbyConnector.Connect	Connect	161123025	803962756	1767419646
ash.secure_channel.mojom.NearbyFilePayloadHandler.RegisterPayloadFile	RegisterPayloadFile	1833943642	395762708	208756584
ash.secure_channel.mojom.NearbyMessageReceiver.OnMessageReceived	OnMessageReceived	840554498	1230683926	2107492183
ash.secure_channel.mojom.NearbyMessageSender.SendMessage	SendMessage	725928752	567520984	1769540258
ash.secure_channel.mojom.SecureChannel.GetLastSeenTimestamp	GetLastSeenTimestamp	1177755662	775567953	1297590000
ash.secure_channel.mojom.SecureChannel.InitiateConnectionToDevice	InitiateConnectionToDevice	1457579445	1748985491	1474408149
ash.secure_channel.mojom.SecureChannel.ListenForConnectionFromDevice	ListenForConnectionFromDevice	1398687683	2055756041	726888466
ash.secure_channel.mojom.SecureChannel.SetNearbyConnector	SetNearbyConnector	399952087	224552856	1199413691
ash.secure_channel.mojom.SecureChannelStructuredMetricsLogger.LogDiscoveryAttempt	LogDiscoveryAttempt	873160708	219470541	1711401274
ash.secure_channel.mojom.SecureChannelStructuredMetricsLogger.LogNearbyConnectionState	LogNearbyConnectionState	1635180479	568027710	391637309
ash.secure_channel.mojom.SecureChannelStructuredMetricsLogger.LogSecureChannelState	LogSecureChannelState	331205030	2103201857	991380838
ash.settings.app_notification.mojom.AppNotificationsHandler.AddObserver	AddObserver	2130361764	644026727	1669936041
ash.settings.app_notification.mojom.AppNotificationsHandler.GetApps	GetApps	2041961211	1277693620	1560719997
ash.settings.app_notification.mojom.AppNotificationsHandler.GetQuietMode	GetQuietMode	976717324	1140060156	70222790
ash.settings.app_notification.mojom.AppNotificationsHandler.OpenBrowserNotificationSettings	OpenBrowserNotificationSettings	1315201373	1864417837	1542375435
ash.settings.app_notification.mojom.AppNotificationsHandler.SetNotificationPermission	SetNotificationPermission	912835859	521294539	1457833263
ash.settings.app_notification.mojom.AppNotificationsHandler.SetQuietMode	SetQuietMode	83790960	1009914104	492853787
ash.settings.app_notification.mojom.AppNotificationsObserver.OnNotificationAppChanged	OnNotificationAppChanged	2059306900	221738364	27693136
ash.settings.app_notification.mojom.AppNotificationsObserver.OnQuietModeChanged	OnQuietModeChanged	1124823241	1993052193	1042216029
ash.settings.app_parental_controls.mojom.AppParentalControlsHandler.AddObserver	AddObserver	2130361764	343029567	1770232446
ash.settings.app_parental_controls.mojom.AppParentalControlsHandler.GetApps	GetApps	2041961211	1460397361	1334608293
ash.settings.app_parental_controls.mojom.AppParentalControlsHandler.IsSetupCompleted	IsSetupCompleted	1386032847	780247705	1645931756
ash.settings.app_parental_controls.mojom.AppParentalControlsHandler.OnControlsDisabled	OnControlsDisabled	1455152420	1558893824	1548555867
ash.settings.app_parental_controls.mojom.AppParentalControlsHandler.SetUpPin	SetUpPin	412393685	37517532	1611588439
ash.settings.app_parental_controls.mojom.AppParentalControlsHandler.UpdateApp	UpdateApp	1928335495	2108935974	411241858
ash.settings.app_parental_controls.mojom.AppParentalControlsHandler.ValidatePin	ValidatePin	1605501936	523183404	2124867638
ash.settings.app_parental_controls.mojom.AppParentalControlsHandler.VerifyPin	VerifyPin	1713227235	995572748	718157567
ash.settings.app_parental_controls.mojom.AppParentalControlsObserver.OnAppInstalledOrUpdated	OnAppInstalledOrUpdated	1191932393	391634592	1193120073
ash.settings.app_parental_controls.mojom.AppParentalControlsObserver.OnAppUninstalled	OnAppUninstalled	100488052	298882707	1820806969
ash.settings.app_permission.mojom.AppPermissionsHandler.AddObserver	AddObserver	2130361764	1827574127	1777263397
ash.settings.app_permission.mojom.AppPermissionsHandler.GetApps	GetApps	2041961211	563783888	2035870797
ash.settings.app_permission.mojom.AppPermissionsHandler.GetSystemAppsThatUseCamera	GetSystemAppsThatUseCamera	211316853	842463228	234369841
ash.settings.app_permission.mojom.AppPermissionsHandler.GetSystemAppsThatUseMicrophone	GetSystemAppsThatUseMicrophone	1605328472	809425817	1045231600
ash.settings.app_permission.mojom.AppPermissionsHandler.OpenBrowserPermissionSettings	OpenBrowserPermissionSettings	8631873	961205016	1036742323
ash.settings.app_permission.mojom.AppPermissionsHandler.OpenNativeSettings	OpenNativeSettings	395699999	441360202	2091052648
ash.settings.app_permission.mojom.AppPermissionsHandler.SetPermission	SetPermission	2097898550	445475846	2056570528
ash.settings.app_permission.mojom.AppPermissionsObserver.OnAppRemoved	OnAppRemoved	2031494685	722713166	71786675
ash.settings.app_permission.mojom.AppPermissionsObserver.OnAppUpdated	OnAppUpdated	340628812	1958302756	1770789522
ash.settings.date_time.mojom.Page.OnParentAccessValidationComplete	OnParentAccessValidationComplete	1309794412	117288921	1408499727
ash.settings.date_time.mojom.Page.OnSystemClockCanSetTimeChanged	OnSystemClockCanSetTimeChanged	1953951356	140733101	214405140
ash.settings.date_time.mojom.PageHandler.GetTimezones	GetTimezones	1291791813	1001380169	1260698065
ash.settings.date_time.mojom.PageHandler.ShowParentAccessForTimezone	ShowParentAccessForTimezone	1240725740	1349437295	2074422509
ash.settings.date_time.mojom.PageHandler.ShowSetDateTimeUI	ShowSetDateTimeUI	1921921591	890401218	252371155
ash.settings.date_time.mojom.PageHandlerFactory.CreatePageHandler	CreatePageHandler	1491630672	1376253162	1049712340
ash.settings.google_drive.mojom.Page.OnProgress	OnProgress	851729159	1714189838	1408499727
ash.settings.google_drive.mojom.Page.OnServiceUnavailable	OnServiceUnavailable	2055451839	1716073776	214405140
ash.settings.google_drive.mojom.PageHandler.CalculateRequiredSpace	CalculateRequiredSpace	343046546	1730530561	2074422509
ash.settings.google_drive.mojom.PageHandler.ClearPinnedFiles	ClearPinnedFiles	1718266359	517963918	252371155
ash.settings.google_drive.mojom.PageHandler.GetContentCacheSize	GetContentCacheSize	17977111	1069922486	1260698065
ash.settings.google_drive.mojom.PageHandler.RecordBulkPinningEnabledMetric	RecordBulkPinningEnabledMetric	109075492	588422119	978676253
ash.settings.google_drive.mojom.PageHandlerFactory.CreatePageHandler	CreatePageHandler	1491630672	496000460	1049712340
ash.settings.graduation.mojom.GraduationHandler.AddObserver	AddObserver	2130361764	2060293263	1564599843
ash.settings.graduation.mojom.GraduationHandler.LaunchGraduationApp	LaunchGraduationApp	569643605	1880061333	1975043337
ash.settings.graduation.mojom.GraduationObserver.OnGraduationAppUpdated	OnGraduationAppUpdated	237950376	1601406742	681556051
ash.settings.magic_boost_handler.mojom.PageHandler.ShowNotice	ShowNotice	675051142	510384913	2074422509
ash.settings.magic_boost_handler.mojom.PageHandlerFactory.CreatePageHandler	CreatePageHandler	1491630672	1891948320	1049712340
ash.settings.mojom.AmbientLightSensorObserver.OnAmbientLightSensorEnabledChanged	OnAmbientLightSensorEnabledChanged	1677716801	1270464533	1550506311
ash.settings.mojom.ButtonPressObserver.OnButtonPressed	OnButtonPressed	1201145128	642864798	96504344
ash.settings.mojom.DisplayBrightnessSettingsObserver.OnDisplayBrightnessChanged	OnDisplayBrightnessChanged	306899607	600524972	246998458
ash.settings.mojom.DisplayConfigurationObserver.OnDisplayConfigurationChanged	OnDisplayConfigurationChanged	597432450	734510372	787691064
ash.settings.mojom.DisplaySettingsProvider.HasAmbientLightSensor	HasAmbientLightSensor	602404209	1840904753	1136960562
ash.settings.mojom.DisplaySettingsProvider.ObserveAmbientLightSensor	ObserveAmbientLightSensor	480813541	1887360794	1527916958
ash.settings.mojom.DisplaySettingsProvider.ObserveDisplayBrightnessSettings	ObserveDisplayBrightnessSettings	203563905	1135591735	231370266
ash.settings.mojom.DisplaySettingsProvider.ObserveDisplayConfiguration	ObserveDisplayConfiguration	1985958079	460741986	753643440
ash.settings.mojom.DisplaySettingsProvider.ObserveTabletMode	ObserveTabletMode	1152011270	523080136	418458040
ash.settings.mojom.DisplaySettingsProvider.RecordChangingDisplaySettings	RecordChangingDisplaySettings	536841640	1645950825	2067524003
ash.settings.mojom.DisplaySettingsProvider.SetInternalDisplayAmbientLightSensorEnabled	SetInternalDisplayAmbientLightSensorEnabled	1692913867	1824552127	1170979896
ash.settings.mojom.DisplaySettingsProvider.SetInternalDisplayScreenBrightness	SetInternalDisplayScreenBrightness	1901174451	779278462	1487517230
ash.settings.mojom.DisplaySettingsProvider.SetShinyPerformance	SetShinyPerformance	1740783738	869933172	1094389665
ash.settings.mojom.DisplaySettingsProvider.StartNativeTouchscreenMappingExperience	StartNativeTouchscreenMappingExperience	1042970343	898982059	67570123
ash.settings.mojom.GraphicsTabletSettingsObserver.OnGraphicsTabletListUpdated	OnGraphicsTabletListUpdated	534790274	144288389	913394596
ash.settings.mojom.InputDeviceSettingsProvider.GetActionsForGraphicsTabletButtonCustomization	GetActionsForGraphicsTabletButtonCustomization	225872321	1507469471	312502910
ash.settings.mojom.InputDeviceSettingsProvider.GetActionsForMouseButtonCustomization	GetActionsForMouseButtonCustomization	1868881261	1318077761	2045477755
ash.settings.mojom.InputDeviceSettingsProvider.GetDeviceIconImage	GetDeviceIconImage	1239206521	2122507504	85621385
ash.settings.mojom.InputDeviceSettingsProvider.GetMetaKeyToDisplay	GetMetaKeyToDisplay	453861796	2069537883	1985542501
ash.settings.mojom.InputDeviceSettingsProvider.HasAmbientLightSensor	HasAmbientLightSensor	602404209	1948636601	1647271411
ash.settings.mojom.InputDeviceSettingsProvider.HasKeyboardBacklight	HasKeyboardBacklight	1060344971	2126852933	283498349
ash.settings.mojom.InputDeviceSettingsProvider.IsRgbKeyboardSupported	IsRgbKeyboardSupported	545583705	1188443015	2057774261
ash.settings.mojom.InputDeviceSettingsProvider.LaunchCompanionApp	LaunchCompanionApp	1551085867	1075508678	974149236
ash.settings.mojom.InputDeviceSettingsProvider.ObserveButtonPresses	ObserveButtonPresses	1521697784	378366576	63491427
ash.settings.mojom.InputDeviceSettingsProvider.ObserveGraphicsTabletSettings	ObserveGraphicsTabletSettings	1791752867	1887950878	646308458
ash.settings.mojom.InputDeviceSettingsProvider.ObserveKeyboardAmbientLightSensor	ObserveKeyboardAmbientLightSensor	1833049006	1269846648	125363491
ash.settings.mojom.InputDeviceSettingsProvider.ObserveKeyboardBrightness	ObserveKeyboardBrightness	1471734269	142076474	2041536716
ash.settings.mojom.InputDeviceSettingsProvider.ObserveKeyboardSettings	ObserveKeyboardSettings	650716335	29034934	2018867444
ash.settings.mojom.InputDeviceSettingsProvider.ObserveLidState	ObserveLidState	1957883869	1502087654	767139227
ash.settings.mojom.InputDeviceSettingsProvider.ObserveMouseSettings	ObserveMouseSettings	1448251231	1285121588	1226618949
ash.settings.mojom.InputDeviceSettingsProvider.ObservePointingStickSettings	ObservePointingStickSettings	1317669496	144113392	434070238
ash.settings.mojom.InputDeviceSettingsProvider.ObserveTouchpadSettings	ObserveTouchpadSettings	890919860	78044148	449789430
ash.settings.mojom.InputDeviceSettingsProvider.RecordKeyboardBrightnessChangeFromSlider	RecordKeyboardBrightnessChangeFromSlider	1843844647	280778470	290116621
ash.settings.mojom.InputDeviceSettingsProvider.RecordKeyboardColorLinkClicked	RecordKeyboardColorLinkClicked	1745554489	533099091	1480327434
ash.settings.mojom.InputDeviceSettingsProvider.RestoreDefaultKeyboardRemappings	RestoreDefaultKeyboardRemappings	138868469	2125976220	471389995
ash.settings.mojom.InputDeviceSettingsProvider.SetGraphicsTabletSettings	SetGraphicsTabletSettings	1922195095	2144833749	350365513
ash.settings.mojom.InputDeviceSettingsProvider.SetKeyboardAmbientLightSensorEnabled	SetKeyboardAmbientLightSensorEnabled	1421621513	208277987	1217107875
ash.settings.mojom.InputDeviceSettingsProvider.SetKeyboardBrightness	SetKeyboardBrightness	2031347609	1416150566	1772094648
ash.settings.mojom.InputDeviceSettingsProvider.SetKeyboardSettings	SetKeyboardSettings	1273082019	78559737	1938076803
ash.settings.mojom.InputDeviceSettingsProvider.SetMouseSettings	SetMouseSettings	2038567251	560999085	1714124878
ash.settings.mojom.InputDeviceSettingsProvider.SetPointingStickSettings	SetPointingStickSettings	1185983740	678319093	733228467
ash.settings.mojom.InputDeviceSettingsProvider.SetTouchpadSettings	SetTouchpadSettings	381030416	1242986451	2012204583
ash.settings.mojom.InputDeviceSettingsProvider.StartObserving	StartObserving	1429829928	481454667	144097230
ash.settings.mojom.InputDeviceSettingsProvider.StopObserving	StopObserving	953387654	951881364	1642454160
ash.settings.mojom.KeyboardAmbientLightSensorObserver.OnKeyboardAmbientLightSensorEnabledChanged	OnKeyboardAmbientLightSensorEnabledChanged	2011970198	798978015	1945701154
ash.settings.mojom.KeyboardBrightnessObserver.OnKeyboardBrightnessChanged	OnKeyboardBrightnessChanged	1653637296	1764348563	1682926969
ash.settings.mojom.KeyboardSettingsObserver.OnKeyboardListUpdated	OnKeyboardListUpdated	1636933842	137665513	2011721677
ash.settings.mojom.KeyboardSettingsObserver.OnKeyboardPoliciesUpdated	OnKeyboardPoliciesUpdated	1009129912	1419488164	1820549341
ash.settings.mojom.LidStateObserver.OnLidStateChanged	OnLidStateChanged	1780289756	449949280	928159111
ash.settings.mojom.MouseSettingsObserver.OnMouseListUpdated	OnMouseListUpdated	1133266496	1245646803	1389629264
ash.settings.mojom.MouseSettingsObserver.OnMousePoliciesUpdated	OnMousePoliciesUpdated	508487462	22692500	1634462202
ash.settings.mojom.PointingStickSettingsObserver.OnPointingStickListUpdated	OnPointingStickListUpdated	1330960337	270070210	1770234149
ash.settings.mojom.SearchHandler.Observe	Observe	226566243	359418172	1443456958
ash.settings.mojom.SearchHandler.Search	Search	1531476693	143160199	1413983856
ash.settings.mojom.SearchResultsObserver.OnSearchResultsChanged	OnSearchResultsChanged	2055532260	248321942	1090196132
ash.settings.mojom.TabletModeObserver.OnTabletModeChanged	OnTabletModeChanged	1075946761	2048938490	70899133
ash.settings.mojom.TouchpadSettingsObserver.OnTouchpadListUpdated	OnTouchpadListUpdated	1282933747	1249651842	1546185353
ash.settings.mojom.UserActionRecorder.RecordClick	RecordClick	1453216162	2086841137	797076243
ash.settings.mojom.UserActionRecorder.RecordNavigation	RecordNavigation	833314612	1054380439	344550421
ash.settings.mojom.UserActionRecorder.RecordPageBlur	RecordPageBlur	1946221344	1050402219	242698108
ash.settings.mojom.UserActionRecorder.RecordPageFocus	RecordPageFocus	476274665	1198233320	959618215
ash.settings.mojom.UserActionRecorder.RecordSearch	RecordSearch	1368575730	382022129	679846436
ash.settings.mojom.UserActionRecorder.RecordSettingChange	RecordSettingChange	1849235090	533883857	372622104
ash.settings.mojom.UserActionRecorder.RecordSettingChangeWithDetails	RecordSettingChangeWithDetails	1097226576	1778228409	829057395
ash.settings.one_drive.mojom.Page.OnAllowUserToRemoveODFSChanged	OnAllowUserToRemoveODFSChanged	679689413	1159644709	1408499727
ash.settings.one_drive.mojom.Page.OnODFSMountOrUnmount	OnODFSMountOrUnmount	229328050	326744296	214405140
ash.settings.one_drive.mojom.PageHandler.ConnectToOneDrive	ConnectToOneDrive	713575934	79723030	1260698065
ash.settings.one_drive.mojom.PageHandler.DisconnectFromOneDrive	DisconnectFromOneDrive	1999761639	1373442951	252371155
ash.settings.one_drive.mojom.PageHandler.GetUserEmailAddress	GetUserEmailAddress	2068533278	965622874	2074422509
ash.settings.one_drive.mojom.PageHandler.OpenOneDriveFolder	OpenOneDriveFolder	236851117	725529717	978676253
ash.settings.one_drive.mojom.PageHandlerFactory.CreatePageHandler	CreatePageHandler	1491630672	614607651	1049712340
ash.shimless_rma.mojom.CalibrationObserver.OnCalibrationStepComplete	OnCalibrationStepComplete	278980489	1601214132	904659669
ash.shimless_rma.mojom.CalibrationObserver.OnCalibrationUpdated	OnCalibrationUpdated	1073555867	1193810470	740069479
ash.shimless_rma.mojom.ErrorObserver.OnError	OnError	1669973012	129553251	1734964043
ash.shimless_rma.mojom.ExternalDiskStateObserver.OnExternalDiskStateChanged	OnExternalDiskStateChanged	83295937	498821764	1486538304
ash.shimless_rma.mojom.FinalizationObserver.OnFinalizationUpdated	OnFinalizationUpdated	1044171843	70856347	860445055
ash.shimless_rma.mojom.HardwareVerificationStatusObserver.OnHardwareVerificationResult	OnHardwareVerificationResult	2059223056	23322511	473557235
ash.shimless_rma.mojom.HardwareWriteProtectionStateObserver.OnHardwareWriteProtectionStateChanged	OnHardwareWriteProtectionStateChanged	595812579	260914772	1719251920
ash.shimless_rma.mojom.OsUpdateObserver.OnOsUpdateProgressUpdated	OnOsUpdateProgressUpdated	1347334107	280063662	423840972
ash.shimless_rma.mojom.PowerCableStateObserver.OnPowerCableStateChanged	OnPowerCableStateChanged	2099493561	887105484	2088973565
ash.shimless_rma.mojom.ProvisioningObserver.OnProvisioningUpdated	OnProvisioningUpdated	2088227654	815902263	358142976
ash.shimless_rma.mojom.ShimlessRmaService.AbortRma	AbortRma	200591547	1480036213	1428742326
ash.shimless_rma.mojom.ShimlessRmaService.BeginFinalization	BeginFinalization	1097253184	864261987	510327466
ash.shimless_rma.mojom.ShimlessRmaService.CalibrationComplete	CalibrationComplete	1774082626	615365761	333736003
ash.shimless_rma.mojom.ShimlessRmaService.CheckForOsUpdates	CheckForOsUpdates	1072840940	985467014	1444558554
ash.shimless_rma.mojom.ShimlessRmaService.CompleteLast3pDiagnosticsInstallation	CompleteLast3pDiagnosticsInstallation	437942391	1020379284	655718863
ash.shimless_rma.mojom.ShimlessRmaService.ConfirmManualWpDisableComplete	ConfirmManualWpDisableComplete	1825027489	513965438	1030085368
ash.shimless_rma.mojom.ShimlessRmaService.ContinueCalibration	ContinueCalibration	282380446	1034825461	227650178
ash.shimless_rma.mojom.ShimlessRmaService.ContinueFinalizationAfterRestock	ContinueFinalizationAfterRestock	1352219627	670101212	412167888
ash.shimless_rma.mojom.ShimlessRmaService.CriticalErrorExitToLogin	CriticalErrorExitToLogin	675903810	1414698756	369377056
ash.shimless_rma.mojom.ShimlessRmaService.CriticalErrorReboot	CriticalErrorReboot	2083037747	756837013	1771275374
ash.shimless_rma.mojom.ShimlessRmaService.EndRma	EndRma	330359668	1953726478	255808812
ash.shimless_rma.mojom.ShimlessRmaService.FinalizationComplete	FinalizationComplete	1123838024	271594411	461919048
ash.shimless_rma.mojom.ShimlessRmaService.Get3pDiagnosticsProvider	Get3pDiagnosticsProvider	978256389	1050741566	812135049
ash.shimless_rma.mojom.ShimlessRmaService.GetCalibrationComponentList	GetCalibrationComponentList	1016118478	657062937	1509290096
ash.shimless_rma.mojom.ShimlessRmaService.GetCalibrationSetupInstructions	GetCalibrationSetupInstructions	1918643055	76145793	1445433288
ash.shimless_rma.mojom.ShimlessRmaService.GetComponentList	GetComponentList	371395828	2063214771	464146844
ash.shimless_rma.mojom.ShimlessRmaService.GetCurrentOsVersion	GetCurrentOsVersion	245579852	563041103	634820816
ash.shimless_rma.mojom.ShimlessRmaService.GetCurrentState	GetCurrentState	986398601	1827739782	841232821
ash.shimless_rma.mojom.ShimlessRmaService.GetCustomLabelList	GetCustomLabelList	788577008	1591957353	1897896185
ash.shimless_rma.mojom.ShimlessRmaService.GetInstallable3pDiagnosticsAppPath	GetInstallable3pDiagnosticsAppPath	332409305	1178886408	29890285
ash.shimless_rma.mojom.ShimlessRmaService.GetLog	GetLog	1090558407	4700612	790083784
ash.shimless_rma.mojom.ShimlessRmaService.GetOriginalCustomLabel	GetOriginalCustomLabel	919562327	26534338	1257743534
ash.shimless_rma.mojom.ShimlessRmaService.GetOriginalDramPartNumber	GetOriginalDramPartNumber	1504554978	1417717852	1994451306
ash.shimless_rma.mojom.ShimlessRmaService.GetOriginalFeatureLevel	GetOriginalFeatureLevel	902572970	1069320901	514636000
ash.shimless_rma.mojom.ShimlessRmaService.GetOriginalRegion	GetOriginalRegion	719482054	1092107051	1318273071
ash.shimless_rma.mojom.ShimlessRmaService.GetOriginalSerialNumber	GetOriginalSerialNumber	439853405	2072161241	723288094
ash.shimless_rma.mojom.ShimlessRmaService.GetOriginalSku	GetOriginalSku	580211305	172368548	1439434413
ash.shimless_rma.mojom.ShimlessRmaService.GetPowerwashRequired	GetPowerwashRequired	1641143428	948411617	1047158041
ash.shimless_rma.mojom.ShimlessRmaService.GetRegionList	GetRegionList	1960106687	1025656070	520456120
ash.shimless_rma.mojom.ShimlessRmaService.GetRsuDisableWriteProtectChallenge	GetRsuDisableWriteProtectChallenge	1791596414	785628064	847049186
ash.shimless_rma.mojom.ShimlessRmaService.GetRsuDisableWriteProtectChallengeQrCode	GetRsuDisableWriteProtectChallengeQrCode	759488880	1876736762	1082339402
ash.shimless_rma.mojom.ShimlessRmaService.GetRsuDisableWriteProtectHwid	GetRsuDisableWriteProtectHwid	107675243	1911351747	1077911746
ash.shimless_rma.mojom.ShimlessRmaService.GetSkuDescriptionList	GetSkuDescriptionList	1334478504	1579255713	836925100
ash.shimless_rma.mojom.ShimlessRmaService.GetSkuList	GetSkuList	738694046	1273921952	2009613151
ash.shimless_rma.mojom.ShimlessRmaService.GetStateProperties	GetStateProperties	518050493	1483450765	1722570643
ash.shimless_rma.mojom.ShimlessRmaService.GetWriteProtectDisableCompleteAction	GetWriteProtectDisableCompleteAction	1562480732	1092675222	2142269624
ash.shimless_rma.mojom.ShimlessRmaService.InstallLastFound3pDiagnosticsApp	InstallLastFound3pDiagnosticsApp	170979262	1496991322	1006268324
ash.shimless_rma.mojom.ShimlessRmaService.LaunchDiagnostics	LaunchDiagnostics	473472348	149860001	541874075
ash.shimless_rma.mojom.ShimlessRmaService.NetworkSelectionComplete	NetworkSelectionComplete	13440496	397672867	132197069
ash.shimless_rma.mojom.ShimlessRmaService.ObserveCalibrationProgress	ObserveCalibrationProgress	1099782484	499757052	1402126788
ash.shimless_rma.mojom.ShimlessRmaService.ObserveError	ObserveError	453516591	1654413447	1763502009
ash.shimless_rma.mojom.ShimlessRmaService.ObserveExternalDiskState	ObserveExternalDiskState	1900562300	1148326175	2096063091
ash.shimless_rma.mojom.ShimlessRmaService.ObserveFinalizationStatus	ObserveFinalizationStatus	420090833	153950855	1515739979
ash.shimless_rma.mojom.ShimlessRmaService.ObserveHardwareVerificationStatus	ObserveHardwareVerificationStatus	176441696	1327424099	840991672
ash.shimless_rma.mojom.ShimlessRmaService.ObserveHardwareWriteProtectionState	ObserveHardwareWriteProtectionState	2123341880	1887861723	663792816
ash.shimless_rma.mojom.ShimlessRmaService.ObserveOsUpdateProgress	ObserveOsUpdateProgress	225548271	1475585006	1032436964
ash.shimless_rma.mojom.ShimlessRmaService.ObservePowerCableState	ObservePowerCableState	1529676248	1339500595	1388040408
ash.shimless_rma.mojom.ShimlessRmaService.ObserveProvisioningProgress	ObserveProvisioningProgress	1406123069	1094493210	460904589
ash.shimless_rma.mojom.ShimlessRmaService.ObserveRoFirmwareUpdateProgress	ObserveRoFirmwareUpdateProgress	579845255	1121181550	1659982757
ash.shimless_rma.mojom.ShimlessRmaService.ProvisioningComplete	ProvisioningComplete	1801748723	1951797372	1921830513
ash.shimless_rma.mojom.ShimlessRmaService.RetryFinalization	RetryFinalization	1014850473	754680322	1731252516
ash.shimless_rma.mojom.ShimlessRmaService.RetryProvisioning	RetryProvisioning	497597782	626773609	924497989
ash.shimless_rma.mojom.ShimlessRmaService.ReworkMainboard	ReworkMainboard	1569096414	274475349	1693833115
ash.shimless_rma.mojom.ShimlessRmaService.RoFirmwareUpdateComplete	RoFirmwareUpdateComplete	2066295933	998407502	451592733
ash.shimless_rma.mojom.ShimlessRmaService.RunCalibrationStep	RunCalibrationStep	1655840426	980700177	1655501418
ash.shimless_rma.mojom.ShimlessRmaService.SaveLog	SaveLog	467048928	2024335905	199425089
ash.shimless_rma.mojom.ShimlessRmaService.SetComponentList	SetComponentList	1588892888	1043188009	497117185
ash.shimless_rma.mojom.ShimlessRmaService.SetDeviceInformation	SetDeviceInformation	2097524301	476883292	1489499947
ash.shimless_rma.mojom.ShimlessRmaService.SetDifferentOwner	SetDifferentOwner	118832399	563268936	558166277
ash.shimless_rma.mojom.ShimlessRmaService.SetManuallyDisableWriteProtect	SetManuallyDisableWriteProtect	992588498	709221677	505162489
ash.shimless_rma.mojom.ShimlessRmaService.SetRsuDisableWriteProtect	SetRsuDisableWriteProtect	1828081087	2037543124	877753479
ash.shimless_rma.mojom.ShimlessRmaService.SetRsuDisableWriteProtectCode	SetRsuDisableWriteProtectCode	1026042564	1899509914	11936445
ash.shimless_rma.mojom.ShimlessRmaService.SetSameOwner	SetSameOwner	1034048906	2030280217	949928232
ash.shimless_rma.mojom.ShimlessRmaService.SetWipeDevice	SetWipeDevice	1996582216	1235100407	818206350
ash.shimless_rma.mojom.ShimlessRmaService.Show3pDiagnosticsApp	Show3pDiagnosticsApp	1326209130	834346193	1934092805
ash.shimless_rma.mojom.ShimlessRmaService.ShutDownAfterHardwareError	ShutDownAfterHardwareError	331682875	1441363688	644643036
ash.shimless_rma.mojom.ShimlessRmaService.ShutdownForRestock	ShutdownForRestock	1770174443	737660428	218956691
ash.shimless_rma.mojom.ShimlessRmaService.StartCalibration	StartCalibration	547464429	1753038114	918385843
ash.shimless_rma.mojom.ShimlessRmaService.TrackConfiguredNetworks	TrackConfiguredNetworks	1715583375	196307968	1936012918
ash.shimless_rma.mojom.ShimlessRmaService.TransitionPreviousState	TransitionPreviousState	809120770	239038013	566558825
ash.shimless_rma.mojom.ShimlessRmaService.UpdateOs	UpdateOs	1197460352	58802925	1973292407
ash.shimless_rma.mojom.ShimlessRmaService.UpdateOsSkipped	UpdateOsSkipped	345567780	556734015	56690344
ash.shimless_rma.mojom.ShimlessRmaService.WriteProtectManuallyDisabled	WriteProtectManuallyDisabled	977569240	1705698999	1061335474
ash.shimless_rma.mojom.ShimlessRmaService.WriteProtectManuallyEnabled	WriteProtectManuallyEnabled	705575483	1258190632	982286109
ash.shimless_rma.mojom.UpdateRoFirmwareObserver.OnUpdateRoFirmwareStatusChanged	OnUpdateRoFirmwareStatusChanged	2021913671	1387801143	2009286914
ash.shortcut_customization.mojom.AcceleratorConfigurationProvider.AddAccelerator	AddAccelerator	1052447659	1995324845	361960570
ash.shortcut_customization.mojom.AcceleratorConfigurationProvider.AddObserver	AddObserver	2130361764	4672012	1632140723
ash.shortcut_customization.mojom.AcceleratorConfigurationProvider.AddPolicyObserver	AddPolicyObserver	1372432178	783057240	490129550
ash.shortcut_customization.mojom.AcceleratorConfigurationProvider.GetAcceleratorLayoutInfos	GetAcceleratorLayoutInfos	356102477	1371688173	215710204
ash.shortcut_customization.mojom.AcceleratorConfigurationProvider.GetAccelerators	GetAccelerators	129101627	393809613	1845803635
ash.shortcut_customization.mojom.AcceleratorConfigurationProvider.GetConflictAccelerator	GetConflictAccelerator	987470214	1752124046	696537948
ash.shortcut_customization.mojom.AcceleratorConfigurationProvider.GetDefaultAcceleratorsForId	GetDefaultAcceleratorsForId	1572636840	1597307549	665396313
ash.shortcut_customization.mojom.AcceleratorConfigurationProvider.GetMetaKeyToDisplay	GetMetaKeyToDisplay	453861796	1761447342	1686249732
ash.shortcut_customization.mojom.AcceleratorConfigurationProvider.HasCustomAccelerators	HasCustomAccelerators	712966430	289593023	1388239160
ash.shortcut_customization.mojom.AcceleratorConfigurationProvider.IsCustomizationAllowedByPolicy	IsCustomizationAllowedByPolicy	22984661	84682622	139369172
ash.shortcut_customization.mojom.AcceleratorConfigurationProvider.IsMutable	IsMutable	1138737053	1984140875	1378210567
ash.shortcut_customization.mojom.AcceleratorConfigurationProvider.PreventProcessingAccelerators	PreventProcessingAccelerators	105318408	1714342197	1080689992
ash.shortcut_customization.mojom.AcceleratorConfigurationProvider.RecordAddOrEditSubactions	RecordAddOrEditSubactions	1585097283	1696984880	1626195831
ash.shortcut_customization.mojom.AcceleratorConfigurationProvider.RecordEditDialogCompletedActions	RecordEditDialogCompletedActions	291514918	2119421734	1526475525
ash.shortcut_customization.mojom.AcceleratorConfigurationProvider.RecordMainCategoryNavigation	RecordMainCategoryNavigation	1154443895	323422562	1534052912
ash.shortcut_customization.mojom.AcceleratorConfigurationProvider.RecordUserAction	RecordUserAction	93906409	666906488	1424961240
ash.shortcut_customization.mojom.AcceleratorConfigurationProvider.RemoveAccelerator	RemoveAccelerator	101046462	1002311638	682095959
ash.shortcut_customization.mojom.AcceleratorConfigurationProvider.ReplaceAccelerator	ReplaceAccelerator	1650539576	1124693188	819035849
ash.shortcut_customization.mojom.AcceleratorConfigurationProvider.RestoreAllDefaults	RestoreAllDefaults	948015868	1837093160	1799586680
ash.shortcut_customization.mojom.AcceleratorConfigurationProvider.RestoreDefault	RestoreDefault	1566605584	1021250716	666932192
ash.shortcut_customization.mojom.AcceleratorsUpdatedObserver.OnAcceleratorsUpdated	OnAcceleratorsUpdated	487767115	1760385530	374670135
ash.shortcut_customization.mojom.PolicyUpdatedObserver.OnCustomizationPolicyUpdated	OnCustomizationPolicyUpdated	597536684	475358540	2092794805
ash.shortcut_customization.mojom.SearchHandler.AddSearchResultsAvailabilityObserver	AddSearchResultsAvailabilityObserver	3605967	1539318383	1443456958
ash.shortcut_customization.mojom.SearchHandler.Search	Search	1531476693	1616165280	1413983856
ash.shortcut_customization.mojom.SearchResultsAvailabilityObserver.OnSearchResultsAvailabilityChanged	OnSearchResultsAvailabilityChanged	132487659	305848869	1597605445
ash.trash_service.mojom.TrashService.ParseTrashInfoFile	ParseTrashInfoFile	390218070	1862935748	4505120
ash.wifi_direct.mojom.WifiDirectConnection.AssociateSocket	AssociateSocket	1127800734	364148693	1656677386
ash.wifi_direct.mojom.WifiDirectConnection.GetProperties	GetProperties	1365929440	2125788357	1175345701
ash.wifi_direct.mojom.WifiDirectManager.ConnectToWifiDirectGroup	ConnectToWifiDirectGroup	294896127	578523399	1108963852
ash.wifi_direct.mojom.WifiDirectManager.CreateWifiDirectGroup	CreateWifiDirectGroup	1290087270	1615134323	75642414
ash.wifi_direct.mojom.WifiDirectManager.GetWifiP2PCapabilities	GetWifiP2PCapabilities	122949800	679899346	21367312
audio.mojom.AudioService.BindDebugRecording	BindDebugRecording	662267502	1780964215	1260897219
audio.mojom.AudioService.BindDeviceNotifier	BindDeviceNotifier	1156607660	701292607	626055523
audio.mojom.AudioService.BindLogFactoryManager	BindLogFactoryManager	3067681	1858470699	1357016217
audio.mojom.AudioService.BindMlModelManager	BindMlModelManager	281304687	2052780763	1360454150
audio.mojom.AudioService.BindStreamFactory	BindStreamFactory	194571106	288286949	1990707376
audio.mojom.AudioService.BindSystemInfo	BindSystemInfo	1754936667	492541423	158156657
audio.mojom.AudioService.BindTestingApi	BindTestingApi	2031523068	954794035	1091322538
audio.mojom.DebugRecording.Enable	Enable	742313624	1706250174	1047432595
audio.mojom.DebugRecordingFileProvider.CreateAecdumpFile	CreateAecdumpFile	293689306	660404604	2045482743
audio.mojom.DebugRecordingFileProvider.CreateWavFile	CreateWavFile	173487899	977271588	1696102782
audio.mojom.DeviceListener.DevicesChanged	DevicesChanged	1946622978	40872545	2089710325
audio.mojom.DeviceNotifier.RegisterListener	RegisterListener	1426558378	1073796949	1067719700
audio.mojom.LogFactoryManager.SetLogFactory	SetLogFactory	1930572531	1330484793	1256394756
audio.mojom.MlModelManager.SetModel	SetModel	1529910398	1984764379	1418930412
audio.mojom.MlModelManager.StopServingModel	StopServingModel	130108162	1468340227	1303913319
audio.mojom.SystemInfo.GetAssociatedOutputDeviceID	GetAssociatedOutputDeviceID	647673451	308773722	2055187148
audio.mojom.SystemInfo.GetInputDeviceDescriptions	GetInputDeviceDescriptions	1859104682	967839668	215774999
audio.mojom.SystemInfo.GetInputDeviceInfo	GetInputDeviceInfo	563522615	926821128	1797994963
audio.mojom.SystemInfo.GetInputStreamParameters	GetInputStreamParameters	1382815725	678409780	2047703229
audio.mojom.SystemInfo.GetOutputDeviceDescriptions	GetOutputDeviceDescriptions	1182344655	1703265829	1113518214
audio.mojom.SystemInfo.GetOutputStreamParameters	GetOutputStreamParameters	1837844204	1180425007	136566613
audio.mojom.SystemInfo.HasInputDevices	HasInputDevices	975219098	2140670398	1964660299
audio.mojom.SystemInfo.HasOutputDevices	HasOutputDevices	1843398997	1378193565	526923371
audio.mojom.TestingApi.Crash	Crash	903525670	925701731	826013730
autofill.mojom.AutofillAgent.AcceptDataListSuggestion	AcceptDataListSuggestion	1466938233	1337532904	12238320
autofill.mojom.AutofillAgent.ApplyFieldAction	ApplyFieldAction	196991139	776817735	2006217237
autofill.mojom.AutofillAgent.ApplyFieldsAction	ApplyFieldsAction	2027159030	1041598686	1749464416
autofill.mojom.AutofillAgent.ClearFormCache	ClearFormCache	468750364	833422784	493538240
autofill.mojom.AutofillAgent.ClearPreviewedForm	ClearPreviewedForm	1263892157	494694851	149393136
autofill.mojom.AutofillAgent.ExposeDomNodeIds	ExposeDomNodeIds	1907856371	1449803841	1910952601
autofill.mojom.AutofillAgent.ExtractFormWithField	ExtractFormWithField	719982166	214163339	1436597855
autofill.mojom.AutofillAgent.ExtractLabeledTextNodeValue	ExtractLabeledTextNodeValue	2100815075	233836807	362009639
autofill.mojom.AutofillAgent.FieldTypePredictionsAvailable	FieldTypePredictionsAvailable	796790124	1048354620	1041959945
autofill.mojom.AutofillAgent.GetNonceForEmailVerification	GetNonceForEmailVerification	152882486	768868427	895890620
autofill.mojom.AutofillAgent.GetPotentialLastFourCombinationsForStandaloneCvc	GetPotentialLastFourCombinationsForStandaloneCvc	1210329865	793528423	1606243123
autofill.mojom.AutofillAgent.ObserveFieldVisibility	ObserveFieldVisibility	1789140205	68055806	344786858
autofill.mojom.AutofillAgent.PreviewPasswordGenerationSuggestion	PreviewPasswordGenerationSuggestion	1536248714	1278864796	707945112
autofill.mojom.AutofillAgent.PreviewPasswordSuggestion	PreviewPasswordSuggestion	1937013136	1797763420	747471922
autofill.mojom.AutofillAgent.ScrollFieldIntoView	ScrollFieldIntoView	1431878879	1011291274	2064364450
autofill.mojom.AutofillAgent.SendEmailVerificationToken	SendEmailVerificationToken	836190651	46325106	1811669579
autofill.mojom.AutofillAgent.SetSuggestionAvailability	SetSuggestionAvailability	1251119818	989093849	1700129577
autofill.mojom.AutofillAgent.TriggerFormExtraction	TriggerFormExtraction	908140890	1497196136	389266780
autofill.mojom.AutofillAgent.TriggerFormExtractionWithResponse	TriggerFormExtractionWithResponse	1082015023	381368895	1574091598
autofill.mojom.AutofillAgent.TriggerSuggestions	TriggerSuggestions	1142168178	521015091	977593075
autofill.mojom.AutofillDriver.AskForValuesToFill	AskForValuesToFill	1834195999	287011340	1115222676
autofill.mojom.AutofillDriver.CaretMovedInFormField	CaretMovedInFormField	999855884	773841517	1014444201
autofill.mojom.AutofillDriver.DidAutofillForm	DidAutofillForm	728359260	1483440448	156742298
autofill.mojom.AutofillDriver.DidDetectJavaScriptAutofill	DidDetectJavaScriptAutofill	442105718	1681838809	417048842
autofill.mojom.AutofillDriver.DidEndTextFieldEditing	DidEndTextFieldEditing	666143690	1263201469	1187975852
autofill.mojom.AutofillDriver.FocusOnFormField	FocusOnFormField	649158762	990227983	773891497
autofill.mojom.AutofillDriver.FocusOnNonFormField	FocusOnNonFormField	1756946045	859860528	1568136726
autofill.mojom.AutofillDriver.FormSubmitted	FormSubmitted	1114494678	1453417038	1967808702
autofill.mojom.AutofillDriver.FormWithEmailVerificationTokenSubmitted	FormWithEmailVerificationTokenSubmitted	340047234	895804959	570356875
autofill.mojom.AutofillDriver.FormsSeen	FormsSeen	1169066299	1396608386	1705311857
autofill.mojom.AutofillDriver.HidePopup	HidePopup	882933253	531678096	543472244
autofill.mojom.AutofillDriver.JavaScriptChangedAutofilledValue	JavaScriptChangedAutofilledValue	2131843848	833754595	791770949
autofill.mojom.AutofillDriver.RequestRefill	RequestRefill	676693980	814848274	690616760
autofill.mojom.AutofillDriver.SelectControlSelectionChanged	SelectControlSelectionChanged	604914334	1330477899	547351224
autofill.mojom.AutofillDriver.SelectFieldOptionsDidChange	SelectFieldOptionsDidChange	902527994	219479263	860668061
autofill.mojom.AutofillDriver.SuppressAutomaticRefills	SuppressAutomaticRefills	1334138080	1334295190	331843680
autofill.mojom.AutofillDriver.TextFieldDidScroll	TextFieldDidScroll	1245779260	1961466981	1870693957
autofill.mojom.AutofillDriver.TextFieldValueChanged	TextFieldValueChanged	340705585	328422339	1185862192
autofill.mojom.AutofillVisibilityObserver.OnFieldBecameVisible	OnFieldBecameVisible	821299523	1517384106	1192907834
autofill.mojom.PasswordAutofillAgent.AnnotateFieldsWithParsingResult	AnnotateFieldsWithParsingResult	310792541	560894232	2126735583
autofill.mojom.PasswordAutofillAgent.ApplyFillDataOnParsingCompletion	ApplyFillDataOnParsingCompletion	526734099	1490225131	469800416
autofill.mojom.PasswordAutofillAgent.CheckViewAreaVisible	CheckViewAreaVisible	978652707	1419718223	1569661737
autofill.mojom.PasswordAutofillAgent.FillChangePasswordForm	FillChangePasswordForm	886587783	1597386165	1251202434
autofill.mojom.PasswordAutofillAgent.FillField	FillField	110321398	730061769	646609200
autofill.mojom.PasswordAutofillAgent.FillIntoFocusedField	FillIntoFocusedField	287376665	1962886084	1099520409
autofill.mojom.PasswordAutofillAgent.FillPasswordSuggestion	FillPasswordSuggestion	2033984321	1621646892	1146185326
autofill.mojom.PasswordAutofillAgent.FillPasswordSuggestionById	FillPasswordSuggestionById	1682333665	1404202118	1358379660
autofill.mojom.PasswordAutofillAgent.InformNoSavedCredentials	InformNoSavedCredentials	377655618	1440218531	1478647895
autofill.mojom.PasswordAutofillAgent.PreviewField	PreviewField	533195793	401886503	472553712
autofill.mojom.PasswordAutofillAgent.PreviewPasswordSuggestionById	PreviewPasswordSuggestionById	1558303320	1831114653	1210667314
autofill.mojom.PasswordAutofillAgent.SetLoggingState	SetLoggingState	1699375633	558373566	110970384
autofill.mojom.PasswordGenerationAgent.FocusNextFieldAfterPasswords	FocusNextFieldAfterPasswords	1864190932	1763117477	1755932773
autofill.mojom.PasswordGenerationAgent.FoundFormEligibleForGeneration	FoundFormEligibleForGeneration	1080818845	1630425464	2125554683
autofill.mojom.PasswordGenerationAgent.GeneratedPasswordAccepted	GeneratedPasswordAccepted	1943535456	11024975	852271784
autofill.mojom.PasswordGenerationAgent.GeneratedPasswordRejected	GeneratedPasswordRejected	2135743133	717663250	388619089
autofill.mojom.PasswordGenerationAgent.TriggeredGeneratePassword	TriggeredGeneratePassword	855029146	1823045066	1134162429
autofill.mojom.PasswordGenerationDriver.AutomaticGenerationAvailable	AutomaticGenerationAvailable	1300136205	814735965	1744168090
autofill.mojom.PasswordGenerationDriver.FrameWasScrolled	FrameWasScrolled	1830716443	66673485	1210610809
autofill.mojom.PasswordGenerationDriver.GenerationElementLostFocus	GenerationElementLostFocus	848797321	2123889159	1456833708
autofill.mojom.PasswordGenerationDriver.PasswordGenerationRejectedByTyping	PasswordGenerationRejectedByTyping	1418554132	102171352	1441031366
autofill.mojom.PasswordGenerationDriver.PasswordNoLongerGenerated	PasswordNoLongerGenerated	1172825899	1014096516	438832276
autofill.mojom.PasswordGenerationDriver.PresaveGeneratedPassword	PresaveGeneratedPassword	353748053	60517006	1024903447
autofill.mojom.PasswordGenerationDriver.ShowPasswordEditingPopup	ShowPasswordEditingPopup	1173844175	764402019	1262314247
autofill.mojom.PasswordManagerDriver.CheckSafeBrowsingReputation	CheckSafeBrowsingReputation	538505250	189169959	238051002
autofill.mojom.PasswordManagerDriver.DynamicFormSubmission	DynamicFormSubmission	2034147402	536820673	989282434
autofill.mojom.PasswordManagerDriver.FocusedInputChanged	FocusedInputChanged	747126808	1867968188	1308476480
autofill.mojom.PasswordManagerDriver.InformAboutUserInput	InformAboutUserInput	1205458596	621006696	2088728086
autofill.mojom.PasswordManagerDriver.LogFirstFillingResult	LogFirstFillingResult	1745518469	774589845	34958058
autofill.mojom.PasswordManagerDriver.PasswordFormCleared	PasswordFormCleared	1009748316	1524832008	420852823
autofill.mojom.PasswordManagerDriver.PasswordFormSubmitted	PasswordFormSubmitted	1129549719	740647481	125895649
autofill.mojom.PasswordManagerDriver.PasswordFormsParsed	PasswordFormsParsed	90217732	1470298263	486670605
autofill.mojom.PasswordManagerDriver.PasswordFormsRendered	PasswordFormsRendered	549347384	2106240667	884732239
autofill.mojom.PasswordManagerDriver.RecordSavePasswordProgress	RecordSavePasswordProgress	1706464655	122433501	1854834305
autofill.mojom.PasswordManagerDriver.UserModifiedNonPasswordField	UserModifiedNonPasswordField	939838435	1768448119	1529093961
autofill.mojom.PasswordManagerDriver.UserModifiedPasswordField	UserModifiedPasswordField	161986202	680116293	32120306
autofill.mojom.TypeTraitsTest.PassFormData	PassFormData	1233407860	51118600	331219422
autofill.mojom.TypeTraitsTest.PassFormDataPredictions	PassFormDataPredictions	2112498730	1172013090	1362846041
autofill.mojom.TypeTraitsTest.PassFormFieldData	PassFormFieldData	1369435120	1867345008	1407850151
autofill.mojom.TypeTraitsTest.PassFormFieldDataPredictions	PassFormFieldDataPredictions	1986735542	347881562	923994509
autofill.mojom.TypeTraitsTest.PassPasswordFormFillData	PassPasswordFormFillData	758213440	2081309604	122766802
autofill.mojom.TypeTraitsTest.PassPasswordFormGenerationData	PassPasswordFormGenerationData	594821237	735429935	625718395
autofill.mojom.TypeTraitsTest.PassPasswordGenerationUIData	PassPasswordGenerationUIData	2127702529	1851074987	1710288132
autofill.mojom.TypeTraitsTest.PassPasswordSuggestionRequest	PassPasswordSuggestionRequest	1200299856	993276252	1638584085
autofill_ml_internals.mojom.Page.OnLogAdded	OnLogAdded	2082464230	946153119	214405140
autofill_ml_internals.mojom.PageHandlerFactory.CreatePageHandler	CreatePageHandler	1491630672	1100958000	1049712340
ax.android.mojom.AccessibilityHelperHost.OnAccessibilityEvent	OnAccessibilityEvent	572947354	661546652	1
ax.android.mojom.AccessibilityHelperHost.OnNotificationStateChanged	OnNotificationStateChanged	708681050	1134863617	2
ax.android.mojom.AccessibilityHelperHost.OnToggleNativeChromeVoxArcSupport	OnToggleNativeChromeVoxArcSupport	1178400925	1695635862	3
ax.android.mojom.AccessibilityHelperInstance.Init	Init	860934531	1180664451	7
ax.android.mojom.AccessibilityHelperInstance.PerformAction	PerformAction	1991276118	316217187	4
ax.android.mojom.AccessibilityHelperInstance.RefreshWithExtraData	RefreshWithExtraData	982241636	1868518459	9
ax.android.mojom.AccessibilityHelperInstance.RequestSendAccessibilityTree	RequestSendAccessibilityTree	1933649294	793050590	11
ax.android.mojom.AccessibilityHelperInstance.SetExploreByTouchEnabled	SetExploreByTouchEnabled	1068237167	1733134439	8
ax.android.mojom.AccessibilityHelperInstance.SetFilter	SetFilter	195835917	402115580	2
ax.android.mojom.AccessibilityHelperInstance.SetNativeChromeVoxArcSupportForFocusedWindow	SetNativeChromeVoxArcSupportForFocusedWindow	901221530	1098160028	12
ax.mojom.AccessibilityService.BindAccessibilityServiceClient	BindAccessibilityServiceClient	1768471476	1488996100	579515430
ax.mojom.AccessibilityServiceClient.BindAutomation	BindAutomation	2130285069	1502177166	117995493
ax.mojom.AccessibilityServiceClient.BindAutomationClient	BindAutomationClient	1766929736	1654389400	1474022027
ax.mojom.Automation.DispatchAccessibilityEvents	DispatchAccessibilityEvents	1408414910	213745510	1614300795
ax.mojom.Automation.DispatchAccessibilityLocationChange	DispatchAccessibilityLocationChange	905400032	861738963	1815337876
ax.mojom.Automation.DispatchAccessibilityScrollChange	DispatchAccessibilityScrollChange	65695358	243294123	2016333128
ax.mojom.Automation.DispatchActionResult	DispatchActionResult	1327328402	132813094	2122588878
ax.mojom.Automation.DispatchTreeDestroyedEvent	DispatchTreeDestroyedEvent	2068655724	567896549	434871843
ax.mojom.AutomationClient.Disable	Disable	1985539211	1275078191	154655837
ax.mojom.AutomationClient.Enable	Enable	742313624	1755084282	944903158
ax.mojom.AutomationClient.EnableChildTree	EnableChildTree	1199815734	189244422	738205832
ax.mojom.AutomationClient.PerformAction	PerformAction	1991276118	942982619	326966636
batch_upload.mojom.Page.SendBatchUploadData	SendBatchUploadData	1027031590	1805386532	214405140
batch_upload.mojom.PageHandler.Close	Close	1454175847	1296754827	252371155
batch_upload.mojom.PageHandler.SaveToAccount	SaveToAccount	1938764286	1613952838	1260698065
batch_upload.mojom.PageHandler.UpdateViewHeight	UpdateViewHeight	1754478448	138856283	2074422509
batch_upload.mojom.PageHandlerFactory.CreateBatchUploadHandler	CreateBatchUploadHandler	806962484	1198567127	1049712340
batch_upload_promo.mojom.Page.OnLocalDataCountChanged	OnLocalDataCountChanged	1740543508	131310808	214405140
batch_upload_promo.mojom.PageHandler.GetBatchUploadPromoLocalDataCount	GetBatchUploadPromoLocalDataCount	187736825	987297765	2074422509
batch_upload_promo.mojom.PageHandler.OnBatchUploadPromoClicked	OnBatchUploadPromoClicked	1820947805	948954777	1260698065
batch_upload_promo.mojom.PageHandlerFactory.CreateBatchUploadPromoHandler	CreateBatchUploadPromoHandler	562542011	551423308	1049712340
blink.mojom.AILanguageModel.Append	Append	1366179213	1292632669	386122528
blink.mojom.AILanguageModel.Destroy	Destroy	392647285	781069837	828800133
blink.mojom.AILanguageModel.Fork	Fork	347579329	1735793528	1217112210
blink.mojom.AILanguageModel.MeasureInputUsage	MeasureInputUsage	1648412102	139398857	980148502
blink.mojom.AILanguageModel.Prompt	Prompt	976310199	492343839	1776139420
blink.mojom.AIManager.CanCreateLanguageModel	CanCreateLanguageModel	828540142	185960336	1777161620
blink.mojom.AIManager.CanCreateProofreader	CanCreateProofreader	1128619756	1220516432	1516602096
blink.mojom.AIManager.CanCreateRewriter	CanCreateRewriter	779643343	602433012	1667455483
blink.mojom.AIManager.CanCreateSemanticEmbedder	CanCreateSemanticEmbedder	1946744253	2043346639	1001776111
blink.mojom.AIManager.CanCreateSummarizer	CanCreateSummarizer	1544913794	973439407	669190564
blink.mojom.AIManager.CanCreateWriter	CanCreateWriter	334936644	1196060184	76355081
blink.mojom.AIManager.CreateLanguageModel	CreateLanguageModel	501773066	587414970	253179285
blink.mojom.AIManager.CreateProofreader	CreateProofreader	1193721536	1818272612	2134340845
blink.mojom.AIManager.CreateRewriter	CreateRewriter	517968971	84437571	1908930936
blink.mojom.AIManager.CreateSemanticEmbedder	CreateSemanticEmbedder	1288865865	85823572	1364378947
blink.mojom.AIManager.CreateSummarizer	CreateSummarizer	1362656910	297857222	1964393657
blink.mojom.AIManager.CreateWriter	CreateWriter	1537117496	246727748	1989713050
blink.mojom.AIManager.GetLanguageModelParams	GetLanguageModelParams	1710762590	151904259	1510641559
blink.mojom.AIManagerCreateLanguageModelClient.OnError	OnError	1669973012	1871994067	296154839
blink.mojom.AIManagerCreateLanguageModelClient.OnResult	OnResult	960094129	1070172503	469597439
blink.mojom.AIManagerCreateProofreaderClient.OnError	OnError	1669973012	126408849	1949103822
blink.mojom.AIManagerCreateProofreaderClient.OnResult	OnResult	960094129	333034482	1844594934
blink.mojom.AIManagerCreateRewriterClient.OnError	OnError	1669973012	1987391298	127064636
blink.mojom.AIManagerCreateRewriterClient.OnResult	OnResult	960094129	24050884	286626819
blink.mojom.AIManagerCreateSemanticEmbedderClient.OnError	OnError	1669973012	831858106	1327387237
blink.mojom.AIManagerCreateSemanticEmbedderClient.OnResult	OnResult	960094129	937812944	27818455
blink.mojom.AIManagerCreateSummarizerClient.OnError	OnError	1669973012	652876861	1028874616
blink.mojom.AIManagerCreateSummarizerClient.OnResult	OnResult	960094129	1008484226	696090864
blink.mojom.AIManagerCreateWriterClient.OnError	OnError	1669973012	1292477555	744998022
blink.mojom.AIManagerCreateWriterClient.OnResult	OnResult	960094129	2018976842	18418243
blink.mojom.AIPageContentAgent.GetAIPageContent	GetAIPageContent	377456607	1614108666	175286714
blink.mojom.AIPageContentAgent.GetImageBytes	GetImageBytes	691693575	1414728048	891594522
blink.mojom.AIProofreader.GetCorrectionsTypes	GetCorrectionsTypes	1765410121	1870230575	307652359
blink.mojom.AIProofreader.Proofread	Proofread	1321935305	93354639	1114754908
blink.mojom.AIRewriter.MeasureUsage	MeasureUsage	1419054976	814917613	343063882
blink.mojom.AIRewriter.Rewrite	Rewrite	882364587	1190415286	1811912013
blink.mojom.AISemanticEmbedder.Embed	Embed	591902472	1463621273	50299021
blink.mojom.AISummarizer.MeasureUsage	MeasureUsage	1419054976	1972215740	507948589
blink.mojom.AISummarizer.Summarize	Summarize	826373260	68146737	1565662182
blink.mojom.AIWriter.MeasureUsage	MeasureUsage	1419054976	1570694750	1901338648
blink.mojom.AIWriter.Write	Write	512683670	198723220	337524754
blink.mojom.AecDumpAgent.Start	Start	1284713943	1077780378	448674279
blink.mojom.AecDumpAgent.Stop	Stop	294650813	326210004	1006358584
blink.mojom.AecDumpManager.Add	Add	1229752030	709737625	1365258048
blink.mojom.AnchorElementInteractionHost.OnEagerViewportHeuristicTriggered	OnEagerViewportHeuristicTriggered	1353520971	1531626981	1975175123
blink.mojom.AnchorElementInteractionHost.OnModerateViewportHeuristicTriggered	OnModerateViewportHeuristicTriggered	343022360	158173323	1171720773
blink.mojom.AnchorElementInteractionHost.OnPointerDown	OnPointerDown	733186285	472920160	1715605681
blink.mojom.AnchorElementInteractionHost.OnPointerHoverEager	OnPointerHoverEager	71466919	276624459	1458602398
blink.mojom.AnchorElementInteractionHost.OnPointerHoverModerate	OnPointerHoverModerate	2081653650	744041956	1132739564
blink.mojom.AnchorElementMetricsHost.ProcessPointerEventUsingMLModel	ProcessPointerEventUsingMLModel	561607639	223756054	1068587681
blink.mojom.AnchorElementMetricsHost.ReportAnchorElementClick	ReportAnchorElementClick	1332181136	1232218651	512176188
blink.mojom.AnchorElementMetricsHost.ReportAnchorElementPointerDataOnHoverTimerFired	ReportAnchorElementPointerDataOnHoverTimerFired	1903464823	342757617	1472763073
blink.mojom.AnchorElementMetricsHost.ReportAnchorElementPointerDown	ReportAnchorElementPointerDown	616839571	1683236291	1365829805
blink.mojom.AnchorElementMetricsHost.ReportAnchorElementPointerOut	ReportAnchorElementPointerOut	592516737	776891385	1800801432
blink.mojom.AnchorElementMetricsHost.ReportAnchorElementPointerOver	ReportAnchorElementPointerOver	950002281	1997746695	1685469316
blink.mojom.AnchorElementMetricsHost.ReportAnchorElementsEnteredViewport	ReportAnchorElementsEnteredViewport	418553470	917636463	199210709
blink.mojom.AnchorElementMetricsHost.ReportAnchorElementsLeftViewport	ReportAnchorElementsLeftViewport	654412706	2091382959	1119349442
blink.mojom.AnchorElementMetricsHost.ReportAnchorElementsPositionUpdate	ReportAnchorElementsPositionUpdate	1713106181	1279835013	612892086
blink.mojom.AnchorElementMetricsHost.ReportNewAnchorElements	ReportNewAnchorElements	1181408231	2035819964	1743070561
blink.mojom.AnchorElementMetricsHost.ShouldSkipUpdateDelays	ShouldSkipUpdateDelays	1262959110	578867897	884554403
blink.mojom.AndroidFontLookup.FetchAllFontFiles	FetchAllFontFiles	619391320	1240219822	208788895
blink.mojom.AndroidFontLookup.GetUniqueNameLookupTable	GetUniqueNameLookupTable	80804195	420657152	523805452
blink.mojom.AndroidFontLookup.MatchLocalFontByUniqueName	MatchLocalFontByUniqueName	1958696737	956450168	326014957
blink.mojom.AnnotationAgent.ScrollIntoView	ScrollIntoView	1144494187	1630561796	877375932
blink.mojom.AnnotationAgentContainer.CreateAgent	CreateAgent	186418692	1146422406	1367955023
blink.mojom.AnnotationAgentContainer.CreateAgentFromSelection	CreateAgentFromSelection	1099681502	198398862	680859490
blink.mojom.AnnotationAgentContainer.RemoveAgentsOfType	RemoveAgentsOfType	200936140	1342181284	910339261
blink.mojom.AnnotationAgentHost.DidFinishAttachment	DidFinishAttachment	1358026490	1688940170	1704098201
blink.mojom.AppBannerController.BannerPromptRequest	BannerPromptRequest	318385576	1611021880	1394413664
blink.mojom.AppBannerEvent.BannerAccepted	BannerAccepted	1037463916	645990907	1380793764
blink.mojom.AppBannerEvent.BannerDismissed	BannerDismissed	1569545722	261229848	198205769
blink.mojom.AppBannerService.DisplayAppBanner	DisplayAppBanner	1343629720	916131021	812911417
blink.mojom.AssociatedInterfaceProvider.GetAssociatedInterface	GetAssociatedInterface	1677877362	850783089	1434178105
blink.mojom.AudioContextManager.AudioContextAudiblePlaybackStarted	AudioContextAudiblePlaybackStarted	1108400742	1677278314	632493115
blink.mojom.AudioContextManager.AudioContextAudiblePlaybackStopped	AudioContextAudiblePlaybackStopped	1778150006	1662586698	1424868624
blink.mojom.AudioContextManager.AudioContextClosed	AudioContextClosed	704715002	771102310	1488711757
blink.mojom.AudioContextManager.AudioContextCreated	AudioContextCreated	473975794	381583094	717997771
blink.mojom.Authenticator.Cancel	Cancel	1287471363	1609469339	439579489
blink.mojom.Authenticator.GetClientCapabilities	GetClientCapabilities	1859796084	1595702425	1026479370
blink.mojom.Authenticator.GetCredential	GetCredential	585928788	1186773549	1661176721
blink.mojom.Authenticator.IsConditionalMediationAvailable	IsConditionalMediationAvailable	1089245468	15529080	2022029158
blink.mojom.Authenticator.IsUserVerifyingPlatformAuthenticatorAvailable	IsUserVerifyingPlatformAuthenticatorAvailable	741576990	680073870	1627881473
blink.mojom.Authenticator.MakeCredential	MakeCredential	179241968	1005294801	1574601393
blink.mojom.Authenticator.Report	Report	525477915	377525984	1726581826
blink.mojom.AutoplayConfigurationClient.AddAutoplayFlags	AddAutoplayFlags	2069766862	158857125	387461505
blink.mojom.BackForwardCacheControllerHost.DidChangeBackForwardCacheDisablingFeatures	DidChangeBackForwardCacheDisablingFeatures	540782690	923410702	1467843081
blink.mojom.BackForwardCacheControllerHost.EvictFromBackForwardCache	EvictFromBackForwardCache	1572793474	1181835435	884746313
blink.mojom.BackgroundFetchRegistrationObserver.OnProgress	OnProgress	851729159	569578708	920880696
blink.mojom.BackgroundFetchRegistrationObserver.OnRecordsUnavailable	OnRecordsUnavailable	450432722	116265964	168223953
blink.mojom.BackgroundFetchRegistrationObserver.OnRequestCompleted	OnRequestCompleted	165792240	974933371	1165374421
blink.mojom.BackgroundFetchRegistrationService.Abort	Abort	72446017	504662309	1747463222
blink.mojom.BackgroundFetchRegistrationService.AddRegistrationObserver	AddRegistrationObserver	1422465415	199475833	2022377031
blink.mojom.BackgroundFetchRegistrationService.MatchRequests	MatchRequests	1407205674	209609403	1428988384
blink.mojom.BackgroundFetchRegistrationService.UpdateUI	UpdateUI	1633678504	598364776	1935732930
blink.mojom.BackgroundFetchService.Fetch	Fetch	635489603	871403681	2132904576
blink.mojom.BackgroundFetchService.GetDeveloperIds	GetDeveloperIds	1659978055	1898888601	778751524
blink.mojom.BackgroundFetchService.GetIconDisplaySize	GetIconDisplaySize	1735981425	996756454	1148152457
blink.mojom.BackgroundFetchService.GetRegistration	GetRegistration	1370126740	507060044	1099756550
blink.mojom.BadgeService.ClearBadge	ClearBadge	1379362569	1397998552	694331891
blink.mojom.BadgeService.SetBadge	SetBadge	1315213992	1250633314	1665730864
blink.mojom.Blob.AsDataPipeGetter	AsDataPipeGetter	527968996	1845854206	1542219515
blink.mojom.Blob.CaptureSnapshot	CaptureSnapshot	151982517	284681813	2074631613
blink.mojom.Blob.Clone	Clone	1269621972	826834144	1326104751
blink.mojom.Blob.GetInternalUUID	GetInternalUUID	781010445	592949166	1795203166
blink.mojom.Blob.Load	Load	28996173	1078965490	2139225621
blink.mojom.Blob.ReadAll	ReadAll	1479556978	619409286	2007100631
blink.mojom.Blob.ReadRange	ReadRange	1305979080	1559471300	464111428
blink.mojom.Blob.ReadSideData	ReadSideData	805707136	1103033813	1372605887
blink.mojom.BlobReaderClient.OnCalculatedSize	OnCalculatedSize	1739222265	242112907	1982674603
blink.mojom.BlobReaderClient.OnComplete	OnComplete	1536573259	503675	1730473426
blink.mojom.BlobRegistry.Register	Register	2030014310	709521518	506624875
blink.mojom.BlobRegistry.RegisterFromStream	RegisterFromStream	1034894978	1808937574	743758493
blink.mojom.BlobURLStore.Register	Register	2030014310	1178280292	1052055667
blink.mojom.BlobURLStore.ResolveAsBlobURLToken	ResolveAsBlobURLToken	2137738212	939615079	1592210097
blink.mojom.BlobURLStore.ResolveAsURLLoaderFactory	ResolveAsURLLoaderFactory	1246145879	1507958625	462092111
blink.mojom.BlobURLStore.Revoke	Revoke	676668263	1916595532	1490794160
blink.mojom.BlobURLToken.Clone	Clone	1269621972	1917285992	1075707840
blink.mojom.BlobURLToken.GetToken	GetToken	173863258	16353253	965646278
blink.mojom.BroadcastChannelClient.OnMessage	OnMessage	1164768219	166283058	1081564910
blink.mojom.BroadcastChannelProvider.ConnectToChannel	ConnectToChannel	892919459	1690461547	1318367813
blink.mojom.BrowserInterfaceBroker.GetInterface	GetInterface	94357180	1880337948	131441659
blink.mojom.BucketHost.Durability	Durability	586000064	2028304677	260854155
blink.mojom.BucketHost.Estimate	Estimate	1165143399	1437293988	594151161
blink.mojom.BucketHost.Expires	Expires	185368523	1729770104	1895474059
blink.mojom.BucketHost.GetCaches	GetCaches	20441562	269577961	1793182786
blink.mojom.BucketHost.GetDirectory	GetDirectory	278706780	264372482	218199364
blink.mojom.BucketHost.GetDirectoryForDevtools	GetDirectoryForDevtools	1034164359	1659479207	1593076224
blink.mojom.BucketHost.GetIdbFactory	GetIdbFactory	1477445364	1054590129	557000135
blink.mojom.BucketHost.GetLockManager	GetLockManager	592446071	1028522503	987273245
blink.mojom.BucketHost.Persist	Persist	1295972239	1161285070	694416666
blink.mojom.BucketHost.Persisted	Persisted	887897740	1838361213	1473832329
blink.mojom.BucketHost.SetExpires	SetExpires	629173329	2108338663	1735020103
blink.mojom.BucketManagerHost.DeleteBucket	DeleteBucket	1285844166	2095896943	1160293085
blink.mojom.BucketManagerHost.GetBucketForDevtools	GetBucketForDevtools	780039244	1936130456	720133455
blink.mojom.BucketManagerHost.Keys	Keys	1721852213	770116797	2024456044
blink.mojom.BucketManagerHost.OpenBucket	OpenBucket	2119150899	1371994375	1781203575
blink.mojom.BytesProvider.RequestAsFile	RequestAsFile	1730277586	468748277	637531130
blink.mojom.BytesProvider.RequestAsReply	RequestAsReply	645300716	2121510422	994727805
blink.mojom.BytesProvider.RequestAsStream	RequestAsStream	1939654752	1161245925	313761071
blink.mojom.CacheStorage.Delete	Delete	1835819124	1451484289	1180738093
blink.mojom.CacheStorage.Has	Has	976954767	652687280	385256709
blink.mojom.CacheStorage.Keys	Keys	1721852213	1920278835	358200399
blink.mojom.CacheStorage.Match	Match	1154078424	200527752	1451726579
blink.mojom.CacheStorage.Open	Open	430528273	1190302728	485127046
blink.mojom.CacheStorageCache.Batch	Batch	1028778411	1826390733	695527306
blink.mojom.CacheStorageCache.GetAllMatchedEntries	GetAllMatchedEntries	944191512	639409503	2078882029
blink.mojom.CacheStorageCache.Keys	Keys	1721852213	1094737483	1524051532
blink.mojom.CacheStorageCache.Match	Match	1154078424	1605868699	1875439582
blink.mojom.CacheStorageCache.MatchAll	MatchAll	1628139753	1946250229	667718288
blink.mojom.CacheStorageCache.WriteSideData	WriteSideData	512050779	1486948538	376233339
blink.mojom.CallStackGenerator.CollectJavaScriptCallStack	CollectJavaScriptCallStack	828524116	480621792	1935911638
blink.mojom.ClipboardHost.CommitWrite	CommitWrite	1601509963	1047113086	1546274412
blink.mojom.ClipboardHost.GetSequenceNumber	GetSequenceNumber	1425526343	1019333348	1989859018
blink.mojom.ClipboardHost.IsFormatAvailable	IsFormatAvailable	304110709	820951325	2121630738
blink.mojom.ClipboardHost.ReadAvailableCustomAndStandardFormats	ReadAvailableCustomAndStandardFormats	1772866215	808227603	1939984849
blink.mojom.ClipboardHost.ReadAvailableTypes	ReadAvailableTypes	1664382633	474515488	1237457371
blink.mojom.ClipboardHost.ReadDataTransferCustomData	ReadDataTransferCustomData	340505713	1186471667	1409936157
blink.mojom.ClipboardHost.ReadFiles	ReadFiles	245882382	1317704222	1161273445
blink.mojom.ClipboardHost.ReadHtml	ReadHtml	441000538	244728891	239611085
blink.mojom.ClipboardHost.ReadPng	ReadPng	1482367042	385260020	630096875
blink.mojom.ClipboardHost.ReadRtf	ReadRtf	1649745875	1875645090	1622168425
blink.mojom.ClipboardHost.ReadSvg	ReadSvg	1582488245	1282818785	817380753
blink.mojom.ClipboardHost.ReadText	ReadText	483020364	839170322	1777683502
blink.mojom.ClipboardHost.ReadUnsanitizedCustomFormat	ReadUnsanitizedCustomFormat	1844515391	454605246	2108583700
blink.mojom.ClipboardHost.RegisterClipboardListener	RegisterClipboardListener	1832981636	2029235325	1783416154
blink.mojom.ClipboardHost.WriteBookmark	WriteBookmark	929651974	1055595576	9506145
blink.mojom.ClipboardHost.WriteDataTransferCustomData	WriteDataTransferCustomData	1695376502	569104447	703438032
blink.mojom.ClipboardHost.WriteHtml	WriteHtml	1667160037	2085855909	1170448405
blink.mojom.ClipboardHost.WriteImage	WriteImage	215634749	947555745	1847495566
blink.mojom.ClipboardHost.WriteSmartPasteMarker	WriteSmartPasteMarker	1196308240	720025963	1841541485
blink.mojom.ClipboardHost.WriteSvg	WriteSvg	3806184	1556414503	2138134054
blink.mojom.ClipboardHost.WriteText	WriteText	1869364307	449171110	1115760960
blink.mojom.ClipboardHost.WriteUnsanitizedCustomFormat	WriteUnsanitizedCustomFormat	694683582	664992901	1670290548
blink.mojom.ClipboardListener.OnClipboardDataChanged	OnClipboardDataChanged	1369354280	1663263805	1334835297
blink.mojom.CloseListener.Signal	Signal	1521598253	414356436	1905450297
blink.mojom.CodeCacheHost.ClearCodeCacheEntry	ClearCodeCacheEntry	1710226945	307265122	233669317
blink.mojom.CodeCacheHost.DidGenerateCacheableMetadata	DidGenerateCacheableMetadata	540892522	811023314	1717512289
blink.mojom.CodeCacheHost.DidGenerateCacheableMetadataInCacheStorage	DidGenerateCacheableMetadataInCacheStorage	1154160798	235534123	1918539274
blink.mojom.CodeCacheHost.DidGenerateSourceKeyedCacheableMetadata	DidGenerateSourceKeyedCacheableMetadata	90679741	915269325	519701994
blink.mojom.CodeCacheHost.FetchCachedCode	FetchCachedCode	669644242	1891660044	1865214645
blink.mojom.CodeCacheHost.GetPendingBackend	GetPendingBackend	1832135176	87977973	954195918
blink.mojom.ColorChooser.SetSelectedColor	SetSelectedColor	1634664825	1492720257	1711417748
blink.mojom.ColorChooserClient.DidChooseColor	DidChooseColor	1698237464	1674429367	1696038580
blink.mojom.ContactsManager.Select	Select	2065629973	1192764075	1372194354
blink.mojom.ContentIndexService.Add	Add	1229752030	2142127855	968099519
blink.mojom.ContentIndexService.Delete	Delete	1835819124	392605285	310084379
blink.mojom.ContentIndexService.GetDescriptions	GetDescriptions	119306078	1361816023	28861476
blink.mojom.ContentIndexService.GetIconSizes	GetIconSizes	1989242846	1046017737	1917335838
blink.mojom.ContentSecurityNotifier.NotifyContentWithCertificateErrorsDisplayed	NotifyContentWithCertificateErrorsDisplayed	352541676	557662682	612894855
blink.mojom.ContentSecurityNotifier.NotifyContentWithCertificateErrorsRan	NotifyContentWithCertificateErrorsRan	574065162	1776101392	907271101
blink.mojom.ContentSecurityNotifier.NotifyInsecureContentRan	NotifyInsecureContentRan	1419520386	333683690	1865194717
blink.mojom.ContextMenuClient.ContextMenuClosed	ContextMenuClosed	33553683	1696242870	1042981713
blink.mojom.ContextMenuClient.CustomContextMenuAction	CustomContextMenuAction	459927198	1668676373	472445939
blink.mojom.ControllerServiceWorker.Clone	Clone	1269621972	988067443	2052740147
blink.mojom.ControllerServiceWorker.DispatchFetchEventForSubresource	DispatchFetchEventForSubresource	292163882	326040874	265347892
blink.mojom.ControllerServiceWorkerConnector.UpdateController	UpdateController	186788922	1633496123	1649994708
blink.mojom.CookieStore.AddSubscriptions	AddSubscriptions	972045884	1263241384	357999594
blink.mojom.CookieStore.GetSubscriptions	GetSubscriptions	1952494683	162416787	433649562
blink.mojom.CookieStore.RemoveSubscriptions	RemoveSubscriptions	547500021	608102145	1118348666
blink.mojom.CrashMemoryMetricsReporter.SetSharedMemory	SetSharedMemory	1125524237	1608072700	2127715146
blink.mojom.CredentialManager.Get	Get	641652835	309048059	2094444243
blink.mojom.CredentialManager.PreventSilentAccess	PreventSilentAccess	2108584520	252865267	346044751
blink.mojom.CredentialManager.Store	Store	1689642440	1966179131	1092503819
blink.mojom.DWriteFontProxy.FindFamily	FindFamily	1435590020	1012509700	1126424856
blink.mojom.DWriteFontProxy.GetFamilyCount	GetFamilyCount	941406716	569914858	145372524
blink.mojom.DWriteFontProxy.GetFamilyNames	GetFamilyNames	1858457557	1763064141	1568332159
blink.mojom.DWriteFontProxy.GetFontFileHandles	GetFontFileHandles	311906943	1771903364	74250941
blink.mojom.DWriteFontProxy.MapCharacters	MapCharacters	1109007669	1918382769	644583398
blink.mojom.DWriteFontProxy.MatchUniqueFont	MatchUniqueFont	1639278370	424158991	455363671
blink.mojom.DateTimeChooser.CloseDateTimeDialog	CloseDateTimeDialog	1336224032	66145625	1587662160
blink.mojom.DateTimeChooser.OpenDateTimeDialog	OpenDateTimeDialog	62044066	340307865	1266574154
blink.mojom.DeclarativePerformanceObserverHost.DidObservePerformanceEntries	DidObservePerformanceEntries	1671067706	964657333	1794904848
blink.mojom.DedicatedWorkerHostFactory.CreateWorkerHostAndStartScriptLoad	CreateWorkerHostAndStartScriptLoad	1216557229	23908477	1289675079
blink.mojom.DedicatedWorkerHostFactoryClient.OnScriptLoadStartFailed	OnScriptLoadStartFailed	1539286966	52909145	152612242
blink.mojom.DedicatedWorkerHostFactoryClient.OnScriptLoadStarted	OnScriptLoadStarted	2041615506	1781488563	1053877154
blink.mojom.DedicatedWorkerHostFactoryClient.OnWorkerHostCreated	OnWorkerHostCreated	799402630	2010074292	305362903
blink.mojom.DevToolsAgent.AttachDevToolsSession	AttachDevToolsSession	957745572	1430246191	959542700
blink.mojom.DevToolsAgent.InspectElement	InspectElement	2121234521	1502791485	1770198476
blink.mojom.DevToolsAgent.ReportChildTargets	ReportChildTargets	1476069591	1158535779	642621885
blink.mojom.DevToolsAgentHost.BringToForeground	BringToForeground	1586198659	1557214211	1305077724
blink.mojom.DevToolsAgentHost.ChildTargetCreated	ChildTargetCreated	459059074	135504508	1458554486
blink.mojom.DevToolsAgentHost.MainThreadDebuggerPaused	MainThreadDebuggerPaused	1120767341	1136248483	1883596944
blink.mojom.DevToolsAgentHost.MainThreadDebuggerResumed	MainThreadDebuggerResumed	1637645994	969885648	1987383026
blink.mojom.DevToolsFrontend.SetupDevToolsExtensionAPI	SetupDevToolsExtensionAPI	978979719	915804593	1368607318
blink.mojom.DevToolsFrontend.SetupDevToolsFrontend	SetupDevToolsFrontend	1385563842	909656555	219070564
blink.mojom.DevToolsFrontendHost.DispatchEmbedderMessage	DispatchEmbedderMessage	537975728	954345278	1798610339
blink.mojom.DevToolsSession.DispatchProtocolCommand	DispatchProtocolCommand	1199279494	953522613	1881729747
blink.mojom.DevToolsSession.UnpauseAndTerminate	UnpauseAndTerminate	947483074	2021739399	226381849
blink.mojom.DevToolsSessionHost.DispatchProtocolNotification	DispatchProtocolNotification	1502076194	600551702	1378046571
blink.mojom.DevToolsSessionHost.DispatchProtocolResponse	DispatchProtocolResponse	961133354	818272470	1865188422
blink.mojom.DeviceAPIService.GetAnnotatedAssetId	GetAnnotatedAssetId	1647754024	51445349	1595989859
blink.mojom.DeviceAPIService.GetAnnotatedLocation	GetAnnotatedLocation	1861306628	35527511	2019191552
blink.mojom.DeviceAPIService.GetDirectoryId	GetDirectoryId	1724903747	1159876626	1828535565
blink.mojom.DeviceAPIService.GetHostname	GetHostname	532336040	505428669	943019585
blink.mojom.DeviceAPIService.GetSerialNumber	GetSerialNumber	307223000	1925747665	2112398663
blink.mojom.DevicePostureClient.OnPostureChanged	OnPostureChanged	565191066	3223845	103438675
blink.mojom.DevicePostureProvider.AddListenerAndGetCurrentPosture	AddListenerAndGetCurrentPosture	497007098	1253226042	604685120
blink.mojom.DigitalIdentityRequest.Abort	Abort	72446017	1138545081	2000308963
blink.mojom.DigitalIdentityRequest.Create	Create	838289373	1283635718	306098229
blink.mojom.DigitalIdentityRequest.Get	Get	641652835	74391620	1093754608
blink.mojom.DirectSocketsService.OpenBoundUDPSocket	OpenBoundUDPSocket	1286905411	73737951	524949027
blink.mojom.DirectSocketsService.OpenConnectedUDPSocket	OpenConnectedUDPSocket	1469335924	1793769853	820432536
blink.mojom.DirectSocketsService.OpenTCPServerSocket	OpenTCPServerSocket	849945840	185718766	2061934987
blink.mojom.DirectSocketsService.OpenTCPSocket	OpenTCPSocket	1269468525	1279637578	1741791156
blink.mojom.DiskAllocator.ProvideTemporaryFile	ProvideTemporaryFile	101233499	1211738412	1565270916
blink.mojom.DisplayCutoutClient.SetSafeArea	SetSafeArea	818195403	1060896567	1098753264
blink.mojom.DisplayCutoutHost.NotifyComplexSafeAreaConstraintChanged	NotifyComplexSafeAreaConstraintChanged	293808165	772050144	222734458
blink.mojom.DisplayCutoutHost.NotifyViewportFitChanged	NotifyViewportFitChanged	1828931283	257353472	1829665863
blink.mojom.DocumentMetadata.ClassifyProductDetails	ClassifyProductDetails	1005125882	1402815677	797336092
blink.mojom.DocumentMetadata.GetEntities	GetEntities	1819104274	836630654	718173499
blink.mojom.DomStorage.BindSessionStorageArea	BindSessionStorageArea	940302868	2135531121	473963438
blink.mojom.DomStorage.BindSessionStorageNamespace	BindSessionStorageNamespace	1956601560	1778464256	1864216034
blink.mojom.DomStorage.OpenLocalStorage	OpenLocalStorage	2067758893	646222053	558095078
blink.mojom.DomStorageClient.ResetLocalStorageConnections	ResetLocalStorageConnections	973292865	1484011988	715373179
blink.mojom.DomStorageClient.ResetSessionStorageConnections	ResetSessionStorageConnections	1978925548	413748323	1743675426
blink.mojom.DomStorageProvider.BindDomStorage	BindDomStorage	1357711119	1424398816	175571699
blink.mojom.EmbeddedFrameSinkClient.BindSurfaceEmbedder	BindSurfaceEmbedder	543404157	34662975	643578486
blink.mojom.EmbeddedFrameSinkProvider.ConnectToEmbedder	ConnectToEmbedder	991918242	2030831261	1675225999
blink.mojom.EmbeddedFrameSinkProvider.CreateBundledCompositorFrameSink	CreateBundledCompositorFrameSink	721135682	2006955466	1630974808
blink.mojom.EmbeddedFrameSinkProvider.CreateCompositorFrameSink	CreateCompositorFrameSink	2049720300	528518959	217901494
blink.mojom.EmbeddedFrameSinkProvider.CreateSimpleCompositorFrameSink	CreateSimpleCompositorFrameSink	1027309094	726753211	824587025
blink.mojom.EmbeddedFrameSinkProvider.RegisterEmbeddedFrameSink	RegisterEmbeddedFrameSink	1071296998	1421448671	1943722810
blink.mojom.EmbeddedFrameSinkProvider.RegisterEmbeddedFrameSinkBundle	RegisterEmbeddedFrameSinkBundle	530828142	267485325	1372485420
blink.mojom.EmbeddedFrameSinkProvider.RegisterFrameSinkHierarchy	RegisterFrameSinkHierarchy	2114549365	2046890254	518959229
blink.mojom.EmbeddedFrameSinkProvider.SetParentFrameSinkId	SetParentFrameSinkId	1275063280	2099163592	373709208
blink.mojom.EmbeddedFrameSinkProvider.UnregisterFrameSinkHierarchy	UnregisterFrameSinkHierarchy	1647747332	1397364269	1249624721
blink.mojom.EmbeddedPermissionControlClient.OnEmbeddedPermissionControlRegistered	OnEmbeddedPermissionControlRegistered	1186094488	1879189424	217416072
blink.mojom.EmbeddedWorkerInstanceClient.StartWorker	StartWorker	1218447101	350315565	567052276
blink.mojom.EmbeddedWorkerInstanceClient.StopWorker	StopWorker	79945735	1684852804	1535239053
blink.mojom.EmbeddedWorkerInstanceHost.CountFeature	CountFeature	1536762024	1646450523	1416218536
blink.mojom.EmbeddedWorkerInstanceHost.OnReadyForInspection	OnReadyForInspection	432149690	683294503	846190071
blink.mojom.EmbeddedWorkerInstanceHost.OnReportConsoleMessage	OnReportConsoleMessage	1250376304	187566932	2058386790
blink.mojom.EmbeddedWorkerInstanceHost.OnReportException	OnReportException	165494955	1763744688	1163807831
blink.mojom.EmbeddedWorkerInstanceHost.OnScriptEvaluationStart	OnScriptEvaluationStart	1287636395	1791985925	2112433731
blink.mojom.EmbeddedWorkerInstanceHost.OnScriptLoaded	OnScriptLoaded	1190687292	1865111178	453940786
blink.mojom.EmbeddedWorkerInstanceHost.OnStarted	OnStarted	1137746721	587819254	1935018235
blink.mojom.EmbeddedWorkerInstanceHost.OnStopped	OnStopped	1378010093	1347278767	1063945414
blink.mojom.EmbeddedWorkerInstanceHost.RequestTermination	RequestTermination	68059202	374129578	1271952705
blink.mojom.EyeDropperChooser.Choose	Choose	1359465342	261017270	1228772306
blink.mojom.FeatureObserver.Register	Register	2030014310	617786449	768357198
blink.mojom.FederatedRequest.Abort	Abort	72446017	1796358827	2004733561
blink.mojom.FederatedRequestService.CloseModalDialogView	CloseModalDialogView	1704642485	2135254112	93039339
blink.mojom.FederatedRequestService.Disconnect	Disconnect	1836270535	532173817	1713939803
blink.mojom.FederatedRequestService.PreventSilentAccess	PreventSilentAccess	2108584520	605359851	1263259252
blink.mojom.FederatedRequestService.RegisterIdP	RegisterIdP	1752961263	886899610	1000569637
blink.mojom.FederatedRequestService.RequestUserInfo	RequestUserInfo	676610413	318226018	1976925113
blink.mojom.FederatedRequestService.ResolveTokenRequest	ResolveTokenRequest	1600699793	805529070	552674594
blink.mojom.FederatedRequestService.SetIdpSigninStatus	SetIdpSigninStatus	1064721732	433374880	354899534
blink.mojom.FederatedRequestService.StartTokenRequest	StartTokenRequest	1178792405	1187158339	621210726
blink.mojom.FederatedRequestService.UnregisterIdP	UnregisterIdP	5083308	1688152728	1514257198
blink.mojom.FencedFrameOwnerHost.DidChangeFramePolicy	DidChangeFramePolicy	50652441	1215490581	198020377
blink.mojom.FencedFrameOwnerHost.Navigate	Navigate	59666724	1533021198	1973597308
blink.mojom.FetchLaterLoader.Cancel	Cancel	1287471363	585327727	2022902993
blink.mojom.FetchLaterLoader.SendNow	SendNow	833741529	152410807	1577738401
blink.mojom.FetchLaterLoaderFactory.Clone	Clone	1269621972	555274439	1682203852
blink.mojom.FetchLaterLoaderFactory.CreateLoader	CreateLoader	1026100764	1093724038	268023190
blink.mojom.FileBackedBlobFactory.RegisterBlob	RegisterBlob	484082627	1027336944	568833836
blink.mojom.FileBackedBlobFactory.RegisterBlobSync	RegisterBlobSync	1509395698	34237365	254435480
blink.mojom.FileChooser.EnumerateChosenDirectory	EnumerateChosenDirectory	1848042428	1128781453	1775316538
blink.mojom.FileChooser.OpenFileChooser	OpenFileChooser	1164645402	1532805900	1288078959
blink.mojom.FileSystemAccessAccessHandleHost.Close	Close	1454175847	1732888607	1157048677
blink.mojom.FileSystemAccessDataTransferToken.Clone	Clone	1269621972	2116042026	1862893022
blink.mojom.FileSystemAccessDataTransferToken.GetInternalId	GetInternalId	417548811	871377958	167668297
blink.mojom.FileSystemAccessDirectoryEntriesListener.DidReadDirectory	DidReadDirectory	1153541737	651039577	613823672
blink.mojom.FileSystemAccessDirectoryHandle.GetCloudIdentifiers	GetCloudIdentifiers	94721994	856592126	311728701
blink.mojom.FileSystemAccessDirectoryHandle.GetDirectory	GetDirectory	278706780	568954617	505711453
blink.mojom.FileSystemAccessDirectoryHandle.GetEntries	GetEntries	463200213	1248588478	272039154
blink.mojom.FileSystemAccessDirectoryHandle.GetFile	GetFile	1606852901	573934719	1922144270
blink.mojom.FileSystemAccessDirectoryHandle.GetPermissionStatus	GetPermissionStatus	932883624	1469671405	1779026166
blink.mojom.FileSystemAccessDirectoryHandle.GetUniqueId	GetUniqueId	67675693	2076772257	161371605
blink.mojom.FileSystemAccessDirectoryHandle.Move	Move	411063826	1453985503	562470329
blink.mojom.FileSystemAccessDirectoryHandle.Remove	Remove	396705297	1588173264	1642838187
blink.mojom.FileSystemAccessDirectoryHandle.RemoveEntry	RemoveEntry	954032623	921837449	1220363999
blink.mojom.FileSystemAccessDirectoryHandle.Rename	Rename	982938583	944944773	1672042166
blink.mojom.FileSystemAccessDirectoryHandle.RequestPermission	RequestPermission	1945663549	1615292454	1623379529
blink.mojom.FileSystemAccessDirectoryHandle.Resolve	Resolve	1598951651	1154003920	325900726
blink.mojom.FileSystemAccessDirectoryHandle.Transfer	Transfer	233801804	271634029	184262862
blink.mojom.FileSystemAccessFileDelegateHost.GetLength	GetLength	664604443	1470997295	1325667342
blink.mojom.FileSystemAccessFileDelegateHost.Read	Read	2085465649	1993901460	631357990
blink.mojom.FileSystemAccessFileDelegateHost.SetLength	SetLength	1177071287	1383320777	22189836
blink.mojom.FileSystemAccessFileDelegateHost.Write	Write	512683670	458361312	867444486
blink.mojom.FileSystemAccessFileHandle.AsBlob	AsBlob	127926364	2085616339	1254955058
blink.mojom.FileSystemAccessFileHandle.CreateFileWriter	CreateFileWriter	1859314898	1258970913	621596932
blink.mojom.FileSystemAccessFileHandle.GetCloudIdentifiers	GetCloudIdentifiers	94721994	1967771115	664475805
blink.mojom.FileSystemAccessFileHandle.GetPermissionStatus	GetPermissionStatus	932883624	1624882564	1768210515
blink.mojom.FileSystemAccessFileHandle.GetUniqueId	GetUniqueId	67675693	570907782	662810547
blink.mojom.FileSystemAccessFileHandle.IsSameEntry	IsSameEntry	1123131033	924267364	1509478777
blink.mojom.FileSystemAccessFileHandle.Move	Move	411063826	927789612	263087878
blink.mojom.FileSystemAccessFileHandle.OpenAccessHandle	OpenAccessHandle	1863869965	1972323266	1316757421
blink.mojom.FileSystemAccessFileHandle.Remove	Remove	396705297	662863651	90294902
blink.mojom.FileSystemAccessFileHandle.Rename	Rename	982938583	401175898	1051583811
blink.mojom.FileSystemAccessFileHandle.RequestPermission	RequestPermission	1945663549	609976365	1580421121
blink.mojom.FileSystemAccessFileHandle.Transfer	Transfer	233801804	1593277120	1865996790
blink.mojom.FileSystemAccessFileModificationHost.OnContentsModified	OnContentsModified	1298251493	1042445929	1640074381
blink.mojom.FileSystemAccessFileModificationHost.RequestCapacityChange	RequestCapacityChange	1138408860	502279194	2020371331
blink.mojom.FileSystemAccessFileWriter.Abort	Abort	72446017	137213212	1764858656
blink.mojom.FileSystemAccessFileWriter.Close	Close	1454175847	671352302	999912862
blink.mojom.FileSystemAccessFileWriter.Truncate	Truncate	595284279	1062626716	91495871
blink.mojom.FileSystemAccessFileWriter.Write	Write	512683670	1721973843	429656594
blink.mojom.FileSystemAccessManager.BindObserverHost	BindObserverHost	1236921380	1982404703	1883620284
blink.mojom.FileSystemAccessManager.ChooseEntries	ChooseEntries	807745462	1108368117	1616227188
blink.mojom.FileSystemAccessManager.GetDirectoryHandleFromToken	GetDirectoryHandleFromToken	185096297	382520864	87514426
blink.mojom.FileSystemAccessManager.GetEntryFromDataTransferToken	GetEntryFromDataTransferToken	1715719423	1066213722	742194614
blink.mojom.FileSystemAccessManager.GetFileHandleFromToken	GetFileHandleFromToken	424098250	1503710860	1835230151
blink.mojom.FileSystemAccessManager.GetSandboxedFileSystem	GetSandboxedFileSystem	1251961546	920378082	2008006704
blink.mojom.FileSystemAccessManager.GetSandboxedFileSystemForDevtools	GetSandboxedFileSystemForDevtools	737479141	781836423	1352442658
blink.mojom.FileSystemAccessObserver.OnFileChanges	OnFileChanges	354476447	1793304172	290755352
blink.mojom.FileSystemAccessObserverHost.Observe	Observe	226566243	2079325475	1487192655
blink.mojom.FileSystemAccessObserverHost.Unobserve	Unobserve	82817172	1929504085	384040550
blink.mojom.FileSystemAccessTransferToken.Clone	Clone	1269621972	1969312738	1164986213
blink.mojom.FileSystemAccessTransferToken.GetInternalID	GetInternalID	417548843	1427647294	1377476245
blink.mojom.FileSystemCancellableOperation.Cancel	Cancel	1287471363	52937996	2014745978
blink.mojom.FileSystemManager.Copy	Copy	1112554426	1315784881	1459849597
blink.mojom.FileSystemManager.Create	Create	838289373	1642394257	354606567
blink.mojom.FileSystemManager.CreateSnapshotFile	CreateSnapshotFile	1057822731	1548901858	340792988
blink.mojom.FileSystemManager.Exists	Exists	1611935237	1941457345	1797155100
blink.mojom.FileSystemManager.GetPlatformPath	GetPlatformPath	437603399	568585668	865482302
blink.mojom.FileSystemManager.Move	Move	411063826	814286049	807398637
blink.mojom.FileSystemManager.Open	Open	430528273	31682616	821442354
blink.mojom.FileSystemManager.ReadDirectory	ReadDirectory	1457208086	628061616	942573184
blink.mojom.FileSystemManager.ReadDirectorySync	ReadDirectorySync	1683822051	987441411	848507923
blink.mojom.FileSystemManager.ReadMetadata	ReadMetadata	1952041930	78853958	1679682452
blink.mojom.FileSystemManager.RegisterBlob	RegisterBlob	484082627	845132222	1677043320
blink.mojom.FileSystemManager.Remove	Remove	396705297	1245229953	1819677873
blink.mojom.FileSystemManager.ResolveURL	ResolveURL	182489550	1233690251	1703467419
blink.mojom.FileSystemManager.Truncate	Truncate	595284279	285982249	111887561
blink.mojom.FileSystemManager.TruncateSync	TruncateSync	134733838	2096819885	267513059
blink.mojom.FileSystemManager.Write	Write	512683670	241794147	340566721
blink.mojom.FileSystemManager.WriteSync	WriteSync	980975971	563852898	1086675256
blink.mojom.FileSystemOperationListener.DidWrite	DidWrite	102834737	1304835723	1516781264
blink.mojom.FileSystemOperationListener.ErrorOccurred	ErrorOccurred	1815456616	1064467251	1662912110
blink.mojom.FileSystemOperationListener.ResultsRetrieved	ResultsRetrieved	1754384819	134140314	1115143177
blink.mojom.FileUtilitiesHost.GetFileInfo	GetFileInfo	495884649	295266652	1990844956
blink.mojom.FindInPage.ClearActiveFindMatch	ClearActiveFindMatch	282183242	949273722	905509568
blink.mojom.FindInPage.Find	Find	414292396	104649007	1255207656
blink.mojom.FindInPage.SetClient	SetClient	309516842	569075244	122860580
blink.mojom.FindInPage.StopFinding	StopFinding	624194916	1911283000	1783861158
blink.mojom.FindInPageClient.SetActiveMatch	SetActiveMatch	129649032	2013148663	1119945900
blink.mojom.FindInPageClient.SetNumberOfMatches	SetNumberOfMatches	306208478	2136894784	1174394312
blink.mojom.FontAccessManager.EnumerateLocalFonts	EnumerateLocalFonts	762774296	1291980051	302370193
blink.mojom.FontUniqueNameLookup.GetUniqueNameLookupTable	GetUniqueNameLookupTable	80804195	48226190	324750820
blink.mojom.FontUniqueNameLookup.GetUniqueNameLookupTableIfAvailable	GetUniqueNameLookupTableIfAvailable	1171263979	1428513352	1977932247
blink.mojom.FrameMetadataObserverRegistry.AddMetaTagsObserver	AddMetaTagsObserver	1277799028	1754048376	1035666186
blink.mojom.FrameMetadataObserverRegistry.AddPaidContentMetadataObserver	AddPaidContentMetadataObserver	659017606	2086516196	629895569
blink.mojom.FrameWidget.BindWidgetCompositor	BindWidgetCompositor	1104848439	1603108361	2017750350
blink.mojom.FrameWidget.DisableDeviceEmulation	DisableDeviceEmulation	1487259175	1218470517	535029388
blink.mojom.FrameWidget.DragSourceEndedAt	DragSourceEndedAt	1035811219	1345506429	738686772
blink.mojom.FrameWidget.DragSourceSystemDragEnded	DragSourceSystemDragEnded	1260566559	2128554139	285559373
blink.mojom.FrameWidget.DragTargetDragEnter	DragTargetDragEnter	859690172	1275873959	1103827651
blink.mojom.FrameWidget.DragTargetDragLeave	DragTargetDragLeave	1004879331	847515779	1807835521
blink.mojom.FrameWidget.DragTargetDragOver	DragTargetDragOver	1690753072	1496781680	965678829
blink.mojom.FrameWidget.DragTargetDrop	DragTargetDrop	1967150191	160208457	1117411101
blink.mojom.FrameWidget.EnableDeviceEmulation	EnableDeviceEmulation	366044686	1585885288	119227852
blink.mojom.FrameWidget.NotifyClearedDisplayedGraphics	NotifyClearedDisplayedGraphics	1759735820	1772934740	789251021
blink.mojom.FrameWidget.OnStartStylusWriting	OnStartStylusWriting	1712318324	1115719995	1476492130
blink.mojom.FrameWidget.SetActive	SetActive	1433835381	1444240565	2138509140
blink.mojom.FrameWidget.SetBackgroundOpaque	SetBackgroundOpaque	1395516482	963908496	671372500
blink.mojom.FrameWidget.SetInheritedEffectiveTouchActionForSubFrame	SetInheritedEffectiveTouchActionForSubFrame	489231115	2084500983	1893957859
blink.mojom.FrameWidget.SetIsInertForSubFrame	SetIsInertForSubFrame	1950976735	1571085391	1712965545
blink.mojom.FrameWidget.SetTextDirection	SetTextDirection	1481839761	1234190203	594453927
blink.mojom.FrameWidget.SetViewportIntersection	SetViewportIntersection	89152826	2026477734	837002353
blink.mojom.FrameWidget.UpdateRenderThrottlingStatusForSubFrame	UpdateRenderThrottlingStatusForSubFrame	1742806923	972217243	1045522204
blink.mojom.FrameWidgetHost.AnimateDoubleTapZoomInMainFrame	AnimateDoubleTapZoomInMainFrame	782861506	215399670	1119776177
blink.mojom.FrameWidgetHost.AutoscrollEnd	AutoscrollEnd	382891406	1540935746	849410313
blink.mojom.FrameWidgetHost.AutoscrollFling	AutoscrollFling	1875865811	1076667712	1376945067
blink.mojom.FrameWidgetHost.AutoscrollStart	AutoscrollStart	1815201701	265458457	1673950932
blink.mojom.FrameWidgetHost.IntrinsicSizingInfoChanged	IntrinsicSizingInfoChanged	969450012	1642774556	501972510
blink.mojom.FrameWidgetHost.SetHasTouchEventConsumers	SetHasTouchEventConsumers	667530101	1534232992	189394270
blink.mojom.FrameWidgetHost.ZoomToFindInPageRectInMainFrame	ZoomToFindInPageRectInMainFrame	278303661	1159838523	1506193070
blink.mojom.FrameWidgetInputHandler.AddImeTextSpansToExistingText	AddImeTextSpansToExistingText	783951966	1641045890	1294393422
blink.mojom.FrameWidgetInputHandler.AdjustSelectionByCharacterOffset	AdjustSelectionByCharacterOffset	741992531	1994372545	521044991
blink.mojom.FrameWidgetInputHandler.CancelStylusGesturePreview	CancelStylusGesturePreview	1353579154	821489030	1788975873
blink.mojom.FrameWidgetInputHandler.CenterSelection	CenterSelection	965620044	1591603998	485634630
blink.mojom.FrameWidgetInputHandler.ClearImeTextSpansByType	ClearImeTextSpansByType	1868481294	1731236493	874784178
blink.mojom.FrameWidgetInputHandler.CollapseSelection	CollapseSelection	1568989310	1352271456	157879793
blink.mojom.FrameWidgetInputHandler.Copy	Copy	1112554426	1444619850	1439158810
blink.mojom.FrameWidgetInputHandler.CopyToFindPboard	CopyToFindPboard	2020675712	43646720	1498185025
blink.mojom.FrameWidgetInputHandler.Cut	Cut	642241031	1009791963	1289281615
blink.mojom.FrameWidgetInputHandler.Delete	Delete	1835819124	511199272	1520661972
blink.mojom.FrameWidgetInputHandler.DeleteSurroundingText	DeleteSurroundingText	676246971	255701683	1197457214
blink.mojom.FrameWidgetInputHandler.DeleteSurroundingTextInCodePoints	DeleteSurroundingTextInCodePoints	473297780	1920039360	977096422
blink.mojom.FrameWidgetInputHandler.ExecuteEditCommand	ExecuteEditCommand	1202113365	1456620167	447493279
blink.mojom.FrameWidgetInputHandler.ExtendSelectionAndDelete	ExtendSelectionAndDelete	1596409309	1096546387	1653698779
blink.mojom.FrameWidgetInputHandler.ExtendSelectionAndReplace	ExtendSelectionAndReplace	369628972	258539324	896095162
blink.mojom.FrameWidgetInputHandler.HandleStylusWritingGestureAction	HandleStylusWritingGestureAction	482268558	1175130660	1390816764
blink.mojom.FrameWidgetInputHandler.MoveCaret	MoveCaret	154251619	1170239431	568631353
blink.mojom.FrameWidgetInputHandler.MoveRangeSelectionExtent	MoveRangeSelectionExtent	1588571165	127300091	1650514757
blink.mojom.FrameWidgetInputHandler.Paste	Paste	999428486	666783736	1879793425
blink.mojom.FrameWidgetInputHandler.PasteAndMatchStyle	PasteAndMatchStyle	1045302387	1491782097	345649116
blink.mojom.FrameWidgetInputHandler.PasteFromImageBytes	PasteFromImageBytes	237654362	644155553	2036229433
blink.mojom.FrameWidgetInputHandler.Redo	Redo	2001577497	2136737907	711636969
blink.mojom.FrameWidgetInputHandler.Replace	Replace	790334787	1610263273	2136444469
blink.mojom.FrameWidgetInputHandler.ReplaceMisspelling	ReplaceMisspelling	1651621526	1134466554	1445676455
blink.mojom.FrameWidgetInputHandler.ScrollFocusedEditableNodeIntoView	ScrollFocusedEditableNodeIntoView	540358116	1769058802	1821756586
blink.mojom.FrameWidgetInputHandler.SelectAll	SelectAll	1387756862	560597736	367472818
blink.mojom.FrameWidgetInputHandler.SelectAroundCaret	SelectAroundCaret	425169911	789840457	1657374304
blink.mojom.FrameWidgetInputHandler.SelectRange	SelectRange	1433004652	1537756316	282215178
blink.mojom.FrameWidgetInputHandler.SetCompositionFromExistingText	SetCompositionFromExistingText	624485989	723520739	934849312
blink.mojom.FrameWidgetInputHandler.SetEditableSelectionOffsets	SetEditableSelectionOffsets	2058455269	1361816085	356468672
blink.mojom.FrameWidgetInputHandler.Undo	Undo	725987923	2107196121	1011087712
blink.mojom.FrameWidgetInputHandler.WaitForPageScaleAnimationForTesting	WaitForPageScaleAnimationForTesting	958722645	749072217	1122433763
blink.mojom.FullscreenVideoElementHandler.RequestFullscreenVideoElement	RequestFullscreenVideoElement	604786184	1546939187	728984553
blink.mojom.GeolocationService.CreateGeolocation	CreateGeolocation	1587882061	798177462	1954541984
blink.mojom.GpuDataManager.Are3DAPIsBlockedForUrl	Are3DAPIsBlockedForUrl	795749401	1231138346	1107599646
blink.mojom.HapticsService.PlayHaptics	PlayHaptics	456772849	1524638421	1824370188
blink.mojom.HidService.Connect	Connect	161123025	471224775	521034000
blink.mojom.HidService.Forget	Forget	1409027042	1733251097	1613566190
blink.mojom.HidService.GetDevices	GetDevices	1908056068	416555404	630269612
blink.mojom.HidService.RegisterClient	RegisterClient	1302573019	1896624152	182335107
blink.mojom.HidService.RequestDevice	RequestDevice	488634958	1059702510	901674209
blink.mojom.Hyphenation.OpenDictionary	OpenDictionary	2093702345	1305849979	1413109304
blink.mojom.IDBCursor.Advance	Advance	64544357	715884175	1537795930
blink.mojom.IDBCursor.Continue	Continue	711025874	690656463	1274777750
blink.mojom.IDBCursor.Prefetch	Prefetch	1504509456	1079965939	731183785
blink.mojom.IDBCursor.PrefetchReset	PrefetchReset	1485719573	35439731	200394925
blink.mojom.IDBDatabase.Abort	Abort	72446017	142416763	1239337859
blink.mojom.IDBDatabase.Clear	Clear	1757158544	1016206795	304006449
blink.mojom.IDBDatabase.Count	Count	794090530	674717225	1461627526
blink.mojom.IDBDatabase.CreateIndex	CreateIndex	1448462303	699589109	1138906758
blink.mojom.IDBDatabase.CreateTransaction	CreateTransaction	1063227907	922193968	648544542
blink.mojom.IDBDatabase.DeleteIndex	DeleteIndex	175875080	403365942	1200420447
blink.mojom.IDBDatabase.DeleteRange	DeleteRange	1210110139	705372076	1939453911
blink.mojom.IDBDatabase.DidBecomeInactive	DidBecomeInactive	883581612	1448805071	978775573
blink.mojom.IDBDatabase.Get	Get	641652835	1170831845	1651428165
blink.mojom.IDBDatabase.GetAll	GetAll	1040666816	932030890	1607076777
blink.mojom.IDBDatabase.GetKeyGeneratorCurrentNumber	GetKeyGeneratorCurrentNumber	2023258197	946163294	201401561
blink.mojom.IDBDatabase.OpenCursor	OpenCursor	896729883	397811855	1756435046
blink.mojom.IDBDatabase.RenameIndex	RenameIndex	51324729	1659982285	1753295497
blink.mojom.IDBDatabase.RenameObjectStore	RenameObjectStore	1420433897	846844232	382661427
blink.mojom.IDBDatabase.UpdatePriority	UpdatePriority	176144998	2085160361	1292142777
blink.mojom.IDBDatabase.VersionChangeIgnored	VersionChangeIgnored	1762608651	1121284094	1594836296
blink.mojom.IDBDatabaseCallbacks.Abort	Abort	72446017	191555826	1634472144
blink.mojom.IDBDatabaseCallbacks.Complete	Complete	1300022916	1416617512	720998884
blink.mojom.IDBDatabaseCallbacks.ForcedClose	ForcedClose	1632937938	1033738667	1731115836
blink.mojom.IDBDatabaseCallbacks.VersionChange	VersionChange	1634745979	1257816318	601280147
blink.mojom.IDBDatabaseGetAllResultSink.OnError	OnError	1669973012	131328324	516872435
blink.mojom.IDBDatabaseGetAllResultSink.ReceiveResults	ReceiveResults	1326818526	933588600	554135171
blink.mojom.IDBFactory.DeleteDatabase	DeleteDatabase	986080715	1916113628	1896288739
blink.mojom.IDBFactory.GetDatabaseInfo	GetDatabaseInfo	343672696	1161000905	1132805497
blink.mojom.IDBFactory.Open	Open	430528273	947247856	1995491441
blink.mojom.IDBFactoryClient.Blocked	Blocked	623487787	1896705505	1220513377
blink.mojom.IDBFactoryClient.DeleteSuccess	DeleteSuccess	1257215533	971369747	403242490
blink.mojom.IDBFactoryClient.Error	Error	1883599093	1778101281	1094324104
blink.mojom.IDBFactoryClient.OpenSuccess	OpenSuccess	892548234	1242846713	276087503
blink.mojom.IDBFactoryClient.UpgradeNeeded	UpgradeNeeded	1089680772	146261613	540549160
blink.mojom.IDBTransaction.Commit	Commit	847679762	161683189	1591961329
blink.mojom.IDBTransaction.CreateObjectStore	CreateObjectStore	463066743	365950408	744904314
blink.mojom.IDBTransaction.DeleteObjectStore	DeleteObjectStore	396753164	1547971817	132899590
blink.mojom.IDBTransaction.Put	Put	908564364	1766768024	1416475345
blink.mojom.IDBTransaction.SetIndexKeys	SetIndexKeys	900495841	1560796623	1641339604
blink.mojom.IDBTransaction.SetIndexKeysDone	SetIndexKeysDone	1243800837	2016545255	1049516596
blink.mojom.IdleManager.AddMonitor	AddMonitor	1628945780	1523832999	1596241077
blink.mojom.IdleMonitor.Update	Update	379933338	908244449	1716625498
blink.mojom.ImageDownloader.DownloadImage	DownloadImage	648741904	45171960	1604222302
blink.mojom.ImageDownloader.DownloadImageFromAxNode	DownloadImageFromAxNode	1497291523	2128686926	1458101479
blink.mojom.ImageReleaseCallback.Release	Release	1751719196	251715222	1032274359
blink.mojom.ImageReplacement.RenderReplacement	RenderReplacement	511024023	1646630511	42029985
blink.mojom.ImageReplacement.StartReplacement	StartReplacement	368345325	799506075	1393183554
blink.mojom.ImageReplacementHost.ReplacementFrameAttached	ReplacementFrameAttached	849059278	355257301	264703942
blink.mojom.ImeRenderWidgetHost.UpdateCursorAnchorInfo	UpdateCursorAnchorInfo	966782623	1899770867	542070975
blink.mojom.InnerHtmlAgent.GetInnerHtml	GetInnerHtml	741432578	490248938	315183529
blink.mojom.InnerTextAgent.GetInnerText	GetInnerText	2119876660	1543251992	1330306944
blink.mojom.InstallationService.OnInstall	OnInstall	873300323	1723433441	1561487338
blink.mojom.InstalledAppProvider.FilterInstalledApps	FilterInstalledApps	1797829111	673286933	601695867
blink.mojom.KeepAliveHandleFactory.IssueKeepAliveHandle	IssueKeepAliveHandle	1558417710	665306010	1716682116
blink.mojom.KeyboardLockService.CancelKeyboardLock	CancelKeyboardLock	1824400781	161365075	805056778
blink.mojom.KeyboardLockService.GetKeyboardLayoutMap	GetKeyboardLayoutMap	636620464	2075580491	663072896
blink.mojom.KeyboardLockService.RequestKeyboardLock	RequestKeyboardLock	753673358	481250957	1500867395
blink.mojom.LCPCriticalPathPredictorHost.AddPreconnectOrigin	AddPreconnectOrigin	1415765923	1507582075	1624545666
blink.mojom.LCPCriticalPathPredictorHost.NotifyFetchedFont	NotifyFetchedFont	1484733250	1045382241	636508536
blink.mojom.LCPCriticalPathPredictorHost.NotifyFetchedSubresource	NotifyFetchedSubresource	1080880485	559410225	2056318278
blink.mojom.LCPCriticalPathPredictorHost.OnLcpTimingPredictedForTesting	OnLcpTimingPredictedForTesting	555484156	1280754494	1786016468
blink.mojom.LCPCriticalPathPredictorHost.OnLcpUpdated	OnLcpUpdated	1189232220	199829040	50214988
blink.mojom.LCPCriticalPathPredictorHost.SetLcpInfluencerScriptUrls	SetLcpInfluencerScriptUrls	452583898	977384266	1102116938
blink.mojom.LCPCriticalPathPredictorHost.SetUnusedPreloads	SetUnusedPreloads	643710091	969731569	129468364
blink.mojom.LeakDetector.PerformLeakDetection	PerformLeakDetection	1032523146	490937153	1336853872
blink.mojom.LocalFrame.AddMessageToConsole	AddMessageToConsole	291418147	1942895598	1823749900
blink.mojom.LocalFrame.AddResourceTimingEntryForFailedSubframeNavigation	AddResourceTimingEntryForFailedSubframeNavigation	1019741417	875807009	752704889
blink.mojom.LocalFrame.AdvanceFocusForIME	AdvanceFocusForIME	1222349899	511989737	400321148
blink.mojom.LocalFrame.AdvanceFocusInFrame	AdvanceFocusInFrame	1012495233	374680425	346756689
blink.mojom.LocalFrame.BeforeUnload	BeforeUnload	1339738217	671827424	1757156725
blink.mojom.LocalFrame.BindDevToolsAgent	BindDevToolsAgent	1261647865	1310396125	1587422450
blink.mojom.LocalFrame.BindReportingObserver	BindReportingObserver	49292752	438037650	1836208687
blink.mojom.LocalFrame.CheckCompleted	CheckCompleted	919377898	897630551	124656618
blink.mojom.LocalFrame.ClearFocusedElement	ClearFocusedElement	746975689	1138806490	960714330
blink.mojom.LocalFrame.Collapse	Collapse	2082208988	1585752657	260796391
blink.mojom.LocalFrame.CopyImageAt	CopyImageAt	102937362	385690735	1410231788
blink.mojom.LocalFrame.DidUpdateFramePolicy	DidUpdateFramePolicy	1773961000	16481745	831065738
blink.mojom.LocalFrame.DispatchNavigateEventForCrossDocumentTraversal	DispatchNavigateEventForCrossDocumentTraversal	212443680	1037608503	121213427
blink.mojom.LocalFrame.DispatchPageSwap	DispatchPageSwap	371156795	1340108464	498042476
blink.mojom.LocalFrame.EnableViewSourceMode	EnableViewSourceMode	498090541	1125676954	501419148
blink.mojom.LocalFrame.Focus	Focus	2017476539	1809482396	53387278
blink.mojom.LocalFrame.GetCanonicalUrlForSharing	GetCanonicalUrlForSharing	320356269	1114858758	1174961576
blink.mojom.LocalFrame.GetOpenGraphMetadata	GetOpenGraphMetadata	1850690526	1727454421	689283831
blink.mojom.LocalFrame.GetSavableResourceLinks	GetSavableResourceLinks	852441286	1675042340	1843070075
blink.mojom.LocalFrame.GetScrollPosition	GetScrollPosition	1762862633	304589394	1278753790
blink.mojom.LocalFrame.GetTextSurroundingSelection	GetTextSurroundingSelection	1837247234	997861894	2074658597
blink.mojom.LocalFrame.HandleRendererDebugURL	HandleRendererDebugURL	1075484810	1413668112	144517217
blink.mojom.LocalFrame.InvokeScriptToolForInspector	InvokeScriptToolForInspector	1787105478	987830170	1894416304
blink.mojom.LocalFrame.JavaScriptExecuteRequest	JavaScriptExecuteRequest	1248042408	1895990700	2027016329
blink.mojom.LocalFrame.JavaScriptExecuteRequestForTests	JavaScriptExecuteRequestForTests	1359529408	284707079	1077136575
blink.mojom.LocalFrame.JavaScriptExecuteRequestInIsolatedWorld	JavaScriptExecuteRequestInIsolatedWorld	1727370888	118396588	1704216592
blink.mojom.LocalFrame.JavaScriptMethodExecuteRequest	JavaScriptMethodExecuteRequest	343849047	1162208706	1881912203
blink.mojom.LocalFrame.MediaPlayerActionAt	MediaPlayerActionAt	224070329	1271657348	775411855
blink.mojom.LocalFrame.MixedContentFound	MixedContentFound	1376717163	661145512	368881484
blink.mojom.LocalFrame.NotifyInspectorOfCrossDocumentScriptToolResult	NotifyInspectorOfCrossDocumentScriptToolResult	161453237	956636071	357029560
blink.mojom.LocalFrame.NotifyNavigationApiOfDisposedEntries	NotifyNavigationApiOfDisposedEntries	2087887406	523049367	1210300911
blink.mojom.LocalFrame.NotifyUserActivation	NotifyUserActivation	443749431	1366202153	1894677903
blink.mojom.LocalFrame.NotifyViewTransitionAbortedToOldDocument	NotifyViewTransitionAbortedToOldDocument	1392004622	140771175	797449421
blink.mojom.LocalFrame.NotifyVirtualKeyboardOverlayRect	NotifyVirtualKeyboardOverlayRect	551301618	752549763	1302135245
blink.mojom.LocalFrame.PluginActionAt	PluginActionAt	1098958417	1448093622	1006473214
blink.mojom.LocalFrame.PostMessageEvent	PostMessageEvent	1162694928	426234134	1187780617
blink.mojom.LocalFrame.RenderFallbackContent	RenderFallbackContent	1502400922	920665483	1710211687
blink.mojom.LocalFrame.ReportBlinkFeatureUsage	ReportBlinkFeatureUsage	1020054600	1255688615	1776577773
blink.mojom.LocalFrame.ReportContentSecurityPolicyViolation	ReportContentSecurityPolicyViolation	1436440075	2012602762	938071873
blink.mojom.LocalFrame.RequestVideoFrameAtWithBoundsHint	RequestVideoFrameAtWithBoundsHint	1168779231	195015023	390740791
blink.mojom.LocalFrame.SaveImageAt	SaveImageAt	942052302	764821747	1532175785
blink.mojom.LocalFrame.SendInterventionReport	SendInterventionReport	770732230	1068216755	1759810412
blink.mojom.LocalFrame.SetFrameOwnerProperties	SetFrameOwnerProperties	1493246112	1874742485	1742502357
blink.mojom.LocalFrame.SetNavigationApiHistoryEntriesForRestore	SetNavigationApiHistoryEntriesForRestore	1659856346	1611706149	1691628156
blink.mojom.LocalFrame.ShowInterestInElement	ShowInterestInElement	2117390707	302830890	1185254972
blink.mojom.LocalFrame.SnapshotDocumentForViewTransition	SnapshotDocumentForViewTransition	2037537357	210998095	928107652
blink.mojom.LocalFrame.StopLoading	StopLoading	984808675	386811984	300150511
blink.mojom.LocalFrame.SwapInImmediately	SwapInImmediately	248543133	2088909702	460699776
blink.mojom.LocalFrame.TraverseCancelled	TraverseCancelled	893436940	1399408778	1515815203
blink.mojom.LocalFrame.UpdateChildFrameToVideoAd	UpdateChildFrameToVideoAd	1780790266	1614111500	1449504952
blink.mojom.LocalFrame.UpdateOpener	UpdateOpener	1430232643	2123905728	1041481624
blink.mojom.LocalFrame.UpdatePrerenderURL	UpdatePrerenderURL	1558454100	893872314	548325508
blink.mojom.LocalFrameHost.BubbleLogicalScrollInParentFrame	BubbleLogicalScrollInParentFrame	77775869	2016902025	245494840
blink.mojom.LocalFrameHost.CapturePaintPreviewOfSubframe	CapturePaintPreviewOfSubframe	974065815	1582287967	205932369
blink.mojom.LocalFrameHost.CreateFencedFrame	CreateFencedFrame	1876582931	720719112	1754197643
blink.mojom.LocalFrameHost.CreateNewPopupWidget	CreateNewPopupWidget	1333788357	1742765499	1747318922
blink.mojom.LocalFrameHost.Detach	Detach	222310288	1340240311	2088198150
blink.mojom.LocalFrameHost.DidAddMessageToConsole	DidAddMessageToConsole	772084152	2117903689	1244277222
blink.mojom.LocalFrameHost.DidBlockNavigation	DidBlockNavigation	413968953	2123012008	1884645783
blink.mojom.LocalFrameHost.DidCallFocus	DidCallFocus	481000244	170669731	2113424170
blink.mojom.LocalFrameHost.DidChangeFrameOwnerProperties	DidChangeFrameOwnerProperties	304946943	1679559661	255431209
blink.mojom.LocalFrameHost.DidChangeFramePolicy	DidChangeFramePolicy	50652441	845004439	577378613
blink.mojom.LocalFrameHost.DidChangeIframeAttributes	DidChangeIframeAttributes	125136367	1639403577	1363544137
blink.mojom.LocalFrameHost.DidChangeLoadProgress	DidChangeLoadProgress	1803780889	575365563	1513789845
blink.mojom.LocalFrameHost.DidChangeOpener	DidChangeOpener	195090081	991685579	172079089
blink.mojom.LocalFrameHost.DidChangeSrcDoc	DidChangeSrcDoc	734212820	1879440489	1080384242
blink.mojom.LocalFrameHost.DidConsumeHistoryUserActivation	DidConsumeHistoryUserActivation	1411099751	357743198	1115489475
blink.mojom.LocalFrameHost.DidContainInsecureFormAction	DidContainInsecureFormAction	961555586	2034059653	1510531815
blink.mojom.LocalFrameHost.DidDispatchDOMContentLoadedEvent	DidDispatchDOMContentLoadedEvent	2102533586	1386881869	1734956877
blink.mojom.LocalFrameHost.DidDisplayInsecureContent	DidDisplayInsecureContent	1390796055	252101726	1942356918
blink.mojom.LocalFrameHost.DidFailLoadWithError	DidFailLoadWithError	1328045998	140404078	20070071
blink.mojom.LocalFrameHost.DidFinishLoad	DidFinishLoad	1306024977	2108671999	75835573
blink.mojom.LocalFrameHost.DidFocusFrame	DidFocusFrame	1955795139	268358018	1592923622
blink.mojom.LocalFrameHost.DidInferColorScheme	DidInferColorScheme	191566248	1646483137	112256307
blink.mojom.LocalFrameHost.DidLoadResourceFromMemoryCache	DidLoadResourceFromMemoryCache	1049080377	1294942967	629513722
blink.mojom.LocalFrameHost.DispatchLoad	DispatchLoad	1003135171	1755508018	1687967917
blink.mojom.LocalFrameHost.DocumentOnLoadCompleted	DocumentOnLoadCompleted	1345172708	1856314363	1688170125
blink.mojom.LocalFrameHost.DownloadURL	DownloadURL	1113987476	546572591	1380267638
blink.mojom.LocalFrameHost.EnforceInsecureNavigationsSet	EnforceInsecureNavigationsSet	394055292	1141772899	498455284
blink.mojom.LocalFrameHost.EnforceInsecureRequestPolicy	EnforceInsecureRequestPolicy	1427101824	974712001	1481259600
blink.mojom.LocalFrameHost.EnterFullscreen	EnterFullscreen	557934302	1296514951	591283475
blink.mojom.LocalFrameHost.ExitFullscreen	ExitFullscreen	415098498	1346700317	2108489862
blink.mojom.LocalFrameHost.FocusedElementChanged	FocusedElementChanged	1059931228	172719662	1665390555
blink.mojom.LocalFrameHost.ForwardResourceTimingToParent	ForwardResourceTimingToParent	851069973	1099981167	199770216
blink.mojom.LocalFrameHost.FrameSizeChanged	FrameSizeChanged	47426641	1549284867	894792156
blink.mojom.LocalFrameHost.FullscreenStateChanged	FullscreenStateChanged	1888698011	1941341991	1627629870
blink.mojom.LocalFrameHost.GetKeepAliveHandleFactory	GetKeepAliveHandleFactory	641710173	764375911	1290232620
blink.mojom.LocalFrameHost.GoToEntryAtOffset	GoToEntryAtOffset	214883638	998214633	833521866
blink.mojom.LocalFrameHost.HadStickyUserActivationBeforeNavigationChanged	HadStickyUserActivationBeforeNavigationChanged	15354161	845731316	2120197991
blink.mojom.LocalFrameHost.HandleAccessibilityFindInPageResult	HandleAccessibilityFindInPageResult	2053470551	1158802420	179257024
blink.mojom.LocalFrameHost.HandleAccessibilityFindInPageTermination	HandleAccessibilityFindInPageTermination	1031151254	845580209	1751402304
blink.mojom.LocalFrameHost.InitializeCrashReportContext	InitializeCrashReportContext	2080439983	524040198	1084485776
blink.mojom.LocalFrameHost.IssueKeepAliveHandle	IssueKeepAliveHandle	1558417710	335619621	1472062877
blink.mojom.LocalFrameHost.MainDocumentElementAvailable	MainDocumentElementAvailable	1010430312	1760297519	1009817147
blink.mojom.LocalFrameHost.NavigateEventHandlerPresenceChanged	NavigateEventHandlerPresenceChanged	113763097	1937961372	532721157
blink.mojom.LocalFrameHost.NavigateToNavigationApiKey	NavigateToNavigationApiKey	1914822120	982133836	697366327
blink.mojom.LocalFrameHost.NotifyDocumentInteractive	NotifyDocumentInteractive	1226185947	1068910690	1212285403
blink.mojom.LocalFrameHost.NotifyStorageAccessed	NotifyStorageAccessed	1093621532	474069630	1848789174
blink.mojom.LocalFrameHost.OnViewTransitionOptInChanged	OnViewTransitionOptInChanged	800456134	1517213292	1185879317
blink.mojom.LocalFrameHost.ReceivedDelegatedCapability	ReceivedDelegatedCapability	1521757129	2342100	1014693151
blink.mojom.LocalFrameHost.RecordWindowProxyUsageMetrics	RecordWindowProxyUsageMetrics	12879638	731080347	931612225
blink.mojom.LocalFrameHost.RegisterProtocolHandler	RegisterProtocolHandler	203359678	1644344803	1048343641
blink.mojom.LocalFrameHost.RequestUnboundedSurface	RequestUnboundedSurface	1941683081	115750402	1467066217
blink.mojom.LocalFrameHost.RunBeforeUnloadConfirm	RunBeforeUnloadConfirm	153802296	1125838291	465453814
blink.mojom.LocalFrameHost.RunModalAlertDialog	RunModalAlertDialog	1698944867	2012335676	589361670
blink.mojom.LocalFrameHost.RunModalConfirmDialog	RunModalConfirmDialog	1980383013	1857257006	1405638564
blink.mojom.LocalFrameHost.RunModalPromptDialog	RunModalPromptDialog	387033593	91178222	1007341701
blink.mojom.LocalFrameHost.ScrollRectToVisibleInParentFrame	ScrollRectToVisibleInParentFrame	29687657	872234045	1784199364
blink.mojom.LocalFrameHost.SendFencedFrameReportingBeacon	SendFencedFrameReportingBeacon	883277757	1088065484	675643027
blink.mojom.LocalFrameHost.SendFencedFrameReportingBeaconToCustomURL	SendFencedFrameReportingBeaconToCustomURL	1436878990	678851424	825924847
blink.mojom.LocalFrameHost.SendLegacyTechEvent	SendLegacyTechEvent	2096652006	1308388772	91081187
blink.mojom.LocalFrameHost.SetCloseListener	SetCloseListener	1608351801	1955623686	867502704
blink.mojom.LocalFrameHost.SetFencedFrameAutomaticBeaconReportEventData	SetFencedFrameAutomaticBeaconReportEventData	1090140732	2039556854	1553396083
blink.mojom.LocalFrameHost.SetNeedsOcclusionTracking	SetNeedsOcclusionTracking	1561073366	1422961069	207732233
blink.mojom.LocalFrameHost.SetVirtualKeyboardMode	SetVirtualKeyboardMode	1252815530	174382649	299459256
blink.mojom.LocalFrameHost.ShowCaptionSettings	ShowCaptionSettings	558062459	1543978394	74818047
blink.mojom.LocalFrameHost.ShowContextMenu	ShowContextMenu	162958950	190804184	2044184316
blink.mojom.LocalFrameHost.ShowPopupMenu	ShowPopupMenu	1559837145	1466616171	29467247
blink.mojom.LocalFrameHost.StartDragging	StartDragging	944490964	75409444	1107426181
blink.mojom.LocalFrameHost.StartLoadingForAsyncNavigationApiCommit	StartLoadingForAsyncNavigationApiCommit	1740395755	1131878218	590639460
blink.mojom.LocalFrameHost.SuddenTerminationDisablerChanged	SuddenTerminationDisablerChanged	945233852	192268697	53136866
blink.mojom.LocalFrameHost.TextSelectionChanged	TextSelectionChanged	389007606	46604341	1960423866
blink.mojom.LocalFrameHost.UnregisterProtocolHandler	UnregisterProtocolHandler	1732981565	2129681382	1805889807
blink.mojom.LocalFrameHost.UpdateApplicationTitle	UpdateApplicationTitle	1829774822	1306255955	1878660647
blink.mojom.LocalFrameHost.UpdateFaviconURL	UpdateFaviconURL	1311582013	1700138961	1376057571
blink.mojom.LocalFrameHost.UpdateTitle	UpdateTitle	760887064	426483046	1426807751
blink.mojom.LocalFrameHost.UpdateToVideoAdFrame	UpdateToVideoAdFrame	842202144	690903855	1042451550
blink.mojom.LocalFrameHost.UpdateUserActivationState	UpdateUserActivationState	246745558	2059112775	1539512082
blink.mojom.LocalFrameHost.VisibilityChanged	VisibilityChanged	159499963	1229814148	1860663688
blink.mojom.LocalMainFrame.AnimateDoubleTapZoom	AnimateDoubleTapZoom	1419721401	1945449911	352307538
blink.mojom.LocalMainFrame.ClosePage	ClosePage	20472370	222191716	153303356
blink.mojom.LocalMainFrame.Discard	Discard	998580961	1043299485	199959359
blink.mojom.LocalMainFrame.EnablePreferredSizeChangedMode	EnablePreferredSizeChangedMode	1918301617	559427439	1409857627
blink.mojom.LocalMainFrame.FinalizeNavigationConfidence	FinalizeNavigationConfidence	1955467797	919728985	363543379
blink.mojom.LocalMainFrame.GetFullPageSize	GetFullPageSize	1276499534	1837109847	984578542
blink.mojom.LocalMainFrame.InstallCoopAccessMonitor	InstallCoopAccessMonitor	1363129747	1692454365	1003418458
blink.mojom.LocalMainFrame.NotifyRelatedPagesFinalized	NotifyRelatedPagesFinalized	410717569	1628723981	802747806
blink.mojom.LocalMainFrame.SetInitialFocus	SetInitialFocus	841287143	1925838263	1965898620
blink.mojom.LocalMainFrame.SetScaleFactor	SetScaleFactor	716515374	1289210702	846734821
blink.mojom.LocalMainFrame.SetV8CompileHints	SetV8CompileHints	1073629930	162119898	1543748224
blink.mojom.LocalMainFrame.UpdateBrowserControlsState	UpdateBrowserControlsState	1673122987	1316696427	160960181
blink.mojom.LocalMainFrame.ZoomToFindInPageRect	ZoomToFindInPageRect	2106102840	407634834	2022296892
blink.mojom.LocalMainFrameHost.ContentsPreferredSizeChanged	ContentsPreferredSizeChanged	502052643	696765422	1711376600
blink.mojom.LocalMainFrameHost.DidAccessInitialMainDocument	DidAccessInitialMainDocument	83303426	596563644	1951760791
blink.mojom.LocalMainFrameHost.DidChangeBackgroundColor	DidChangeBackgroundColor	239566509	928428621	1086245909
blink.mojom.LocalMainFrameHost.DidChangeThemeColor	DidChangeThemeColor	1692800956	2112075749	917244306
blink.mojom.LocalMainFrameHost.DidFirstVisuallyNonEmptyPaint	DidFirstVisuallyNonEmptyPaint	605453497	1549677703	683085987
blink.mojom.LocalMainFrameHost.DraggableRegionsChanged	DraggableRegionsChanged	298685127	1695180416	744663982
blink.mojom.LocalMainFrameHost.FocusPage	FocusPage	438425206	1270061378	1895893428
blink.mojom.LocalMainFrameHost.Maximize	Maximize	76618607	238113003	137396755
blink.mojom.LocalMainFrameHost.Minimize	Minimize	1181744245	118161909	1897224899
blink.mojom.LocalMainFrameHost.MoveWindowTo	MoveWindowTo	1331077365	686436181	1805352217
blink.mojom.LocalMainFrameHost.OnFirstContentfulPaint	OnFirstContentfulPaint	334306556	1473159405	121160271
blink.mojom.LocalMainFrameHost.OnLargestContentfulPaint	OnLargestContentfulPaint	1044775798	1336740171	1514097068
blink.mojom.LocalMainFrameHost.RequestClose	RequestClose	151942796	1066847450	1117461158
blink.mojom.LocalMainFrameHost.ResizeWindowTo	ResizeWindowTo	178197798	1623719519	205072714
blink.mojom.LocalMainFrameHost.Restore	Restore	1244740061	2007776795	467847368
blink.mojom.LocalMainFrameHost.ScaleFactorChanged	ScaleFactorChanged	1015162892	863793602	144014023
blink.mojom.LocalMainFrameHost.SetResizable	SetResizable	112996230	1688961000	640685304
blink.mojom.LocalMainFrameHost.SetWindowRect	SetWindowRect	935841957	2058131675	485767441
blink.mojom.LocalMainFrameHost.TakeFocus	TakeFocus	1729809212	649676628	2123895210
blink.mojom.LocalMainFrameHost.UpdateTargetURL	UpdateTargetURL	668254536	433593419	1932988626
blink.mojom.LockManager.QueryState	QueryState	1389976114	2138312801	1124330835
blink.mojom.LockManager.RequestLock	RequestLock	1833850973	1456011656	974375870
blink.mojom.LockRequest.Failed	Failed	458631918	1044719817	648933783
blink.mojom.LockRequest.Granted	Granted	132395970	51970001	980051274
blink.mojom.LockScreenService.GetKeys	GetKeys	1696472675	63636722	1624830653
blink.mojom.LockScreenService.SetData	SetData	174524903	461732041	528639730
blink.mojom.ManagedConfigurationObserver.OnConfigurationChanged	OnConfigurationChanged	1252097892	1857968944	528912657
blink.mojom.ManagedConfigurationService.GetManagedConfiguration	GetManagedConfiguration	2055008760	1838915254	1823421649
blink.mojom.ManagedConfigurationService.SubscribeToManagedConfiguration	SubscribeToManagedConfiguration	463105239	396652885	1799249797
blink.mojom.ManifestManager.ParseManifestFromString	ParseManifestFromString	605717198	27837771	1880621594
blink.mojom.ManifestManager.RequestManifest	RequestManifest	1191467975	1032860943	5031788
blink.mojom.ManifestManager.RequestManifestAndErrors	RequestManifestAndErrors	251599011	1363181095	541855760
blink.mojom.ManifestManager.RequestManifestDebugInfo	RequestManifestDebugInfo	328413612	963983619	1594372621
blink.mojom.ManifestUrlChangeObserver.ManifestUrlChanged	ManifestUrlChanged	1589025331	1140797945	2057035073
blink.mojom.MediaDevicesDispatcherHost.AddMediaDevicesListener	AddMediaDevicesListener	331677699	2117396225	467421763
blink.mojom.MediaDevicesDispatcherHost.CloseFocusWindowOfOpportunity	CloseFocusWindowOfOpportunity	339164293	69846969	950831277
blink.mojom.MediaDevicesDispatcherHost.EnumerateDevices	EnumerateDevices	2009249362	733656785	644582017
blink.mojom.MediaDevicesDispatcherHost.GetAllVideoInputDeviceFormats	GetAllVideoInputDeviceFormats	741923627	1220873327	1151060857
blink.mojom.MediaDevicesDispatcherHost.GetAudioInputCapabilities	GetAudioInputCapabilities	946130315	1460016256	1182135097
blink.mojom.MediaDevicesDispatcherHost.GetAvailableVideoInputDeviceFormats	GetAvailableVideoInputDeviceFormats	1916735719	1159450019	812770227
blink.mojom.MediaDevicesDispatcherHost.GetVideoInputCapabilities	GetVideoInputCapabilities	1749738558	1301241464	1968708626
blink.mojom.MediaDevicesDispatcherHost.ProduceSubCaptureTargetId	ProduceSubCaptureTargetId	1282198751	198237799	1969724117
blink.mojom.MediaDevicesDispatcherHost.SelectAudioOutput	SelectAudioOutput	351687698	1482265519	1082092418
blink.mojom.MediaDevicesDispatcherHost.SetCaptureHandleConfig	SetCaptureHandleConfig	966262863	1390411907	957728797
blink.mojom.MediaDevicesDispatcherHost.SetPreferredSinkId	SetPreferredSinkId	1155954512	1579999178	92913723
blink.mojom.MediaDevicesListener.OnDevicesChanged	OnDevicesChanged	1357412929	931635212	482170806
blink.mojom.MediaSessionClient.DidReceiveAction	DidReceiveAction	693219401	770325577	1859237285
blink.mojom.MediaSessionService.DisableAction	DisableAction	930284177	1885576959	263159604
blink.mojom.MediaSessionService.EnableAction	EnableAction	870061254	385165286	1140733065
blink.mojom.MediaSessionService.SetCameraState	SetCameraState	1209708321	719927659	1771561643
blink.mojom.MediaSessionService.SetClient	SetClient	309516842	1825738269	1062115367
blink.mojom.MediaSessionService.SetMetadata	SetMetadata	193012672	1305845762	1856354235
blink.mojom.MediaSessionService.SetMicrophoneState	SetMicrophoneState	1697452718	426564453	1287692548
blink.mojom.MediaSessionService.SetPlaybackState	SetPlaybackState	1459985643	1468706068	1012944389
blink.mojom.MediaSessionService.SetPositionState	SetPositionState	2057020421	2051420451	1274218910
blink.mojom.MediaStreamDeviceObserver.OnDeviceCaptureConfigurationChange	OnDeviceCaptureConfigurationChange	1906380684	1655404473	1635403366
blink.mojom.MediaStreamDeviceObserver.OnDeviceCaptureHandleChange	OnDeviceCaptureHandleChange	1633097248	283858005	291899211
blink.mojom.MediaStreamDeviceObserver.OnDeviceChanged	OnDeviceChanged	833780760	49437614	828147602
blink.mojom.MediaStreamDeviceObserver.OnDeviceRequestStateChange	OnDeviceRequestStateChange	1126794374	1300616931	226363841
blink.mojom.MediaStreamDeviceObserver.OnDeviceStopped	OnDeviceStopped	1939019167	1715698402	179161221
blink.mojom.MediaStreamDeviceObserver.OnZoomLevelChange	OnZoomLevelChange	1530883123	1665138666	779246851
blink.mojom.MediaStreamDispatcherHost.ApplySubCaptureTarget	ApplySubCaptureTarget	754925104	1952531906	698390944
blink.mojom.MediaStreamDispatcherHost.CancelRequest	CancelRequest	1838683210	867138448	1649750884
blink.mojom.MediaStreamDispatcherHost.CloseDevice	CloseDevice	1361325537	170892996	1868589873
blink.mojom.MediaStreamDispatcherHost.FocusCapturedSurface	FocusCapturedSurface	34420850	86553191	945105422
blink.mojom.MediaStreamDispatcherHost.GenerateStreams	GenerateStreams	368345451	1050644736	258292465
blink.mojom.MediaStreamDispatcherHost.GetOpenDevice	GetOpenDevice	607360225	1108111853	2108860412
blink.mojom.MediaStreamDispatcherHost.KeepDeviceAliveForTransfer	KeepDeviceAliveForTransfer	132593213	2026518213	365353739
blink.mojom.MediaStreamDispatcherHost.OpenDevice	OpenDevice	682866515	1051998505	123548395
blink.mojom.MediaStreamDispatcherHost.RequestCapturedSurfaceControlPermission	RequestCapturedSurfaceControlPermission	1155633599	2018676258	2043388795
blink.mojom.MediaStreamDispatcherHost.SendWheel	SendWheel	678053208	217186877	381599842
blink.mojom.MediaStreamDispatcherHost.SetCapturingLinkSecured	SetCapturingLinkSecured	859458163	757004452	121290291
blink.mojom.MediaStreamDispatcherHost.StopStreamDevice	StopStreamDevice	1942393263	1937818224	968957920
blink.mojom.MediaStreamDispatcherHost.UpdateZoomLevel	UpdateZoomLevel	890218167	1371472474	1895681722
blink.mojom.MediaStreamTrackMetricsHost.AddTrack	AddTrack	221242835	488889158	244998899
blink.mojom.MediaStreamTrackMetricsHost.RemoveTrack	RemoveTrack	1534603702	1907734997	846674169
blink.mojom.MemoryUsageMonitorLinux.SetProcFiles	SetProcFiles	849380148	1313880177	1071330652
blink.mojom.MetaTagsObserver.OnMetaTagsChanged	OnMetaTagsChanged	1432785722	356327184	1528462994
blink.mojom.MimeRegistry.GetMimeTypeFromExtension	GetMimeTypeFromExtension	903470930	892470826	1151833179
blink.mojom.ModelContext.CancelScriptTool	CancelScriptTool	427227936	374354150	1712434062
blink.mojom.ModelContext.ExecuteScriptTool	ExecuteScriptTool	480728553	211023199	1622384515
blink.mojom.ModelContext.NotifyToolChange	NotifyToolChange	717930380	1882167233	368316406
blink.mojom.ModelContextHost.BindModelContext	BindModelContext	659784276	499925487	169584134
blink.mojom.ModelContextHost.CancelRemoteScriptTool	CancelRemoteScriptTool	1051789398	1624806754	437398096
blink.mojom.ModelContextHost.ExecuteRemoteScriptTool	ExecuteRemoteScriptTool	585241719	1207307550	918054821
blink.mojom.ModelContextHost.GetScriptTools	GetScriptTools	1235074547	286598140	196472217
blink.mojom.ModelContextHost.RegisterScriptTool	RegisterScriptTool	456497513	1003083714	1162819506
blink.mojom.ModelContextHost.UnregisterScriptTool	UnregisterScriptTool	1582939968	106680964	1101856595
blink.mojom.ModelStreamingResponder.OnCompletion	OnCompletion	408264688	1503429040	1724135681
blink.mojom.ModelStreamingResponder.OnContextOverflow	OnContextOverflow	1704154089	155628735	621471195
blink.mojom.ModelStreamingResponder.OnError	OnError	1669973012	1266539199	2114331194
blink.mojom.ModelStreamingResponder.OnStreaming	OnStreaming	2036315242	1996139685	953957563
blink.mojom.ModelStreamingResponder.OnToolCalls	OnToolCalls	1569524231	1630194801	242356473
blink.mojom.NavigationResumeDeferredCommitListener.ResumeDeferredCommit	ResumeDeferredCommit	33263762	1741563582	457200841
blink.mojom.NoStatePrefetchProcessor.Cancel	Cancel	1287471363	523467687	825934873
blink.mojom.NoStatePrefetchProcessor.Start	Start	1284713943	43137184	727809221
blink.mojom.NonAssociatedLocalFrameHost.MaybeStartOutermostMainFrameNavigation	MaybeStartOutermostMainFrameNavigation	976992797	1135737729	2099316900
blink.mojom.NonPersistentNotificationListener.OnClick	OnClick	1194322686	1959187168	1799384425
blink.mojom.NonPersistentNotificationListener.OnClose	OnClose	1194028290	2087906500	1224521658
blink.mojom.NonPersistentNotificationListener.OnShow	OnShow	1346923829	491773291	1395911997
blink.mojom.NotificationService.CloseNonPersistentNotification	CloseNonPersistentNotification	989004454	904624004	125234404
blink.mojom.NotificationService.ClosePersistentNotification	ClosePersistentNotification	972104645	1886479717	993691354
blink.mojom.NotificationService.DisplayNonPersistentNotification	DisplayNonPersistentNotification	1617324516	1522147246	16159087
blink.mojom.NotificationService.DisplayPersistentNotification	DisplayPersistentNotification	1809350579	123853881	549297960
blink.mojom.NotificationService.GetNotifications	GetNotifications	2006931489	1638247229	812067162
blink.mojom.NotificationService.GetPermissionStatus	GetPermissionStatus	932883624	922036477	2086377446
blink.mojom.OneShotBackgroundSyncService.DidResolveRegistration	DidResolveRegistration	102429835	1292167753	1311150194
blink.mojom.OneShotBackgroundSyncService.GetRegistrations	GetRegistrations	593322895	697708615	1503169914
blink.mojom.OneShotBackgroundSyncService.Register	Register	2030014310	2062643389	387404716
blink.mojom.OomIntervention.StartDetection	StartDetection	2094678004	720373260	1802826271
blink.mojom.OomInterventionHost.OnHighMemoryUsage	OnHighMemoryUsage	1886322720	1427109949	2035104031
blink.mojom.OriginTrialStateHost.ApplyFeatureDiffForOriginTrial	ApplyFeatureDiffForOriginTrial	74813735	1373292928	913189051
blink.mojom.OriginTrialStateHost.EnablePersistentTrial	EnablePersistentTrial	1985946105	1303249255	1334549866
blink.mojom.PageBroadcast.ActivatePrerenderedPage	ActivatePrerenderedPage	1949759407	621854917	812771911
blink.mojom.PageBroadcast.AudioStateChanged	AudioStateChanged	2104225704	1889472493	164079657
blink.mojom.PageBroadcast.CreateRemoteMainFrame	CreateRemoteMainFrame	1371865863	957433118	1319062494
blink.mojom.PageBroadcast.SetHistoryIndexAndLength	SetHistoryIndexAndLength	913359110	397703911	499956718
blink.mojom.PageBroadcast.SetPageBaseBackgroundColor	SetPageBaseBackgroundColor	16208850	1424119666	391828084
blink.mojom.PageBroadcast.SetPageLifecycleState	SetPageLifecycleState	838392837	531836528	186760381
blink.mojom.PageBroadcast.SetSupportsDraggableRegions	SetSupportsDraggableRegions	411380503	1020054772	1925227377
blink.mojom.PageBroadcast.UpdateColorProviders	UpdateColorProviders	763642091	2086806231	1086221838
blink.mojom.PageBroadcast.UpdatePageBrowsingContextGroup	UpdatePageBrowsingContextGroup	1355837806	2126047164	996829266
blink.mojom.PageBroadcast.UpdateRendererPreferences	UpdateRendererPreferences	2138955263	1754424976	213747514
blink.mojom.PageBroadcast.UpdateWebPreferences	UpdateWebPreferences	295767990	902121580	1298574501
blink.mojom.PageBroadcast.UpgradePrerenderUntilScriptToFullPrerender	UpgradePrerenderUntilScriptToFullPrerender	706548654	2017415475	211971676
blink.mojom.PaidContentMetadataObserver.OnPaidContentMetadataChanged	OnPaidContentMetadataChanged	2058714852	1208996931	1995800642
blink.mojom.PeerConnectionManager.GetCurrentState	GetCurrentState	986398601	1392735775	792271645
blink.mojom.PeerConnectionManager.GetStandardStats	GetStandardStats	2085460189	717020809	235587907
blink.mojom.PeerConnectionManager.OnSuspend	OnSuspend	2026920034	1445441490	1193949033
blink.mojom.PeerConnectionManager.OnThermalStateChange	OnThermalStateChange	899234522	1646140395	1836425937
blink.mojom.PeerConnectionManager.StartDataChannelLog	StartDataChannelLog	1587338146	1177335216	391592381
blink.mojom.PeerConnectionManager.StartEventLog	StartEventLog	81125189	1883877671	1569468239
blink.mojom.PeerConnectionManager.StopDataChannelLog	StopDataChannelLog	130192268	1652912424	2094607319
blink.mojom.PeerConnectionManager.StopEventLog	StopEventLog	166332075	497858191	359713574
blink.mojom.PeerConnectionTrackerHost.AddPeerConnection	AddPeerConnection	1306098026	957028468	551651394
blink.mojom.PeerConnectionTrackerHost.AddStandardStats	AddStandardStats	644246306	1221956692	1040267825
blink.mojom.PeerConnectionTrackerHost.GetDisplayMedia	GetDisplayMedia	835742661	418431514	1178736540
blink.mojom.PeerConnectionTrackerHost.GetDisplayMediaFailure	GetDisplayMediaFailure	1159703997	596057346	1580426687
blink.mojom.PeerConnectionTrackerHost.GetDisplayMediaSuccess	GetDisplayMediaSuccess	247013718	1581386822	930840106
blink.mojom.PeerConnectionTrackerHost.GetUserMedia	GetUserMedia	1042887058	822349509	1674002423
blink.mojom.PeerConnectionTrackerHost.GetUserMediaFailure	GetUserMediaFailure	1812110644	1692527911	115327697
blink.mojom.PeerConnectionTrackerHost.GetUserMediaSuccess	GetUserMediaSuccess	134283323	1629074697	719238420
blink.mojom.PeerConnectionTrackerHost.OnPeerConnectionSessionIdSet	OnPeerConnectionSessionIdSet	176785799	1709671515	496417114
blink.mojom.PeerConnectionTrackerHost.RemovePeerConnection	RemovePeerConnection	945635537	1186423284	600190738
blink.mojom.PeerConnectionTrackerHost.UpdatePeerConnection	UpdatePeerConnection	189315614	1596233525	1562513344
blink.mojom.PeerConnectionTrackerHost.WebRtcDataChannelLogWrite	WebRtcDataChannelLogWrite	813906452	957679454	1834918378
blink.mojom.PeerConnectionTrackerHost.WebRtcEventLogWrite	WebRtcEventLogWrite	288707749	374259769	2130612723
blink.mojom.PeriodicBackgroundSyncService.GetRegistrations	GetRegistrations	593322895	1326962158	227796146
blink.mojom.PeriodicBackgroundSyncService.Register	Register	2030014310	493378174	40758138
blink.mojom.PeriodicBackgroundSyncService.Unregister	Unregister	2144122403	1565544541	669494666
blink.mojom.PermissionObserver.OnPermissionStatusChange	OnPermissionStatusChange	1379406929	231816727	1558061778
blink.mojom.PermissionService.AddPageEmbeddedPermissionObserver	AddPageEmbeddedPermissionObserver	1500680442	1065085905	1398819754
blink.mojom.PermissionService.AddPermissionObserver	AddPermissionObserver	625071493	1622260918	2106934064
blink.mojom.PermissionService.HasPermission	HasPermission	1659483630	280607216	132116717
blink.mojom.PermissionService.NotifyEventListener	NotifyEventListener	681293102	1005389107	1045190166
blink.mojom.PermissionService.RegisterPageEmbeddedPermissionControl	RegisterPageEmbeddedPermissionControl	252161979	1490938215	235079412
blink.mojom.PermissionService.RequestPageEmbeddedPermission	RequestPageEmbeddedPermission	160591858	1742516055	703274536
blink.mojom.PermissionService.RequestPermission	RequestPermission	1945663549	550170427	1607918172
blink.mojom.PermissionService.RequestPermissions	RequestPermissions	1294289012	1380169266	738901878
blink.mojom.PermissionService.RevokePermission	RevokePermission	322766326	797800000	8732522
blink.mojom.PersistentRendererPrefsService.SetViewSourceLineWrapping	SetViewSourceLineWrapping	2051548521	2090662977	384515722
blink.mojom.PictureInPictureService.StartSession	StartSession	797977277	954575039	1784189669
blink.mojom.PictureInPictureSession.Stop	Stop	294650813	1170965929	1720464562
blink.mojom.PictureInPictureSession.Update	Update	379933338	1428542438	487069203
blink.mojom.PictureInPictureSession.UpdateMediaPosition	UpdateMediaPosition	278986771	1061864734	598300570
blink.mojom.PictureInPictureSessionObserver.OnStopped	OnStopped	1378010093	952460061	228086835
blink.mojom.PictureInPictureSessionObserver.OnWindowSizeChanged	OnWindowSizeChanged	1056711735	1018936050	247564737
blink.mojom.PluginRegistry.GetPlugins	GetPlugins	346131741	839828975	456792275
blink.mojom.PointerLockContext.RequestMouseLockChange	RequestMouseLockChange	202127436	1995570670	1820957066
blink.mojom.PolicyContainerHost.AddContentSecurityPolicies	AddContentSecurityPolicies	977804413	1781095648	1736882146
blink.mojom.PolicyContainerHost.SetReferrerPolicy	SetReferrerPolicy	1584747752	439055456	1765929749
blink.mojom.PopupMenuClient.DidAcceptIndices	DidAcceptIndices	1664278099	2139067451	883053962
blink.mojom.PopupMenuClient.DidCancel	DidCancel	648534738	638781239	842476015
blink.mojom.PopupWidgetHost.RequestClosePopup	RequestClosePopup	500370874	561755765	193194783
blink.mojom.PopupWidgetHost.SetPopupBounds	SetPopupBounds	1194074784	1577418451	983701104
blink.mojom.PopupWidgetHost.ShowPopup	ShowPopup	150006956	645656075	206825047
blink.mojom.PresentationConnection.DidChangeState	DidChangeState	633313539	134653894	716650491
blink.mojom.PresentationConnection.DidClose	DidClose	1084973080	1275095748	1574307069
blink.mojom.PresentationConnection.OnMessage	OnMessage	1164768219	1158176152	2097798776
blink.mojom.PresentationController.OnConnectionClosed	OnConnectionClosed	567415278	1382604508	416459983
blink.mojom.PresentationController.OnConnectionStateChanged	OnConnectionStateChanged	354192515	1316383547	242012560
blink.mojom.PresentationController.OnDefaultPresentationStarted	OnDefaultPresentationStarted	515299428	824412845	2056067487
blink.mojom.PresentationController.OnScreenAvailabilityUpdated	OnScreenAvailabilityUpdated	2087242716	1268999840	2094538152
blink.mojom.PresentationReceiver.OnReceiverConnectionAvailable	OnReceiverConnectionAvailable	1362921850	600277304	769850356
blink.mojom.PresentationService.CloseConnection	CloseConnection	17916963	2068644915	1275102355
blink.mojom.PresentationService.ListenForScreenAvailability	ListenForScreenAvailability	1918774196	1515127495	98677596
blink.mojom.PresentationService.ReconnectPresentation	ReconnectPresentation	310794596	54757454	1210411354
blink.mojom.PresentationService.SetController	SetController	1864913435	1086510105	1814161272
blink.mojom.PresentationService.SetDefaultPresentationUrls	SetDefaultPresentationUrls	1437438832	18141176	1107549854
blink.mojom.PresentationService.SetReceiver	SetReceiver	427000272	1460708409	1339164934
blink.mojom.PresentationService.StartPresentation	StartPresentation	1731035891	618178208	1173084940
blink.mojom.PresentationService.StopListeningForScreenAvailability	StopListeningForScreenAvailability	2101939732	444085425	720922635
blink.mojom.PresentationService.Terminate	Terminate	1112596158	176328398	242148234
blink.mojom.ProgressClient.OnProgress	OnProgress	851729159	1394627902	1443340595
blink.mojom.PushMessaging.GetSubscription	GetSubscription	919057464	615864527	414092373
blink.mojom.PushMessaging.Subscribe	Subscribe	1612304635	190794782	1622058723
blink.mojom.PushMessaging.Unsubscribe	Unsubscribe	263899880	1966537871	183530084
blink.mojom.QuotaManagerHost.QueryStorageUsageAndQuota	QueryStorageUsageAndQuota	1575031990	258339631	1270097991
blink.mojom.RTCLoggingDispatcher.CancelDiagnosticLogging	CancelDiagnosticLogging	1181786649	373422347	303945921
blink.mojom.RTCLoggingDispatcher.FinishDiagnosticLogging	FinishDiagnosticLogging	1990069112	1622074555	1067851843
blink.mojom.RTCLoggingDispatcher.StartDiagnosticLogging	StartDiagnosticLogging	812000221	1374464551	3418553
blink.mojom.ReceivedSnapshotListener.DidReceiveSnapshotFile	DidReceiveSnapshotFile	344011301	430518907	1610112992
blink.mojom.RemoteFrame.AddResourceTimingFromChild	AddResourceTimingFromChild	51832238	2059511467	1626402060
blink.mojom.RemoteFrame.BubbleLogicalScroll	BubbleLogicalScroll	1474614127	30357712	206681109
blink.mojom.RemoteFrame.ChildProcessGone	ChildProcessGone	1537031113	2044137481	299349329
blink.mojom.RemoteFrame.Collapse	Collapse	2082208988	232530502	406229680
blink.mojom.RemoteFrame.CreateRemoteChild	CreateRemoteChild	613356575	1234063381	1336815820
blink.mojom.RemoteFrame.CreateRemoteChildren	CreateRemoteChildren	1572080310	1767784846	980081225
blink.mojom.RemoteFrame.DetachAndDispose	DetachAndDispose	1408510494	402689052	903384181
blink.mojom.RemoteFrame.DidSetFramePolicyHeaders	DidSetFramePolicyHeaders	994048369	191160651	1268748791
blink.mojom.RemoteFrame.DidStartLoading	DidStartLoading	1408112268	1623590148	1991773290
blink.mojom.RemoteFrame.DidStopLoading	DidStopLoading	1919859096	1230161254	20085204
blink.mojom.RemoteFrame.DidUpdateFramePolicy	DidUpdateFramePolicy	1773961000	1470789734	685461737
blink.mojom.RemoteFrame.DidUpdateVisualProperties	DidUpdateVisualProperties	1937814384	1300426057	1540521559
blink.mojom.RemoteFrame.DisableAutoResize	DisableAutoResize	1209534154	1947925310	1842687580
blink.mojom.RemoteFrame.DispatchLoadEventForFrameOwner	DispatchLoadEventForFrameOwner	1374066998	1368602168	730219933
blink.mojom.RemoteFrame.EnableAutoResize	EnableAutoResize	1569043533	1891440317	779636503
blink.mojom.RemoteFrame.EnforceInsecureNavigationsSet	EnforceInsecureNavigationsSet	394055292	469397390	1359103332
blink.mojom.RemoteFrame.EnforceInsecureRequestPolicy	EnforceInsecureRequestPolicy	1427101824	2130365884	518582941
blink.mojom.RemoteFrame.Focus	Focus	2017476539	1188323217	2069885499
blink.mojom.RemoteFrame.IntrinsicSizingInfoOfChildChanged	IntrinsicSizingInfoOfChildChanged	794362165	917478105	1596522692
blink.mojom.RemoteFrame.RenderFallbackContent	RenderFallbackContent	1502400922	2120848694	774870511
blink.mojom.RemoteFrame.ScrollRectToVisible	ScrollRectToVisible	1909398235	930599784	1950533790
blink.mojom.RemoteFrame.SetEmbeddingToken	SetEmbeddingToken	141094621	628601072	1479416451
blink.mojom.RemoteFrame.SetFrameOwnerProperties	SetFrameOwnerProperties	1493246112	1562530402	2124460203
blink.mojom.RemoteFrame.SetFrameSinkId	SetFrameSinkId	974533896	1667021303	938160983
blink.mojom.RemoteFrame.SetHadStickyUserActivationBeforeNavigation	SetHadStickyUserActivationBeforeNavigation	1071892109	611435177	2069693109
blink.mojom.RemoteFrame.SetNeedsOcclusionTracking	SetNeedsOcclusionTracking	1561073366	549481310	397892118
blink.mojom.RemoteFrame.SetPageFocus	SetPageFocus	1314220446	879593116	1099604589
blink.mojom.RemoteFrame.SetReplicatedAdFrameStatus	SetReplicatedAdFrameStatus	679279240	499935149	57937205
blink.mojom.RemoteFrame.SetReplicatedIsSecureContextRoot	SetReplicatedIsSecureContextRoot	1681818720	301818410	355321928
blink.mojom.RemoteFrame.SetReplicatedName	SetReplicatedName	38732273	674150801	479316276
blink.mojom.RemoteFrame.SetReplicatedOrigin	SetReplicatedOrigin	855642646	1532148668	343724366
blink.mojom.RemoteFrame.UpdateOpener	UpdateOpener	1430232643	1315140389	1960902330
blink.mojom.RemoteFrame.UpdateUserActivationState	UpdateUserActivationState	246745558	1482413634	1965016004
blink.mojom.RemoteFrame.WillEnterFullscreen	WillEnterFullscreen	1091403578	121130232	173818259
blink.mojom.RemoteFrameHost.AdvanceFocus	AdvanceFocus	461902363	1711162004	1199814635
blink.mojom.RemoteFrameHost.CapturePaintPreviewOfCrossProcessSubframe	CapturePaintPreviewOfCrossProcessSubframe	2032496240	1578869987	747296631
blink.mojom.RemoteFrameHost.CheckCompleted	CheckCompleted	919377898	1336248074	776608094
blink.mojom.RemoteFrameHost.Detach	Detach	222310288	2143490152	107805514
blink.mojom.RemoteFrameHost.DidChangeOpener	DidChangeOpener	195090081	296503484	1111742350
blink.mojom.RemoteFrameHost.DidFocusFrame	DidFocusFrame	1955795139	1423845923	2126827009
blink.mojom.RemoteFrameHost.OpenURL	OpenURL	1666472732	1588991506	2055182001
blink.mojom.RemoteFrameHost.PrintCrossProcessSubframe	PrintCrossProcessSubframe	816368780	2011932872	106928824
blink.mojom.RemoteFrameHost.RouteMessageEvent	RouteMessageEvent	950215275	1364741104	1177886036
blink.mojom.RemoteFrameHost.SetInheritedEffectiveTouchAction	SetInheritedEffectiveTouchAction	792467745	2012760759	1357396170
blink.mojom.RemoteFrameHost.SetIsInert	SetIsInert	575612685	876290719	1152342180
blink.mojom.RemoteFrameHost.SynchronizeVisualProperties	SynchronizeVisualProperties	1538728838	389409049	1907311526
blink.mojom.RemoteFrameHost.UpdateRenderThrottlingStatus	UpdateRenderThrottlingStatus	1588641441	649139299	273918390
blink.mojom.RemoteFrameHost.UpdateViewportIntersection	UpdateViewportIntersection	1510273279	160517696	1241155833
blink.mojom.RemoteFrameHost.VisibilityChanged	VisibilityChanged	159499963	410746601	504192412
blink.mojom.RemoteMainFrameHost.FocusPage	FocusPage	438425206	1892630807	1368217287
blink.mojom.RemoteMainFrameHost.RouteCloseEvent	RouteCloseEvent	728495776	886745613	824863725
blink.mojom.RemoteMainFrameHost.TakeFocus	TakeFocus	1729809212	188503917	1356814012
blink.mojom.RemoteMainFrameHost.UpdateTargetURL	UpdateTargetURL	668254536	482812666	442983870
blink.mojom.RemoteObject.GetMethods	GetMethods	165244287	1017012415	199473571
blink.mojom.RemoteObject.HasMethod	HasMethod	395215784	98979511	406253695
blink.mojom.RemoteObject.InvokeMethod	InvokeMethod	1365426978	1706638304	901693632
blink.mojom.RemoteObject.NotifyReleasedObject	NotifyReleasedObject	1878582518	2129835604	445623661
blink.mojom.RemoteObjectGateway.AddNamedObject	AddNamedObject	1246998228	843876639	1842582457
blink.mojom.RemoteObjectGateway.RemoveNamedObject	RemoveNamedObject	112864993	688793602	1770074063
blink.mojom.RemoteObjectGatewayFactory.CreateRemoteObjectGateway	CreateRemoteObjectGateway	642251116	273590181	288870181
blink.mojom.RemoteObjectHost.AcquireObject	AcquireObject	706557786	211352986	1986718216
blink.mojom.RemoteObjectHost.GetObject	GetObject	306306194	689160480	2132720816
blink.mojom.RemoteObjectHost.ReleaseObject	ReleaseObject	434491985	2128446557	683194224
blink.mojom.RenderAccessibility.FatalError	FatalError	580995177	949953868	1132368876
blink.mojom.RenderAccessibility.HitTest	HitTest	898373868	1817796879	1262441797
blink.mojom.RenderAccessibility.PerformAction	PerformAction	1991276118	1216001682	1965919109
blink.mojom.RenderAccessibility.Reset	Reset	1914451226	1010825934	2134001906
blink.mojom.RenderAccessibility.SetMode	SetMode	313945830	1191607978	226037517
blink.mojom.RenderAccessibilityHost.HandleAXEvents	HandleAXEvents	1667339603	43651462	367833969
blink.mojom.RenderAccessibilityHost.HandleAXLocationChanges	HandleAXLocationChanges	800069912	2085538200	1214618474
blink.mojom.RenderInputRouterClient.BindInputTargetClient	BindInputTargetClient	1965302074	1357024113	710090217
blink.mojom.RenderInputRouterClient.GetWidgetInputHandler	GetWidgetInputHandler	2125106587	858335931	424716174
blink.mojom.RenderInputRouterClient.ShowContextMenu	ShowContextMenu	162958950	736084878	1887405383
blink.mojom.RendererAudioInputStreamFactory.AssociateInputAndOutputForAec	AssociateInputAndOutputForAec	2026856499	368781333	1199156033
blink.mojom.RendererAudioInputStreamFactory.CreateStream	CreateStream	1645389069	1129500935	1067653083
blink.mojom.RendererAudioInputStreamFactoryClient.StreamCreated	StreamCreated	1721587491	1544683698	1829145789
blink.mojom.RendererAudioOutputStreamFactory.RequestDeviceAuthorization	RequestDeviceAuthorization	1498009041	1913914170	1772487660
blink.mojom.RendererPreferenceWatcher.NotifyUpdate	NotifyUpdate	1496002593	1009067414	498620497
blink.mojom.ReportingObserver.Notify	Notify	1868841758	189116664	1265030288
blink.mojom.ReportingServiceProxy.QueueCSPHashReport	QueueCSPHashReport	935575530	707527436	875975276
blink.mojom.ReportingServiceProxy.QueueConnectionAllowlistViolationReport	QueueConnectionAllowlistViolationReport	98196172	2037789199	747994331
blink.mojom.ReportingServiceProxy.QueueCspViolationReport	QueueCspViolationReport	338746595	1414912802	1210456662
blink.mojom.ReportingServiceProxy.QueueDeprecationReport	QueueDeprecationReport	2004742334	1895179091	1700993824
blink.mojom.ReportingServiceProxy.QueueDocumentPolicyViolationReport	QueueDocumentPolicyViolationReport	1670471054	180918582	441404872
blink.mojom.ReportingServiceProxy.QueueIntegrityViolationReport	QueueIntegrityViolationReport	1588015254	2079468601	2129278995
blink.mojom.ReportingServiceProxy.QueueInterventionReport	QueueInterventionReport	2040994571	2041533078	817871093
blink.mojom.ReportingServiceProxy.QueuePermissionsPolicyViolationReport	QueuePermissionsPolicyViolationReport	1467512287	539690977	268065562
blink.mojom.ReportingServiceProxy.QueuePotentialPermissionsPolicyViolationReport	QueuePotentialPermissionsPolicyViolationReport	1849848289	397815201	2115121293
blink.mojom.ResourceLoadInfoNotifier.Clone	Clone	1269621972	502303944	703029487
blink.mojom.ResourceLoadInfoNotifier.NotifyResourceLoadCanceled	NotifyResourceLoadCanceled	242848771	706436825	93597970
blink.mojom.ResourceLoadInfoNotifier.NotifyResourceLoadCompleted	NotifyResourceLoadCompleted	1405578981	863594170	848426895
blink.mojom.ResourceLoadInfoNotifier.NotifyResourceRedirectReceived	NotifyResourceRedirectReceived	1326092199	168574684	930087083
blink.mojom.ResourceLoadInfoNotifier.NotifyResourceResponseReceived	NotifyResourceResponseReceived	1352963238	1584952935	1753666911
blink.mojom.ResourceLoadInfoNotifier.NotifyResourceTransferSizeUpdated	NotifyResourceTransferSizeUpdated	655510797	648027746	87803362
blink.mojom.ScriptToolHost.PauseExecution	PauseExecution	1690868557	1525563043	954408748
blink.mojom.SerialService.ForgetPort	ForgetPort	1789554667	800199160	405953799
blink.mojom.SerialService.GetPorts	GetPorts	574968473	764232372	619547852
blink.mojom.SerialService.OpenPort	OpenPort	929058676	1195529092	209445741
blink.mojom.SerialService.RequestPort	RequestPort	725291289	1533562390	1282140445
blink.mojom.SerialService.SetClient	SetClient	309516842	1037058284	1462779319
blink.mojom.SerialServiceClient.OnPortConnectedStateChanged	OnPortConnectedStateChanged	959511017	308341304	2002754275
blink.mojom.ServiceWorker.AddKeepAlive	AddKeepAlive	210192640	599412742	286169189
blink.mojom.ServiceWorker.AddMessageToConsole	AddMessageToConsole	291418147	2007751537	926172071
blink.mojom.ServiceWorker.ClearKeepAlive	ClearKeepAlive	2091720694	1358844082	1475483545
blink.mojom.ServiceWorker.DispatchAbortPaymentEvent	DispatchAbortPaymentEvent	424004365	168977126	854180911
blink.mojom.ServiceWorker.DispatchActivateEvent	DispatchActivateEvent	1903213912	1441438184	325381557
blink.mojom.ServiceWorker.DispatchBackgroundFetchAbortEvent	DispatchBackgroundFetchAbortEvent	2103574983	2133626005	764575518
blink.mojom.ServiceWorker.DispatchBackgroundFetchClickEvent	DispatchBackgroundFetchClickEvent	1873402605	441580487	60497158
blink.mojom.ServiceWorker.DispatchBackgroundFetchFailEvent	DispatchBackgroundFetchFailEvent	2088942311	837990471	1588654932
blink.mojom.ServiceWorker.DispatchBackgroundFetchSuccessEvent	DispatchBackgroundFetchSuccessEvent	2059892502	1041520480	1553201298
blink.mojom.ServiceWorker.DispatchCanMakePaymentEvent	DispatchCanMakePaymentEvent	1933992883	604152270	1816610100
blink.mojom.ServiceWorker.DispatchContentDeleteEvent	DispatchContentDeleteEvent	1672897629	240580054	1846585693
blink.mojom.ServiceWorker.DispatchCookieChangeEvent	DispatchCookieChangeEvent	651605859	2076515980	1918294850
blink.mojom.ServiceWorker.DispatchExtendableMessageEvent	DispatchExtendableMessageEvent	1690751448	1780503532	554571511
blink.mojom.ServiceWorker.DispatchFetchEventForMainResource	DispatchFetchEventForMainResource	1413753563	1441673073	1993136980
blink.mojom.ServiceWorker.DispatchInstallEvent	DispatchInstallEvent	538974280	1317242095	2059036117
blink.mojom.ServiceWorker.DispatchNotificationClickEvent	DispatchNotificationClickEvent	164405254	101005876	1521665995
blink.mojom.ServiceWorker.DispatchNotificationCloseEvent	DispatchNotificationCloseEvent	1902298	101896067	1570105178
blink.mojom.ServiceWorker.DispatchPaymentRequestEvent	DispatchPaymentRequestEvent	1867467990	604152086	95406201
blink.mojom.ServiceWorker.DispatchPeriodicSyncEvent	DispatchPeriodicSyncEvent	2024181855	1398757745	354835566
blink.mojom.ServiceWorker.DispatchPushEvent	DispatchPushEvent	2132611709	1581045447	265577626
blink.mojom.ServiceWorker.DispatchPushEventRecordingNetworkRequests	DispatchPushEventRecordingNetworkRequests	1347595954	616567643	517838098
blink.mojom.ServiceWorker.DispatchPushSubscriptionChangeEvent	DispatchPushSubscriptionChangeEvent	818718444	1771129752	632692637
blink.mojom.ServiceWorker.DispatchSyncEvent	DispatchSyncEvent	1401471938	1466700822	1470286037
blink.mojom.ServiceWorker.ExecuteScriptForTest	ExecuteScriptForTest	633833096	305171503	801212571
blink.mojom.ServiceWorker.InitializeGlobalScope	InitializeGlobalScope	1092133342	1488777625	1457179985
blink.mojom.ServiceWorker.Ping	Ping	1450292817	1107901819	1990312830
blink.mojom.ServiceWorker.SetIdleDelay	SetIdleDelay	1556727446	412983177	681666333
blink.mojom.ServiceWorkerContainer.CountFeature	CountFeature	1536762024	772746790	871128176
blink.mojom.ServiceWorkerContainer.PostMessageToClient	PostMessageToClient	1361324622	1929295957	1525399482
blink.mojom.ServiceWorkerContainer.SetController	SetController	1864913435	775044760	970672304
blink.mojom.ServiceWorkerContainerHost.CloneContainerHost	CloneContainerHost	1375183183	2143365569	1217129872
blink.mojom.ServiceWorkerContainerHost.EnsureControllerServiceWorker	EnsureControllerServiceWorker	2028225578	1581527203	2039380000
blink.mojom.ServiceWorkerContainerHost.EnsureFileAccess	EnsureFileAccess	1443609555	853886020	1904119922
blink.mojom.ServiceWorkerContainerHost.GetRegistration	GetRegistration	1370126740	1698572535	888969048
blink.mojom.ServiceWorkerContainerHost.GetRegistrationForReady	GetRegistrationForReady	1649430398	339083966	1582574581
blink.mojom.ServiceWorkerContainerHost.GetRegistrations	GetRegistrations	593322895	1044842672	2029215853
blink.mojom.ServiceWorkerContainerHost.HintToUpdateServiceWorker	HintToUpdateServiceWorker	1441282897	457300648	668763062
blink.mojom.ServiceWorkerContainerHost.OnExecutionReady	OnExecutionReady	674008229	50649332	1170255834
blink.mojom.ServiceWorkerContainerHost.Register	Register	2030014310	292724524	1636147859
blink.mojom.ServiceWorkerFetchResponseCallback.OnFallback	OnFallback	2124061688	426539162	1342286336
blink.mojom.ServiceWorkerFetchResponseCallback.OnResponse	OnResponse	1087579935	1985834533	170208382
blink.mojom.ServiceWorkerFetchResponseCallback.OnResponseStream	OnResponseStream	1162673423	391129489	606122732
blink.mojom.ServiceWorkerHost.AddRoutes	AddRoutes	934821448	87310008	963193813
blink.mojom.ServiceWorkerHost.ClaimClients	ClaimClients	1846160841	326902171	79826389
blink.mojom.ServiceWorkerHost.ClearCachedMetadata	ClearCachedMetadata	2003803477	1496245584	374204060
blink.mojom.ServiceWorkerHost.FocusClient	FocusClient	2062318190	1466058161	570784590
blink.mojom.ServiceWorkerHost.GetClient	GetClient	529067590	555178823	801129256
blink.mojom.ServiceWorkerHost.GetClients	GetClients	1787762753	470843238	729684076
blink.mojom.ServiceWorkerHost.NavigateClient	NavigateClient	1902207849	1967101343	1727253778
blink.mojom.ServiceWorkerHost.OpenNewTab	OpenNewTab	1159594798	1102993855	376820440
blink.mojom.ServiceWorkerHost.OpenPaymentHandlerWindow	OpenPaymentHandlerWindow	1780795083	1004058188	250475204
blink.mojom.ServiceWorkerHost.PostMessageToClient	PostMessageToClient	1361324622	1330013434	720491552
blink.mojom.ServiceWorkerHost.SetCachedMetadata	SetCachedMetadata	553683546	1503005413	1870587412
blink.mojom.ServiceWorkerHost.SkipWaiting	SkipWaiting	1476238121	813657703	859235615
blink.mojom.ServiceWorkerInstalledScriptsManager.TransferInstalledScript	TransferInstalledScript	1710176703	598307649	180735030
blink.mojom.ServiceWorkerInstalledScriptsManagerHost.RequestInstalledScript	RequestInstalledScript	1881915315	1218528763	1964856025
blink.mojom.ServiceWorkerObject.StateChanged	StateChanged	1048140716	273745000	785266420
blink.mojom.ServiceWorkerObjectHost.PostMessageToServiceWorker	PostMessageToServiceWorker	1434233274	479773430	2129315972
blink.mojom.ServiceWorkerObjectHost.TerminateForTesting	TerminateForTesting	2115216773	467026236	1664001104
blink.mojom.ServiceWorkerRegistrationObject.SetServiceWorkerObjects	SetServiceWorkerObjects	105997554	743070288	1554040327
blink.mojom.ServiceWorkerRegistrationObject.SetUpdateViaCache	SetUpdateViaCache	468364442	362512997	1283884139
blink.mojom.ServiceWorkerRegistrationObject.UpdateFound	UpdateFound	1726257422	1796718794	1459630237
blink.mojom.ServiceWorkerRegistrationObjectHost.EnableNavigationPreload	EnableNavigationPreload	115181601	589985399	119293441
blink.mojom.ServiceWorkerRegistrationObjectHost.GetNavigationPreloadState	GetNavigationPreloadState	588075259	1956653355	1842699313
blink.mojom.ServiceWorkerRegistrationObjectHost.SetNavigationPreloadHeader	SetNavigationPreloadHeader	463076743	1014095998	92457640
blink.mojom.ServiceWorkerRegistrationObjectHost.Unregister	Unregister	2144122403	11856103	1005909261
blink.mojom.ServiceWorkerRegistrationObjectHost.Update	Update	379933338	855869048	1741726
blink.mojom.ServiceWorkerRunningStatusCallback.OnStatusChanged	OnStatusChanged	977814608	1556811076	767585196
blink.mojom.ServiceWorkerStreamCallback.OnAborted	OnAborted	2038982127	697906996	644989811
blink.mojom.ServiceWorkerStreamCallback.OnCompleted	OnCompleted	2022024053	1898785586	685428015
blink.mojom.ServiceWorkerWorkerClient.OnControllerChanged	OnControllerChanged	152461458	1671907010	1372768330
blink.mojom.ServiceWorkerWorkerClientRegistry.CloneWorkerClientRegistry	CloneWorkerClientRegistry	642266230	74467672	1684111114
blink.mojom.ServiceWorkerWorkerClientRegistry.RegisterWorkerClient	RegisterWorkerClient	394838025	2002145577	806872537
blink.mojom.SessionStorageNamespace.Clone	Clone	1269621972	103449484	1330030155
blink.mojom.SetShapeService.SetShape	SetShape	724321794	1238077431	1086651043
blink.mojom.ShareService.Share	Share	842411122	1396981805	1555171738
blink.mojom.SharedWorker.Connect	Connect	161123025	1648623967	1782964344
blink.mojom.SharedWorker.Freeze	Freeze	366322368	763749220	1408254217
blink.mojom.SharedWorker.Resume	Resume	1161860812	1238721724	720057212
blink.mojom.SharedWorker.Terminate	Terminate	1112596158	296175792	1406233195
blink.mojom.SharedWorkerClient.OnConnected	OnConnected	2043767779	619205322	1628291322
blink.mojom.SharedWorkerClient.OnCreated	OnCreated	858392938	1100964009	1718154728
blink.mojom.SharedWorkerClient.OnFeatureUsed	OnFeatureUsed	706025331	697361457	221910470
blink.mojom.SharedWorkerClient.OnReportException	OnReportException	165494955	1014074619	255686192
blink.mojom.SharedWorkerClient.OnScriptLoadFailed	OnScriptLoadFailed	1622451444	955341198	1077421061
blink.mojom.SharedWorkerConnector.Connect	Connect	161123025	1781339908	1906776711
blink.mojom.SharedWorkerFactory.CreateSharedWorker	CreateSharedWorker	555857488	1297203606	1789049050
blink.mojom.SharedWorkerHost.OnConnected	OnConnected	2043767779	1772395089	1941181613
blink.mojom.SharedWorkerHost.OnContextClosed	OnContextClosed	1522314343	1981693301	27322948
blink.mojom.SharedWorkerHost.OnFeatureUsed	OnFeatureUsed	706025331	710166126	930525878
blink.mojom.SharedWorkerHost.OnReadyForInspection	OnReadyForInspection	432149690	469103415	515709275
blink.mojom.SharedWorkerHost.OnReportException	OnReportException	165494955	964855556	1012322014
blink.mojom.SharedWorkerHost.OnScriptLoadFailed	OnScriptLoadFailed	1622451444	752865965	139333369
blink.mojom.SmartCardService.CreateContext	CreateContext	1439207546	1310082683	1073543033
blink.mojom.SpeculationHost.EnactCandidate	EnactCandidate	1583918611	1018829978	393943416
blink.mojom.SpeculationHost.OnLCPPredicted	OnLCPPredicted	806537061	1355935147	693005946
blink.mojom.SpeculationHost.UpdateSpeculationCandidates	UpdateSpeculationCandidates	1236664057	1676235083	304662929
blink.mojom.SpeechSynthesis.AddVoiceListObserver	AddVoiceListObserver	1267861466	1687332521	215972870
blink.mojom.SpeechSynthesis.Cancel	Cancel	1287471363	1373773182	1389701891
blink.mojom.SpeechSynthesis.Pause	Pause	948110021	1291095444	1123777427
blink.mojom.SpeechSynthesis.Resume	Resume	1161860812	1118984151	1890604842
blink.mojom.SpeechSynthesis.Speak	Speak	576845797	536276815	825997320
blink.mojom.SpeechSynthesisClient.OnEncounteredSentenceBoundary	OnEncounteredSentenceBoundary	623429319	583674895	1828628695
blink.mojom.SpeechSynthesisClient.OnEncounteredSpeakingError	OnEncounteredSpeakingError	95494746	368420300	1250120906
blink.mojom.SpeechSynthesisClient.OnEncounteredWordBoundary	OnEncounteredWordBoundary	2010308376	1361676648	1063110394
blink.mojom.SpeechSynthesisClient.OnFinishedSpeaking	OnFinishedSpeaking	286524626	180982332	844138588
blink.mojom.SpeechSynthesisClient.OnPausedSpeaking	OnPausedSpeaking	1830721662	129716496	509998479
blink.mojom.SpeechSynthesisClient.OnResumedSpeaking	OnResumedSpeaking	1951805879	693795621	1085750922
blink.mojom.SpeechSynthesisClient.OnStartedSpeaking	OnStartedSpeaking	1430132935	1497791769	1562773337
blink.mojom.SpeechSynthesisVoiceListObserver.OnSetVoiceList	OnSetVoiceList	1592273196	312621981	591685969
blink.mojom.StorageAccessHandle.BindBlobStorage	BindBlobStorage	1173870984	1224460237	1894827825
blink.mojom.StorageAccessHandle.BindBroadcastChannel	BindBroadcastChannel	1932328014	1505739347	317256355
blink.mojom.StorageAccessHandle.BindCaches	BindCaches	1862187617	509466569	1543683200
blink.mojom.StorageAccessHandle.BindIndexedDB	BindIndexedDB	1129366257	279403633	1404458405
blink.mojom.StorageAccessHandle.BindLocks	BindLocks	1075340412	1535436505	601730692
blink.mojom.StorageAccessHandle.BindSharedWorker	BindSharedWorker	1516602701	1647352754	2093520412
blink.mojom.StorageAccessHandle.Estimate	Estimate	1165143399	651231117	1490313345
blink.mojom.StorageAccessHandle.GetDirectory	GetDirectory	278706780	1202054385	1974100485
blink.mojom.StorageArea.AddObserver	AddObserver	2130361764	703901253	509297160
blink.mojom.StorageArea.Delete	Delete	1835819124	115217291	1476636974
blink.mojom.StorageArea.DeleteAll	DeleteAll	1628037565	2016892498	515849979
blink.mojom.StorageArea.GetAll	GetAll	1040666816	2140284600	340662248
blink.mojom.StorageArea.Put	Put	908564364	1318486942	1263664037
blink.mojom.StorageAreaObserver.AllDeleted	AllDeleted	640430257	663979331	1559053334
blink.mojom.StorageAreaObserver.KeyChangeFailed	KeyChangeFailed	411282929	1641739588	470424037
blink.mojom.StorageAreaObserver.KeyChanged	KeyChanged	1711940534	429383486	1472297111
blink.mojom.StorageAreaObserver.KeyDeleted	KeyDeleted	1701197893	144314630	163595401
blink.mojom.StorageAreaObserver.ShouldSendOldValueOnMutations	ShouldSendOldValueOnMutations	1040953849	911879302	1884042558
blink.mojom.SubAppsService.Add	Add	1229752030	1324419735	1567036357
blink.mojom.SubAppsService.List	List	1873496893	934220013	379443879
blink.mojom.SubAppsService.Remove	Remove	396705297	1140684807	557871236
blink.mojom.SubresourceLoaderUpdater.UpdateSubresourceLoaderFactories	UpdateSubresourceLoaderFactories	1513584229	1194611493	1362146840
blink.mojom.SurfaceEmbedder.OnOpacityChanged	OnOpacityChanged	533415115	546623707	1590132365
blink.mojom.SurfaceEmbedder.SetLocalSurfaceId	SetLocalSurfaceId	843298778	1741389181	1308135066
blink.mojom.SynchronousCompositor.BeginFrame	BeginFrame	67925567	1142286463	1659104538
blink.mojom.SynchronousCompositor.DemandDrawHw	DemandDrawHw	538191965	1988471343	434507980
blink.mojom.SynchronousCompositor.DemandDrawHwAsync	DemandDrawHwAsync	1590631443	303577075	83624878
blink.mojom.SynchronousCompositor.DemandDrawSw	DemandDrawSw	655635288	670235001	1471323359
blink.mojom.SynchronousCompositor.OnCompositorFrameTransitionDirectiveProcessed	OnCompositorFrameTransitionDirectiveProcessed	1500115300	1098153689	696709391
blink.mojom.SynchronousCompositor.ReclaimResources	ReclaimResources	644379137	1719824451	1372717658
blink.mojom.SynchronousCompositor.SetBeginFrameSourcePaused	SetBeginFrameSourcePaused	1243679096	2073252959	1984292371
blink.mojom.SynchronousCompositor.SetMemoryPolicy	SetMemoryPolicy	1461579280	1872946020	126507638
blink.mojom.SynchronousCompositor.SetScroll	SetScroll	872520868	1475591397	223174426
blink.mojom.SynchronousCompositor.SetSharedMemory	SetSharedMemory	1125524237	892675017	50144189
blink.mojom.SynchronousCompositor.WillSkipDraw	WillSkipDraw	241807966	452199689	1192250427
blink.mojom.SynchronousCompositor.ZeroSharedMemory	ZeroSharedMemory	1384598801	1030426588	994900746
blink.mojom.SynchronousCompositor.ZoomBy	ZoomBy	1093201759	1519460939	1387061236
blink.mojom.SynchronousCompositorControlHost.BeginFrameResponse	BeginFrameResponse	10960386	1502534453	486323264
blink.mojom.SynchronousCompositorControlHost.ReturnFrame	ReturnFrame	674581994	288364313	23161088
blink.mojom.SynchronousCompositorHost.LayerTreeFrameSinkCreated	LayerTreeFrameSinkCreated	81358274	391710927	1451310640
blink.mojom.SynchronousCompositorHost.SetNeedsBeginFrames	SetNeedsBeginFrames	1983551591	970985192	1525032215
blink.mojom.SynchronousCompositorHost.SetThreads	SetThreads	1195194882	1231747180	532202156
blink.mojom.SynchronousCompositorHost.UpdateState	UpdateState	2014560065	325353113	1580903797
blink.mojom.TextFragmentReceiver.Cancel	Cancel	1287471363	2047950118	1286743695
blink.mojom.TextFragmentReceiver.ExtractFirstFragmentRect	ExtractFirstFragmentRect	1371455968	119157255	1762240103
blink.mojom.TextFragmentReceiver.ExtractTextFragmentsMatches	ExtractTextFragmentsMatches	1432636663	1674639648	1538169889
blink.mojom.TextFragmentReceiver.GetExistingSelectors	GetExistingSelectors	396355974	1407650933	1608687944
blink.mojom.TextFragmentReceiver.RemoveFragments	RemoveFragments	1590893744	202304299	1620228230
blink.mojom.TextFragmentReceiver.RequestSelector	RequestSelector	699053399	118553278	240265912
blink.mojom.TextFragmentReceiver.RequestSelectorForSelection	RequestSelectorForSelection	585434714	374535989	1440914599
blink.mojom.TextFragmentReceiver.RequestSelectorForViewportCenter	RequestSelectorForViewportCenter	650195277	334738664	1846573400
blink.mojom.TextInputHost.GotCharacterIndexAtPoint	GotCharacterIndexAtPoint	1112307513	374181763	1605700991
blink.mojom.TextInputHost.GotFirstRectForRange	GotFirstRectForRange	1857597051	440037592	2117240553
blink.mojom.TextSuggestionBackend.ApplySpellCheckSuggestion	ApplySpellCheckSuggestion	78487469	555390082	501867343
blink.mojom.TextSuggestionBackend.ApplyTextSuggestion	ApplyTextSuggestion	1569729498	105614210	75387480
blink.mojom.TextSuggestionBackend.DeleteActiveSuggestionRange	DeleteActiveSuggestionRange	1961132853	736608157	9764455
blink.mojom.TextSuggestionBackend.OnNewWordAddedToDictionary	OnNewWordAddedToDictionary	635718033	1137800408	897301370
blink.mojom.TextSuggestionBackend.OnSuggestionMenuClosed	OnSuggestionMenuClosed	1264771843	1372222509	1320166917
blink.mojom.TextSuggestionBackend.SuggestionMenuTimeoutCallback	SuggestionMenuTimeoutCallback	1032797556	1709219420	932736546
blink.mojom.TextSuggestionHost.ShowSpellCheckSuggestionMenu	ShowSpellCheckSuggestionMenu	846032285	1455214678	1417566103
blink.mojom.TextSuggestionHost.ShowTextSuggestionMenu	ShowTextSuggestionMenu	1908803338	315003788	547504552
blink.mojom.TextSuggestionHost.StartSuggestionMenuTimer	StartSuggestionMenuTimer	1159049761	1154015541	1804789957
blink.mojom.TranslationManager.CreateTranslator	CreateTranslator	1880271943	1355835388	298286851
blink.mojom.TranslationManager.TranslationAvailable	TranslationAvailable	1491056863	1298876170	835891575
blink.mojom.TranslationManagerCreateTranslatorClient.OnResult	OnResult	960094129	1573137333	112422698
blink.mojom.Translator.Translate	Translate	1750982037	1460592700	1127580696
blink.mojom.Translator.TranslateStreaming	TranslateStreaming	335559251	504900970	133395931
blink.mojom.UnboundedSurfaceClient.OnDismissed	OnDismissed	784299397	1048727270	1946462288
blink.mojom.UnboundedSurfaceClient.OnSurfaceAllocated	OnSurfaceAllocated	1635899546	871746087	1082280104
blink.mojom.UnboundedSurfaceHost.DidCancelDismissal	DidCancelDismissal	463883349	80993845	1825081280
blink.mojom.UnboundedSurfaceHost.DidPresentFrameAfterDismissal	DidPresentFrameAfterDismissal	1596066037	1967692779	86331804
blink.mojom.UnboundedSurfaceHost.GetCompositorFrameSink	GetCompositorFrameSink	728209306	1166827198	844574254
blink.mojom.UnboundedSurfaceHost.UpdateBounds	UpdateBounds	1327725173	556959081	1811808542
blink.mojom.UnhandledTapNotifier.ShowUnhandledTapUIIfNeeded	ShowUnhandledTapUIIfNeeded	2055533046	1091651778	1461542055
blink.mojom.V8DetailedMemoryReporter.GetV8MemoryUsage	GetV8MemoryUsage	1871146165	479207009	1041912291
blink.mojom.WakeLockService.GetWakeLock	GetWakeLock	2063188234	1431428016	68270150
blink.mojom.WebBluetoothAdvertisementClient.AdvertisingEvent	AdvertisingEvent	1072202179	904974695	1002485399
blink.mojom.WebBluetoothCharacteristicClient.RemoteCharacteristicValueChanged	RemoteCharacteristicValueChanged	1437048001	1886391486	1994527783
blink.mojom.WebBluetoothServerClient.GATTServerDisconnected	GATTServerDisconnected	101396241	591586262	1338591415
blink.mojom.WebBluetoothService.ForgetDevice	ForgetDevice	1552853512	1288671570	628644602
blink.mojom.WebBluetoothService.GetAvailability	GetAvailability	203790318	204352926	958414746
blink.mojom.WebBluetoothService.GetDevices	GetDevices	1908056068	68455938	1711829631
blink.mojom.WebBluetoothService.RemoteCharacteristicGetDescriptors	RemoteCharacteristicGetDescriptors	558054402	2136115138	736765033
blink.mojom.WebBluetoothService.RemoteCharacteristicReadValue	RemoteCharacteristicReadValue	1632761667	1285077548	1080483276
blink.mojom.WebBluetoothService.RemoteCharacteristicStartNotifications	RemoteCharacteristicStartNotifications	435325364	120416516	573991202
blink.mojom.WebBluetoothService.RemoteCharacteristicStopNotifications	RemoteCharacteristicStopNotifications	1718746416	1805261039	290154351
blink.mojom.WebBluetoothService.RemoteCharacteristicWriteValue	RemoteCharacteristicWriteValue	767139168	498095649	361831254
blink.mojom.WebBluetoothService.RemoteDescriptorReadValue	RemoteDescriptorReadValue	1144824727	1135345032	1877929370
blink.mojom.WebBluetoothService.RemoteDescriptorWriteValue	RemoteDescriptorWriteValue	1252054532	605297753	1484586289
blink.mojom.WebBluetoothService.RemoteServerConnect	RemoteServerConnect	968103848	385316993	761075088
blink.mojom.WebBluetoothService.RemoteServerDisconnect	RemoteServerDisconnect	1198235796	1003194534	1389792069
blink.mojom.WebBluetoothService.RemoteServerGetPrimaryServices	RemoteServerGetPrimaryServices	1212892328	1805199011	693890614
blink.mojom.WebBluetoothService.RemoteServiceGetCharacteristics	RemoteServiceGetCharacteristics	1300972782	93185860	512642960
blink.mojom.WebBluetoothService.RequestDevice	RequestDevice	488634958	281126066	1343833130
blink.mojom.WebBluetoothService.RequestScanningStart	RequestScanningStart	1800914131	323335566	2084797849
blink.mojom.WebBluetoothService.WatchAdvertisementsForDevice	WatchAdvertisementsForDevice	525120815	1033575998	2018069613
blink.mojom.WebInstallService.ElementInstallFromManifest	ElementInstallFromManifest	1554816371	1477997740	1761368909
blink.mojom.WebInstallService.InstallFromManifest	InstallFromManifest	1192688977	1368333754	1208432052
blink.mojom.WebInstallService.IsInstalled	IsInstalled	948930225	226008640	623982149
blink.mojom.WebLaunchService.EnqueueLaunchParams	EnqueueLaunchParams	1980814898	1349914152	1408466505
blink.mojom.WebOTPService.Abort	Abort	72446017	832919450	1930822985
blink.mojom.WebOTPService.Receive	Receive	922927644	616515795	920080245
blink.mojom.WebPressureClient.OnPressureUpdated	OnPressureUpdated	196644864	120978236	2070310125
blink.mojom.WebPressureManager.AddClient	AddClient	1616160899	809512854	545370857
blink.mojom.WebPrintJobController.Cancel	Cancel	1287471363	1947584686	1602166019
blink.mojom.WebPrintJobStateObserver.OnWebPrintJobUpdate	OnWebPrintJobUpdate	1815474793	1832850643	192549671
blink.mojom.WebPrinter.FetchAttributes	FetchAttributes	1070204512	1524429912	976805711
blink.mojom.WebPrinter.Print	Print	1273204642	840666325	397977918
blink.mojom.WebPrintingService.GetPrinters	GetPrinters	209945296	648950107	139595064
blink.mojom.WebSensorProvider.GetSensor	GetSensor	1574952205	1577055745	887562783
blink.mojom.WebSocketConnector.Connect	Connect	161123025	239125040	2037159669
blink.mojom.WebTransportConnector.Connect	Connect	161123025	1127448981	1385855811
blink.mojom.WebUsbService.ForgetDevice	ForgetDevice	1552853512	545344473	297180833
blink.mojom.WebUsbService.GetDevice	GetDevice	1512227853	408649983	261365149
blink.mojom.WebUsbService.GetDevices	GetDevices	1908056068	21358976	1399500359
blink.mojom.WebUsbService.GetPermission	GetPermission	845113906	473949148	1545010017
blink.mojom.WebUsbService.SetClient	SetClient	309516842	1359036313	1864640788
blink.mojom.WebViewMediaIntegrityProvider.RequestToken	RequestToken	1201234071	1345436528	1163416503
blink.mojom.WebViewMediaIntegrityService.GetIntegrityProvider	GetIntegrityProvider	1060945631	428408672	49740832
blink.mojom.Widget.CancelSuccessfulPresentationTimeRequest	CancelSuccessfulPresentationTimeRequest	354459585	1810097646	315041484
blink.mojom.Widget.ForceRedraw	ForceRedraw	685481527	1620857204	1908768019
blink.mojom.Widget.RequestSuccessfulPresentationTimeForNextFrame	RequestSuccessfulPresentationTimeForNextFrame	2130507568	1577657917	940334920
blink.mojom.Widget.SetupBrowserRenderInputRouterConnections	SetupBrowserRenderInputRouterConnections	1947064406	293365050	1978499118
blink.mojom.Widget.UpdateScreenRects	UpdateScreenRects	1208047491	2056036894	78394766
blink.mojom.Widget.UpdateVisualProperties	UpdateVisualProperties	514726277	1230548492	430645734
blink.mojom.Widget.WasHidden	WasHidden	196439460	1475536529	599287292
blink.mojom.Widget.WasShown	WasShown	1206990975	1641246343	975468108
blink.mojom.WidgetCompositor.VisualStateRequest	VisualStateRequest	1214360767	917547195	44985961
blink.mojom.WidgetHost.ClearKeyboardTriggeredTooltip	ClearKeyboardTriggeredTooltip	943898923	1167815146	1330143731
blink.mojom.WidgetHost.CreateFrameSink	CreateFrameSink	2036102445	1193467992	419613101
blink.mojom.WidgetHost.RegisterRenderFrameMetadataObserver	RegisterRenderFrameMetadataObserver	1177580836	639937001	1533932686
blink.mojom.WidgetHost.SelectionBoundsChanged	SelectionBoundsChanged	711789270	1696431181	1118759874
blink.mojom.WidgetHost.SetCursor	SetCursor	1848551189	301456947	695428714
blink.mojom.WidgetHost.TextInputStateChanged	TextInputStateChanged	1138080325	2110963963	654327900
blink.mojom.WidgetHost.UpdateTooltipFromKeyboard	UpdateTooltipFromKeyboard	772033116	1937567833	1127798986
blink.mojom.WidgetHost.UpdateTooltipUnderCursor	UpdateTooltipUnderCursor	251613709	340406850	408081356
blink.mojom.WidgetInputHandler.CursorVisibilityChanged	CursorVisibilityChanged	1190823537	1823634502	153665319
blink.mojom.WidgetInputHandler.DispatchEvent	DispatchEvent	1896778965	840740743	1980832396
blink.mojom.WidgetInputHandler.DispatchNonBlockingEvent	DispatchNonBlockingEvent	692931763	810193941	675713344
blink.mojom.WidgetInputHandler.GetFrameWidgetInputHandler	GetFrameWidgetInputHandler	1644900214	107215594	517780272
blink.mojom.WidgetInputHandler.ImeCommitText	ImeCommitText	1327228650	1325988008	1436964818
blink.mojom.WidgetInputHandler.ImeFinishComposingText	ImeFinishComposingText	1869817227	635178556	1818035932
blink.mojom.WidgetInputHandler.ImeSetComposition	ImeSetComposition	2036667774	1530866487	937148975
blink.mojom.WidgetInputHandler.MouseCaptureLost	MouseCaptureLost	2061336058	1562173499	1841388078
blink.mojom.WidgetInputHandler.PasteIntoNode	PasteIntoNode	1065932888	174131313	921284419
blink.mojom.WidgetInputHandler.PingMainThread	PingMainThread	1375470338	1225374439	618739454
blink.mojom.WidgetInputHandler.RequestCompositionUpdates	RequestCompositionUpdates	1160417240	263805709	614123855
blink.mojom.WidgetInputHandler.RequestTextInputStateUpdate	RequestTextInputStateUpdate	209861493	1275345426	1102371912
blink.mojom.WidgetInputHandler.SetEditCommandsForNextKeyEvent	SetEditCommandsForNextKeyEvent	1040910566	2048851112	1966270644
blink.mojom.WidgetInputHandler.SetFocus	SetFocus	452196225	1350680152	1551864155
blink.mojom.WidgetInputHandler.UpdateBrowserControlsState	UpdateBrowserControlsState	1673122987	1027064460	811651843
blink.mojom.WidgetInputHandler.WaitForInputProcessed	WaitForInputProcessed	528354211	1014987332	2070798760
blink.mojom.WidgetInputHandlerHost.DidOverscroll	DidOverscroll	1962276845	1145182621	765920038
blink.mojom.WidgetInputHandlerHost.DidStartScrollingViewport	DidStartScrollingViewport	1351772415	1047559742	827701289
blink.mojom.WidgetInputHandlerHost.ImeCancelComposition	ImeCancelComposition	1574173960	772961959	408811613
blink.mojom.WidgetInputHandlerHost.ImeCompositionRangeChanged	ImeCompositionRangeChanged	2032681415	39652333	169522156
blink.mojom.WidgetInputHandlerHost.RequestMouseLock	RequestMouseLock	74871932	333009835	89684859
blink.mojom.WidgetInputHandlerHost.SetAutoscrollSelectionActiveInMainFrame	SetAutoscrollSelectionActiveInMainFrame	2131315804	1083553003	361093589
blink.mojom.WidgetInputHandlerHost.SetMouseCapture	SetMouseCapture	880540258	1190059769	5745887
blink.mojom.WidgetInputHandlerHost.SetPanAction	SetPanAction	465718698	6831511	2040687224
blink.mojom.WidgetInputHandlerHost.SetTouchActionFromMain	SetTouchActionFromMain	2057810965	1841778358	180011968
blink.mojom.WorkerContentSettingsProxy.AllowCacheStorage	AllowCacheStorage	1807472077	541622036	1972824368
blink.mojom.WorkerContentSettingsProxy.AllowFileSystem	AllowFileSystem	431311637	1473531644	525439194
blink.mojom.WorkerContentSettingsProxy.AllowIndexedDB	AllowIndexedDB	59302321	2132677880	620755985
blink.mojom.WorkerContentSettingsProxy.AllowWebLocks	AllowWebLocks	694169610	834961029	1227863755
blink.mojom.WorkerContentSettingsProxy.AllowWriteToClipboard	AllowWriteToClipboard	53487108	674090971	479789254
blink.mojom.WorkletDevToolsHost.OnReadyForInspection	OnReadyForInspection	432149690	366999858	873003727
bluetooth.mojom.Adapter.AddObserver	AddObserver	2130361764	1916328179	1284410123
bluetooth.mojom.Adapter.ConnectToDevice	ConnectToDevice	1652918576	2040633034	1344629366
bluetooth.mojom.Adapter.ConnectToServiceInsecurely	ConnectToServiceInsecurely	2088395396	762835370	1435264107
bluetooth.mojom.Adapter.CreateLocalGattService	CreateLocalGattService	1016657023	662819201	1536261028
bluetooth.mojom.Adapter.CreateRfcommServiceInsecurely	CreateRfcommServiceInsecurely	1707539845	49035277	2083747345
bluetooth.mojom.Adapter.GetDevices	GetDevices	1908056068	277908174	6268263
bluetooth.mojom.Adapter.GetInfo	GetInfo	689505915	1188567585	545631406
bluetooth.mojom.Adapter.IsLeScatternetDualRoleSupported	IsLeScatternetDualRoleSupported	1356276633	1613151459	605685785
bluetooth.mojom.Adapter.RegisterAdvertisement	RegisterAdvertisement	1162226413	2096985626	2815164
bluetooth.mojom.Adapter.SetDiscoverable	SetDiscoverable	1380125974	1566058798	1159794942
bluetooth.mojom.Adapter.SetName	SetName	1638338114	62416233	622553609
bluetooth.mojom.Adapter.StartDiscoverySession	StartDiscoverySession	38686317	626480163	184740975
bluetooth.mojom.AdapterObserver.DeviceAdded	DeviceAdded	1384496343	2057880342	1278532281
bluetooth.mojom.AdapterObserver.DeviceChanged	DeviceChanged	1139239945	1882804196	1710763387
bluetooth.mojom.AdapterObserver.DeviceRemoved	DeviceRemoved	1194457481	1396836980	366278255
bluetooth.mojom.AdapterObserver.DiscoverableChanged	DiscoverableChanged	530288480	1500452470	1942777808
bluetooth.mojom.AdapterObserver.DiscoveringChanged	DiscoveringChanged	1564242328	14005696	386550386
bluetooth.mojom.AdapterObserver.PoweredChanged	PoweredChanged	90775637	1263650819	489378008
bluetooth.mojom.AdapterObserver.PresentChanged	PresentChanged	35673446	48237390	809213297
bluetooth.mojom.Advertisement.Unregister	Unregister	2144122403	763341117	1183221359
bluetooth.mojom.Device.Disconnect	Disconnect	1836270535	1008014054	386728718
bluetooth.mojom.Device.GetCharacteristics	GetCharacteristics	212668027	1830689727	475632153
bluetooth.mojom.Device.GetDescriptors	GetDescriptors	1766574551	1717418762	1542326499
bluetooth.mojom.Device.GetInfo	GetInfo	689505915	1204089858	369591954
bluetooth.mojom.Device.GetServices	GetServices	438190459	1680548429	323825865
bluetooth.mojom.Device.ReadValueForCharacteristic	ReadValueForCharacteristic	1927222394	1618316849	931755362
bluetooth.mojom.Device.ReadValueForDescriptor	ReadValueForDescriptor	1029761194	76197996	952949007
bluetooth.mojom.Device.WriteValueForCharacteristic	WriteValueForCharacteristic	1598315993	437476781	2048335365
bluetooth.mojom.Device.WriteValueForDescriptor	WriteValueForDescriptor	1093659809	660057752	1442651429
bluetooth.mojom.DiscoverySession.IsActive	IsActive	864550015	1039520322	1912265266
bluetooth.mojom.DiscoverySession.Stop	Stop	294650813	1268597436	1876930456
bluetooth.mojom.FakeBluetooth.AllResponsesConsumed	AllResponsesConsumed	1596536784	663043260	1277853494
bluetooth.mojom.FakeBluetooth.SetLESupported	SetLESupported	491205856	1398146472	1379079315
bluetooth.mojom.FakeBluetooth.SimulateCentral	SimulateCentral	1373469182	823635349	349913045
bluetooth.mojom.FakeCentral.AddFakeCharacteristic	AddFakeCharacteristic	1263594294	722467948	1595467050
bluetooth.mojom.FakeCentral.AddFakeDescriptor	AddFakeDescriptor	1738555182	1936901436	899873970
bluetooth.mojom.FakeCentral.AddFakeService	AddFakeService	1090881498	1823242194	1137604540
bluetooth.mojom.FakeCentral.GetLastWrittenCharacteristicValue	GetLastWrittenCharacteristicValue	1599506598	1261942606	1942458063
bluetooth.mojom.FakeCentral.GetLastWrittenDescriptorValue	GetLastWrittenDescriptorValue	2024639634	1553408841	1359003020
bluetooth.mojom.FakeCentral.IsNotifying	IsNotifying	1518877446	1075215840	363842967
bluetooth.mojom.FakeCentral.RemoveFakeCharacteristic	RemoveFakeCharacteristic	1866946573	298735707	295718118
bluetooth.mojom.FakeCentral.RemoveFakeDescriptor	RemoveFakeDescriptor	592894349	1585239532	109316639
bluetooth.mojom.FakeCentral.RemoveFakeService	RemoveFakeService	451907107	1682562156	1951285083
bluetooth.mojom.FakeCentral.SetClient	SetClient	309516842	406307913	409102062
bluetooth.mojom.FakeCentral.SetNextGATTConnectionResponse	SetNextGATTConnectionResponse	19810697	697320460	2047542924
bluetooth.mojom.FakeCentral.SetNextGATTDiscoveryResponse	SetNextGATTDiscoveryResponse	557025059	774206210	523621147
bluetooth.mojom.FakeCentral.SetNextReadCharacteristicResponse	SetNextReadCharacteristicResponse	565137574	1778596835	1003319593
bluetooth.mojom.FakeCentral.SetNextReadDescriptorResponse	SetNextReadDescriptorResponse	1012981538	1618070008	259856194
bluetooth.mojom.FakeCentral.SetNextSubscribeToNotificationsResponse	SetNextSubscribeToNotificationsResponse	53886368	1758901175	1190846094
bluetooth.mojom.FakeCentral.SetNextUnsubscribeFromNotificationsResponse	SetNextUnsubscribeFromNotificationsResponse	1791706852	1148712031	459937740
bluetooth.mojom.FakeCentral.SetNextWriteCharacteristicResponse	SetNextWriteCharacteristicResponse	1529124467	442043120	1173177822
bluetooth.mojom.FakeCentral.SetNextWriteDescriptorResponse	SetNextWriteDescriptorResponse	1973786547	332703081	1970341466
bluetooth.mojom.FakeCentral.SetState	SetState	1107093234	379792030	1747824572
bluetooth.mojom.FakeCentral.SimulateAdvertisementReceived	SimulateAdvertisementReceived	1702089519	783205641	2010644319
bluetooth.mojom.FakeCentral.SimulateCharacteristicOperationResponse	SimulateCharacteristicOperationResponse	986316938	1318276100	1130258695
bluetooth.mojom.FakeCentral.SimulateDescriptorOperationResponse	SimulateDescriptorOperationResponse	1768201526	123914313	1057305900
bluetooth.mojom.FakeCentral.SimulateGATTDisconnection	SimulateGATTDisconnection	1639270997	999308009	1459084935
bluetooth.mojom.FakeCentral.SimulateGATTOperationResponse	SimulateGATTOperationResponse	77910819	1724317902	1791627759
bluetooth.mojom.FakeCentral.SimulateGATTServicesChanged	SimulateGATTServicesChanged	393305721	135013005	1887424588
bluetooth.mojom.FakeCentral.SimulatePreconnectedPeripheral	SimulatePreconnectedPeripheral	1585871803	222662145	1326295353
bluetooth.mojom.FakeCentralClient.DispatchCharacteristicOperationEvent	DispatchCharacteristicOperationEvent	185203349	234810674	1957817372
bluetooth.mojom.FakeCentralClient.DispatchDescriptorOperationEvent	DispatchDescriptorOperationEvent	697647985	2107097363	1875766955
bluetooth.mojom.FakeCentralClient.DispatchGATTOperationEvent	DispatchGATTOperationEvent	356055526	57267149	1653485360
bluetooth.mojom.GattService.CreateCharacteristic	CreateCharacteristic	1989565938	81446833	314473641
bluetooth.mojom.GattService.Register	Register	2030014310	924427592	288302941
bluetooth.mojom.GattServiceObserver.OnLocalCharacteristicRead	OnLocalCharacteristicRead	298332332	352973510	899894219
bluetooth.mojom.ServerSocket.Accept	Accept	1991217713	1992080839	552430771
bluetooth.mojom.ServerSocket.Disconnect	Disconnect	1836270535	1601306298	679149996
bluetooth.mojom.Socket.Disconnect	Disconnect	1836270535	25690131	808339887
bookmark_bar.mojom.Page.BookmarkLoaded	BookmarkLoaded	1582004390	292676196	214405140
bookmark_bar.mojom.Page.FavIconChanged	FavIconChanged	219697789	557722244	1408499727
bookmark_bar.mojom.Page.Hide	Hide	858861493	1647801801	1934265607
bookmark_bar.mojom.Page.Show	Show	1904662374	770074624	1672043667
bookmark_bar.mojom.PageHandler.GetBookmarkBar	GetBookmarkBar	407829102	321650072	2074422509
bookmark_bar.mojom.PageHandler.OpenInNewTab	OpenInNewTab	1700255	773915094	1260698065
bookmark_bar.mojom.PageHandlerFactory.CreatePageHandler	CreatePageHandler	1491630672	2119889507	1049712340
bookmarks_api.mojom.BookmarksObserver.OnBookmarksEvents	OnBookmarksEvents	1167249642	1206574733	1783667040
bookmarks_api.mojom.BookmarksService.CreateBookmarkNode	CreateBookmarkNode	1538997081	913213742	1608101414
bookmarks_api.mojom.BookmarksService.DeleteBookmarkNodes	DeleteBookmarkNodes	31072115	1578315815	1296906767
bookmarks_api.mojom.BookmarksService.GetBookmark	GetBookmark	886481623	958375672	1195378615
bookmarks_api.mojom.BookmarksService.GetBookmarks	GetBookmarks	81942534	647349929	1724220302
bookmarks_api.mojom.BookmarksService.MoveBookmarkNode	MoveBookmarkNode	1871655902	1008443795	705125105
bookmarks_api.mojom.BookmarksService.UpdateBookmarkNode	UpdateBookmarkNode	718453654	1376463831	1838500043
browser.context_hub.mojom.Page.OnAutoTodosChanged	OnAutoTodosChanged	15093738	1243406298	214405140
browser.context_hub.mojom.Page.OnFirstPartyAutoTodosGenerationStateChanged	OnFirstPartyAutoTodosGenerationStateChanged	80962507	1420816302	1408499727
browser.context_hub.mojom.Page.OnThirdPartyAutoTodosGenerationStateChanged	OnThirdPartyAutoTodosGenerationStateChanged	1004497838	1699695237	1672043667
browser.context_hub.mojom.PageHandler.AskGeminiWithContext	AskGeminiWithContext	566596170	192062233	1919670021
browser.context_hub.mojom.PageHandler.ClearFirstPartyAutoTodos	ClearFirstPartyAutoTodos	943602286	350039975	160316634
browser.context_hub.mojom.PageHandler.ClearMemoryBankChatHistory	ClearMemoryBankChatHistory	722626451	2035348144	77638566
browser.context_hub.mojom.PageHandler.ClearTabGroupChatHistory	ClearTabGroupChatHistory	665117680	926525521	885177250
browser.context_hub.mojom.PageHandler.ClearTabGroups	ClearTabGroups	84230629	766671482	1477216060
browser.context_hub.mojom.PageHandler.ClearThirdPartyAutoTodos	ClearThirdPartyAutoTodos	1116932987	311203188	1215762890
browser.context_hub.mojom.PageHandler.ClearTodoFeedbacks	ClearTodoFeedbacks	808829196	453383737	1030440014
browser.context_hub.mojom.PageHandler.CloseConfirmedTabGroup	CloseConfirmedTabGroup	1521063612	102450040	735254221
browser.context_hub.mojom.PageHandler.CloseTab	CloseTab	255587268	58356716	814209281
browser.context_hub.mojom.PageHandler.ConfirmAllTabGroups	ConfirmAllTabGroups	1861329029	883478630	101302558
browser.context_hub.mojom.PageHandler.DeleteMemoryBankEntries	DeleteMemoryBankEntries	876337193	964860158	1398728236
browser.context_hub.mojom.PageHandler.DeleteTodoFeedback	DeleteTodoFeedback	736791913	210299933	1558420783
browser.context_hub.mojom.PageHandler.ExecuteSmartSearch	ExecuteSmartSearch	383574909	947842516	1088042268
browser.context_hub.mojom.PageHandler.GenerateFirstPartyAutoTodos	GenerateFirstPartyAutoTodos	277774262	814753031	2074422509
browser.context_hub.mojom.PageHandler.GenerateTabBasedTodos	GenerateTabBasedTodos	958455193	2081674198	978676253
browser.context_hub.mojom.PageHandler.GetAllMemoryBankCollections	GetAllMemoryBankCollections	1886052734	1878894819	1530853526
browser.context_hub.mojom.PageHandler.GetAllMemoryBankEntries	GetAllMemoryBankEntries	1605502997	17571154	527806321
browser.context_hub.mojom.PageHandler.GetAllMemoryBankTags	GetAllMemoryBankTags	1070949164	150000021	176590812
browser.context_hub.mojom.PageHandler.GetAutoTodos	GetAutoTodos	1446279185	1177971232	1260698065
browser.context_hub.mojom.PageHandler.GetConfirmedTabGroups	GetConfirmedTabGroups	1483671315	853537325	1787525872
browser.context_hub.mojom.PageHandler.GetExistingTabGroupsAndChats	GetExistingTabGroupsAndChats	1177118637	180089729	1441338643
browser.context_hub.mojom.PageHandler.GetMemoryBankChatHistory	GetMemoryBankChatHistory	1414478566	139546951	2066750974
browser.context_hub.mojom.PageHandler.GetSaveToMemoryBankContext	GetSaveToMemoryBankContext	610882377	1356359715	703401204
browser.context_hub.mojom.PageHandler.GetTabs	GetTabs	755191475	688110600	503066160
browser.context_hub.mojom.PageHandler.GetTodoFeedbacks	GetTodoFeedbacks	2115839981	114176338	576514537
browser.context_hub.mojom.PageHandler.OpenUrlsInTabGroup	OpenUrlsInTabGroup	819379500	180226386	2109469195
browser.context_hub.mojom.PageHandler.RemoveAllConfirmedTabGroups	RemoveAllConfirmedTabGroups	250451714	21263883	170196652
browser.context_hub.mojom.PageHandler.RemoveConfirmedTabGroup	RemoveConfirmedTabGroup	629295830	1275693390	2031927237
browser.context_hub.mojom.PageHandler.RetrieveAndGroupTabs	RetrieveAndGroupTabs	840793337	599571268	860298833
browser.context_hub.mojom.PageHandler.SaveMemoryBankEntry	SaveMemoryBankEntry	451328027	21725751	1109170374
browser.context_hub.mojom.PageHandler.SetTodoFeedback	SetTodoFeedback	215244110	1648392246	477874547
browser.context_hub.mojom.PageHandler.SwitchToTab	SwitchToTab	1914045587	805506335	619992512
browser.context_hub.mojom.PageHandler.UpdateAutoTodo	UpdateAutoTodo	1029822099	2144582118	252371155
browser.context_hub.mojom.PageHandler.UpdateMemoryBankEntryAnnotations	UpdateMemoryBankEntryAnnotations	887228403	545981326	1872147519
browser.context_hub.mojom.PageHandlerFactory.CreatePageHandler	CreatePageHandler	1491630672	1740199478	1049712340
browser_actuator_internals.mojom.BrowserActuatorInternalsUIFactory.CreateUI	CreateUI	2137356415	1901732396	2076606503
browser_command.mojom.CommandHandler.CanExecuteCommand	CanExecuteCommand	1230755501	1628938631	712086097
browser_command.mojom.CommandHandler.ExecuteCommand	ExecuteCommand	938445569	195672916	51705949
browser_command.mojom.CommandHandlerFactory.CreateBrowserCommandHandler	CreateBrowserCommandHandler	1250305446	522303924	752419276
browser_controls_api.mojom.BrowserControlsService.Back	Back	1065641640	1360037672	850574242
browser_controls_api.mojom.BrowserControlsService.BackButtonHovered	BackButtonHovered	436477557	109252218	111529230
browser_controls_api.mojom.BrowserControlsService.Forward	Forward	1593668580	2004594546	114633002
browser_controls_api.mojom.BrowserControlsService.Navigate	Navigate	59666724	790535196	1412176234
browser_controls_api.mojom.BrowserControlsService.NavigateHome	NavigateHome	1123061081	804371679	1868102508
browser_controls_api.mojom.BrowserControlsService.NavigateText	NavigateText	1041789673	192735977	1965699752
browser_controls_api.mojom.BrowserControlsService.ReloadFromClick	ReloadFromClick	1777081574	824789464	16395014
browser_controls_api.mojom.BrowserControlsService.SplitActiveTab	SplitActiveTab	357196106	123016603	374987457
browser_controls_api.mojom.BrowserControlsService.StopLoad	StopLoad	357388293	1868945412	1573920557
cast_streaming.mojom.AudioBufferRequester.EnableBitstreamConverter	EnableBitstreamConverter	1057123627	1961808614	733326383
cast_streaming.mojom.AudioBufferRequester.GetBuffer	GetBuffer	616106261	1227146159	447078654
cast_streaming.mojom.DemuxerConnector.EnableReceiver	EnableReceiver	472438359	1103020029	751686457
cast_streaming.mojom.DemuxerConnector.OnStreamsInitialized	OnStreamsInitialized	1236861197	1542943666	1503952702
cast_streaming.mojom.RendererController.SetPlaybackController	SetPlaybackController	1366935828	1007506490	423790707
cast_streaming.mojom.VideoBufferRequester.EnableBitstreamConverter	EnableBitstreamConverter	1057123627	897817579	15962878
cast_streaming.mojom.VideoBufferRequester.GetBuffer	GetBuffer	616106261	1784663277	1169296845
cc.mojom.RenderFrameMetadataObserver.ReportAllFrameSubmissionsForTesting	ReportAllFrameSubmissionsForTesting	655417913	2085727364	625647669
cc.mojom.RenderFrameMetadataObserverClient.OnFrameSubmissionForTesting	OnFrameSubmissionForTesting	673543666	1997980869	826520420
cc.mojom.RenderFrameMetadataObserverClient.OnRenderFrameMetadataChanged	OnRenderFrameMetadataChanged	1083093682	514394048	1450277196
cert_verifier.mojom.CertVerifierRequest.Complete	Complete	1300022916	661106972	946500114
cert_verifier.mojom.CertVerifierService.EnableNetworkAccess	EnableNetworkAccess	983211864	1031776636	1378238958
cert_verifier.mojom.CertVerifierService.SetConfig	SetConfig	1377989245	1734169416	1011509394
cert_verifier.mojom.CertVerifierService.Verify	Verify	351848662	842537635	791020989
cert_verifier.mojom.CertVerifierService.Verify2QwacBinding	Verify2QwacBinding	1418872807	81211714	487851547
cert_verifier.mojom.CertVerifierServiceClient.OnCertVerifierChanged	OnCertVerifierChanged	1290552690	300666190	151087834
cert_verifier.mojom.CertVerifierServiceFactory.GetNewCertVerifier	GetNewCertVerifier	646698131	373121671	1127264801
cert_verifier.mojom.CertVerifierServiceFactory.UpdateCRLSet	UpdateCRLSet	638228293	56636188	510117519
cert_verifier.mojom.CertVerifierServiceFactory.UpdateNetworkTime	UpdateNetworkTime	671077375	947048288	1082139621
cert_verifier.mojom.CertVerifierServiceUpdater.UpdateAdditionalCertificates	UpdateAdditionalCertificates	531550033	186004734	1560641244
cert_verifier.mojom.CertVerifierServiceUpdater.WaitUntilNextUpdateForTesting	WaitUntilNextUpdateForTesting	631383381	1143630267	1809324482
cert_verifier.mojom.URLLoaderFactoryConnector.CreateURLLoaderFactory	CreateURLLoaderFactory	650691485	2141388005	1132647691
certificate_manager.mojom.CertificateManagerPage.AskForConfirmation	AskForConfirmation	177696886	608940039	718706932
certificate_manager.mojom.CertificateManagerPage.AskForImportPassword	AskForImportPassword	1177380945	692588092	1641269560
certificate_manager.mojom.CertificateManagerPage.TriggerMetadataUpdate	TriggerMetadataUpdate	653333239	864405646	1112748164
certificate_manager.mojom.CertificateManagerPage.TriggerReload	TriggerReload	1349460792	470939042	208087919
certificate_manager.mojom.CertificateManagerPageHandler.DeleteCertificate	DeleteCertificate	1469801777	1034777402	1318087048
certificate_manager.mojom.CertificateManagerPageHandler.ExportCertificates	ExportCertificates	350365659	1849639296	994092145
certificate_manager.mojom.CertificateManagerPageHandler.GetCertManagementMetadata	GetCertManagementMetadata	2108629267	863682664	2073286347
certificate_manager.mojom.CertificateManagerPageHandler.GetCertificates	GetCertificates	1984057863	1074176739	1603781306
certificate_manager.mojom.CertificateManagerPageHandler.ImportAndBindCertificate	ImportAndBindCertificate	1791307261	1302493028	751375262
certificate_manager.mojom.CertificateManagerPageHandler.ImportCertificate	ImportCertificate	1070567635	2021501366	1848355543
certificate_manager.mojom.CertificateManagerPageHandler.SetIncludeSystemTrustStore	SetIncludeSystemTrustStore	1884657015	240747248	1185470539
certificate_manager.mojom.CertificateManagerPageHandler.ViewCertificate	ViewCertificate	1592482951	1589535869	2031349763
certificate_manager.mojom.CertificateManagerPageHandlerFactory.CreateCertificateManagerPageHandler	CreateCertificateManagerPageHandler	1142983714	1383462732	1526084193
chrome.mojom.AppShim.BindChildHistogramFetcherFactory	BindChildHistogramFetcherFactory	1262804533	2104892191	950947299
chrome.mojom.AppShim.BindNotificationProvider	BindNotificationProvider	413963794	944639377	93198115
chrome.mojom.AppShim.CreateCommandDispatcherForWidget	CreateCommandDispatcherForWidget	1163335016	1295291885	798404831
chrome.mojom.AppShim.CreateRemoteCocoaApplication	CreateRemoteCocoaApplication	388818114	659069243	1065814043
chrome.mojom.AppShim.RequestNotificationPermission	RequestNotificationPermission	2137024960	1831625401	775393569
chrome.mojom.AppShim.SetBadgeLabel	SetBadgeLabel	1561864834	1673977794	48900218
chrome.mojom.AppShim.SetUserAttention	SetUserAttention	2044064032	1224211682	328037863
chrome.mojom.AppShim.UpdateApplicationDockMenu	UpdateApplicationDockMenu	1008520540	391180952	359505883
chrome.mojom.AppShim.UpdateProfileMenu	UpdateProfileMenu	714825356	679920492	1834198640
chrome.mojom.AppShimHost.ApplicationWillTerminate	ApplicationWillTerminate	901334074	930895359	822697426
chrome.mojom.AppShimHost.EnableAccessibilitySupport	EnableAccessibilitySupport	131853637	117402070	1672014911
chrome.mojom.AppShimHost.FilesOpened	FilesOpened	99209245	1472889300	721013970
chrome.mojom.AppShimHost.FocusApp	FocusApp	1019402816	595230649	1304341550
chrome.mojom.AppShimHost.NotificationPermissionStatusChanged	NotificationPermissionStatusChanged	1748493493	214681782	1221456620
chrome.mojom.AppShimHost.OpenAppSettings	OpenAppSettings	1753804145	950110298	617017117
chrome.mojom.AppShimHost.OpenAppWithOverrideUrl	OpenAppWithOverrideUrl	1647750401	864137805	135952582
chrome.mojom.AppShimHost.ProfileSelectedFromMenu	ProfileSelectedFromMenu	1026511010	1052394224	462064914
chrome.mojom.AppShimHost.ReopenApp	ReopenApp	1362698831	1303597336	4109392
chrome.mojom.AppShimHost.UrlsOpened	UrlsOpened	1384442764	603897361	172621121
chrome.mojom.AppShimHostBootstrap.OnShimConnected	OnShimConnected	411007342	397941903	1633271580
chrome.mojom.ChromeRenderFrame.CancelTool	CancelTool	350307049	1045862823	692509991
chrome.mojom.ChromeRenderFrame.CreatePageStabilityMonitor	CreatePageStabilityMonitor	1055954253	160018268	1671156530
chrome.mojom.ChromeRenderFrame.ExecuteTool	ExecuteTool	438617588	2142164051	1041429303
chrome.mojom.ChromeRenderFrame.ExecuteWebUIJavaScript	ExecuteWebUIJavaScript	1238905351	1382421091	1568224264
chrome.mojom.ChromeRenderFrame.GetCrossDocumentScriptToolResult	GetCrossDocumentScriptToolResult	1910397582	1269010276	1978291936
chrome.mojom.ChromeRenderFrame.GetMediaFeedURL	GetMediaFeedURL	1371902204	877713978	255770103
chrome.mojom.ChromeRenderFrame.InitializeTool	InitializeTool	1921265165	1200693770	956569869
chrome.mojom.ChromeRenderFrame.InvokeTool	InvokeTool	1886273843	353978112	1923217104
chrome.mojom.ChromeRenderFrame.LoadBlockedPlugins	LoadBlockedPlugins	92405197	933935288	1089183307
chrome.mojom.ChromeRenderFrame.RequestBitmapForContextNode	RequestBitmapForContextNode	816575723	689609693	1866800917
chrome.mojom.ChromeRenderFrame.RequestBitmapForContextNodeWithBoundsHint	RequestBitmapForContextNodeWithBoundsHint	1330189515	1400043609	377311619
chrome.mojom.ChromeRenderFrame.RequestBoundsHintForAllImages	RequestBoundsHintForAllImages	1008864896	25267069	54565295
chrome.mojom.ChromeRenderFrame.RequestImageForContextNode	RequestImageForContextNode	1493736233	1171836393	818583397
chrome.mojom.ChromeRenderFrame.RequestReloadImageForContextNode	RequestReloadImageForContextNode	915551092	2736956	1328652789
chrome.mojom.ChromeRenderFrame.SetShouldDeferMediaLoad	SetShouldDeferMediaLoad	1703523702	1815970884	938139001
chrome.mojom.ChromeRenderFrame.SetWindowFeatures	SetWindowFeatures	1183051126	2479896	1939357528
chrome.mojom.ChromeRenderFrame.StartActorJournal	StartActorJournal	183324975	182961847	582501322
chrome.mojom.DocumentAnalysisService.BindSafeDocumentAnalyzer	BindSafeDocumentAnalyzer	545395322	1463639428	824975518
chrome.mojom.FontPrewarmer.PrewarmFonts	PrewarmFonts	241466715	359704470	770052575
chrome.mojom.GoogleAccountsPrivateApiExtension.SetConsentResult	SetConsentResult	136444548	1099570307	405719727
chrome.mojom.IndigoAgent.InjectScript	InjectScript	281362395	395130663	128150342
chrome.mojom.IndigoAgent.Invoke	Invoke	1599969173	677753107	1815160753
chrome.mojom.IndigoAgent.Reset	Reset	1914451226	2135524232	1206788570
chrome.mojom.IndigoAgentHost.ReportInvokeError	ReportInvokeError	439724783	2018194622	1258384385
chrome.mojom.IndigoAgentHost.StartImageReplacement	StartImageReplacement	1669481250	1411571493	1572295476
chrome.mojom.IndigoOnboardingDialogHost.AcknowledgeChromeDisclaimer	AcknowledgeChromeDisclaimer	1505212072	1035778998	1405006093
chrome.mojom.MediaDataSource.Read	Read	2085465649	1290076722	1908051973
chrome.mojom.MediaParser.CheckMediaFile	CheckMediaFile	167668715	102229714	522445469
chrome.mojom.MediaParser.GetCpuInfo	GetCpuInfo	497249023	907221057	1441721827
chrome.mojom.MediaParser.ParseMediaMetadata	ParseMediaMetadata	1661877677	1414765973	1981327320
chrome.mojom.MediaParserFactory.CreateMediaParser	CreateMediaParser	2027541314	432759775	2078505569
chrome.mojom.NetBenchmarking.ClearCache	ClearCache	1655526126	255382873	1632437994
chrome.mojom.NetBenchmarking.ClearHostResolverCache	ClearHostResolverCache	1344980270	361141233	213973967
chrome.mojom.NetBenchmarking.ClearPredictorCache	ClearPredictorCache	1328502274	1348958477	515338605
chrome.mojom.NetBenchmarking.CloseCurrentConnections	CloseCurrentConnections	1886753133	410574152	294000678
chrome.mojom.NetworkDiagnostics.RunNetworkDiagnostics	RunNetworkDiagnostics	256101394	1742096888	76494289
chrome.mojom.NetworkDiagnosticsClient.DNSProbeStatus	DNSProbeStatus	1308788586	1470111416	1026556857
chrome.mojom.NetworkDiagnosticsClient.SetCanShowNetworkDiagnosticsDialog	SetCanShowNetworkDiagnosticsDialog	35895534	1919855962	761227847
chrome.mojom.NetworkEasterEgg.GetHighScore	GetHighScore	1904318923	135653246	1221879483
chrome.mojom.NetworkEasterEgg.ResetHighScore	ResetHighScore	1260319476	602995636	1115685754
chrome.mojom.NetworkEasterEgg.UpdateHighScore	UpdateHighScore	459666292	1319782357	285696587
chrome.mojom.OfflinePageAutoFetcher.CancelSchedule	CancelSchedule	1807074680	817810161	659380279
chrome.mojom.OfflinePageAutoFetcher.TrySchedule	TrySchedule	2049190975	931222371	529994265
chrome.mojom.OpenSearchDescriptionDocumentHandler.PageHasOpenSearchDescriptionDocument	PageHasOpenSearchDescriptionDocument	1981259317	169761209	199281670
chrome.mojom.PluginAuthHost.BlockedUnauthorizedPlugin	BlockedUnauthorizedPlugin	1254311652	913932953	1550201728
chrome.mojom.PluginHost.OpenPDF	OpenPDF	1733038737	183598466	1056244946
chrome.mojom.PluginInfoHost.GetPluginInfo	GetPluginInfo	1295085050	1410092080	2071216313
chrome.mojom.ProcessorMetrics.RecordProcessorMetrics	RecordProcessorMetrics	980958221	235986235	1746403927
chrome.mojom.ProfileImport.CancelImport	CancelImport	1931495552	592464785	1506160656
chrome.mojom.ProfileImport.ReportImportItemFinished	ReportImportItemFinished	878748955	855806271	1752736589
chrome.mojom.ProfileImport.StartImport	StartImport	251188460	1217610179	539764335
chrome.mojom.ProfileImportObserver.OnAutofillFormDataImportGroup	OnAutofillFormDataImportGroup	1782466094	1133342145	148182515
chrome.mojom.ProfileImportObserver.OnAutofillFormDataImportStart	OnAutofillFormDataImportStart	248397307	1519710825	1851523858
chrome.mojom.ProfileImportObserver.OnBookmarksImportGroup	OnBookmarksImportGroup	388527431	1682350888	718600715
chrome.mojom.ProfileImportObserver.OnBookmarksImportStart	OnBookmarksImportStart	2137282542	769359004	432434468
chrome.mojom.ProfileImportObserver.OnFaviconsImportGroup	OnFaviconsImportGroup	1401592983	1601130586	469721958
chrome.mojom.ProfileImportObserver.OnFaviconsImportStart	OnFaviconsImportStart	1041538142	1816680394	1202447640
chrome.mojom.ProfileImportObserver.OnHistoryImportGroup	OnHistoryImportGroup	404859946	1492467130	1595632373
chrome.mojom.ProfileImportObserver.OnHistoryImportStart	OnHistoryImportStart	805800143	428626973	422494770
chrome.mojom.ProfileImportObserver.OnHomePageImportReady	OnHomePageImportReady	191435478	1451526002	1466108209
chrome.mojom.ProfileImportObserver.OnImportFinished	OnImportFinished	1702937179	1008177995	533581952
chrome.mojom.ProfileImportObserver.OnImportItemFinished	OnImportItemFinished	2137484986	840924990	465333394
chrome.mojom.ProfileImportObserver.OnImportItemStart	OnImportItemStart	946926100	366604844	696030057
chrome.mojom.ProfileImportObserver.OnImportStart	OnImportStart	1953525887	252096574	1192554590
chrome.mojom.ProfileImportObserver.OnKeywordsImportReady	OnKeywordsImportReady	874430598	287064993	582564962
chrome.mojom.ProfileImportObserver.OnPasswordFormImportReady	OnPasswordFormImportReady	327229257	1559033144	1768700989
chrome.mojom.RemoteActorCredentialSharing.RequestAgentAuthentication	RequestAgentAuthentication	1696146479	563011173	1196189078
chrome.mojom.RemovableStorageWriter.Verify	Verify	351848662	57432126	1556017505
chrome.mojom.RemovableStorageWriter.Write	Write	512683670	548770596	959897451
chrome.mojom.RemovableStorageWriterClient.Complete	Complete	1300022916	1815477203	2015077545
chrome.mojom.RemovableStorageWriterClient.Progress	Progress	1166688320	2088106832	937378473
chrome.mojom.RenderFrameFontFamilyAccessor.GetFontFamilyNames	GetFontFamilyNames	443754484	951992038	1494692037
chrome.mojom.RendererConfiguration.SetConfiguration	SetConfiguration	1616966915	1873572687	926698276
chrome.mojom.RendererConfiguration.SetConfigurationOnProcessLockUpdate	SetConfigurationOnProcessLockUpdate	1578646789	1196865700	1309828702
chrome.mojom.RendererConfiguration.SetInitialConfiguration	SetInitialConfiguration	218736153	692505876	338722577
chrome.mojom.SafeArchiveAnalyzer.AnalyzeDmgFile	AnalyzeDmgFile	973426775	1161805383	1733053924
chrome.mojom.SafeArchiveAnalyzer.AnalyzeObfuscatedRarFile	AnalyzeObfuscatedRarFile	1009403530	628606774	955652932
chrome.mojom.SafeArchiveAnalyzer.AnalyzeObfuscatedZipFile	AnalyzeObfuscatedZipFile	991340088	1628201820	1249323499
chrome.mojom.SafeArchiveAnalyzer.AnalyzeRarFile	AnalyzeRarFile	769679520	760778176	753514987
chrome.mojom.SafeArchiveAnalyzer.AnalyzeSevenZipFile	AnalyzeSevenZipFile	637956125	2027634351	1778997769
chrome.mojom.SafeArchiveAnalyzer.AnalyzeZipFile	AnalyzeZipFile	579178194	822002506	569513426
chrome.mojom.SandboxStatusExtension.AddSandboxStatusExtension	AddSandboxStatusExtension	1314663064	102415597	1271074882
chrome.mojom.SingleFileExtractor.Extract	Extract	981709588	1473844855	822207739
chrome.mojom.SingleFileExtractorListener.OnProgress	OnProgress	851729159	188840188	197254715
chrome.mojom.TabContextDecryptionTokenExtension.GetContainerDecryptionToken	GetContainerDecryptionToken	914703990	80411482	432078058
chrome.mojom.TemporaryFileGetter.RequestTemporaryFile	RequestTemporaryFile	1037448419	820938407	1425060334
chrome.mojom.TrustedVaultEncryptionKeysExtension.AddTrustedRecoveryMethod	AddTrustedRecoveryMethod	1084595133	1147811187	419093433
chrome.mojom.TrustedVaultEncryptionKeysExtension.SetEncryptionKeys	SetEncryptionKeys	823726616	436753246	1702483919
chrome.mojom.UtilReadIcon.ReadIcon	ReadIcon	203238230	1748051301	1692539238
chrome.mojom.UtilWin.CallExecuteSelectFile	CallExecuteSelectFile	2099971796	1354701329	945803886
chrome.mojom.UtilWin.CreateOrUpdateShortcuts	CreateOrUpdateShortcuts	1561446406	1159588936	1476033347
chrome.mojom.UtilWin.GetAntiVirusProducts	GetAntiVirusProducts	631944178	959839275	1287363424
chrome.mojom.UtilWin.GetTpmIdentifier	GetTpmIdentifier	1713013097	1177883222	1880416359
chrome.mojom.UtilWin.InspectModule	InspectModule	84647835	1306849039	1103182832
chrome.mojom.UtilWin.IsPinnedToTaskbar	IsPinnedToTaskbar	2014332210	1675494793	416142807
chrome.mojom.UtilWin.UnpinShortcuts	UnpinShortcuts	1502898430	1499110879	1840936299
chrome.mojom.WebRtcLoggingAgent.Start	Start	1284713943	140328116	203607478
chrome.mojom.WebRtcLoggingAgent.Stop	Stop	294650813	1344117641	1226602196
chrome.mojom.WebRtcLoggingClient.OnAddMessages	OnAddMessages	936838283	805125814	765151496
chrome.mojom.WebRtcLoggingClient.OnStopped	OnStopped	1378010093	1206898283	1519662769
chrome.mojom.ZipFileCreator.CreateZipFile	CreateZipFile	229253848	798749697	700726272
chrome.mojom.ZipListener.OnFinished	OnFinished	624402084	1822689520	2025019018
chrome.mojom.ZipListener.OnProgress	OnProgress	851729159	158637329	1970325520
chrome_finds_internals.mojom.Page.LogMessageAdded	LogMessageAdded	1537935516	2133692745	214405140
chrome_finds_internals.mojom.PageHandler.GetFindsServiceModelResponse	GetFindsServiceModelResponse	1462111156	1520549388	2074422509
chrome_finds_internals.mojom.PageHandler.GetHistoryJson	GetHistoryJson	644384627	120158494	1260698065
chrome_finds_internals.mojom.PageHandlerFactory.CreatePageHandler	CreatePageHandler	1491630672	91469145	1049712340
chrome_urls.mojom.PageHandler.GetUrls	GetUrls	1313589049	1288796684	2074422509
chrome_urls.mojom.PageHandler.SetDebugPagesEnabled	SetDebugPagesEnabled	1603801643	1166597316	1260698065
chrome_urls.mojom.PageHandlerFactory.CreatePageHandler	CreatePageHandler	1491630672	1542047364	1049712340
chromecast.external_mojo.mojom.ExternalConnector.BindChromiumConnector	BindChromiumConnector	137710829	299816274	1156083513
chromecast.external_mojo.mojom.ExternalConnector.BindInterface	BindInterface	1456547049	1616886440	137808824
chromecast.external_mojo.mojom.ExternalConnector.Clone	Clone	1269621972	2070409872	735813461
chromecast.external_mojo.mojom.ExternalConnector.QueryServiceList	QueryServiceList	2032698404	372264635	1253764829
chromecast.external_mojo.mojom.ExternalConnector.RegisterServiceInstances	RegisterServiceInstances	70738005	799686502	2000920896
chromecast.external_mojo.mojom.ExternalService.OnBindInterface	OnBindInterface	1715450236	700861220	488638197
chromecast.external_mojo.mojom.TestExternalConnector.BindInterfaceInternal	BindInterfaceInternal	75649982	1699598893	994134042
chromecast.media.mojom.MediaCaps.AddObserver	AddObserver	2130361764	237455067	887296966
chromecast.media.mojom.MediaCapsObserver.AddSupportedCodecProfileLevel	AddSupportedCodecProfileLevel	65122677	1037658991	663603414
chromecast.media.mojom.VideoGeometryChangeClient.OnVideoGeometryChange	OnVideoGeometryChange	1542499943	1958970377	595668630
chromecast.media.mojom.VideoGeometryChangeSubscriber.SubscribeToVideoGeometryChange	SubscribeToVideoGeometryChange	2059857365	2135318690	1556445249
chromecast.media.mojom.VideoGeometrySetter.SetVideoGeometry	SetVideoGeometry	1298223092	1251289317	1709586557
chromecast.metrics.mojom.MetricsHelper.RecordApplicationEvent	RecordApplicationEvent	1264205132	458726204	823361474
chromecast.mojom.ActivityUrlFilterConfiguration.SetFilter	SetFilter	195835917	1608452278	2126935429
chromecast.mojom.ActivityWindow.Hide	Hide	858861493	375696032	417187674
chromecast.mojom.ActivityWindow.Show	Show	1904662374	1767761585	619178517
chromecast.mojom.ApiBindings.Connect	Connect	161123025	1813160568	1777732355
chromecast.mojom.ApiBindings.GetAll	GetAll	1040666816	1493640210	797842387
chromecast.mojom.AssistantMessageClient.OnMessage	OnMessage	1164768219	383017310	1512209198
chromecast.mojom.AssistantMessagePipe.SendMessage	SendMessage	725928752	1220418104	1407247587
chromecast.mojom.AssistantMessageService.CreateMessagePipe	CreateMessagePipe	1586151350	1849376833	1141935155
chromecast.mojom.AudioSocketBroker.GetSocketDescriptor	GetSocketDescriptor	799104611	1664900903	982240618
chromecast.mojom.CastContentWindow.AddObserver	AddObserver	2130361764	374770535	338243550
chromecast.mojom.CastContentWindow.CreateWindow	CreateWindow	308911949	1977477789	166497276
chromecast.mojom.CastContentWindow.EnableTouchInput	EnableTouchInput	705092671	426448197	1816467026
chromecast.mojom.CastContentWindow.GrantScreenAccess	GrantScreenAccess	1729491835	2010872147	932844954
chromecast.mojom.CastContentWindow.RequestVisibility	RequestVisibility	2003987092	1905108500	290752961
chromecast.mojom.CastContentWindow.RevokeScreenAccess	RevokeScreenAccess	1006468613	1664541923	1624997793
chromecast.mojom.CastContentWindowObserver.OnVisibilityChange	OnVisibilityChange	746235762	1232404990	209572159
chromecast.mojom.CastContentWindowObserver.OnWindowDestroyed	OnWindowDestroyed	902486003	95960089	1675711321
chromecast.mojom.CastWebContents.AddObserver	AddObserver	2130361764	1126148867	562601668
chromecast.mojom.CastWebContents.AddRendererFeatures	AddRendererFeatures	639522130	1409318914	99836388
chromecast.mojom.CastWebContents.BlockMediaLoading	BlockMediaLoading	2090550640	1752057555	538450721
chromecast.mojom.CastWebContents.BlockMediaStarting	BlockMediaStarting	1809181456	2100569875	1524018699
chromecast.mojom.CastWebContents.ClosePage	ClosePage	20472370	393985913	1889745967
chromecast.mojom.CastWebContents.ConnectToBindingsService	ConnectToBindingsService	1282272449	601744225	592084925
chromecast.mojom.CastWebContents.EnableBackgroundVideoPlayback	EnableBackgroundVideoPlayback	1951712582	1859634017	1387519740
chromecast.mojom.CastWebContents.GetMainFramePid	GetMainFramePid	1206266002	1971198093	410132873
chromecast.mojom.CastWebContents.LoadUrl	LoadUrl	119785136	903020216	168918032
chromecast.mojom.CastWebContents.SetAppProperties	SetAppProperties	184136427	893987354	1840732030
chromecast.mojom.CastWebContents.SetEnabledForRemoteDebugging	SetEnabledForRemoteDebugging	328065371	587532930	916104168
chromecast.mojom.CastWebContents.SetGroupInfo	SetGroupInfo	464607280	1046029950	1113187823
chromecast.mojom.CastWebContents.SetInterfacesForRenderer	SetInterfacesForRenderer	1602323833	1229249897	1024112704
chromecast.mojom.CastWebContents.SetWebVisibilityAndPaint	SetWebVisibilityAndPaint	1548681530	523066949	1569828543
chromecast.mojom.CastWebContentsObserver.DidFirstVisuallyNonEmptyPaint	DidFirstVisuallyNonEmptyPaint	605453497	1427650914	1760734469
chromecast.mojom.CastWebContentsObserver.InnerContentsCreated	InnerContentsCreated	2047248139	1483982858	122753034
chromecast.mojom.CastWebContentsObserver.MainFrameFinishedNavigation	MainFrameFinishedNavigation	379862365	624658894	2098715469
chromecast.mojom.CastWebContentsObserver.MediaPlaybackChanged	MediaPlaybackChanged	1085728604	843569837	1308760602
chromecast.mojom.CastWebContentsObserver.OnRenderProcessReady	OnRenderProcessReady	976702094	83755767	1023714895
chromecast.mojom.CastWebContentsObserver.PageStateChanged	PageStateChanged	1817416125	1473611234	1338031512
chromecast.mojom.CastWebContentsObserver.PageStopped	PageStopped	907464391	630549624	1836030957
chromecast.mojom.CastWebContentsObserver.RenderFrameCreated	RenderFrameCreated	547754456	2054388951	760194255
chromecast.mojom.CastWebContentsObserver.ResourceLoadFailed	ResourceLoadFailed	2040638994	1273453095	641074058
chromecast.mojom.CastWebContentsObserver.UpdateFaviconURL	UpdateFaviconURL	1311582013	1833201581	582287696
chromecast.mojom.CastWebContentsObserver.UpdateTitle	UpdateTitle	760887064	183736342	645986093
chromecast.mojom.CastWebService.ClearLocalStorage	ClearLocalStorage	1826267656	803503128	307306680
chromecast.mojom.CastWebService.CreateWebView	CreateWebView	1670942054	408717509	1846770736
chromecast.mojom.CastWebService.FlushDomLocalStorage	FlushDomLocalStorage	343244423	133033991	553014489
chromecast.mojom.CastWebService.RegisterWebUiClient	RegisterWebUiClient	1819260719	1038244641	2138414646
chromecast.mojom.DisplaySettings.AddDisplaySettingsObserver	AddDisplaySettingsObserver	2043273205	1862621920	981413202
chromecast.mojom.DisplaySettings.ResetBrightness	ResetBrightness	302327879	351713840	302495039
chromecast.mojom.DisplaySettings.ResetColorTemperature	ResetColorTemperature	458344971	1514474572	308459673
chromecast.mojom.DisplaySettings.SetAllowScreenPowerOff	SetAllowScreenPowerOff	1307063172	1744235497	173259604
chromecast.mojom.DisplaySettings.SetBrightness	SetBrightness	1515107182	1334998861	971567180
chromecast.mojom.DisplaySettings.SetBrightnessSmooth	SetBrightnessSmooth	946767708	936746668	771154774
chromecast.mojom.DisplaySettings.SetColorTemperature	SetColorTemperature	831418598	1972843885	1264083756
chromecast.mojom.DisplaySettings.SetColorTemperatureSmooth	SetColorTemperatureSmooth	1108902836	1085885260	2051652613
chromecast.mojom.DisplaySettings.SetScreenOn	SetScreenOn	2134045588	1944098357	912524653
chromecast.mojom.DisplaySettingsObserver.OnDisplayBrightnessChanged	OnDisplayBrightnessChanged	306899607	1178515082	1116468112
chromecast.mojom.FeatureUpdateObserver.OnFeaturesUpdated	OnFeaturesUpdated	330430888	1316673952	2097615062
chromecast.mojom.FeatureUpdateService.RegisterFeatureUpdateObserver	RegisterFeatureUpdateObserver	1517546061	1183431165	1478442857
chromecast.mojom.GestureHandler.OnBackGesture	OnBackGesture	1459030072	487242431	1696869121
chromecast.mojom.GestureHandler.OnBackGestureCancel	OnBackGestureCancel	810848630	426519653	1862956237
chromecast.mojom.GestureHandler.OnBackGestureProgress	OnBackGestureProgress	274957337	1791710064	1835586362
chromecast.mojom.GestureHandler.OnRightDragGestureDone	OnRightDragGestureDone	10515315	1383041214	464163699
chromecast.mojom.GestureHandler.OnRightDragGestureProgress	OnRightDragGestureProgress	768092570	569437993	1753317872
chromecast.mojom.GestureHandler.OnTapDownGesture	OnTapDownGesture	858240954	671856369	1839559839
chromecast.mojom.GestureHandler.OnTapGesture	OnTapGesture	253379878	1369087829	481300605
chromecast.mojom.GestureHandler.OnTopDragGestureDone	OnTopDragGestureDone	373001382	1893422773	613765502
chromecast.mojom.GestureHandler.OnTopDragGestureProgress	OnTopDragGestureProgress	200469207	1717693966	959929344
chromecast.mojom.GestureSource.SetCanGoBack	SetCanGoBack	1856326476	67769126	463532782
chromecast.mojom.GestureSource.SetCanRightDrag	SetCanRightDrag	1931283217	410532951	1477487733
chromecast.mojom.GestureSource.SetCanTopDrag	SetCanTopDrag	1667070330	1515498682	1252469200
chromecast.mojom.GestureSource.Subscribe	Subscribe	1612304635	487015617	955294439
chromecast.mojom.JsChannel.PostMessage	PostMessage	1242572728	104027959	442801998
chromecast.mojom.JsChannelBindingProvider.Register	Register	2030014310	926003306	1349627105
chromecast.mojom.JsChannelClient.CreateChannel	CreateChannel	1542391602	233443121	1131745558
chromecast.mojom.JsChannelClient.RemoveChannel	RemoveChannel	1281871726	1462901782	1996885220
chromecast.mojom.MessageCallback.OnMessage	OnMessage	1164768219	821677020	1869863566
chromecast.mojom.RemoteInterfaces.AddClient	AddClient	1616160899	892704237	613985876
chromecast.mojom.RemoteInterfaces.BindInterface	BindInterface	1456547049	742531018	1040706488
chromecast.mojom.Resources.RequestResourceBytes	RequestResourceBytes	2108476269	1212061953	1477943487
chromecast.mojom.ServiceConnector.Connect	Connect	161123025	1640289515	408069928
chromecast.mojom.SettingsClient.HandleSideSwipe	HandleSideSwipe	395388816	2038103902	878159651
chromecast.mojom.SettingsClient.SendPlatformInfo	SendPlatformInfo	385574938	2063741803	1113752349
chromecast.mojom.SettingsPlatform.Connect	Connect	161123025	555030816	1499837749
chromecast.mojom.SettingsPlatform.RequestVisible	RequestVisible	707526166	1978797040	358462297
chromecast.mojom.WebUi.CallJavascriptFunction	CallJavascriptFunction	803750224	2019798128	1833354090
chromecast.mojom.WebUi.RegisterMessageCallback	RegisterMessageCallback	1766670734	2124346864	986291744
chromecast.mojom.WebUiClient.CreateController	CreateController	632692217	1022613055	1578533539
chromecast.mojom.WebUiClient.CreateResources	CreateResources	985186400	945353135	1304403164
chromecast.shell.mojom.ApplicationMediaCapabilities.AddObserver	AddObserver	2130361764	781887659	825190274
chromecast.shell.mojom.ApplicationMediaCapabilitiesObserver.OnSupportedBitstreamAudioCodecsChanged	OnSupportedBitstreamAudioCodecsChanged	198726968	622247400	2074822365
chromecast.shell.mojom.CastDemo.AddVolumeChangeObserver	AddVolumeChangeObserver	538241490	837464707	2103061004
chromecast.shell.mojom.CastDemo.ApplyDefaultVolume	ApplyDefaultVolume	2078278764	1804780656	1326534438
chromecast.shell.mojom.CastDemo.GetAvailableWifiNetworks	GetAvailableWifiNetworks	1582353874	451243501	1329180001
chromecast.shell.mojom.CastDemo.GetConnectionStatus	GetConnectionStatus	852688965	1811068184	1978876181
chromecast.shell.mojom.CastDemo.GetDefaultVolumeLevel	GetDefaultVolumeLevel	1223672534	1069011520	1101239475
chromecast.shell.mojom.CastDemo.GetRetailerName	GetRetailerName	1174408934	877348991	1321066541
chromecast.shell.mojom.CastDemo.GetStoreId	GetStoreId	1742229061	1247057948	1286998670
chromecast.shell.mojom.CastDemo.PersistLocalStorage	PersistLocalStorage	1956604731	1585168723	997541664
chromecast.shell.mojom.CastDemo.RecordEvent	RecordEvent	497073302	337799922	1308653003
chromecast.shell.mojom.CastDemo.SetDefaultVolumeLevel	SetDefaultVolumeLevel	923573826	170902020	631839703
chromecast.shell.mojom.CastDemo.SetRetailerName	SetRetailerName	2101339538	410232483	2089380921
chromecast.shell.mojom.CastDemo.SetStoreId	SetStoreId	1040738881	1084817548	908220444
chromecast.shell.mojom.CastDemo.SetWifiCredentials	SetWifiCredentials	813555802	738491578	1631164397
chromecast.shell.mojom.CastDemoVolumeChangeObserver.VolumeChanged	VolumeChanged	1980961853	1195084511	1764876116
chromecast.shell.mojom.FeatureManager.ConfigureFeatures	ConfigureFeatures	198368282	1889243702	621116828
chromecast.shell.mojom.QueryableDataStore.Set	Set	371239335	1320311356	658959034
chromeos.auth.mojom.InSessionAuth.CheckToken	CheckToken	1740488930	462324150	1
chromeos.auth.mojom.InSessionAuth.InvalidateToken	InvalidateToken	2122497613	743294430	2
chromeos.auth.mojom.InSessionAuth.RequestLegacyWebAuthn	RequestLegacyWebAuthn	1515006919	14542689	3
chromeos.auth.mojom.InSessionAuth.RequestToken	RequestToken	1201234071	149544968	0
chromeos.cdm.mojom.BrowserCdmFactory.AllocateSecureBuffer	AllocateSecureBuffer	1224049633	892624749	5
chromeos.cdm.mojom.BrowserCdmFactory.CreateFactory	CreateFactory	980112497	738587634	0
chromeos.cdm.mojom.BrowserCdmFactory.GetAndroidHwKeyData	GetAndroidHwKeyData	1514339228	1031096114	4
chromeos.cdm.mojom.BrowserCdmFactory.GetHwConfigData	GetHwConfigData	1339076094	699794482	2
chromeos.cdm.mojom.BrowserCdmFactory.GetOutputProtection	GetOutputProtection	1356587641	2096957889	1
chromeos.cdm.mojom.BrowserCdmFactory.GetScreenResolutions	GetScreenResolutions	577577956	1163975203	3
chromeos.cdm.mojom.BrowserCdmFactory.ParseEncryptedSliceHeader	ParseEncryptedSliceHeader	1083911511	1727548195	6
chromeos.cdm.mojom.CdmFactory.CreateCdm	CreateCdm	1251587893	1799327886	3
chromeos.cdm.mojom.CdmFactory.CreateCdmDeprecated	CreateCdmDeprecated	2132996322	1510995292	2
chromeos.cdm.mojom.CdmFactory.DEPRECATED_1	DEPRECATED_1	659780666	449381727	1
chromeos.cdm.mojom.CdmFactoryDaemon.AllocateSecureBuffer	AllocateSecureBuffer	1224049633	278099647	8
chromeos.cdm.mojom.CdmFactoryDaemon.ConnectOemCrypto	ConnectOemCrypto	2101279197	160546191	2
chromeos.cdm.mojom.CdmFactoryDaemon.CreateFactory	CreateFactory	980112497	1130440232	0
chromeos.cdm.mojom.CdmFactoryDaemon.GetAndroidHwKeyData	GetAndroidHwKeyData	1514339228	2143142824	7
chromeos.cdm.mojom.CdmFactoryDaemon.GetHdcp14Key	GetHdcp14Key	791793390	82341932	6
chromeos.cdm.mojom.CdmFactoryDaemon.GetHwConfigData	GetHwConfigData	1339076094	251647680	4
chromeos.cdm.mojom.CdmFactoryDaemon.ParseEncryptedSliceHeader	ParseEncryptedSliceHeader	1083911511	1632854921	9
chromeos.cdm.mojom.CdmFactoryDaemon.RemovedMethod1	RemovedMethod1	2004849665	1959413626	1
chromeos.cdm.mojom.CdmFactoryDaemon.RemovedMethod3	RemovedMethod3	2004849667	383072852	3
chromeos.cdm.mojom.CdmFactoryDaemon.RemovedMethod5	RemovedMethod5	2004849669	430337534	5
chromeos.cdm.mojom.CdmStorage.Exists	Exists	1611935237	1728116088	2
chromeos.cdm.mojom.CdmStorage.GetSize	GetSize	159169400	1791836699	3
chromeos.cdm.mojom.CdmStorage.Read	Read	2085465649	1926834725	0
chromeos.cdm.mojom.CdmStorage.Remove	Remove	396705297	240684976	4
chromeos.cdm.mojom.CdmStorage.Write	Write	512683670	1549433456	1
chromeos.cdm.mojom.ContentDecryptionModule.CloseSession	CloseSession	815197517	122027410	6
chromeos.cdm.mojom.ContentDecryptionModule.CreateSessionAndGenerateRequest	CreateSessionAndGenerateRequest	1795028398	1603093453	3
chromeos.cdm.mojom.ContentDecryptionModule.Decrypt	Decrypt	181005312	1282701353	10
chromeos.cdm.mojom.ContentDecryptionModule.DecryptDeprecated	DecryptDeprecated	743896755	57959114	8
chromeos.cdm.mojom.ContentDecryptionModule.GetHwKeyData	GetHwKeyData	77983233	919425404	9
chromeos.cdm.mojom.ContentDecryptionModule.GetStatusForPolicy	GetStatusForPolicy	2097433088	6169436	2
chromeos.cdm.mojom.ContentDecryptionModule.LoadSession	LoadSession	1437116155	2058503958	4
chromeos.cdm.mojom.ContentDecryptionModule.RemoveSession	RemoveSession	142658591	634615268	7
chromeos.cdm.mojom.ContentDecryptionModule.SetServerCertificate	SetServerCertificate	358456367	1926112868	1
chromeos.cdm.mojom.ContentDecryptionModule.UpdateSession	UpdateSession	1681068822	1910613686	5
chromeos.cdm.mojom.ContentDecryptionModuleClient.OnSessionClosed	OnSessionClosed	2121146126	776263393	1
chromeos.cdm.mojom.ContentDecryptionModuleClient.OnSessionExpirationUpdate	OnSessionExpirationUpdate	60414010	953366238	3
chromeos.cdm.mojom.ContentDecryptionModuleClient.OnSessionKeysChange	OnSessionKeysChange	1473610802	229046536	2
chromeos.cdm.mojom.ContentDecryptionModuleClient.OnSessionMessage	OnSessionMessage	943221999	2035748903	0
chromeos.cdm.mojom.OutputProtection.EnableProtection	EnableProtection	1798251169	135169430	1
chromeos.cdm.mojom.OutputProtection.QueryStatus	QueryStatus	237560821	291526049	0
chromeos.cfm.mojom.CfmBrowser.GetMemoryDetails	GetMemoryDetails	280209200	1029989185	1
chromeos.cfm.mojom.CfmBrowser.GetVariationsData	GetVariationsData	644780625	184526258	0
chromeos.cfm.mojom.CfmServiceAdaptor.OnBindService	OnBindService	1173902488	1578429713	0
chromeos.cfm.mojom.CfmServiceContext.ProvideAdaptor	ProvideAdaptor	871372439	1579624897	0
chromeos.cfm.mojom.CfmServiceContext.RequestBindService	RequestBindService	634956158	999265840	1
chromeos.cfm.mojom.ExternalDisplayBrightness.GetExternalDisplayALSBrightness	GetExternalDisplayALSBrightness	1796726631	1350179620	1
chromeos.cfm.mojom.ExternalDisplayBrightness.GetExternalDisplayBrightnessPercent	GetExternalDisplayBrightnessPercent	1448280008	1077205974	3
chromeos.cfm.mojom.ExternalDisplayBrightness.SetExternalDisplayALSBrightness	SetExternalDisplayALSBrightness	818150491	1696409344	0
chromeos.cfm.mojom.ExternalDisplayBrightness.SetExternalDisplayBrightnessPercent	SetExternalDisplayBrightnessPercent	472821076	297023418	2
chromeos.cfm.mojom.LoggerStateObserver.OnNotifyState	OnNotifyState	1236255064	1430568444	0
chromeos.cfm.mojom.MeetDevicesDiagnostics.GetCrosHealthdProcessInfo	GetCrosHealthdProcessInfo	279370911	1741834256	1
chromeos.cfm.mojom.MeetDevicesDiagnostics.GetCrosHealthdTelemetry	GetCrosHealthdTelemetry	38983093	2047295364	0
chromeos.cfm.mojom.MeetDevicesInfo.AddDeviceSettingsObserver	AddDeviceSettingsObserver	1663328897	1450222230	0
chromeos.cfm.mojom.MeetDevicesInfo.GetMachineStatisticsInfo	GetMachineStatisticsInfo	1512629303	1459360786	3
chromeos.cfm.mojom.MeetDevicesInfo.GetPolicyInfo	GetPolicyInfo	1555162461	428246760	1
chromeos.cfm.mojom.MeetDevicesInfo.GetSysInfo	GetSysInfo	1474046526	1146123001	2
chromeos.cfm.mojom.MeetDevicesLogger.AddStateObserver	AddStateObserver	303549563	1104026009	1
chromeos.cfm.mojom.MeetDevicesLogger.Enqueue	Enqueue	591059253	2116277529	0
chromeos.cfm.mojom.PolicyInfoObserver.OnPolicyInfoChange	OnPolicyInfoChange	823726568	1801727708	0
chromeos.connectivity.mojom.PasspointEventsListener.OnPasspointSubscriptionAdded	OnPasspointSubscriptionAdded	617301732	1511402682	1151029934
chromeos.connectivity.mojom.PasspointEventsListener.OnPasspointSubscriptionRemoved	OnPasspointSubscriptionRemoved	1145342358	367440040	151676548
chromeos.connectivity.mojom.PasspointService.DeletePasspointSubscription	DeletePasspointSubscription	814862928	1277195243	622490424
chromeos.connectivity.mojom.PasspointService.GetPasspointSubscription	GetPasspointSubscription	817272909	1730897011	1446778463
chromeos.connectivity.mojom.PasspointService.ListPasspointSubscriptions	ListPasspointSubscriptions	1846005750	1712135987	1614244996
chromeos.connectivity.mojom.PasspointService.RegisterPasspointListener	RegisterPasspointListener	1037209601	781949108	1838138365
chromeos.machine_learning.mojom.DocumentScanner.DetectCornersFromJPEGImage	DetectCornersFromJPEGImage	888894939	245217454	1
chromeos.machine_learning.mojom.DocumentScanner.DetectCornersFromNV12Image	DetectCornersFromNV12Image	1461277082	133829675	0
chromeos.machine_learning.mojom.DocumentScanner.DoPostProcessing	DoPostProcessing	2000557653	1387997111	2
chromeos.machine_learning.mojom.GrammarChecker.Check	Check	1896184331	695546745	0
chromeos.machine_learning.mojom.GraphExecutor.Execute	Execute	413157350	1632857262	0
chromeos.machine_learning.mojom.HandwritingRecognizer.Recognize	Recognize	1824345843	1870203257	0
chromeos.machine_learning.mojom.HeatmapPalmRejectionClient.OnHeatmapProcessedEvent	OnHeatmapProcessedEvent	1823446102	941317974	0
chromeos.machine_learning.mojom.ImageContentAnnotator.AnnotateEncodedImage	AnnotateEncodedImage	1122793224	880148555	1
chromeos.machine_learning.mojom.ImageContentAnnotator.AnnotateRawImage	AnnotateRawImage	1106566236	886508722	0
chromeos.machine_learning.mojom.MachineLearningService.Clone	Clone	1269621972	303047524	5
chromeos.machine_learning.mojom.MachineLearningService.LoadBuiltinModel	LoadBuiltinModel	1741013377	900513459	0
chromeos.machine_learning.mojom.MachineLearningService.LoadDocumentScanner	LoadDocumentScanner	474439304	497073907	10
chromeos.machine_learning.mojom.MachineLearningService.LoadFlatBufferModel	LoadFlatBufferModel	842823597	1366763397	1
chromeos.machine_learning.mojom.MachineLearningService.LoadGrammarChecker	LoadGrammarChecker	1439321085	856914736	7
chromeos.machine_learning.mojom.MachineLearningService.LoadHandwritingModel	LoadHandwritingModel	1573189997	899060717	3
chromeos.machine_learning.mojom.MachineLearningService.LoadHeatmapPalmRejection	LoadHeatmapPalmRejection	1946258044	814411382	13
chromeos.machine_learning.mojom.MachineLearningService.LoadImageAnnotator	LoadImageAnnotator	1706192992	1725888291	12
chromeos.machine_learning.mojom.MachineLearningService.LoadSpeechRecognizer	LoadSpeechRecognizer	1725040901	1672923393	6
chromeos.machine_learning.mojom.MachineLearningService.LoadTextClassifier	LoadTextClassifier	2145159335	1804081956	2
chromeos.machine_learning.mojom.MachineLearningService.LoadTextSuggester	LoadTextSuggester	376415183	910136205	8
chromeos.machine_learning.mojom.MachineLearningService.LoadWebPlatformHandwritingModel	LoadWebPlatformHandwritingModel	701960888	259605307	9
chromeos.machine_learning.mojom.MachineLearningService.REMOVED_4	REMOVED_4	1950506426	84867227	4
chromeos.machine_learning.mojom.Model.CreateGraphExecutor	CreateGraphExecutor	184531460	834154703	1
chromeos.machine_learning.mojom.Model.REMOVED_0	REMOVED_0	1950506430	528644677	0
chromeos.machine_learning.mojom.SodaClient.OnSpeechRecognizerEvent	OnSpeechRecognizerEvent	2025468902	736280090	2
chromeos.machine_learning.mojom.SodaClient.OnStart	OnStart	44450838	281156693	0
chromeos.machine_learning.mojom.SodaClient.OnStop	OnStop	814571286	233772245	1
chromeos.machine_learning.mojom.SodaRecognizer.AddAudio	AddAudio	390384540	1822656295	0
chromeos.machine_learning.mojom.SodaRecognizer.MarkDone	MarkDone	2101978214	934010694	3
chromeos.machine_learning.mojom.SodaRecognizer.Start	Start	1284713943	122786611	2
chromeos.machine_learning.mojom.SodaRecognizer.Stop	Stop	294650813	734498951	1
chromeos.machine_learning.mojom.TextClassifier.Annotate	Annotate	739192421	1834370068	0
chromeos.machine_learning.mojom.TextClassifier.FindLanguages	FindLanguages	1028465469	1265521216	2
chromeos.machine_learning.mojom.TextClassifier.REMOVED_1	REMOVED_1	1950506431	1649782364	1
chromeos.machine_learning.mojom.TextSuggester.Suggest	Suggest	482377993	1061303571	0
chromeos.machine_learning.web_platform.mojom.HandwritingRecognizer.GetPrediction	GetPrediction	180009376	916884322	0
chromeos.media_perception.mojom.MediaPerceptionController.ActivateMediaPerception	ActivateMediaPerception	984854655	1019295361	0
chromeos.media_perception.mojom.MediaPerceptionControllerClient.ConnectToVideoCaptureService	ConnectToVideoCaptureService	863508120	1695499633	0
chromeos.media_perception.mojom.MediaPerceptionService.GetController	GetController	1865020511	1408947426	0
chromeos.mojo_service_manager.mojom.ServiceManager.AddServiceObserver	AddServiceObserver	375168049	2024317885	3
chromeos.mojo_service_manager.mojom.ServiceManager.Query	Query	1787384039	1685969109	2
chromeos.mojo_service_manager.mojom.ServiceManager.Register	Register	2030014310	538000252	0
chromeos.mojo_service_manager.mojom.ServiceManager.Request	Request	1780537024	550463107	1
chromeos.mojo_service_manager.mojom.ServiceObserver.OnServiceEvent	OnServiceEvent	365058585	1278085107	0
chromeos.mojo_service_manager.mojom.ServiceProvider.Request	Request	1780537024	1880372191	0
chromeos.network_config.mojom.CrosNetworkConfig.AddObserver	AddObserver	2130361764	1220512845	2023859215
chromeos.network_config.mojom.CrosNetworkConfig.ConfigureNetwork	ConfigureNetwork	1936577291	2048746110	1024750381
chromeos.network_config.mojom.CrosNetworkConfig.CreateCustomApn	CreateCustomApn	470124259	1525170655	936359116
chromeos.network_config.mojom.CrosNetworkConfig.CreateExclusivelyEnabledCustomApn	CreateExclusivelyEnabledCustomApn	1657152295	98095483	1813725438
chromeos.network_config.mojom.CrosNetworkConfig.ForgetNetwork	ForgetNetwork	1126124044	1001538256	110237498
chromeos.network_config.mojom.CrosNetworkConfig.GetAlwaysOnVpn	GetAlwaysOnVpn	1665524561	475621989	454543877
chromeos.network_config.mojom.CrosNetworkConfig.GetDeviceStateList	GetDeviceStateList	1491863104	1508144778	1773848115
chromeos.network_config.mojom.CrosNetworkConfig.GetGlobalPolicy	GetGlobalPolicy	791781436	894633146	1464559251
chromeos.network_config.mojom.CrosNetworkConfig.GetManagedProperties	GetManagedProperties	919788381	770447258	1467398053
chromeos.network_config.mojom.CrosNetworkConfig.GetNetworkCertificates	GetNetworkCertificates	834689255	800987360	471396532
chromeos.network_config.mojom.CrosNetworkConfig.GetNetworkState	GetNetworkState	405825982	1756047441	1700631775
chromeos.network_config.mojom.CrosNetworkConfig.GetNetworkStateList	GetNetworkStateList	907995634	868932244	2136807529
chromeos.network_config.mojom.CrosNetworkConfig.GetSupportedVpnTypes	GetSupportedVpnTypes	21380044	512307527	896847803
chromeos.network_config.mojom.CrosNetworkConfig.GetVpnProviders	GetVpnProviders	1882062905	1496861912	48248937
chromeos.network_config.mojom.CrosNetworkConfig.ModifyCustomApn	ModifyCustomApn	1554858489	1651026037	1856763383
chromeos.network_config.mojom.CrosNetworkConfig.RemoveCustomApn	RemoveCustomApn	503855655	1100510274	1759151204
chromeos.network_config.mojom.CrosNetworkConfig.RequestNetworkScan	RequestNetworkScan	251302833	461627252	2048768297
chromeos.network_config.mojom.CrosNetworkConfig.RequestTrafficCounters	RequestTrafficCounters	1663051908	71943834	132470315
chromeos.network_config.mojom.CrosNetworkConfig.ResetTrafficCounters	ResetTrafficCounters	1274649294	2024125702	456764061
chromeos.network_config.mojom.CrosNetworkConfig.SelectCellularMobileNetwork	SelectCellularMobileNetwork	1446358289	349381868	73840659
chromeos.network_config.mojom.CrosNetworkConfig.SetAlwaysOnVpn	SetAlwaysOnVpn	646593997	901505857	1500252798
chromeos.network_config.mojom.CrosNetworkConfig.SetCellularSimState	SetCellularSimState	603302921	1927950502	136672366
chromeos.network_config.mojom.CrosNetworkConfig.SetNetworkTypeEnabledState	SetNetworkTypeEnabledState	1397193385	1043459338	1650405007
chromeos.network_config.mojom.CrosNetworkConfig.SetProperties	SetProperties	1260287284	465086736	216947922
chromeos.network_config.mojom.CrosNetworkConfig.SetTrafficCountersResetDay	SetTrafficCountersResetDay	1861473988	1921145903	366432903
chromeos.network_config.mojom.CrosNetworkConfig.SetVpnProviders	SetVpnProviders	290369069	282699236	1852914470
chromeos.network_config.mojom.CrosNetworkConfig.StartConnect	StartConnect	1322463859	929159355	856327733
chromeos.network_config.mojom.CrosNetworkConfig.StartDisconnect	StartDisconnect	926366009	366714663	968056958
chromeos.network_config.mojom.CrosNetworkConfigObserver.OnActiveNetworksChanged	OnActiveNetworksChanged	200873507	1512626447	1308682992
chromeos.network_config.mojom.CrosNetworkConfigObserver.OnDeviceStateListChanged	OnDeviceStateListChanged	301110321	890024074	579741483
chromeos.network_config.mojom.CrosNetworkConfigObserver.OnNetworkCertificatesChanged	OnNetworkCertificatesChanged	1169476272	1319359013	1725192667
chromeos.network_config.mojom.CrosNetworkConfigObserver.OnNetworkStateChanged	OnNetworkStateChanged	603700689	1637177988	1586201885
chromeos.network_config.mojom.CrosNetworkConfigObserver.OnNetworkStateListChanged	OnNetworkStateListChanged	1206818301	1900918446	2043289491
chromeos.network_config.mojom.CrosNetworkConfigObserver.OnPoliciesApplied	OnPoliciesApplied	1126405695	441451071	678691138
chromeos.network_config.mojom.CrosNetworkConfigObserver.OnVpnProvidersChanged	OnVpnProvidersChanged	186741884	1218000697	1617846684
chromeos.network_diagnostics.mojom.NetworkDiagnosticsRoutines.GetAllResults	GetAllResults	1998056522	1314145920	28
chromeos.network_diagnostics.mojom.NetworkDiagnosticsRoutines.GetResult	GetResult	1964840424	1830864813	27
chromeos.network_diagnostics.mojom.NetworkDiagnosticsRoutines.RunArcDnsResolution	RunArcDnsResolution	239062983	1769889709	26
chromeos.network_diagnostics.mojom.NetworkDiagnosticsRoutines.RunArcHttp	RunArcHttp	501329848	109693534	24
chromeos.network_diagnostics.mojom.NetworkDiagnosticsRoutines.RunArcPing	RunArcPing	551357488	1474404150	25
chromeos.network_diagnostics.mojom.NetworkDiagnosticsRoutines.RunCaptivePortal	RunCaptivePortal	331872704	1471308982	19
chromeos.network_diagnostics.mojom.NetworkDiagnosticsRoutines.RunDnsLatency	RunDnsLatency	1984322829	532384527	17
chromeos.network_diagnostics.mojom.NetworkDiagnosticsRoutines.RunDnsResolution	RunDnsResolution	1968974631	1560153445	18
chromeos.network_diagnostics.mojom.NetworkDiagnosticsRoutines.RunDnsResolverPresent	RunDnsResolverPresent	1311945368	657637582	16
chromeos.network_diagnostics.mojom.NetworkDiagnosticsRoutines.RunGatewayCanBePinged	RunGatewayCanBePinged	2129097480	831794134	14
chromeos.network_diagnostics.mojom.NetworkDiagnosticsRoutines.RunGoogleServicesConnectivity	RunGoogleServicesConnectivity	262163080	449360950	29
chromeos.network_diagnostics.mojom.NetworkDiagnosticsRoutines.RunHasSecureWiFiConnection	RunHasSecureWiFiConnection	5523204	1895488306	15
chromeos.network_diagnostics.mojom.NetworkDiagnosticsRoutines.RunHttpFirewall	RunHttpFirewall	1107142488	966782094	20
chromeos.network_diagnostics.mojom.NetworkDiagnosticsRoutines.RunHttpsFirewall	RunHttpsFirewall	630389879	1275867461	21
chromeos.network_diagnostics.mojom.NetworkDiagnosticsRoutines.RunHttpsLatency	RunHttpsLatency	1487257487	1860308813	22
chromeos.network_diagnostics.mojom.NetworkDiagnosticsRoutines.RunLanConnectivity	RunLanConnectivity	1795294392	890203702	12
chromeos.network_diagnostics.mojom.NetworkDiagnosticsRoutines.RunSignalStrength	RunSignalStrength	1142417575	523120405	13
chromeos.network_diagnostics.mojom.NetworkDiagnosticsRoutines.RunVideoConferencing	RunVideoConferencing	1101226010	749512950	23
chromeos.network_health.mojom.NetworkEventsObserver.OnConnectionStateChanged	OnConnectionStateChanged	354192515	940460438	0
chromeos.network_health.mojom.NetworkEventsObserver.OnNetworkListChanged	OnNetworkListChanged	1799709116	1752629646	2
chromeos.network_health.mojom.NetworkEventsObserver.OnSignalStrengthChanged	OnSignalStrengthChanged	924074491	179846889	1
chromeos.network_health.mojom.NetworkHealthService.AddObserver	AddObserver	2130361764	62373845	0
chromeos.network_health.mojom.NetworkHealthService.GetHealthSnapshot	GetHealthSnapshot	2044046889	791850797	2
chromeos.network_health.mojom.NetworkHealthService.GetNetworkList	GetNetworkList	1585796007	269153907	1
chromeos.network_health.mojom.NetworkHealthService.GetRecentlyActiveNetworks	GetRecentlyActiveNetworks	1322089728	1072330533	3
chromeos.payments.mojom.PaymentAppInstance.AbortPaymentApp	AbortPaymentApp	364518902	1480203767	3
chromeos.payments.mojom.PaymentAppInstance.InvokePaymentApp	InvokePaymentApp	303797498	1986221742	2
chromeos.payments.mojom.PaymentAppInstance.IsPaymentImplemented	IsPaymentImplemented	1284937683	1507661109	0
chromeos.payments.mojom.PaymentAppInstance.IsReadyToPay	IsReadyToPay	783563677	1514887384	1
chromeos.printing.printing_manager.mojom.PrintJobsObserver.OnAllPrintJobsDeleted	OnAllPrintJobsDeleted	272154667	1609958893	1343492509
chromeos.printing.printing_manager.mojom.PrintJobsObserver.OnPrintJobUpdate	OnPrintJobUpdate	692505223	2142177224	2144379655
chromeos.printing.printing_manager.mojom.PrintManagementHandler.LaunchPrinterSettings	LaunchPrinterSettings	1765377467	928101889	128530376
chromeos.printing.printing_manager.mojom.PrintManagementHandler.RecordGetPrintJobsRequestDuration	RecordGetPrintJobsRequestDuration	507070210	483200150	1054558670
chromeos.printing.printing_manager.mojom.PrintingMetadataProvider.CancelPrintJob	CancelPrintJob	1607442029	990918320	1193202316
chromeos.printing.printing_manager.mojom.PrintingMetadataProvider.DeleteAllPrintJobs	DeleteAllPrintJobs	1186619746	956040674	721248350
chromeos.printing.printing_manager.mojom.PrintingMetadataProvider.GetDeletePrintJobHistoryAllowedByPolicy	GetDeletePrintJobHistoryAllowedByPolicy	612105925	693870617	228508953
chromeos.printing.printing_manager.mojom.PrintingMetadataProvider.GetPrintJobHistoryExpirationPeriod	GetPrintJobHistoryExpirationPeriod	1825319543	1270798783	771139204
chromeos.printing.printing_manager.mojom.PrintingMetadataProvider.GetPrintJobs	GetPrintJobs	832731332	252725478	1343154950
chromeos.printing.printing_manager.mojom.PrintingMetadataProvider.ObservePrintJobs	ObservePrintJobs	730648772	1074665689	183600040
chromeos.remote_apps.mojom.RemoteAppLaunchObserver.OnRemoteAppLaunched	OnRemoteAppLaunched	1954698023	1392825297	0
chromeos.remote_apps.mojom.RemoteApps.AddApp	AddApp	1083186995	1469221322	1
chromeos.remote_apps.mojom.RemoteApps.AddFolder	AddFolder	177753974	2095073975	0
chromeos.remote_apps.mojom.RemoteApps.DeleteApp	DeleteApp	1829369029	1103217216	2
chromeos.remote_apps.mojom.RemoteApps.SetPinnedApps	SetPinnedApps	1156702953	1507985077	4
chromeos.remote_apps.mojom.RemoteApps.SortLauncherWithRemoteAppsFirst	SortLauncherWithRemoteAppsFirst	1132797443	8426843	3
chromeos.remote_apps.mojom.RemoteAppsFactory.BindRemoteAppsAndAppLaunchObserver	BindRemoteAppsAndAppLaunchObserver	130684433	1634473705	0
chromeos.sensors.mojom.SensorDevice.GetAllChannelIds	GetAllChannelIds	1361433045	1406379231	5
chromeos.sensors.mojom.SensorDevice.GetAttributes	GetAttributes	1113137984	2023037657	1
chromeos.sensors.mojom.SensorDevice.GetChannelsAttributes	GetChannelsAttributes	1681813472	1248518747	8
chromeos.sensors.mojom.SensorDevice.GetChannelsEnabled	GetChannelsEnabled	365757222	1586986988	7
chromeos.sensors.mojom.SensorDevice.SetChannelsEnabled	SetChannelsEnabled	534348154	1785032570	6
chromeos.sensors.mojom.SensorDevice.SetFrequency	SetFrequency	816262299	155584437	2
chromeos.sensors.mojom.SensorDevice.SetTimeout	SetTimeout	1900844888	2130249627	0
chromeos.sensors.mojom.SensorDevice.StartReadingSamples	StartReadingSamples	1749028690	1472141790	3
chromeos.sensors.mojom.SensorDevice.StopReadingSamples	StopReadingSamples	1525891964	1024154276	4
chromeos.sensors.mojom.SensorDeviceSamplesObserver.OnErrorOccurred	OnErrorOccurred	1887683401	620628008	1
chromeos.sensors.mojom.SensorDeviceSamplesObserver.OnSampleUpdated	OnSampleUpdated	1661915893	547513731	0
chromeos.sensors.mojom.SensorHalClient.SetUpChannel	SetUpChannel	983952137	1691932313	0
chromeos.sensors.mojom.SensorHalServer.CreateChannel	CreateChannel	1542391602	215060795	0
chromeos.sensors.mojom.SensorService.GetAllDeviceIds	GetAllDeviceIds	319615508	1105092468	1
chromeos.sensors.mojom.SensorService.GetDevice	GetDevice	1512227853	271018924	2
chromeos.sensors.mojom.SensorService.GetDeviceIds	GetDeviceIds	1852170921	1688334339	0
chromeos.sensors.mojom.SensorService.RegisterNewDevicesObserver	RegisterNewDevicesObserver	629972843	1964968055	3
chromeos.sensors.mojom.SensorServiceNewDevicesObserver.OnNewDeviceAdded	OnNewDeviceAdded	1359719420	1196923389	0
chromeos.tts.mojom.GoogleTtsStream.InstallVoice	InstallVoice	2099921816	264574570	143285965
chromeos.tts.mojom.GoogleTtsStream.Pause	Pause	948110021	647103351	263655656
chromeos.tts.mojom.GoogleTtsStream.Resume	Resume	1161860812	1586225026	1089020167
chromeos.tts.mojom.GoogleTtsStream.SelectVoice	SelectVoice	34109505	700733348	297588174
chromeos.tts.mojom.GoogleTtsStream.SetVolume	SetVolume	1190936981	1354874429	1114809813
chromeos.tts.mojom.GoogleTtsStream.Speak	Speak	576845797	1620488204	1833964015
chromeos.tts.mojom.GoogleTtsStream.Stop	Stop	294650813	646259917	1277895318
chromeos.tts.mojom.PlaybackTtsStream.Pause	Pause	948110021	2024836665	819022895
chromeos.tts.mojom.PlaybackTtsStream.Play	Play	761969055	1658218564	2034962652
chromeos.tts.mojom.PlaybackTtsStream.Resume	Resume	1161860812	1604208772	805170311
chromeos.tts.mojom.PlaybackTtsStream.SendAudioBuffer	SendAudioBuffer	777745329	1945903046	1620876166
chromeos.tts.mojom.PlaybackTtsStream.SetVolume	SetVolume	1190936981	887639155	1455438382
chromeos.tts.mojom.PlaybackTtsStream.Stop	Stop	294650813	1215092183	1444937246
chromeos.tts.mojom.TtsEventObserver.OnEnd	OnEnd	424528861	524529522	373960355
chromeos.tts.mojom.TtsEventObserver.OnError	OnError	1669973012	1787986769	2143166489
chromeos.tts.mojom.TtsEventObserver.OnStart	OnStart	44450838	722842455	634142353
chromeos.tts.mojom.TtsEventObserver.OnTimepoint	OnTimepoint	2038770289	644547208	123385477
chromeos.tts.mojom.TtsService.BindGoogleTtsStream	BindGoogleTtsStream	1337378348	561599524	398991155
chromeos.tts.mojom.TtsService.BindPlaybackTtsStream	BindPlaybackTtsStream	1761560186	1569394909	2131985233
chromeos_camera.mojom.JpegEncodeAccelerator.EncodeWithDmaBuf	EncodeWithDmaBuf	873973022	1262597904	1329869745
chromeos_camera.mojom.JpegEncodeAccelerator.EncodeWithFD	EncodeWithFD	1170379337	1095692712	512953368
chromeos_camera.mojom.JpegEncodeAccelerator.Initialize	Initialize	164710295	77857867	350076773
chromeos_camera.mojom.MjpegDecodeAccelerator.Decode	Decode	1288262771	1300816087	1
chromeos_camera.mojom.MjpegDecodeAccelerator.DecodeWithDmaBuf	DecodeWithDmaBuf	757025914	608948574	3
chromeos_camera.mojom.MjpegDecodeAccelerator.Initialize	Initialize	164710295	335481946	0
chromeos_camera.mojom.MjpegDecodeAccelerator.Uninitialize	Uninitialize	762410386	1108916593	4
codelabs.mojom.AssociatedProcess.SetProcess	SetProcess	392766686	1540076708	1010442192
codelabs.mojom.ObjectA.DoA	DoA	541428267	1862594793	527041115
codelabs.mojom.ObjectB.DoB	DoB	541428264	1430650833	441666870
codelabs.mojom.Process.GetAssociatedInterface	GetAssociatedInterface	1677877362	80701669	1947612756
codelabs.mojom.Process.SayHello	SayHello	133966942	1454664917	1946547840
color_change_listener.mojom.Page.OnColorProviderChanged	OnColorProviderChanged	1044190160	1942969067	214405140
color_change_listener.mojom.PageHandler.SetPage	SetPage	191756658	1197458253	2074422509
comments.mojom.PageHandler.ShowUI	ShowUI	1522616332	165658742	2074422509
comments.mojom.PageHandlerFactory.CreatePageHandler	CreatePageHandler	1491630672	1220032162	1049712340
commerce.mojom.CommerceInternalsHandler.GetIsShoppingListEligible	GetIsShoppingListEligible	1696322976	982939529	1102992358
commerce.mojom.CommerceInternalsHandler.GetProductInfoForUrl	GetProductInfoForUrl	689384500	502713110	1177347777
commerce.mojom.CommerceInternalsHandler.GetShoppingEligibilityDetails	GetShoppingEligibilityDetails	625015680	1720789566	1666975386
commerce.mojom.CommerceInternalsHandler.GetSubscriptionDetails	GetSubscriptionDetails	347802746	162336383	1093426890
commerce.mojom.CommerceInternalsHandler.ResetPriceTrackingEmailPref	ResetPriceTrackingEmailPref	454416257	255225594	1664935490
commerce.mojom.CommerceInternalsHandlerFactory.CreateCommerceInternalsHandler	CreateCommerceInternalsHandler	82962438	1024067495	1064384031
commerce.mojom.CommerceInternalsPage.OnShoppingListEligibilityChanged	OnShoppingListEligibilityChanged	2090574303	81219279	1742747981
commerce.price_insights.mojom.PriceInsightsHandler.ShowFeedback	ShowFeedback	341450419	1030829106	1729082314
commerce.price_insights.mojom.PriceInsightsHandler.ShowSidePanelUI	ShowSidePanelUI	119115109	1228391680	502570514
commerce.price_insights.mojom.PriceInsightsHandlerFactory.CreatePriceInsightsHandler	CreatePriceInsightsHandler	1330997121	459426675	391492348
commerce.price_tracking.mojom.Page.OnProductBookmarkMoved	OnProductBookmarkMoved	484732640	1685968922	1934265607
commerce.price_tracking.mojom.Page.OperationFailedForBookmark	OperationFailedForBookmark	67740548	118694164	1672043667
commerce.price_tracking.mojom.Page.PriceTrackedForBookmark	PriceTrackedForBookmark	888959571	958430793	214405140
commerce.price_tracking.mojom.Page.PriceUntrackedForBookmark	PriceUntrackedForBookmark	171404146	152029030	1408499727
commerce.price_tracking.mojom.PriceTrackingHandler.GetAllPriceTrackedBookmarkProductInfo	GetAllPriceTrackedBookmarkProductInfo	1867017292	1473690158	550022448
commerce.price_tracking.mojom.PriceTrackingHandler.GetAllShoppingBookmarkProductInfo	GetAllShoppingBookmarkProductInfo	1095928445	1370523851	1587033864
commerce.price_tracking.mojom.PriceTrackingHandler.GetParentBookmarkFolderNameForCurrentUrl	GetParentBookmarkFolderNameForCurrentUrl	1031117505	1171892624	1189083867
commerce.price_tracking.mojom.PriceTrackingHandler.GetShoppingCollectionBookmarkFolderId	GetShoppingCollectionBookmarkFolderId	1829775708	969652990	251653648
commerce.price_tracking.mojom.PriceTrackingHandler.SetPriceTrackingStatusForCurrentUrl	SetPriceTrackingStatusForCurrentUrl	1627077782	294224265	1800855617
commerce.price_tracking.mojom.PriceTrackingHandler.ShowBookmarkEditorForCurrentUrl	ShowBookmarkEditorForCurrentUrl	1927793912	608633555	1246940830
commerce.price_tracking.mojom.PriceTrackingHandler.TrackPriceForBookmark	TrackPriceForBookmark	2113538830	200599436	1598501140
commerce.price_tracking.mojom.PriceTrackingHandler.UntrackPriceForBookmark	UntrackPriceForBookmark	475357249	1689257451	1682413561
commerce.price_tracking.mojom.PriceTrackingHandlerFactory.CreatePriceTrackingHandler	CreatePriceTrackingHandler	1347529133	1022509690	57915992
commerce_web_extractor.mojom.CommerceWebExtractor.ExtractMetaInfo	ExtractMetaInfo	1216953387	250652661	1577085854
components.media_control.mojom.MediaPlaybackOptions.SetBackgroundVideoPlaybackEnabled	SetBackgroundVideoPlaybackEnabled	706910914	1207859234	1141276524
components.media_control.mojom.MediaPlaybackOptions.SetMediaLoadingBlocked	SetMediaLoadingBlocked	380265361	983672041	789406523
components.media_control.mojom.MediaPlaybackOptions.SetRendererType	SetRendererType	26042154	1499787721	1810489268
compose.mojom.ComposeClientUntrustedPageHandler.CloseUI	CloseUI	2083298329	494563773	1727282765
compose.mojom.ComposeClientUntrustedPageHandler.CompleteFirstRun	CompleteFirstRun	1539247665	1549130718	795091014
compose.mojom.ComposeClientUntrustedPageHandler.OpenComposeSettings	OpenComposeSettings	1967334912	824270905	1691798530
compose.mojom.ComposeClientUntrustedPageHandler.ShowUI	ShowUI	1522616332	1264427165	2097700185
compose.mojom.ComposeSessionUntrustedPageHandler.AcceptComposeResult	AcceptComposeResult	1846629220	1054933808	23973260
compose.mojom.ComposeSessionUntrustedPageHandler.Compose	Compose	1401087627	830313048	1051538749
compose.mojom.ComposeSessionUntrustedPageHandler.EditResult	EditResult	1494817022	200841991	966960878
compose.mojom.ComposeSessionUntrustedPageHandler.LogCancelEdit	LogCancelEdit	2021635487	1306154041	55217994
compose.mojom.ComposeSessionUntrustedPageHandler.LogEditInput	LogEditInput	75722299	979960699	949421873
compose.mojom.ComposeSessionUntrustedPageHandler.OpenBugReportingLink	OpenBugReportingLink	470801553	112027273	1724791462
compose.mojom.ComposeSessionUntrustedPageHandler.OpenComposeLearnMorePage	OpenComposeLearnMorePage	1254323857	959762585	1609670493
compose.mojom.ComposeSessionUntrustedPageHandler.OpenEnterpriseComposeLearnMorePage	OpenEnterpriseComposeLearnMorePage	93510848	658171106	876564760
compose.mojom.ComposeSessionUntrustedPageHandler.OpenFeedbackSurveyLink	OpenFeedbackSurveyLink	130067138	1257684220	778736765
compose.mojom.ComposeSessionUntrustedPageHandler.OpenSignInPage	OpenSignInPage	1781163110	747108516	94969449
compose.mojom.ComposeSessionUntrustedPageHandler.RecoverFromErrorState	RecoverFromErrorState	576768726	981346639	386241114
compose.mojom.ComposeSessionUntrustedPageHandler.Redo	Redo	2001577497	2071781324	1294155272
compose.mojom.ComposeSessionUntrustedPageHandler.RequestInitialState	RequestInitialState	1819326579	352791999	1218643989
compose.mojom.ComposeSessionUntrustedPageHandler.Rewrite	Rewrite	882364587	1108499758	636262520
compose.mojom.ComposeSessionUntrustedPageHandler.SaveWebUIState	SaveWebUIState	446814217	1367960086	554514458
compose.mojom.ComposeSessionUntrustedPageHandler.SetUserFeedback	SetUserFeedback	1318941203	1276549016	457923661
compose.mojom.ComposeSessionUntrustedPageHandler.Undo	Undo	725987923	1057657546	1564150329
compose.mojom.ComposeSessionUntrustedPageHandlerFactory.CreateComposeSessionUntrustedPageHandler	CreateComposeSessionUntrustedPageHandler	2118186384	680022803	293175465
compose.mojom.ComposeUntrustedDialog.PartialResponseReceived	PartialResponseReceived	1210188148	377240032	1477218730
compose.mojom.ComposeUntrustedDialog.ResponseReceived	ResponseReceived	67222469	463452328	156567517
composebox.mojom.PageHandler.CanShowNextboxAnimation	CanShowNextboxAnimation	1342912302	505573597	703401204
composebox.mojom.PageHandler.CloseLensOverlayFromWebUI	CloseLensOverlayFromWebUI	415659247	151035348	1215762890
composebox.mojom.PageHandler.FocusChanged	FocusChanged	78238629	555484752	2074422509
composebox.mojom.PageHandler.GetSmartTabSharingActive	GetSmartTabSharingActive	1920555527	1417476742	1558420783
composebox.mojom.PageHandler.HandleFileUpload	HandleFileUpload	934254334	1473557709	978676253
composebox.mojom.PageHandler.HandleLensButtonClick	HandleLensButtonClick	119470517	2147014504	252371155
composebox.mojom.PageHandler.NavigateUrl	NavigateUrl	2129489863	1469774293	160316634
composebox.mojom.PageHandler.NotifyComposeboxQuerySubmittedWithContext	NotifyComposeboxQuerySubmittedWithContext	38002467	1900313226	576514537
composebox.mojom.PageHandler.OnContextMenuOpened	OnContextMenuOpened	2133532993	1761308404	1030440014
composebox.mojom.PageHandler.RecordNextboxAnimationImpression	RecordNextboxAnimationImpression	1495530141	609184672	527806321
composebox.mojom.PageHandler.SetSmartTabSharingActive	SetSmartTabSharingActive	1927025507	2087587318	477874547
composebox.mojom.PageHandler.StartPlatformVoiceRecognition	StartPlatformVoiceRecognition	1367697233	168670044	1260698065
composebox.mojom.PageHandlerFactory.CreatePageHandler	CreatePageHandler	1491630672	1826971855	1049712340
connectors_internals.mojom.PageHandler.DeleteDeviceTrustKey	DeleteDeviceTrustKey	1598572001	1509761084	1260698065
connectors_internals.mojom.PageHandler.GetClientCertificateState	GetClientCertificateState	1109814442	2005224394	252371155
connectors_internals.mojom.PageHandler.GetDeviceTrustState	GetDeviceTrustState	673605236	766439534	2074422509
connectors_internals.mojom.PageHandler.GetProvisioningDomainState	GetProvisioningDomainState	683271663	534684324	160316634
connectors_internals.mojom.PageHandler.GetSignalsReportingState	GetSignalsReportingState	353963303	1811551300	978676253
connectors_internals.mojom.PageHandler.RefreshProvisioningDomainConfigs	RefreshProvisioningDomainConfigs	379770798	2120220037	1215762890
content.mojom.AgentSchedulingGroup.BindAssociatedInterfaces	BindAssociatedInterfaces	1825855898	975815597	1858392928
content.mojom.AgentSchedulingGroup.CreateFrame	CreateFrame	1149948004	990569535	61383577
content.mojom.AgentSchedulingGroup.CreateView	CreateView	952983926	805653713	509850777
content.mojom.AgentSchedulingGroupHost.DidUnloadRenderFrame	DidUnloadRenderFrame	1138064904	1229939732	602956542
content.mojom.ChildMemoryConsumerRegistryHost.BindCoordinator	BindCoordinator	1387591906	1158753002	1665831430
content.mojom.ChildMemoryConsumerRegistryHost.Register	Register	2030014310	1365342393	1813078972
content.mojom.ChildMemoryConsumerRegistryHost.Unregister	Unregister	2144122403	1808555084	2109913619
content.mojom.ChildMemoryCoordinator.ClearOverrideLimit	ClearOverrideLimit	1505088913	82678581	978601082
content.mojom.ChildMemoryCoordinator.SetOverrideLimit	SetOverrideLimit	356450356	1965296458	1317789421
content.mojom.ChildMemoryCoordinator.UpdateConsumers	UpdateConsumers	1298005613	109349259	394862111
content.mojom.ChildProcess.BindReceiver	BindReceiver	791797095	1009759399	186096427
content.mojom.ChildProcess.BindServiceInterface	BindServiceInterface	445280590	1321822134	1543347012
content.mojom.ChildProcess.CrashHungProcess	CrashHungProcess	675533233	1160098328	1278946760
content.mojom.ChildProcess.GetBackgroundTracingAgentProvider	GetBackgroundTracingAgentProvider	608099593	712898371	1248357410
content.mojom.ChildProcess.OnMemoryPressure	OnMemoryPressure	1697995254	1083661451	380373259
content.mojom.ChildProcess.ProcessShutdown	ProcessShutdown	219394178	501825801	1453713860
content.mojom.ChildProcess.SetBatterySaverMode	SetBatterySaverMode	398250220	1316153119	248515802
content.mojom.ChildProcessHost.BindHostReceiver	BindHostReceiver	1006391245	765713347	1575894266
content.mojom.ChildProcessHost.BindHostReceivers	BindHostReceivers	993107908	1564234787	1257252674
content.mojom.ChildProcessHost.Ping	Ping	1450292817	1658710518	1497799131
content.mojom.DomAutomationControllerHost.DomOperationResponse	DomOperationResponse	162570451	818366715	1546723970
content.mojom.FakeBluetoothChooser.Cancel	Cancel	1287471363	1425961001	1569928808
content.mojom.FakeBluetoothChooser.Rescan	Rescan	1030597057	1854245307	1747707043
content.mojom.FakeBluetoothChooser.SelectPeripheral	SelectPeripheral	1876255241	1315324820	1364019353
content.mojom.FakeBluetoothChooserClient.OnEvent	OnEvent	805713874	819242201	843264435
content.mojom.FakeBluetoothChooserFactory.CreateFakeBluetoothChooser	CreateFakeBluetoothChooser	817624867	1044004344	787406729
content.mojom.FieldTrialRecorder.FieldTrialActivated	FieldTrialActivated	1090980662	278534763	1935770392
content.mojom.FontCacheWin.PreCacheFont	PreCacheFont	994170817	1647619315	550289635
content.mojom.FontCacheWin.ReleaseCachedFonts	ReleaseCachedFonts	336634476	14081373	838474972
content.mojom.Frame.CommitSameDocumentNavigation	CommitSameDocumentNavigation	1199749949	1197175605	660714739
content.mojom.Frame.Delete	Delete	1835819124	919768315	175545631
content.mojom.Frame.GetInterfaceProvider	GetInterfaceProvider	1443626203	178749602	1876495676
content.mojom.Frame.GetSerializedHtmlWithLocalLinks	GetSerializedHtmlWithLocalLinks	1994274518	811447598	1011423423
content.mojom.Frame.SetWantErrorMessageStackTrace	SetWantErrorMessageStackTrace	196526945	10091970	1328094966
content.mojom.Frame.SnapshotAccessibilityTree	SnapshotAccessibilityTree	1719063947	196565616	856703220
content.mojom.Frame.Unload	Unload	586530916	1091627920	1535156621
content.mojom.Frame.UpdateSubresourceLoaderFactories	UpdateSubresourceLoaderFactories	1513584229	1428977791	1384549367
content.mojom.FrameBindingsControl.AllowBindings	AllowBindings	1554530138	1562399609	814348661
content.mojom.FrameBindingsControl.BindWebUI	BindWebUI	757842040	1542869209	410798692
content.mojom.FrameBindingsControl.EnableMojoJsBindings	EnableMojoJsBindings	318705946	1591439916	268096616
content.mojom.FrameBindingsControl.EnableMojoJsBindingsWithBroker	EnableMojoJsBindingsWithBroker	1943380501	729935223	2101158010
content.mojom.FrameHTMLSerializerHandler.DidReceiveData	DidReceiveData	1309203811	1641937468	817720447
content.mojom.FrameHTMLSerializerHandler.Done	Done	1366836265	407424925	853496158
content.mojom.FrameHost.BeginNavigation	BeginNavigation	1190233718	1066955154	412980176
content.mojom.FrameHost.CancelInitialHistoryLoad	CancelInitialHistoryLoad	762340855	944242654	1684120097
content.mojom.FrameHost.CreateChildFrame	CreateChildFrame	1742605908	1377196160	1087015743
content.mojom.FrameHost.CreateNewWindow	CreateNewWindow	1971504845	1532742067	391421434
content.mojom.FrameHost.DidChangeName	DidChangeName	946249541	575048544	964840660
content.mojom.FrameHost.DidCommitProvisionalLoad	DidCommitProvisionalLoad	274673911	1581735200	21755759
content.mojom.FrameHost.DidCommitSameDocumentNavigation	DidCommitSameDocumentNavigation	534454184	2122115030	353909637
content.mojom.FrameHost.DidOpenDocumentInputStream	DidOpenDocumentInputStream	2104729937	1011128559	2014842246
content.mojom.FrameHost.DidStopLoading	DidStopLoading	1919859096	926427679	1386075133
content.mojom.FrameHost.OpenURL	OpenURL	1666472732	449887047	1284849832
content.mojom.FrameHost.ResourceLoadComplete	ResourceLoadComplete	266098584	1529084544	1101618997
content.mojom.FrameHost.SubresourceResponseStarted	SubresourceResponseStarted	1668145563	1957593559	21915965
content.mojom.FrameHost.UpdateEncoding	UpdateEncoding	633453669	1295981271	984366039
content.mojom.FrameHost.UpdateState	UpdateState	2014560065	1805465476	842013447
content.mojom.FrameHostTestInterface.Ping	Ping	1450292817	426721933	1451194760
content.mojom.GinJavaBridge.AddNamedObject	AddNamedObject	1246998228	307170964	80785504
content.mojom.GinJavaBridge.RemoveNamedObject	RemoveNamedObject	112864993	671645283	1091349750
content.mojom.GinJavaBridge.SetHost	SetHost	819700277	1307551604	1515235778
content.mojom.GinJavaBridgeHost.GetObject	GetObject	306306194	1038373461	971356459
content.mojom.GinJavaBridgeHost.ObjectWrapperDeleted	ObjectWrapperDeleted	1421378648	1806632417	683738739
content.mojom.GinJavaBridgeRemoteObject.GetMethods	GetMethods	165244287	1649677345	1632982839
content.mojom.GinJavaBridgeRemoteObject.HasMethod	HasMethod	395215784	742883293	288067692
content.mojom.GinJavaBridgeRemoteObject.InvokeMethod	InvokeMethod	1365426978	1517791886	2077623363
content.mojom.InputInjector.QueueSyntheticPinch	QueueSyntheticPinch	1457888489	1059525132	1373497985
content.mojom.InputInjector.QueueSyntheticPointerAction	QueueSyntheticPointerAction	586840004	55857244	746129395
content.mojom.InputInjector.QueueSyntheticSmoothDrag	QueueSyntheticSmoothDrag	1843810923	291391382	1793833448
content.mojom.InputInjector.QueueSyntheticSmoothScroll	QueueSyntheticSmoothScroll	1958321006	222188452	1088911317
content.mojom.InputInjector.QueueSyntheticTap	QueueSyntheticTap	878770162	2117587304	714201052
content.mojom.MainFrameCounterTest.HasMainFrame	HasMainFrame	1089633679	747805493	1544112841
content.mojom.MediaInternalLogRecords.Log	Log	540148437	819874845	847421537
content.mojom.MemoryConsumerTraitsTest.EchoMemoryConsumerTraits	EchoMemoryConsumerTraits	762897520	1269909564	200105371
content.mojom.MemoryCoordinatorDiagnosticsHost.OnMemoryLimitChanged	OnMemoryLimitChanged	916241760	876312220	1641239036
content.mojom.MemoryCoordinatorTest.RegisterConsumer	RegisterConsumer	494406798	916209467	710143108
content.mojom.MemoryCoordinatorTestClient.OnReleaseMemory	OnReleaseMemory	1408751580	681874268	1902014781
content.mojom.MemoryCoordinatorTestClient.OnUpdateMemoryLimit	OnUpdateMemoryLimit	1566390389	1287113135	22561042
content.mojom.MhtmlFileWriter.SerializeAsMHTML	SerializeAsMHTML	1101463489	622122771	1283662411
content.mojom.MojoContextProvider.GrantAll	GrantAll	1452697078	1361543265	1341453758
content.mojom.MojoEcho.EchoBoolArray	EchoBoolArray	1507832041	1365921323	962407761
content.mojom.MojoEcho.EchoBoolAsNestedUnion	EchoBoolAsNestedUnion	1026580224	2036715700	795616559
content.mojom.MojoEcho.EchoBoolAsOptionalNestedUnion	EchoBoolAsOptionalNestedUnion	1855011760	1911165809	1867439343
content.mojom.MojoEcho.EchoBoolAsOptionalUnion	EchoBoolAsOptionalUnion	1681926767	1842523001	353703552
content.mojom.MojoEcho.EchoBoolAsUnion	EchoBoolAsUnion	483098175	1156671796	1837917156
content.mojom.MojoEcho.EchoBoolFromNestedUnion	EchoBoolFromNestedUnion	1602779672	1122570652	1230581376
content.mojom.MojoEcho.EchoBoolFromOptionalNestedUnion	EchoBoolFromOptionalNestedUnion	1961692216	882579677	1996675723
content.mojom.MojoEcho.EchoBoolFromOptionalUnion	EchoBoolFromOptionalUnion	1287309415	1447403313	1228727178
content.mojom.MojoEcho.EchoBoolFromUnion	EchoBoolFromUnion	871734791	1845551256	1002951108
content.mojom.MojoEcho.EchoInt32AsOptionalUnion	EchoInt32AsOptionalUnion	1222545775	2088097251	325996457
content.mojom.MojoEcho.EchoInt32AsUnion	EchoInt32AsUnion	2109736255	117542266	1429303313
content.mojom.MojoEcho.EchoInt32FromOptionalUnion	EchoInt32FromOptionalUnion	1556678503	1027502287	1248307379
content.mojom.MojoEcho.EchoInt32FromUnion	EchoInt32FromUnion	244776199	840926664	1916492724
content.mojom.MojoEcho.EchoInt8AsNestedUnion	EchoInt8AsNestedUnion	1133263955	524305568	1970447573
content.mojom.MojoEcho.EchoInt8AsOptionalNestedUnion	EchoInt8AsOptionalNestedUnion	726784287	1428846353	1357565838
content.mojom.MojoEcho.EchoInt8FromNestedUnion	EchoInt8FromNestedUnion	690319563	2034980842	221069264
content.mojom.MojoEcho.EchoInt8FromOptionalNestedUnion	EchoInt8FromOptionalNestedUnion	556536231	271996817	1240533431
content.mojom.MojoEcho.EchoNullAsOptionalNestedUnion	EchoNullAsOptionalNestedUnion	374925909	907537546	1959761814
content.mojom.MojoEcho.EchoNullAsOptionalUnion	EchoNullAsOptionalUnion	1084536342	1255231114	331622578
content.mojom.MojoEcho.EchoNullFromOptionalNestedUnion	EchoNullFromOptionalNestedUnion	2096825437	1009345326	1286297483
content.mojom.MojoEcho.EchoNullFromOptionalUnion	EchoNullFromOptionalUnion	333415630	620468750	1247996777
content.mojom.MojoEcho.EchoStringAsNestedUnion	EchoStringAsNestedUnion	1139432069	1302388476	1811742300
content.mojom.MojoEcho.EchoStringAsOptionalNestedUnion	EchoStringAsOptionalNestedUnion	743469589	30875393	228216582
content.mojom.MojoEcho.EchoStringAsOptionalUnion	EchoStringAsOptionalUnion	1265533910	1136661301	22991588
content.mojom.MojoEcho.EchoStringAsUnion	EchoStringAsUnion	618462726	1040613624	63358087
content.mojom.MojoEcho.EchoStringFromNestedUnion	EchoStringFromNestedUnion	1029264669	371077542	1305712452
content.mojom.MojoEcho.EchoStringFromOptionalNestedUnion	EchoStringFromOptionalNestedUnion	1236521245	374458217	1789534072
content.mojom.MojoEcho.EchoStringFromOptionalUnion	EchoStringFromOptionalUnion	921939598	1354290753	1101893905
content.mojom.MojoEcho.EchoStringFromUnion	EchoStringFromUnion	1418613390	727045670	601869718
content.mojom.NavigationClient.CommitFailedNavigation	CommitFailedNavigation	1524987027	118936386	1819084565
content.mojom.NavigationClient.CommitNavigation	CommitNavigation	584952820	1412882553	881029157
content.mojom.NavigationRendererCancellationListener.RendererCancellationWindowEnded	RendererCancellationWindowEnded	2015429555	1701656559	915103051
content.mojom.NavigationRendererIgnoreDuplicateNavigationListener.DidIgnoreDuplicateNavigation	DidIgnoreDuplicateNavigation	2033347603	1976439893	1262527111
content.mojom.NonAssociatedWebTestControlHost.SetIsXrOverlaySetup	SetIsXrOverlaySetup	1388313778	416870522	1367801299
content.mojom.NonAssociatedWebTestControlHost.SetLCPPNavigationHint	SetLCPPNavigationHint	724505757	197033483	573713475
content.mojom.PowerMonitorTest.QueryNextState	QueryNextState	1881083359	1046454510	910137025
content.mojom.RenderFrameTestHelper.GetDocumentToken	GetDocumentToken	798527575	818015739	708185353
content.mojom.RenderFrameTestHelper.GetInitiatorStateToken	GetInitiatorStateToken	1495650344	567152305	176863125
content.mojom.RenderMessageFilter.GenerateFrameRoutingInfos	GenerateFrameRoutingInfos	871700434	1526020769	913380868
content.mojom.RenderMessageFilter.GenerateSingleFrameRoutingInfo	GenerateSingleFrameRoutingInfo	1771643991	2129160605	302181006
content.mojom.Renderer.CreateAgentSchedulingGroup	CreateAgentSchedulingGroup	538403223	1244734920	344750155
content.mojom.Renderer.CreateAssociatedAgentSchedulingGroup	CreateAssociatedAgentSchedulingGroup	1516042125	1372540741	777000610
content.mojom.Renderer.InitializeRenderer	InitializeRenderer	1325857754	643478871	310599634
content.mojom.Renderer.OnNetworkConnectionChanged	OnNetworkConnectionChanged	177922988	1440338965	323570089
content.mojom.Renderer.OnNetworkQualityChanged	OnNetworkQualityChanged	366205549	223554549	540358895
content.mojom.Renderer.PurgePluginListCache	PurgePluginListCache	414666283	613441730	238178767
content.mojom.Renderer.PurgeResourceCache	PurgeResourceCache	88506704	1502525195	917651422
content.mojom.Renderer.SetIsIsolatedContext	SetIsIsolatedContext	1266574863	1594711802	1733015303
content.mojom.Renderer.SetIsLockedToSite	SetIsLockedToSite	1107193375	373698166	1866074496
content.mojom.Renderer.SetIsWebSecurityDisabled	SetIsWebSecurityDisabled	401126533	1692103944	1803431418
content.mojom.Renderer.SetProcessState	SetProcessState	649792213	769051373	406985837
content.mojom.Renderer.SetWebUIResourceUrlToCodeCacheMap	SetWebUIResourceUrlToCodeCacheMap	641248920	21508930	607862026
content.mojom.Renderer.TransferSharedLastForegroundTime	TransferSharedLastForegroundTime	1348501971	751397092	1961363425
content.mojom.Renderer.UpdateSystemColorInfo	UpdateSystemColorInfo	1643862090	770177558	71996608
content.mojom.RendererHost.GetBrowserHistogram	GetBrowserHistogram	1529598945	922491746	1332227346
content.mojom.RendererHost.HasGpuProcess	HasGpuProcess	649350374	279681927	1944644310
content.mojom.RendererHost.RecordUserMetricsAction	RecordUserMetricsAction	652794296	1212775954	1455593366
content.mojom.RendererHost.SuddenTerminationAllowedChanged	SuddenTerminationAllowedChanged	755382854	1135024931	1492936007
content.mojom.RendererVariationsConfiguration.SetFieldTrialGroup	SetFieldTrialGroup	1000818804	1920454871	508811374
content.mojom.RendererVariationsConfiguration.SetVariationsHeaders	SetVariationsHeaders	1199779789	410094984	62487346
content.mojom.ResourceUsageReporter.GetUsageData	GetUsageData	987690460	1436963841	647154997
content.mojom.RouteProvider.GetRoute	GetRoute	1555003918	1742651132	1257437542
content.mojom.SyntheticTrialConfiguration.AddOrUpdateSyntheticTrialGroups	AddOrUpdateSyntheticTrialGroups	540004677	1239774805	628892498
content.mojom.SyntheticTrialConfiguration.RemoveSyntheticTrialGroups	RemoveSyntheticTrialGroups	1961671550	1423855226	395974340
content.mojom.TestInterfaceForDefer.Ping	Ping	1450292817	780938331	1655060802
content.mojom.TestService.CloneSharedMemoryContents	CloneSharedMemoryContents	208170632	1718290987	1722344935
content.mojom.TestService.CreateFolder	CreateFolder	229540577	142885548	1698919496
content.mojom.TestService.CreateReadOnlySharedMemoryRegion	CreateReadOnlySharedMemoryRegion	725132933	97510556	472618146
content.mojom.TestService.CreateUnsafeSharedMemoryRegion	CreateUnsafeSharedMemoryRegion	1445285173	1699216484	415268739
content.mojom.TestService.CreateWritableSharedMemoryRegion	CreateWritableSharedMemoryRegion	1901930395	1835452732	1755718854
content.mojom.TestService.DoCrashImmediately	DoCrashImmediately	1307784691	1684901694	691474169
content.mojom.TestService.DoSomething	DoSomething	1728673654	852866233	2111812224
content.mojom.TestService.DoTerminateProcess	DoTerminateProcess	1401500390	1980633153	1494796410
content.mojom.TestService.GetPseudonymizationSalt	GetPseudonymizationSalt	1840159513	704462175	753734953
content.mojom.TestService.GetRequestorName	GetRequestorName	1660405368	1164009360	1714434300
content.mojom.TestService.IsProcessSandboxed	IsProcessSandboxed	1703864738	498122569	513877661
content.mojom.TestService.IsPseudonymizationSaltInitialized	IsPseudonymizationSaltInitialized	1897491091	1374018538	2076980527
content.mojom.TestService.IsSkiaInitialized	IsSkiaInitialized	283490229	1464365056	592337780
content.mojom.TestService.PassWriteableFile	PassWriteableFile	1801747529	1223865792	1853770526
content.mojom.TestService.PseudonymizeString	PseudonymizeString	1144511882	188725261	375530527
content.mojom.TestService.VerifyCheckIsTest	VerifyCheckIsTest	2093123194	517627785	48071726
content.mojom.TestService.WriteToPreloadedPipe	WriteToPreloadedPipe	961369979	854232386	199697500
content.mojom.ThreadTypeSwitcher.SetThreadTypes	SetThreadTypes	271706442	680338030	1386607262
content.mojom.WebTestBluetoothFakeAdapterSetter.Set	Set	371239335	1443955225	898499321
content.mojom.WebTestControlHost.AllowPointerLock	AllowPointerLock	944599634	554663411	1948715358
content.mojom.WebTestControlHost.BlockThirdPartyCookies	BlockThirdPartyCookies	1903078310	591982523	1122389113
content.mojom.WebTestControlHost.CheckForLeakedWindows	CheckForLeakedWindows	446539125	1080772962	810899671
content.mojom.WebTestControlHost.ClearTrustTokenState	ClearTrustTokenState	1447064512	1549101453	485258328
content.mojom.WebTestControlHost.CreateSubresourceFilterRulesetFile	CreateSubresourceFilterRulesetFile	1555865161	538618016	1219385285
content.mojom.WebTestControlHost.DisableAutoResize	DisableAutoResize	1209534154	797242210	1345273071
content.mojom.WebTestControlHost.DropPointerLock	DropPointerLock	1306365528	1284455281	770428567
content.mojom.WebTestControlHost.EnableAutoResize	EnableAutoResize	1569043533	1984743264	1863333856
content.mojom.WebTestControlHost.FocusDevtoolsSecondaryWindow	FocusDevtoolsSecondaryWindow	1237750237	2075550314	534666446
content.mojom.WebTestControlHost.GetBluetoothManualChooserEvents	GetBluetoothManualChooserEvents	84711091	579602410	1814589543
content.mojom.WebTestControlHost.GetClipboardReadState	GetClipboardReadState	796756418	1275062715	492441064
content.mojom.WebTestControlHost.GetWritableDirectory	GetWritableDirectory	619094440	149375170	342486741
content.mojom.WebTestControlHost.GoToOffset	GoToOffset	301898149	1050123800	1309156388
content.mojom.WebTestControlHost.InitiateCaptureDump	InitiateCaptureDump	1799676888	1678248979	125668966
content.mojom.WebTestControlHost.LoadURLForFrame	LoadURLForFrame	1624568364	862472215	1500432727
content.mojom.WebTestControlHost.OverridePreferences	OverridePreferences	644242353	2108094667	893724981
content.mojom.WebTestControlHost.PrintMessage	PrintMessage	1421894663	1162325551	245923216
content.mojom.WebTestControlHost.PrintMessageToStderr	PrintMessageToStderr	1176459060	1877046298	785682461
content.mojom.WebTestControlHost.RegisterIsolatedFileSystem	RegisterIsolatedFileSystem	13258922	1436081798	1845981780
content.mojom.WebTestControlHost.Reload	Reload	706543090	788261731	1139461538
content.mojom.WebTestControlHost.RequestWorkItem	RequestWorkItem	563857978	1747681303	876040824
content.mojom.WebTestControlHost.ResetClipboardReadTracking	ResetClipboardReadTracking	671219095	952921644	1133724086
content.mojom.WebTestControlHost.SendBluetoothManualChooserEvent	SendBluetoothManualChooserEvent	2143678400	570987679	1066845887
content.mojom.WebTestControlHost.SetAcceptLanguages	SetAcceptLanguages	678731244	1819299378	800858711
content.mojom.WebTestControlHost.SetBluetoothManualChooser	SetBluetoothManualChooser	932006476	1625714673	60088819
content.mojom.WebTestControlHost.SetFilePathForMockFileDialog	SetFilePathForMockFileDialog	2076228357	842339235	404938796
content.mojom.WebTestControlHost.SetFrameWindowHidden	SetFrameWindowHidden	1301402854	1619760389	1639883537
content.mojom.WebTestControlHost.SetMainWindowHidden	SetMainWindowHidden	1010327400	928064441	643716288
content.mojom.WebTestControlHost.SetPermission	SetPermission	2097898550	69125370	490350198
content.mojom.WebTestControlHost.SetPointerLockWillFail	SetPointerLockWillFail	1561470839	1009531664	1512844828
content.mojom.WebTestControlHost.SetPointerLockWillRespondAsynchronously	SetPointerLockWillRespondAsynchronously	593267295	1632730008	1404692844
content.mojom.WebTestControlHost.SetPopupBlockingEnabled	SetPopupBlockingEnabled	1626684417	652667978	1402471063
content.mojom.WebTestControlHost.SetRegisterProtocolHandlerMode	SetRegisterProtocolHandlerMode	2038290217	113188612	887172986
content.mojom.WebTestControlHost.SetTrustTokenKeyCommitments	SetTrustTokenKeyCommitments	106711	1107572127	1008006323
content.mojom.WebTestControlHost.SimulateScreenOrientationChanged	SimulateScreenOrientationChanged	387953697	1522779798	2093444551
content.mojom.WebTestControlHost.SimulateScreenOrientationLockChanged	SimulateScreenOrientationLockChanged	1293669866	512076889	865377589
content.mojom.WebTestControlHost.SimulateWebContentIndexDelete	SimulateWebContentIndexDelete	1397793767	45981575	877191927
content.mojom.WebTestControlHost.SimulateWebNotificationClick	SimulateWebNotificationClick	1543720190	2141814291	499880509
content.mojom.WebTestControlHost.SimulateWebNotificationClose	SimulateWebNotificationClose	1543425794	1644773550	1518087803
content.mojom.WebTestControlHost.TestFinishedInSecondaryRenderer	TestFinishedInSecondaryRenderer	474767197	1075306506	451049991
content.mojom.WebTestControlHost.WebTestRuntimeFlagsChanged	WebTestRuntimeFlagsChanged	642940928	748878490	929729794
content.mojom.WebTestControlHost.WorkItemAdded	WorkItemAdded	1037266563	39563776	1403280590
content.mojom.WebTestControlHost.WorkQueueStatesChanged	WorkQueueStatesChanged	1126020375	1137826171	299922099
content.mojom.WebTestRenderFrame.BlockTestUntilStart	BlockTestUntilStart	795705400	2140427235	1680462554
content.mojom.WebTestRenderFrame.DumpFrameLayout	DumpFrameLayout	191807596	540270000	1632142663
content.mojom.WebTestRenderFrame.OnDeactivated	OnDeactivated	718948620	1137490559	1983343558
content.mojom.WebTestRenderFrame.OnReactivated	OnReactivated	1158580246	2120817661	1066641287
content.mojom.WebTestRenderFrame.ProcessWorkItem	ProcessWorkItem	1541842918	170560085	621728552
content.mojom.WebTestRenderFrame.ReplicateWebTestRuntimeFlagsChanges	ReplicateWebTestRuntimeFlagsChanges	1449650664	908232380	1037775831
content.mojom.WebTestRenderFrame.ReplicateWorkQueueStates	ReplicateWorkQueueStates	1234085880	1091011164	1055973805
content.mojom.WebTestRenderFrame.ResetRendererAfterWebTest	ResetRendererAfterWebTest	1151099743	27777130	1130910989
content.mojom.WebTestRenderFrame.SetTestConfiguration	SetTestConfiguration	1922812163	438644767	604222996
content.mojom.WebTestRenderFrame.SetupRendererProcessForNonTestWindow	SetupRendererProcessForNonTestWindow	821597010	1412319905	1458810131
content.mojom.WebTestRenderFrame.StartTest	StartTest	459862519	1833844226	1141780208
content.mojom.WebTestRenderFrame.SynchronouslyCompositeAfterTest	SynchronouslyCompositeAfterTest	127766744	2064236815	415104200
content.mojom.WebTestRenderFrame.TestFinishedFromSecondaryRenderer	TestFinishedFromSecondaryRenderer	2120624294	264872733	801077062
content.mojom.WebUI.SetProperty	SetProperty	1083935512	71407212	1836905595
content.mojom.WebUIHost.Send	Send	309015779	365604315	1460202677
content.optional_numerics_unittest.mojom.InterfaceV0.MethodWithVersionedParams	MethodWithVersionedParams	909587711	772773534	1
content.optional_numerics_unittest.mojom.InterfaceV0.MethodWithVersionedStruct	MethodWithVersionedStruct	540085450	1438817657	2
content.optional_numerics_unittest.mojom.InterfaceV2.MethodWithVersionedParams	MethodWithVersionedParams	909587711	566906432	1
content.optional_numerics_unittest.mojom.InterfaceV2.MethodWithVersionedStruct	MethodWithVersionedStruct	540085450	659181407	2
content.optional_numerics_unittest.mojom.Params.SendNullBool	SendNullBool	2012005112	1532646647	1921754225
content.optional_numerics_unittest.mojom.Params.SendNullBoolMap	SendNullBoolMap	366652810	516351167	278730742
content.optional_numerics_unittest.mojom.Params.SendNullBools	SendNullBools	1102507035	2004204399	660825250
content.optional_numerics_unittest.mojom.Params.SendNullDouble	SendNullDouble	1387146343	599458409	467745833
content.optional_numerics_unittest.mojom.Params.SendNullDoubleMap	SendNullDoubleMap	1816347883	1648164323	167063069
content.optional_numerics_unittest.mojom.Params.SendNullDoubles	SendNullDoubles	254797398	365141231	1566293966
content.optional_numerics_unittest.mojom.Params.SendNullEnum	SendNullEnum	973320695	2115539383	1836826885
content.optional_numerics_unittest.mojom.Params.SendNullEnumMap	SendNullEnumMap	483884283	1786350161	42097189
content.optional_numerics_unittest.mojom.Params.SendNullEnums	SendNullEnums	1255221158	971769197	729603790
content.optional_numerics_unittest.mojom.Params.SendNullFloat	SendNullFloat	1937807862	1748868079	420285405
content.optional_numerics_unittest.mojom.Params.SendNullInt16	SendNullInt16	1854148462	1676384839	1180466942
content.optional_numerics_unittest.mojom.Params.SendNullInt16s	SendNullInt16s	1743014489	1466051911	46991327
content.optional_numerics_unittest.mojom.Params.SendNullInt32	SendNullInt32	1887703628	1543657891	1954446604
content.optional_numerics_unittest.mojom.Params.SendNullInt64	SendNullInt64	1971591785	2125899459	993460703
content.optional_numerics_unittest.mojom.Params.SendNullInt8	SendNullInt8	262711873	521443265	966981823
content.optional_numerics_unittest.mojom.Params.SendNullStructWithOptionalNumerics	SendNullStructWithOptionalNumerics	1831200231	346697447	1915015519
content.optional_numerics_unittest.mojom.Params.SendNullUint16	SendNullUint16	1177723677	2112177337	1169001017
content.optional_numerics_unittest.mojom.Params.SendNullUint32	SendNullUint32	1211278947	1972817697	97948325
content.optional_numerics_unittest.mojom.Params.SendNullUint32s	SendNullUint32s	180088234	1072545095	1391916467
content.optional_numerics_unittest.mojom.Params.SendNullUint64	SendNullUint64	1261611838	629369147	197146314
content.optional_numerics_unittest.mojom.Params.SendNullUint8	SendNullUint8	1228158720	2111903587	1199234891
content.optional_numerics_unittest.mojom.Params.SendOptionalBool	SendOptionalBool	176761231	69612756	1732409948
content.optional_numerics_unittest.mojom.Params.SendOptionalBoolMap	SendOptionalBoolMap	708179763	609738622	275183658
content.optional_numerics_unittest.mojom.Params.SendOptionalBools	SendOptionalBools	619474030	1280426423	396348846
content.optional_numerics_unittest.mojom.Params.SendOptionalDouble	SendOptionalDouble	1228762232	1661329013	1593669772
content.optional_numerics_unittest.mojom.Params.SendOptionalDoubleMap	SendOptionalDoubleMap	402707978	408447823	786133842
content.optional_numerics_unittest.mojom.Params.SendOptionalDoubles	SendOptionalDoubles	1135722651	78316602	1680274853
content.optional_numerics_unittest.mojom.Params.SendOptionalEnum	SendOptionalEnum	172988320	1078910213	317463988
content.optional_numerics_unittest.mojom.Params.SendOptionalEnumMap	SendOptionalEnumMap	1922545010	1845395031	1413859284
content.optional_numerics_unittest.mojom.Params.SendOptionalEnums	SendOptionalEnums	1531687059	113295316	403907948
content.optional_numerics_unittest.mojom.Params.SendOptionalFloat	SendOptionalFloat	493752999	473563760	140033397
content.optional_numerics_unittest.mojom.Params.SendOptionalInt16	SendOptionalInt16	1198538795	567659108	1335008897
content.optional_numerics_unittest.mojom.Params.SendOptionalInt16s	SendOptionalInt16s	548733890	623627385	1832620009
content.optional_numerics_unittest.mojom.Params.SendOptionalInt32	SendOptionalInt32	1164983493	561572050	778931001
content.optional_numerics_unittest.mojom.Params.SendOptionalInt64	SendOptionalInt64	1081095468	949899183	392122348
content.optional_numerics_unittest.mojom.Params.SendOptionalInt8	SendOptionalInt8	615155078	1723621755	1010234169
content.optional_numerics_unittest.mojom.Params.SendOptionalUint16	SendOptionalUint16	1655077670	605544883	739549502
content.optional_numerics_unittest.mojom.Params.SendOptionalUint32	SendOptionalUint32	1688632836	113679417	260970980
content.optional_numerics_unittest.mojom.Params.SendOptionalUint32s	SendOptionalUint32s	1981308991	124475714	1191822396
content.optional_numerics_unittest.mojom.Params.SendOptionalUint64	SendOptionalUint64	1772520993	1003832566	1567045830
content.optional_numerics_unittest.mojom.Params.SendOptionalUint8	SendOptionalUint8	1094501049	1922417822	89764177
content.optional_numerics_unittest.mojom.Params.SendStructWithNullOptionalNumerics	SendStructWithNullOptionalNumerics	351338675	698024202	153995361
content.optional_numerics_unittest.mojom.Params.SendStructWithOptionalNumerics	SendStructWithOptionalNumerics	383348176	2100565565	582834453
content.optional_numerics_unittest.mojom.ResponseParams.GetNullBool	GetNullBool	56710776	1234966428	1315794167
content.optional_numerics_unittest.mojom.ResponseParams.GetNullBoolMap	GetNullBoolMap	2032428042	325607182	646175659
content.optional_numerics_unittest.mojom.ResponseParams.GetNullBools	GetNullBools	1245388443	509887324	67029849
content.optional_numerics_unittest.mojom.ResponseParams.GetNullDouble	GetNullDouble	986295271	867364562	878520491
content.optional_numerics_unittest.mojom.ResponseParams.GetNullDoubles	GetNullDoubles	1920572630	1891318464	219440984
content.optional_numerics_unittest.mojom.ResponseParams.GetNullEnum	GetNullEnum	1165510007	92934442	58256534
content.optional_numerics_unittest.mojom.ResponseParams.GetNullEnumMap	GetNullEnumMap	2175867	997798406	1449131774
content.optional_numerics_unittest.mojom.ResponseParams.GetNullEnums	GetNullEnums	1398102566	30588944	1965804109
content.optional_numerics_unittest.mojom.ResponseParams.GetNullFloat	GetNullFloat	2080689270	396316900	216227464
content.optional_numerics_unittest.mojom.ResponseParams.GetNullInt16	GetNullInt16	1997029870	178757564	1867073797
content.optional_numerics_unittest.mojom.ResponseParams.GetNullInt16s	GetNullInt16s	1342163417	1681234684	770683101
content.optional_numerics_unittest.mojom.ResponseParams.GetNullInt32	GetNullInt32	2030585036	912879140	1752111218
content.optional_numerics_unittest.mojom.ResponseParams.GetNullInt32Map	GetNullInt32Map	309958254	1902558642	1336351323
content.optional_numerics_unittest.mojom.ResponseParams.GetNullInt64	GetNullInt64	2114473193	1524673304	411483635
content.optional_numerics_unittest.mojom.ResponseParams.GetNullInt8	GetNullInt8	454901185	301138010	178240182
content.optional_numerics_unittest.mojom.ResponseParams.GetNullStructWithOptionalNumerics	GetNullStructWithOptionalNumerics	1887878503	623470072	812468095
content.optional_numerics_unittest.mojom.ResponseParams.GetNullUint16	GetNullUint16	776872605	692131678	1980841442
content.optional_numerics_unittest.mojom.ResponseParams.GetNullUint32	GetNullUint32	810427875	649684638	1095735126
content.optional_numerics_unittest.mojom.ResponseParams.GetNullUint32s	GetNullUint32s	1845863466	1940690392	786403153
content.optional_numerics_unittest.mojom.ResponseParams.GetNullUint64	GetNullUint64	860760766	795590024	627521116
content.optional_numerics_unittest.mojom.ResponseParams.GetNullUint8	GetNullUint8	1371040128	382618660	624239704
content.optional_numerics_unittest.mojom.ResponseParams.GetOptionalBool	GetOptionalBool	1469281551	162651083	1840703486
content.optional_numerics_unittest.mojom.ResponseParams.GetOptionalBoolMap	GetOptionalBoolMap	1141151155	1882251035	1627633704
content.optional_numerics_unittest.mojom.ResponseParams.GetOptionalBools	GetOptionalBools	1814120174	794972879	1028706916
content.optional_numerics_unittest.mojom.ResponseParams.GetOptionalDouble	GetOptionalDouble	1634821112	485463352	142892775
content.optional_numerics_unittest.mojom.ResponseParams.GetOptionalDoubles	GetOptionalDoubles	1568694043	1061702376	2113723649
content.optional_numerics_unittest.mojom.ResponseParams.GetOptionalEnum	GetOptionalEnum	1465508640	1189408870	380345268
content.optional_numerics_unittest.mojom.ResponseParams.GetOptionalEnumMap	GetOptionalEnumMap	208032754	1295437026	1076849268
content.optional_numerics_unittest.mojom.ResponseParams.GetOptionalEnums	GetOptionalEnums	578849555	265572000	1514449705
content.optional_numerics_unittest.mojom.ResponseParams.GetOptionalFloat	GetOptionalFloat	1688399143	1259793475	1989616330
content.optional_numerics_unittest.mojom.ResponseParams.GetOptionalFloatMap	GetOptionalFloatMap	2097151659	1782297555	1026363543
content.optional_numerics_unittest.mojom.ResponseParams.GetOptionalInt16	GetOptionalInt16	245701291	679667039	1833358481
content.optional_numerics_unittest.mojom.ResponseParams.GetOptionalInt16s	GetOptionalInt16s	954792770	1685196957	448980356
content.optional_numerics_unittest.mojom.ResponseParams.GetOptionalInt32	GetOptionalInt32	212145989	1817188281	1356074030
content.optional_numerics_unittest.mojom.ResponseParams.GetOptionalInt64	GetOptionalInt64	128257964	347031802	1308916109
content.optional_numerics_unittest.mojom.ResponseParams.GetOptionalInt8	GetOptionalInt8	1907675398	1428864158	430170888
content.optional_numerics_unittest.mojom.ResponseParams.GetOptionalUint16	GetOptionalUint16	2061136550	1258088614	1105380132
content.optional_numerics_unittest.mojom.ResponseParams.GetOptionalUint32	GetOptionalUint32	2094691716	719202396	1921247324
content.optional_numerics_unittest.mojom.ResponseParams.GetOptionalUint32s	GetOptionalUint32s	266796735	380543592	1112188435
content.optional_numerics_unittest.mojom.ResponseParams.GetOptionalUint64	GetOptionalUint64	31096225	1666836981	9983855
content.optional_numerics_unittest.mojom.ResponseParams.GetOptionalUint8	GetOptionalUint8	141663545	1769420597	1597239714
content.optional_numerics_unittest.mojom.ResponseParams.GetStructWithNullOptionalNumerics	GetStructWithNullOptionalNumerics	408016947	1860572211	814503984
content.optional_numerics_unittest.mojom.ResponseParams.GetStructWithOptionalNumerics	GetStructWithOptionalNumerics	1326697808	929304008	90764180
content_capture.mojom.ContentCaptureReceiver.DidCaptureContent	DidCaptureContent	1710079469	23822742	522030007
content_capture.mojom.ContentCaptureReceiver.DidCompleteBatchCaptureContent	DidCompleteBatchCaptureContent	1054046954	1997629569	1364316662
content_capture.mojom.ContentCaptureReceiver.DidRemoveContent	DidRemoveContent	338478475	1186938142	1123474488
content_capture.mojom.ContentCaptureReceiver.DidUpdateContent	DidUpdateContent	711178278	1028924663	1793830020
content_capture.mojom.ContentCaptureSender.StartCapture	StartCapture	1422856235	1599713918	328477360
content_capture.mojom.ContentCaptureSender.StopCapture	StopCapture	1606567157	186369132	416860923
content_settings.mojom.ContentSettingsAgent.SendRendererContentSettingRules	SendRendererContentSettingRules	1214409452	97629252	36649824
content_settings.mojom.ContentSettingsAgent.SetAllowRunningInsecureContent	SetAllowRunningInsecureContent	826122296	2091145577	2040253526
content_settings.mojom.ContentSettingsManager.AllowStorageAccess	AllowStorageAccess	506754813	599543104	193800760
content_settings.mojom.ContentSettingsManager.Clone	Clone	1269621972	840613268	1469354867
content_settings.mojom.ContentSettingsManager.IsStorageAccessAllowed	IsStorageAccessAllowed	2004587290	519574205	1972901205
content_settings.mojom.ContentSettingsManager.OnContentBlocked	OnContentBlocked	1159837647	1410295792	1178715820
content_settings_internals.mojom.PageHandler.ContentSettingsPatternToString	ContentSettingsPatternToString	437742187	325365142	1260698065
content_settings_internals.mojom.PageHandler.ReadContentSettings	ReadContentSettings	716757363	2063067776	2074422509
content_settings_internals.mojom.PageHandler.StringToContentSettingsPattern	StringToContentSettingsPattern	657755571	1692866398	252371155
content_settings_internals.mojom.PageHandlerFactory.CreatePageHandler	CreatePageHandler	1491630672	1724842594	1049712340
contextual_cueing_internals.mojom.PageHandler.GetShownCues	GetShownCues	1780085022	663944047	2074422509
contextual_tasks.mojom.ExtensionPage.OnHandshakeComplete	OnHandshakeComplete	1121666936	2068716083	249928465
contextual_tasks.mojom.ExtensionPage.OnLensOverlayStateChanged	OnLensOverlayStateChanged	814022995	297206594	1526981048
contextual_tasks.mojom.ExtensionPage.PostAimMessage	PostAimMessage	745301587	289132701	1495066766
contextual_tasks.mojom.ExtensionPageHandler.GetHandshakeMessage	GetHandshakeMessage	2113721323	1704333733	1624025398
contextual_tasks.mojom.ExtensionPageHandler.GetLensCropPreview	GetLensCropPreview	1735724695	1524951161	1472829911
contextual_tasks.mojom.ExtensionPageHandler.OnWebviewMessage	OnWebviewMessage	1786318828	1823699950	1819133079
contextual_tasks.mojom.ExtensionPageHandler.SetTaskId	SetTaskId	236760667	1545446115	1418564508
contextual_tasks.mojom.ExtensionPageHandlerFactory.CreateExtensionPageHandler	CreateExtensionPageHandler	1881723903	246673255	1060230313
contextual_tasks.mojom.Page.EnterBasicMode	EnterBasicMode	1594381932	92573338	1427108606
contextual_tasks.mojom.Page.ExitBasicMode	ExitBasicMode	1916471120	508171884	1904348676
contextual_tasks.mojom.Page.HideErrorPage	HideErrorPage	815607468	1404083416	831873413
contextual_tasks.mojom.Page.HideInput	HideInput	1195276751	1369823605	1928641487
contextual_tasks.mojom.Page.InjectInput	InjectInput	1794696362	1042216343	227611458
contextual_tasks.mojom.Page.LockInput	LockInput	520461860	1595356980	150379866
contextual_tasks.mojom.Page.OnAiPageStatusChanged	OnAiPageStatusChanged	2121410665	747083579	33096994
contextual_tasks.mojom.Page.OnContextUpdated	OnContextUpdated	367936432	1753394349	530891996
contextual_tasks.mojom.Page.OnCookieSyncCompleted	OnCookieSyncCompleted	1521202724	1858718688	1912817704
contextual_tasks.mojom.Page.OnHandshakeComplete	OnHandshakeComplete	1121666936	733758356	1046016221
contextual_tasks.mojom.Page.OnLensOverlayStateChanged	OnLensOverlayStateChanged	814022995	658841645	458331131
contextual_tasks.mojom.Page.OnSidePanelPinStateChanged	OnSidePanelPinStateChanged	59388785	93253517	748144022
contextual_tasks.mojom.Page.OnSidePanelStateChanged	OnSidePanelStateChanged	1002144778	1548310690	1672043667
contextual_tasks.mojom.Page.OnWindowClosed	OnWindowClosed	1264639094	835025095	2032275369
contextual_tasks.mojom.Page.OnZeroStateChange	OnZeroStateChange	1816293607	1733482069	280754129
contextual_tasks.mojom.Page.PostAimMessage	PostAimMessage	745301587	742372396	1934265607
contextual_tasks.mojom.Page.RemoveInjectedInput	RemoveInjectedInput	1459257191	1101332782	1144481711
contextual_tasks.mojom.Page.ResetForNewThread	ResetForNewThread	1389597047	977938653	158411803
contextual_tasks.mojom.Page.RestoreInput	RestoreInput	449349735	1183029347	1987404497
contextual_tasks.mojom.Page.SetExpandButtonEnabled	SetExpandButtonEnabled	2134533562	1325415588	1129213468
contextual_tasks.mojom.Page.SetInNlm	SetInNlm	454209401	325129393	2063801377
contextual_tasks.mojom.Page.SetOAuthToken	SetOAuthToken	387812555	2088467826	1120442167
contextual_tasks.mojom.Page.SetShowReopenTabs	SetShowReopenTabs	1526174187	1085033869	1209539637
contextual_tasks.mojom.Page.SetTaskDetails	SetTaskDetails	939181230	1094322850	1408499727
contextual_tasks.mojom.Page.SetThreadTitle	SetThreadTitle	1689911599	1203195172	214405140
contextual_tasks.mojom.Page.ShowErrorPage	ShowErrorPage	1821178133	417834851	1109782555
contextual_tasks.mojom.Page.ShowOauthErrorDialog	ShowOauthErrorDialog	1070246483	2132791015	594207824
contextual_tasks.mojom.Page.ShowSmartTabSharingDefaultOnIph	ShowSmartTabSharingDefaultOnIph	894087815	557653829	699040849
contextual_tasks.mojom.Page.ShowSmartTabSharingTryItIph	ShowSmartTabSharingTryItIph	1799652227	344252521	1545564870
contextual_tasks.mojom.Page.TurnOnSmartTabSharing	TurnOnSmartTabSharing	1315709533	1776646183	28774622
contextual_tasks.mojom.Page.UnlockInput	UnlockInput	2015948247	1100674049	1199580168
contextual_tasks.mojom.Page.UpdateComposeboxPosition	UpdateComposeboxPosition	1622384664	1679107153	762381778
contextual_tasks.mojom.PageHandler.AskGTooltipDismissed	AskGTooltipDismissed	728807639	359477667	885177250
contextual_tasks.mojom.PageHandler.CloseSidePanel	CloseSidePanel	1255083476	629822786	1030440014
contextual_tasks.mojom.PageHandler.CloseWindow	CloseWindow	1301374863	1957830302	170196652
contextual_tasks.mojom.PageHandler.CreateNewThread	CreateNewThread	732571901	717947747	1138516872
contextual_tasks.mojom.PageHandler.GetCommonSearchParams	GetCommonSearchParams	49214574	1124414498	814209281
contextual_tasks.mojom.PageHandler.GetThreadUrl	GetThreadUrl	927635426	79763467	2074422509
contextual_tasks.mojom.PageHandler.GetUrlForTask	GetUrlForTask	1137354024	352004456	1260698065
contextual_tasks.mojom.PageHandler.IsAiPage	IsAiPage	2107221242	894953659	160316634
contextual_tasks.mojom.PageHandler.IsEmbeddedPageErrorDocument	IsEmbeddedPageErrorDocument	878956743	991962105	477874547
contextual_tasks.mojom.PageHandler.IsPendingErrorPage	IsPendingErrorPage	112840549	156126020	1215762890
contextual_tasks.mojom.PageHandler.IsShownInTab	IsShownInTab	30422618	1865624888	703401204
contextual_tasks.mojom.PageHandler.IsZeroState	IsZeroState	510371938	1649761297	978676253
contextual_tasks.mojom.PageHandler.MaybeTriggerPinningPromo	MaybeTriggerPinningPromo	584036673	1659506805	1088042268
contextual_tasks.mojom.PageHandler.MoveTaskUiToNewTab	MoveTaskUiToNewTab	795844583	69572463	1872147519
contextual_tasks.mojom.PageHandler.NotifySmartTabSharingDefaultOnIphResult	NotifySmartTabSharingDefaultOnIphResult	976776276	1981575972	2031927237
contextual_tasks.mojom.PageHandler.NotifySmartTabSharingTryItIphResult	NotifySmartTabSharingTryItIphResult	1960846336	1679876368	1787525872
contextual_tasks.mojom.PageHandler.OnContextMenuOpened	OnContextMenuOpened	2133532993	1618935699	101302558
contextual_tasks.mojom.PageHandler.OnFileClickedFromSourcesMenu	OnFileClickedFromSourcesMenu	1872963442	1221698283	860298833
contextual_tasks.mojom.PageHandler.OnImageClickedFromSourcesMenu	OnImageClickedFromSourcesMenu	828711375	907832870	1441338643
contextual_tasks.mojom.PageHandler.OnLogoPointerDown	OnLogoPointerDown	1875748174	1601046954	1110733308
contextual_tasks.mojom.PageHandler.OnTabClickedFromSourcesMenu	OnTabClickedFromSourcesMenu	1098282725	1396050980	503066160
contextual_tasks.mojom.PageHandler.OnWebviewMessage	OnWebviewMessage	1786318828	1054556153	619992512
contextual_tasks.mojom.PageHandler.OnboardingTooltipDismissed	OnboardingTooltipDismissed	744707566	222409216	1477216060
contextual_tasks.mojom.PageHandler.OpenAskGHelpUi	OpenAskGHelpUi	1765553424	1611344870	1530853526
contextual_tasks.mojom.PageHandler.OpenFeedbackUi	OpenFeedbackUi	1694235278	2024458020	1398728236
contextual_tasks.mojom.PageHandler.OpenMyActivityUi	OpenMyActivityUi	968577694	523644588	527806321
contextual_tasks.mojom.PageHandler.OpenOnboardingHelpUi	OpenOnboardingHelpUi	1485566865	1462950641	1109170374
contextual_tasks.mojom.PageHandler.OpenOverflowMenuHelpUi	OpenOverflowMenuHelpUi	627130061	817533825	176590812
contextual_tasks.mojom.PageHandler.PinSidePanel	PinSidePanel	1744615479	45582819	2066750974
contextual_tasks.mojom.PageHandler.RegisterWindow	RegisterWindow	167477354	1160041486	735254221
contextual_tasks.mojom.PageHandler.ReopenTabs	ReopenTabs	455983478	479076368	1919670021
contextual_tasks.mojom.PageHandler.SetTaskId	SetTaskId	236760667	224726192	252371155
contextual_tasks.mojom.PageHandler.SetThreadTitle	SetThreadTitle	1689911599	1780622680	1558420783
contextual_tasks.mojom.PageHandler.ShowPageInfoBubble	ShowPageInfoBubble	1442690065	1816715397	2109469195
contextual_tasks.mojom.PageHandler.ShowThreadHistory	ShowThreadHistory	2141728858	1835571710	576514537
contextual_tasks.mojom.PageHandler.UnpinSidePanel	UnpinSidePanel	300671334	831671912	77638566
contextual_tasks.mojom.PageHandlerFactory.CreatePageHandler	CreatePageHandler	1491630672	79389907	1049712340
contextual_tasks_internals.mojom.ContextualTasksInternalsPage.OnLogMessageAdded	OnLogMessageAdded	1648720433	699764573	2030288758
contextual_tasks_internals.mojom.ContextualTasksInternalsPageHandler.GetEligibilityState	GetEligibilityState	1668516781	1099683197	1441624849
contextual_tasks_internals.mojom.ContextualTasksInternalsPageHandler.GetForcedEmbeddedPageHost	GetForcedEmbeddedPageHost	1169319373	1544903824	1267330215
contextual_tasks_internals.mojom.ContextualTasksInternalsPageHandler.GetRelevantContext	GetRelevantContext	1231393957	1900628087	2077816450
contextual_tasks_internals.mojom.ContextualTasksInternalsPageHandler.SetForcedEmbeddedPageHost	SetForcedEmbeddedPageHost	333256297	1951718928	29332894
contextual_tasks_internals.mojom.ContextualTasksInternalsPageHandlerFactory.CreatePageHandler	CreatePageHandler	1491630672	313996619	1660798638
contextual_tasks_toolbar.mojom.ContextualTasksToolbarUIObserver.OnPermissionDashboardStateChanged	OnPermissionDashboardStateChanged	1014042560	1800350357	211786861
contextual_tasks_toolbar.mojom.ContextualTasksToolbarUIService.GetInitialState	GetInitialState	1264056472	1207203114	1097742948
contextual_tasks_toolbar.mojom.ContextualTasksToolbarUIService.OnChipClicked	OnChipClicked	2039758579	1731013833	296961098
contextual_tasks_toolbar.mojom.ContextualTasksToolbarUIService.OnChipCollapseAnimationEnded	OnChipCollapseAnimationEnded	1479020911	1281965119	878860912
contextual_tasks_toolbar.mojom.ContextualTasksToolbarUIService.OnChipExpandAnimationEnded	OnChipExpandAnimationEnded	201580790	2091926982	848052506
contextual_tasks_toolbar.mojom.ContextualTasksToolbarUIService.OnChipMousePressed	OnChipMousePressed	1831183377	2849885	1031918032
contextual_tasks_toolbar.mojom.ContextualTasksToolbarUIService.OnChipPointerEntered	OnChipPointerEntered	579347576	1476552264	411144340
contextual_tasks_toolbar.mojom.ContextualTasksToolbarUIService.OnChipPointerExited	OnChipPointerExited	991032088	1753317534	1403372879
contextual_tasks_toolbar.mojom.PageHandlerFactory.CreatePageHandler	CreatePageHandler	1491630672	962248527	1049712340
continuous_search.mojom.SearchResultExtractor.ExtractCurrentSearchResults	ExtractCurrentSearchResults	109498487	2083758857	2121251147
coral.mojom.CoralProcessor.CacheEmbeddings	CacheEmbeddings	1901418219	291328510	1
coral.mojom.CoralProcessor.Group	Group	1416921154	455920531	0
coral.mojom.CoralService.CacheEmbeddingsDeprecated	CacheEmbeddingsDeprecated	252342400	1093655404	1
coral.mojom.CoralService.GroupDeprecated	GroupDeprecated	1989303317	1019963985	0
coral.mojom.CoralService.Initialize	Initialize	164710295	1018354129	3
coral.mojom.CoralService.PrepareResource	PrepareResource	726360422	488546042	2
coral.mojom.TitleObserver.TitleUpdated	TitleUpdated	1981525666	1745150156	0
critical_actions.mojom.PageHandler.ClearAllCriticalActions	ClearAllCriticalActions	1316953235	1619639994	252371155
critical_actions.mojom.PageHandler.DeleteCriticalAction	DeleteCriticalAction	550522173	1445730891	1260698065
critical_actions.mojom.PageHandler.GetCriticalActions	GetCriticalActions	2029565421	1556044852	2074422509
critical_actions.mojom.PageHandlerFactory.CreatePageHandler	CreatePageHandler	1491630672	133264772	1049712340
cros.mojom.Camera3CallbackOps.Notify	Notify	1868841758	1721876665	1
cros.mojom.Camera3CallbackOps.ProcessCaptureResult	ProcessCaptureResult	1475251821	1709905943	0
cros.mojom.Camera3CallbackOps.RequestStreamBuffers	RequestStreamBuffers	1725117993	530028857	2
cros.mojom.Camera3CallbackOps.ReturnStreamBuffers	ReturnStreamBuffers	1962386608	176415700	3
cros.mojom.Camera3DeviceOps.Close	Close	1454175847	1063882511	7
cros.mojom.Camera3DeviceOps.ConfigureStreams	ConfigureStreams	881773370	478455531	1
cros.mojom.Camera3DeviceOps.ConfigureStreamsAndGetAllocatedBuffers	ConfigureStreamsAndGetAllocatedBuffers	412018515	55406673	8
cros.mojom.Camera3DeviceOps.ConstructDefaultRequestSettings	ConstructDefaultRequestSettings	1318278653	991925287	2
cros.mojom.Camera3DeviceOps.Dump	Dump	1887928275	432663743	4
cros.mojom.Camera3DeviceOps.Flush	Flush	729528193	1120830453	5
cros.mojom.Camera3DeviceOps.Initialize	Initialize	164710295	1293681647	0
cros.mojom.Camera3DeviceOps.OnBufferRetired	OnBufferRetired	1880643671	689656877	11
cros.mojom.Camera3DeviceOps.OnNewBuffer	OnNewBuffer	94990538	85245717	10
cros.mojom.Camera3DeviceOps.ProcessCaptureRequest	ProcessCaptureRequest	572840545	268515986	3
cros.mojom.Camera3DeviceOps.RegisterBuffer	RegisterBuffer	870707028	368245330	6
cros.mojom.Camera3DeviceOps.SignalStreamFlush	SignalStreamFlush	512397897	1615393102	9
cros.mojom.CameraAppDevice.AddCameraEventObserver	AddCameraEventObserver	1290486119	609304629	1003617223
cros.mojom.CameraAppDevice.AddResultMetadataObserver	AddResultMetadataObserver	1234082704	1031318275	1040722805
cros.mojom.CameraAppDevice.GetCameraFrameRotation	GetCameraFrameRotation	921100495	1869925356	1526650657
cros.mojom.CameraAppDevice.RegisterCameraInfoObserver	RegisterCameraInfoObserver	1563407609	1675648415	791987643
cros.mojom.CameraAppDevice.RegisterDocumentCornersObserver	RegisterDocumentCornersObserver	2120066235	349254959	1356424010
cros.mojom.CameraAppDevice.ResetCropRegion	ResetCropRegion	984797004	1127954280	1562941010
cros.mojom.CameraAppDevice.SetCameraFrameRotationEnabledAtSource	SetCameraFrameRotationEnabledAtSource	389149854	1870824702	791632466
cros.mojom.CameraAppDevice.SetCaptureIntent	SetCaptureIntent	1842718437	980754917	1457371369
cros.mojom.CameraAppDevice.SetCropRegion	SetCropRegion	751487781	1138356267	2006323076
cros.mojom.CameraAppDevice.SetFpsRange	SetFpsRange	2008017711	652929864	385555023
cros.mojom.CameraAppDevice.SetMultipleStreamsEnabled	SetMultipleStreamsEnabled	381583193	1997036671	1661762940
cros.mojom.CameraAppDevice.SetStillCaptureResolution	SetStillCaptureResolution	548324285	1454955490	725597158
cros.mojom.CameraAppDevice.TakePortraitModePhoto	TakePortraitModePhoto	1197625756	846348858	1110625782
cros.mojom.CameraAppDeviceBridge.GetCameraAppDevice	GetCameraAppDevice	1433212549	1114299443	1934330241
cros.mojom.CameraAppDeviceBridge.IsDeviceInUse	IsDeviceInUse	1441244031	708455811	166555761
cros.mojom.CameraAppDeviceBridge.IsSupported	IsSupported	1436651541	1817539238	859552955
cros.mojom.CameraAppDeviceBridge.SetVirtualDeviceEnabled	SetVirtualDeviceEnabled	1238717521	632819725	1987451498
cros.mojom.CameraAppDeviceProvider.GetCameraAppDevice	GetCameraAppDevice	1433212549	1284656467	100745323
cros.mojom.CameraAppDeviceProvider.IsDeviceInUse	IsDeviceInUse	1441244031	726042723	576279269
cros.mojom.CameraAppDeviceProvider.IsSupported	IsSupported	1436651541	247174790	1687412482
cros.mojom.CameraEventObserver.OnShutterDone	OnShutterDone	283815517	995671216	810197015
cros.mojom.CameraHalClient.SetUpChannel	SetUpChannel	983952137	1292866054	0
cros.mojom.CameraHalDispatcher.RegisterClientWithToken	RegisterClientWithToken	1220999862	1279913836	5
cros.mojom.CameraInfoObserver.OnCameraInfoUpdated	OnCameraInfoUpdated	817694644	1545363904	1454076145
cros.mojom.CameraModule.GetCameraInfo	GetCameraInfo	2030308366	1770829461	2
cros.mojom.CameraModule.GetNumberOfCameras	GetNumberOfCameras	1435980685	1642628914	1
cros.mojom.CameraModule.GetVendorTagOps	GetVendorTagOps	41107209	620084108	6
cros.mojom.CameraModule.Init	Init	860934531	1311017544	5
cros.mojom.CameraModule.OpenDevice	OpenDevice	682866515	1852039904	0
cros.mojom.CameraModule.SetCallbacks	SetCallbacks	2115577973	624943130	3
cros.mojom.CameraModule.SetCallbacksAssociated	SetCallbacksAssociated	1648398991	1343589361	7
cros.mojom.CameraModule.SetTorchMode	SetTorchMode	437382762	903177461	4
cros.mojom.CameraModuleCallbacks.CameraDeviceStatusChange	CameraDeviceStatusChange	1866462268	1395860548	0
cros.mojom.CameraModuleCallbacks.TorchModeStatusChange	TorchModeStatusChange	418650190	1683184066	1
cros.mojom.CrosCameraService.AddCrosCameraServiceObserver	AddCrosCameraServiceObserver	1176253157	1363128148	7
cros.mojom.CrosCameraService.GetAutoFramingSupported	GetAutoFramingSupported	1754461998	1020650509	5
cros.mojom.CrosCameraService.GetCameraModule	GetCameraModule	1150147130	731513305	0
cros.mojom.CrosCameraService.GetCameraSWPrivacySwitchState	GetCameraSWPrivacySwitchState	776177183	460836020	3
cros.mojom.CrosCameraService.SetAutoFramingState	SetAutoFramingState	367716103	1325270315	2
cros.mojom.CrosCameraService.SetCameraEffect	SetCameraEffect	2068756945	982131740	6
cros.mojom.CrosCameraService.SetCameraSWPrivacySwitchState	SetCameraSWPrivacySwitchState	2034975499	551273204	4
cros.mojom.CrosCameraService.SetTracingEnabled	SetTracingEnabled	1852011494	1435085149	1
cros.mojom.CrosCameraService.StartKioskVisionDetection	StartKioskVisionDetection	1638223865	11649943	8
cros.mojom.CrosCameraServiceObserver.AutoFramingStateChange	AutoFramingStateChange	329855081	1774603207	4
cros.mojom.CrosCameraServiceObserver.CameraDeviceActivityChange	CameraDeviceActivityChange	390093425	448614700	0
cros.mojom.CrosCameraServiceObserver.CameraEffectChange	CameraEffectChange	2046987035	428791562	3
cros.mojom.CrosCameraServiceObserver.CameraPrivacySwitchStateChange	CameraPrivacySwitchStateChange	468853739	1562958506	1
cros.mojom.CrosCameraServiceObserver.CameraSWPrivacySwitchStateChange	CameraSWPrivacySwitchStateChange	1270933481	3961344	2
cros.mojom.CrosDisplayObserver.OnDisplayRotationChanged	OnDisplayRotationChanged	897297142	777225323	0
cros.mojom.CrosDocumentScanner.DetectCornersFromNV12Image	DetectCornersFromNV12Image	1461277082	886876294	0
cros.mojom.CrosLidObserver.OnLidStateChanged	OnLidStateChanged	1780289756	2140127144	0
cros.mojom.CrosPowerObserver.OnSystemResume	OnSystemResume	1975363880	1987079280	1
cros.mojom.CrosPowerObserver.OnSystemSuspend	OnSystemSuspend	1972038251	1065726067	0
cros.mojom.CrosSystemEventMonitor.AddDisplayObserver	AddDisplayObserver	1817741886	1898030144	0
cros.mojom.CrosSystemEventMonitor.AddLidObserver	AddLidObserver	2020518075	226937732	1
cros.mojom.CrosSystemEventMonitor.AddPowerObserver	AddPowerObserver	161283919	649705893	2
cros.mojom.CrosSystemEventMonitor.NotifyDeviceChanged	NotifyDeviceChanged	1260054424	569075186	3
cros.mojom.DocumentCornersObserver.OnDocumentCornersUpdated	OnDocumentCornersUpdated	482256610	1769652864	513716548
cros.mojom.JpegAcceleratorProvider.GetJpegEncodeAccelerator	GetJpegEncodeAccelerator	1631223860	1423805016	0
cros.mojom.JpegAcceleratorProvider.GetMjpegDecodeAccelerator	GetMjpegDecodeAccelerator	1380457601	1716492100	1
cros.mojom.KioskVisionObserver.OnError	OnError	1669973012	1449719340	2
cros.mojom.KioskVisionObserver.OnFrameProcessed	OnFrameProcessed	1160666363	1136869402	0
cros.mojom.KioskVisionObserver.OnTrackCompleted	OnTrackCompleted	786596882	266142617	1
cros.mojom.ResultMetadataObserver.OnMetadataAvailable	OnMetadataAvailable	251478394	2046757406	661855428
cros.mojom.StillCaptureResultObserver.OnStillCaptureDone	OnStillCaptureDone	909977946	619869591	1988042810
cros.mojom.VendorTagOps.GetAllTags	GetAllTags	2060027443	1696175905	1
cros.mojom.VendorTagOps.GetSectionName	GetSectionName	847608697	705527048	2
cros.mojom.VendorTagOps.GetTagCount	GetTagCount	1428286882	550133734	0
cros.mojom.VendorTagOps.GetTagName	GetTagName	442488020	1701874513	3
cros.mojom.VendorTagOps.GetTagType	GetTagType	467931453	1031030514	4
cros.mojom.VideoCaptureDeviceInfoMonitor.AddVideoCaptureDeviceInfoObserver	AddVideoCaptureDeviceInfoObserver	670611451	96570546	0
cros.mojom.VideoCaptureDeviceInfoObserver.OnGetCameraIdToDeviceIdMapping	OnGetCameraIdToDeviceIdMapping	1249243252	478114204	0
custom_help_bubble.mojom.CustomHelpBubbleHandler.NotifyUserAction	NotifyUserAction	954571069	1608273196	2112422400
custom_help_bubble.mojom.CustomHelpBubbleHandlerFactory.CreateCustomHelpBubbleHandler	CreateCustomHelpBubbleHandler	1686642169	225384411	1090620871
customize_buttons.mojom.CustomizeButtonsDocument.SetCustomizeChromeSidePanelVisibility	SetCustomizeChromeSidePanelVisibility	637691427	1731567336	150023806
customize_buttons.mojom.CustomizeButtonsHandler.IncrementCustomizeChromeButtonOpenCount	IncrementCustomizeChromeButtonOpenCount	1659477576	2136122352	300873690
customize_buttons.mojom.CustomizeButtonsHandler.IncrementWallpaperSearchButtonShownCount	IncrementWallpaperSearchButtonShownCount	1132753326	1442061764	925323324
customize_buttons.mojom.CustomizeButtonsHandler.SetCustomizeChromeSidePanelVisible	SetCustomizeChromeSidePanelVisible	413128847	323148405	2050954989
customize_buttons.mojom.CustomizeButtonsHandlerFactory.CreateCustomizeButtonsHandler	CreateCustomizeButtonsHandler	788578451	56987579	662834696
customize_color_scheme_mode.mojom.CustomizeColorSchemeModeClient.SetColorSchemeMode	SetColorSchemeMode	1191700072	905833680	400182017
customize_color_scheme_mode.mojom.CustomizeColorSchemeModeHandler.InitializeColorSchemeMode	InitializeColorSchemeMode	551821048	1467013112	732641537
customize_color_scheme_mode.mojom.CustomizeColorSchemeModeHandler.SetColorSchemeMode	SetColorSchemeMode	1191700072	1985852521	46770270
customize_color_scheme_mode.mojom.CustomizeColorSchemeModeHandlerFactory.CreateCustomizeColorSchemeModeHandler	CreateCustomizeColorSchemeModeHandler	399745505	307717943	1490505264
data_decoder.mojom.DataDecoderService.BindGzipper	BindGzipper	104769713	796706799	1697589710
data_decoder.mojom.DataDecoderService.BindImageDecoder	BindImageDecoder	29027645	1127289741	2147176877
data_decoder.mojom.DataDecoderService.BindPixCodeValidator	BindPixCodeValidator	2130803954	1293726047	575687160
data_decoder.mojom.DataDecoderService.BindStructuredHeadersParser	BindStructuredHeadersParser	254069740	499612495	598573712
data_decoder.mojom.DataDecoderService.BindWebBundleParserFactory	BindWebBundleParserFactory	1363133163	1415143907	839285200
data_decoder.mojom.DataDecoderService.BindXmlParser	BindXmlParser	425799578	75375979	338287747
data_decoder.mojom.Gzipper.Compress	Compress	1968059577	1837506597	1924527971
data_decoder.mojom.Gzipper.Deflate	Deflate	1995235030	1191078322	1336934964
data_decoder.mojom.Gzipper.Inflate	Inflate	956706014	1335280816	1784866802
data_decoder.mojom.Gzipper.Uncompress	Uncompress	396779588	1842329496	121217287
data_decoder.mojom.ImageDecoder.DecodeAnimation	DecodeAnimation	541950939	1341399767	1092066146
data_decoder.mojom.ImageDecoder.DecodeImage	DecodeImage	1742555802	703581956	1143883004
data_decoder.mojom.StructuredHeadersParser.ParseDictionary	ParseDictionary	1532733938	311885866	645568694
data_decoder.mojom.StructuredHeadersParser.ParseItem	ParseItem	2138972355	1052747715	608092652
data_decoder.mojom.StructuredHeadersParser.ParseList	ParseList	830168810	1562786962	1550607631
data_decoder.mojom.XmlParser.Parse	Parse	948845558	968386884	1650728852
data_sharing.mojom.Page.DeleteGroup	DeleteGroup	2028493589	633057903	1934265607
data_sharing.mojom.Page.LeaveGroup	LeaveGroup	769248559	729681673	1046016221
data_sharing.mojom.Page.OnAccessTokenFetched	OnAccessTokenFetched	443711538	1048807722	214405140
data_sharing.mojom.Page.ReadGroupWithToken	ReadGroupWithToken	145951969	1896362290	1672043667
data_sharing.mojom.Page.ReadGroups	ReadGroups	1677949801	1986672721	1408499727
data_sharing.mojom.PageHandler.AboutToUnShareTabGroup	AboutToUnShareTabGroup	1880255017	858231821	1558420783
data_sharing.mojom.PageHandler.ApiInitComplete	ApiInitComplete	819432256	1307179425	252371155
data_sharing.mojom.PageHandler.CloseUI	CloseUI	2083298329	1249305012	1260698065
data_sharing.mojom.PageHandler.GetShareLink	GetShareLink	817561988	727228036	160316634
data_sharing.mojom.PageHandler.GetTabGroupPreview	GetTabGroupPreview	703845719	207661091	1215762890
data_sharing.mojom.PageHandler.MakeTabGroupShared	MakeTabGroupShared	1795631274	920513226	978676253
data_sharing.mojom.PageHandler.OnGroupAction	OnGroupAction	1378336557	284912933	576514537
data_sharing.mojom.PageHandler.OnTabGroupUnShareComplete	OnTabGroupUnShareComplete	1446616987	1477043523	1030440014
data_sharing.mojom.PageHandler.OpenTabGroup	OpenTabGroup	709439135	525801391	477874547
data_sharing.mojom.PageHandler.ShowUI	ShowUI	1522616332	1968703289	2074422509
data_sharing.mojom.PageHandlerFactory.CreatePageHandler	CreatePageHandler	1491630672	1293138728	1049712340
data_sharing_internals.mojom.Page.OnLogMessageAdded	OnLogMessageAdded	1648720433	1897687418	214405140
data_sharing_internals.mojom.PageHandler.GetAllGroups	GetAllGroups	1740073264	1830532848	1260698065
data_sharing_internals.mojom.PageHandler.IsEmptyService	IsEmptyService	1858426065	1457000893	2074422509
data_sharing_internals.mojom.PageHandlerFactory.CreatePageHandler	CreatePageHandler	1491630672	1778132819	1049712340
default_browser_modal.mojom.PageHandler.Cancel	Cancel	1287471363	859257123	1260698065
default_browser_modal.mojom.PageHandler.Confirm	Confirm	121278579	1236829069	2074422509
default_browser_modal.mojom.PageHandler.ShowUI	ShowUI	1522616332	1023029378	252371155
default_browser_modal.mojom.PageHandlerFactory.CreatePageHandler	CreatePageHandler	1491630672	2008870347	1049712340
device.mojom.BatteryMonitor.QueryNextStatus	QueryNextStatus	1340259502	1441206388	304473652
device.mojom.DeviceService.BindBatteryMonitor	BindBatteryMonitor	454445731	79102629	697686212
device.mojom.DeviceService.BindFingerprint	BindFingerprint	924017332	1829483105	1637707614
device.mojom.DeviceService.BindGeolocationContext	BindGeolocationContext	2023032795	1440350733	302567443
device.mojom.DeviceService.BindGeolocationControl	BindGeolocationControl	89862393	208650573	533136626
device.mojom.DeviceService.BindGeolocationInternals	BindGeolocationInternals	1865082872	1121136363	1464315448
device.mojom.DeviceService.BindHidManager	BindHidManager	2055491212	1994380927	1232786735
device.mojom.DeviceService.BindPowerMonitor	BindPowerMonitor	708634343	1042688181	1522003771
device.mojom.DeviceService.BindPublicIpAddressGeolocationProvider	BindPublicIpAddressGeolocationProvider	947351705	506570365	907238707
device.mojom.DeviceService.BindScreenOrientationListener	BindScreenOrientationListener	832221918	1603436497	717821864
device.mojom.DeviceService.BindSensorProvider	BindSensorProvider	2143668337	2023858981	1418500344
device.mojom.DeviceService.BindSerialPortManager	BindSerialPortManager	111161114	1872015089	896613151
device.mojom.DeviceService.BindTimeZoneMonitor	BindTimeZoneMonitor	1455606777	1951075773	1615875691
device.mojom.DeviceService.BindUsbDeviceManager	BindUsbDeviceManager	725560081	1943776941	543819991
device.mojom.DeviceService.BindUsbDeviceManagerTest	BindUsbDeviceManagerTest	1733457869	208770089	435162345
device.mojom.DeviceService.BindVibrationManager	BindVibrationManager	1875205011	356323188	1300389193
device.mojom.DeviceService.BindWakeLockProvider	BindWakeLockProvider	1730843466	1932536459	155398799
device.mojom.Fingerprint.AddFingerprintObserver	AddFingerprintObserver	354372284	1642216431	1731685026
device.mojom.Fingerprint.CancelCurrentEnrollSession	CancelCurrentEnrollSession	1425151846	1451430331	1369459370
device.mojom.Fingerprint.DestroyAllRecords	DestroyAllRecords	593703484	1365394069	854797399
device.mojom.Fingerprint.EndCurrentAuthSession	EndCurrentAuthSession	1193783903	274127564	1069932972
device.mojom.Fingerprint.GetRecordsForUser	GetRecordsForUser	2036052157	966994771	1157244663
device.mojom.Fingerprint.RemoveRecord	RemoveRecord	289040646	1183815572	1858302749
device.mojom.Fingerprint.RequestRecordLabel	RequestRecordLabel	901370031	491829076	1667172694
device.mojom.Fingerprint.RequestType	RequestType	1597603608	478996112	525900678
device.mojom.Fingerprint.SetRecordLabel	SetRecordLabel	398874750	2061481637	2133558186
device.mojom.Fingerprint.StartAuthSession	StartAuthSession	800061331	347923528	849947539
device.mojom.Fingerprint.StartEnrollSession	StartEnrollSession	1220059037	978800118	94572210
device.mojom.FingerprintObserver.OnAuthScanDone	OnAuthScanDone	618097911	1529624819	1863849996
device.mojom.FingerprintObserver.OnEnrollScanDone	OnEnrollScanDone	240574601	1866933989	1083607342
device.mojom.FingerprintObserver.OnRestarted	OnRestarted	1651808988	640087679	1776005886
device.mojom.FingerprintObserver.OnSessionFailed	OnSessionFailed	2117394565	1223562940	389732360
device.mojom.FingerprintObserver.OnStatusChanged	OnStatusChanged	977814608	169182728	1829190605
device.mojom.GamepadHapticsManager.PlayVibrationEffectOnce	PlayVibrationEffectOnce	1099795043	1419523299	608155542
device.mojom.GamepadHapticsManager.ResetVibrationActuator	ResetVibrationActuator	979967961	816231600	1933714836
device.mojom.GamepadMonitor.GamepadStartPolling	GamepadStartPolling	2099005711	1213365533	1795071314
device.mojom.GamepadMonitor.GamepadStopPolling	GamepadStopPolling	890395919	609094659	1888291527
device.mojom.GamepadMonitor.SetObserver	SetObserver	579513005	1676338054	1555616608
device.mojom.GamepadObserver.GamepadConnected	GamepadConnected	627192739	1805399798	67725951
device.mojom.GamepadObserver.GamepadDisconnected	GamepadDisconnected	688359455	1753667908	328851868
device.mojom.GamepadObserver.GamepadRawInputChanged	GamepadRawInputChanged	1435309060	1579098731	275446829
device.mojom.Geolocation.QueryCachedPosition	QueryCachedPosition	1987236832	1438986867	1729058581
device.mojom.Geolocation.QueryNextPosition	QueryNextPosition	439492281	992553408	2091861542
device.mojom.Geolocation.SetHighAccuracyHint	SetHighAccuracyHint	1123948759	1348673482	912298599
device.mojom.GeolocationContext.BindGeolocation	BindGeolocation	1897458482	2136479948	119684403
device.mojom.GeolocationContext.ClearOverride	ClearOverride	1940540448	342418186	1886313815
device.mojom.GeolocationContext.OnPermissionUpdated	OnPermissionUpdated	375092360	1481761942	1014820722
device.mojom.GeolocationContext.SetOverride	SetOverride	1250085103	945685251	2069961847
device.mojom.GeolocationControl.UserDidOptIntoLocationServices	UserDidOptIntoLocationServices	819229765	769436349	1078180680
device.mojom.GeolocationInternals.AddInternalsObserver	AddInternalsObserver	1805213682	692152229	892255012
device.mojom.GeolocationInternalsObserver.OnDiagnosticsChanged	OnDiagnosticsChanged	1297560002	530906688	1463707763
device.mojom.GeolocationInternalsObserver.OnNetworkLocationReceived	OnNetworkLocationReceived	1729855264	1881606721	788705132
device.mojom.GeolocationInternalsObserver.OnNetworkLocationRequested	OnNetworkLocationRequested	1739919627	261323662	898320868
device.mojom.HidConnection.GetFeatureReport	GetFeatureReport	1442221205	1019197579	2
device.mojom.HidConnection.Read	Read	2085465649	1906758531	0
device.mojom.HidConnection.SendFeatureReport	SendFeatureReport	247575061	1244923420	3
device.mojom.HidConnection.Write	Write	512683670	1001146673	1
device.mojom.HidConnectionClient.OnInputReport	OnInputReport	1763074932	485924720	0
device.mojom.HidManager.AddReceiver	AddReceiver	1396354717	1808372953	3
device.mojom.HidManager.Connect	Connect	161123025	1299309400	2
device.mojom.HidManager.GetDevices	GetDevices	1908056068	1955372458	1
device.mojom.HidManager.GetDevicesAndSetClient	GetDevicesAndSetClient	1572562708	304266210	0
device.mojom.HidManagerClient.DeviceAdded	DeviceAdded	1384496343	773025519	0
device.mojom.HidManagerClient.DeviceChanged	DeviceChanged	1139239945	1144557533	2
device.mojom.HidManagerClient.DeviceRemoved	DeviceRemoved	1194457481	2015465213	1
device.mojom.ImmersiveOverlay.RequestNextOverlayPose	RequestNextOverlayPose	1510680994	1838739681	881796585
device.mojom.ImmersiveOverlay.RequestNotificationOnWebXrSubmitted	RequestNotificationOnWebXrSubmitted	952458433	1513419629	1206095633
device.mojom.ImmersiveOverlay.SetOverlayAndWebXRVisibility	SetOverlayAndWebXRVisibility	217785176	1631646250	713737133
device.mojom.ImmersiveOverlay.SubmitOverlayTexture	SubmitOverlayTexture	151512692	277924390	251347057
device.mojom.InputDeviceManager.GetDevices	GetDevices	1908056068	694259984	126980848
device.mojom.InputDeviceManager.GetDevicesAndSetClient	GetDevicesAndSetClient	1572562708	1608131065	1489773132
device.mojom.InputDeviceManagerClient.InputDeviceAdded	InputDeviceAdded	971911461	750729573	1096454284
device.mojom.InputDeviceManagerClient.InputDeviceRemoved	InputDeviceRemoved	1910771219	1463775115	1836211100
device.mojom.IsolatedXRRuntimeProvider.RequestDevices	RequestDevices	660015289	908404917	1998102662
device.mojom.IsolatedXRRuntimeProviderClient.OnDeviceAdded	OnDeviceAdded	1722420050	1056001289	1327730306
device.mojom.IsolatedXRRuntimeProviderClient.OnDeviceRemoved	OnDeviceRemoved	1195390200	1300542378	1277065476
device.mojom.IsolatedXRRuntimeProviderClient.OnDevicesEnumerated	OnDevicesEnumerated	1116803897	958679739	1784868461
device.mojom.MtpManager.CloseStorage	CloseStorage	1351255426	722852096	1628537388
device.mojom.MtpManager.CopyFileFromLocal	CopyFileFromLocal	1689869217	2098814614	51938926
device.mojom.MtpManager.CreateDirectory	CreateDirectory	627896810	337136286	102671568
device.mojom.MtpManager.DeleteObject	DeleteObject	715922761	383587582	189347176
device.mojom.MtpManager.EnumerateStoragesAndSetClient	EnumerateStoragesAndSetClient	516831011	1315318322	720574850
device.mojom.MtpManager.GetFileInfo	GetFileInfo	495884649	895799710	1367893076
device.mojom.MtpManager.GetStorageInfo	GetStorageInfo	1452809086	164555393	1730003259
device.mojom.MtpManager.GetStorageInfoFromDevice	GetStorageInfoFromDevice	1641794720	618800587	288895155
device.mojom.MtpManager.OpenStorage	OpenStorage	1405758544	1422582086	1725663701
device.mojom.MtpManager.ReadDirectoryEntryIds	ReadDirectoryEntryIds	1197949908	729159503	162906203
device.mojom.MtpManager.ReadFileChunk	ReadFileChunk	95410078	2130297986	1082827720
device.mojom.MtpManager.RenameObject	RenameObject	1213980590	947007126	682713970
device.mojom.MtpManagerClient.StorageAttached	StorageAttached	2039396528	1743526491	1571893579
device.mojom.MtpManagerClient.StorageDetached	StorageDetached	2030104854	2106513359	1021849589
device.mojom.NFC.CancelMakeReadOnly	CancelMakeReadOnly	1753046387	1925514187	154798567
device.mojom.NFC.CancelPush	CancelPush	1949757731	1688158043	1424757702
device.mojom.NFC.CancelWatch	CancelWatch	1994069116	325739887	1269925978
device.mojom.NFC.MakeReadOnly	MakeReadOnly	391727333	1602361238	581451160
device.mojom.NFC.Push	Push	1263767481	494590023	335541968
device.mojom.NFC.SetClient	SetClient	309516842	1729393432	1632834386
device.mojom.NFC.Watch	Watch	610833266	792047066	131439864
device.mojom.NFCClient.OnError	OnError	1669973012	1090350751	1193281889
device.mojom.NFCClient.OnWatch	OnWatch	1482287195	1632068449	923373195
device.mojom.NFCProvider.GetNFCForHost	GetNFCForHost	675028997	473887946	1103476692
device.mojom.NFCProvider.ResumeNFCOperations	ResumeNFCOperations	76973793	1310240698	1805096281
device.mojom.NFCProvider.SuspendNFCOperations	SuspendNFCOperations	1262238388	369833905	1997930848
device.mojom.PowerMonitor.AddClient	AddClient	1616160899	1989831505	1429339103
device.mojom.PowerMonitorClient.PowerStateChange	PowerStateChange	1762906703	2140328614	1483428168
device.mojom.PowerMonitorClient.Resume	Resume	1161860812	794504177	349483756
device.mojom.PowerMonitorClient.Suspend	Suspend	862068935	808849956	75231007
device.mojom.PressureClient.OnPressureUpdated	OnPressureUpdated	196644864	2131005344	853644902
device.mojom.PressureManager.AddClient	AddClient	1616160899	844765776	481148991
device.mojom.PressureManager.AddVirtualPressureSource	AddVirtualPressureSource	1533084297	1064718489	1354448463
device.mojom.PressureManager.RemoveVirtualPressureSource	RemoveVirtualPressureSource	652349756	967086697	65885089
device.mojom.PressureManager.UpdateVirtualPressureSourceState	UpdateVirtualPressureSourceState	1685266584	1752848290	531577611
device.mojom.PublicIpAddressGeolocationProvider.CreateGeolocation	CreateGeolocation	1587882061	1214705511	267807742
device.mojom.ScreenOrientation.LockOrientation	LockOrientation	1141416102	1763358622	122631271
device.mojom.ScreenOrientation.UnlockOrientation	UnlockOrientation	1648498153	366001492	332817736
device.mojom.ScreenOrientationListener.IsAutoRotateEnabledByUser	IsAutoRotateEnabledByUser	1222782978	637742289	884255034
device.mojom.Sensor.AddConfiguration	AddConfiguration	441220696	2095480002	44745639
device.mojom.Sensor.ConfigureReadingChangeNotifications	ConfigureReadingChangeNotifications	1786219623	876038616	1529943603
device.mojom.Sensor.GetDefaultConfiguration	GetDefaultConfiguration	108691720	930626406	92265153
device.mojom.Sensor.RemoveConfiguration	RemoveConfiguration	2132804857	1811982679	410254573
device.mojom.Sensor.Resume	Resume	1161860812	295264093	20482521
device.mojom.Sensor.Suspend	Suspend	862068935	222176680	111457927
device.mojom.SensorClient.RaiseError	RaiseError	1732166575	1585191637	120841973
device.mojom.SensorClient.SensorReadingChanged	SensorReadingChanged	570594751	1203317661	1052672423
device.mojom.SensorClientController.Resume	Resume	1161860812	354789364	947527670
device.mojom.SensorClientController.Suspend	Suspend	862068935	427972707	1129605751
device.mojom.SensorProvider.CreateVirtualSensor	CreateVirtualSensor	1798077292	783846757	318089169
device.mojom.SensorProvider.GetSensor	GetSensor	1574952205	1846366286	931750514
device.mojom.SensorProvider.GetVirtualSensorInformation	GetVirtualSensorInformation	1886025192	964712046	1508479461
device.mojom.SensorProvider.RemoveVirtualSensor	RemoveVirtualSensor	539668544	56130027	1635857394
device.mojom.SensorProvider.UpdateVirtualSensor	UpdateVirtualSensor	1040441121	1088720749	1282079219
device.mojom.SerialPort.Close	Close	1454175847	642494345	971409352
device.mojom.SerialPort.ConfigurePort	ConfigurePort	1846289638	1410359045	1427021468
device.mojom.SerialPort.Drain	Drain	511664173	697816243	111837515
device.mojom.SerialPort.Flush	Flush	729528193	1637557296	551415999
device.mojom.SerialPort.GetControlSignals	GetControlSignals	1697937425	648140382	1935017916
device.mojom.SerialPort.GetPortInfo	GetPortInfo	242346918	261962915	372300007
device.mojom.SerialPort.SetControlSignals	SetControlSignals	1298255077	1695840662	1243216122
device.mojom.SerialPort.StartReading	StartReading	55740009	29281097	390675621
device.mojom.SerialPort.StartWriting	StartWriting	2146817349	1689452395	643009982
device.mojom.SerialPortClient.OnReadError	OnReadError	953308332	1609067273	1083856266
device.mojom.SerialPortClient.OnSendError	OnSendError	747599594	834900710	1305861781
device.mojom.SerialPortManager.GetDevices	GetDevices	1908056068	1158637938	1771177418
device.mojom.SerialPortManager.OpenPort	OpenPort	929058676	513520705	1683415322
device.mojom.SerialPortManager.SetClient	SetClient	309516842	250245536	874618002
device.mojom.SerialPortManagerClient.OnPortAdded	OnPortAdded	1587637143	1197002001	1933967288
device.mojom.SerialPortManagerClient.OnPortConnectedStateChanged	OnPortConnectedStateChanged	959511017	220500763	1006922771
device.mojom.SerialPortManagerClient.OnPortRemoved	OnPortRemoved	168289609	1967797411	1757876483
device.mojom.SmartCardConnection.BeginTransaction	BeginTransaction	530044328	1603910765	4938169
device.mojom.SmartCardConnection.Control	Control	1802838864	2078205925	1057391293
device.mojom.SmartCardConnection.Disconnect	Disconnect	1836270535	2057640905	1640977326
device.mojom.SmartCardConnection.GetAttrib	GetAttrib	97225647	840761691	1169140957
device.mojom.SmartCardConnection.SetAttrib	SetAttrib	1858067619	1945907326	1679623687
device.mojom.SmartCardConnection.Status	Status	1572875347	1289155676	1640296487
device.mojom.SmartCardConnection.Transmit	Transmit	570884477	221013049	151806977
device.mojom.SmartCardConnectionWatcher.NotifyConnectionUsed	NotifyConnectionUsed	259732061	1595208631	46465739
device.mojom.SmartCardContext.Cancel	Cancel	1287471363	332370607	2003359222
device.mojom.SmartCardContext.Connect	Connect	161123025	306235083	351613566
device.mojom.SmartCardContext.GetStatusChange	GetStatusChange	525490533	1113910852	1135182014
device.mojom.SmartCardContext.ListReaders	ListReaders	104750043	1325379321	2036574667
device.mojom.SmartCardContextFactory.CreateContext	CreateContext	1439207546	408674841	1915519458
device.mojom.SmartCardTransaction.EndTransaction	EndTransaction	616340204	1105668020	1999324114
device.mojom.TimeZoneMonitor.AddClient	AddClient	1616160899	1215002319	955805760
device.mojom.TimeZoneMonitorClient.OnTimeZoneChange	OnTimeZoneChange	1235141099	137843135	1404334391
device.mojom.UsbDevice.ClaimInterface	ClaimInterface	956528788	2031044666	2012463029
device.mojom.UsbDevice.ClearHalt	ClearHalt	1513914801	907685625	2064591663
device.mojom.UsbDevice.Close	Close	1454175847	216529132	1098009561
device.mojom.UsbDevice.ControlTransferIn	ControlTransferIn	2047567808	703158040	1590750112
device.mojom.UsbDevice.ControlTransferOut	ControlTransferOut	1727585031	924373256	1957771108
device.mojom.UsbDevice.GenericTransferIn	GenericTransferIn	157525488	1686966077	1557384926
device.mojom.UsbDevice.GenericTransferOut	GenericTransferOut	518164183	1923375525	1678608187
device.mojom.UsbDevice.IsochronousTransferIn	IsochronousTransferIn	435349345	1814322647	847993718
device.mojom.UsbDevice.IsochronousTransferOut	IsochronousTransferOut	1331449568	791665398	993129454
device.mojom.UsbDevice.Open	Open	430528273	1762308172	1324530281
device.mojom.UsbDevice.ReleaseInterface	ReleaseInterface	1538866653	756123304	4016779
device.mojom.UsbDevice.Reset	Reset	1914451226	1706774803	97048953
device.mojom.UsbDevice.SetConfiguration	SetConfiguration	1616966915	1226147254	1260509391
device.mojom.UsbDevice.SetInterfaceAlternateSetting	SetInterfaceAlternateSetting	489061702	1631223671	1692493608
device.mojom.UsbDeviceClient.OnDeviceClosed	OnDeviceClosed	2051670580	278535416	1260270538
device.mojom.UsbDeviceClient.OnDeviceOpened	OnDeviceOpened	1554738543	1523363829	1001208105
device.mojom.UsbDeviceManager.EnumerateDevicesAndSetClient	EnumerateDevicesAndSetClient	945373258	1351260501	1140005935
device.mojom.UsbDeviceManager.GetDevice	GetDevice	1512227853	54447770	637988635
device.mojom.UsbDeviceManager.GetDevices	GetDevices	1908056068	1481418163	1445145079
device.mojom.UsbDeviceManager.GetSecurityKeyDevice	GetSecurityKeyDevice	364390688	2109379026	2014406826
device.mojom.UsbDeviceManager.GetUnrestrictedDevice	GetUnrestrictedDevice	803705447	482736052	1405355275
device.mojom.UsbDeviceManager.SetClient	SetClient	309516842	1817915929	2136594289
device.mojom.UsbDeviceManagerClient.OnDeviceAdded	OnDeviceAdded	1722420050	1355139178	1094608149
device.mojom.UsbDeviceManagerClient.OnDeviceRemoved	OnDeviceRemoved	1195390200	940142160	351892128
device.mojom.UsbDeviceManagerTest.AddDeviceForTesting	AddDeviceForTesting	1549989467	875463837	907903548
device.mojom.UsbDeviceManagerTest.GetTestDevices	GetTestDevices	738009580	91562152	374311063
device.mojom.UsbDeviceManagerTest.RemoveDeviceForTesting	RemoveDeviceForTesting	1215594400	1887262137	2056922169
device.mojom.VRService.ExitPresent	ExitPresent	86114578	43300776	369694447
device.mojom.VRService.MakeXrCompatible	MakeXrCompatible	902215827	807427951	758242084
device.mojom.VRService.RequestSession	RequestSession	916869636	177771108	310867491
device.mojom.VRService.SetClient	SetClient	309516842	1828212924	2094304838
device.mojom.VRService.SetFramesThrottled	SetFramesThrottled	97146947	1635858109	794840304
device.mojom.VRService.SupportsSession	SupportsSession	324905623	1731182162	243525417
device.mojom.VRServiceClient.OnDeviceChanged	OnDeviceChanged	833780760	477181269	1022701616
device.mojom.VibrationManager.Cancel	Cancel	1287471363	1999514793	1199858038
device.mojom.VibrationManager.Vibrate	Vibrate	860269930	714390163	478603896
device.mojom.VibrationManagerListener.OnVibrate	OnVibrate	324673559	27226603	314331332
device.mojom.WakeLock.AddClient	AddClient	1616160899	2144630253	1834250133
device.mojom.WakeLock.CancelWakeLock	CancelWakeLock	321731370	1614819924	877899371
device.mojom.WakeLock.ChangeType	ChangeType	104823345	1902934237	1270825740
device.mojom.WakeLock.HasWakeLockForTests	HasWakeLockForTests	2145164554	1032096026	2057849720
device.mojom.WakeLock.RequestWakeLock	RequestWakeLock	1400336749	1427245923	195500553
device.mojom.WakeLockContext.GetWakeLock	GetWakeLock	2063188234	1467064442	193663032
device.mojom.WakeLockObserver.OnWakeLockDeactivated	OnWakeLockDeactivated	358892055	1938936175	1492141407
device.mojom.WakeLockProvider.GetActiveWakeLocksForTests	GetActiveWakeLocksForTests	2028720807	145787446	720950592
device.mojom.WakeLockProvider.GetWakeLockContextForID	GetWakeLockContextForID	303959707	215590671	1149563016
device.mojom.WakeLockProvider.GetWakeLockWithoutContext	GetWakeLockWithoutContext	2064353635	1158231607	1484023342
device.mojom.WakeLockProvider.NotifyOnWakeLockDeactivation	NotifyOnWakeLockDeactivation	337582893	442762687	1640886751
device.mojom.WebXrInternalsRendererListener.OnConsoleLog	OnConsoleLog	1852934705	188107395	496756434
device.mojom.WebXrInternalsRendererListener.OnFrameData	OnFrameData	830635553	2079170602	2059060969
device.mojom.XRDeviceService.BindHookForTesting	BindHookForTesting	1750858602	985884582	1538616866
device.mojom.XRDeviceService.BindRuntimeProvider	BindRuntimeProvider	1942539587	2004207187	1197829427
device.mojom.XRDeviceServiceHost.BindGpu	BindGpu	1794465202	1695179874	862815744
device.mojom.XREnvironmentIntegrationProvider.CreateAnchor	CreateAnchor	2072569322	820373714	1687932613
device.mojom.XREnvironmentIntegrationProvider.DetachAnchor	DetachAnchor	813991323	1121032453	2131549039
device.mojom.XREnvironmentIntegrationProvider.SubscribeToHitTest	SubscribeToHitTest	363334327	612243223	2046423478
device.mojom.XREnvironmentIntegrationProvider.SubscribeToHitTestForTransientInput	SubscribeToHitTestForTransientInput	749003478	428524855	1267707399
device.mojom.XREnvironmentIntegrationProvider.UnsubscribeFromHitTest	UnsubscribeFromHitTest	1833305311	1193640374	2025250278
device.mojom.XRFrameDataProvider.GetEnvironmentIntegrationProvider	GetEnvironmentIntegrationProvider	1946690495	1477885512	1873004594
device.mojom.XRFrameDataProvider.GetFrameData	GetFrameData	1569549566	875328648	468783613
device.mojom.XRLayerManager.CreateCompositionLayer	CreateCompositionLayer	2092456592	229938104	301013792
device.mojom.XRLayerManager.DestroyCompositionLayer	DestroyCompositionLayer	1665389432	2057594322	1743735064
device.mojom.XRLayerManager.SetEnabledCompositionLayers	SetEnabledCompositionLayers	1762012602	1028634121	369360904
device.mojom.XRLayerManager.UpdateCompositionLayer	UpdateCompositionLayer	1494349379	318575289	1625114061
device.mojom.XRPresentationClient.OnSubmitFrameGpuFence	OnSubmitFrameGpuFence	1222704476	1987955697	519327893
device.mojom.XRPresentationClient.OnSubmitFrameRendered	OnSubmitFrameRendered	923637458	398174832	743473108
device.mojom.XRPresentationClient.OnSubmitFrameTransferred	OnSubmitFrameTransferred	1958046789	1565265553	1431567755
device.mojom.XRPresentationProvider.SubmitFrame	SubmitFrame	2061780004	356540017	562993935
device.mojom.XRPresentationProvider.SubmitFrameDrawnIntoTexture	SubmitFrameDrawnIntoTexture	1187672895	1366790250	1189238921
device.mojom.XRPresentationProvider.SubmitFrameMissing	SubmitFrameMissing	1373419604	113934382	664594000
device.mojom.XRPresentationProvider.UpdateLayerBounds	UpdateLayerBounds	1022729706	1489096215	1542017758
device.mojom.XRRuntime.ListenToDeviceChanges	ListenToDeviceChanges	1940239304	2098878182	2010044098
device.mojom.XRRuntime.RequestSession	RequestSession	916869636	1883329689	1907774001
device.mojom.XRRuntime.ShutdownSession	ShutdownSession	1595586541	427485444	1597941313
device.mojom.XRRuntimeEventListener.OnExitPresent	OnExitPresent	193423903	468636628	16774314
device.mojom.XRRuntimeEventListener.OnVisibilityStateChanged	OnVisibilityStateChanged	1949235239	475969204	331384374
device.mojom.XRSessionClient.OnExitPresent	OnExitPresent	193423903	1719239221	9976773
device.mojom.XRSessionClient.OnVisibilityStateChanged	OnVisibilityStateChanged	1949235239	2085436737	1210037329
device.mojom.XRSessionController.SetFrameDataRestricted	SetFrameDataRestricted	667301469	114006636	2023188845
device.mojom.XRSessionMetricsRecorder.ReportFeatureUsed	ReportFeatureUsed	532414644	689057687	170418358
device_signals.mojom.SystemSignalsService.GetFileSystemSignals	GetFileSystemSignals	551242821	1669147262	81940635
devtools_media_encoding_service.mojom.DevToolsMediaEncodingService.RecordAudioBuffer	RecordAudioBuffer	1237096430	1417457633	411446521
devtools_media_encoding_service.mojom.DevToolsMediaEncodingService.RecordVideoFrame	RecordVideoFrame	422706242	1129230055	807325299
devtools_media_encoding_service.mojom.DevToolsMediaEncodingService.StartRecording	StartRecording	1509644276	627416215	1406821758
devtools_media_encoding_service.mojom.DevToolsMediaEncodingService.StopRecording	StopRecording	471432022	1792737618	1423485051
devtools_media_encoding_service.mojom.DevToolsMediaEncodingServiceClient.OnClosed	OnClosed	190618178	685009657	1460621888
devtools_media_encoding_service.mojom.DevToolsMediaEncodingServiceClient.OnData	OnData	642410094	1970089246	511250018
discardable_memory.mojom.DiscardableSharedMemoryManager.AllocateLockedDiscardableSharedMemory	AllocateLockedDiscardableSharedMemory	1552184278	1778649148	1833323314
discardable_memory.mojom.DiscardableSharedMemoryManager.DeletedDiscardableSharedMemory	DeletedDiscardableSharedMemory	1310212604	1438764982	1306136248
discards.mojom.DetailsProvider.Discard	Discard	998580961	1268219964	1360461076
discards.mojom.DetailsProvider.DiscardById	DiscardById	608355329	1274190553	696788824
discards.mojom.DetailsProvider.FreezeById	FreezeById	1894464232	381858443	939563183
discards.mojom.DetailsProvider.GetProcessMemoryDumps	GetProcessMemoryDumps	59839464	1521796401	2005105015
discards.mojom.DetailsProvider.GetTabDiscardsInfo	GetTabDiscardsInfo	1419824789	864485083	604050202
discards.mojom.DetailsProvider.LoadById	LoadById	66995669	752934742	138154398
discards.mojom.DetailsProvider.RefreshPerformanceTabCpuMeasurements	RefreshPerformanceTabCpuMeasurements	174748342	1481747641	204673861
discards.mojom.DetailsProvider.SetAutoDiscardable	SetAutoDiscardable	1098012712	716745179	692118480
discards.mojom.DetailsProvider.ToggleBatterySaverMode	ToggleBatterySaverMode	1255531334	324665225	825659259
discards.mojom.GraphChangeStream.FavIconDataAvailable	FavIconDataAvailable	727207356	1109478336	723266679
discards.mojom.GraphChangeStream.FrameChanged	FrameChanged	842294160	1129624995	1188141138
discards.mojom.GraphChangeStream.FrameCreated	FrameCreated	1984612820	1009099967	429065586
discards.mojom.GraphChangeStream.NodeDeleted	NodeDeleted	607399160	97733807	724884738
discards.mojom.GraphChangeStream.PageChanged	PageChanged	1386472304	823607525	2034301160
discards.mojom.GraphChangeStream.PageCreated	PageCreated	381410228	1146336181	1877411342
discards.mojom.GraphChangeStream.ProcessChanged	ProcessChanged	1753147576	2044719367	1180839645
discards.mojom.GraphChangeStream.ProcessCreated	ProcessCreated	484894716	105643771	922983668
discards.mojom.GraphChangeStream.WorkerChanged	WorkerChanged	884452625	2065600637	1652085619
discards.mojom.GraphChangeStream.WorkerCreated	WorkerCreated	1452128369	871197409	1502920436
discards.mojom.GraphDump.RequestNodeDescriptions	RequestNodeDescriptions	1318035477	323893897	711989815
discards.mojom.GraphDump.SubscribeToChanges	SubscribeToChanges	1496072459	1809719016	1343221702
discards.mojom.SiteDataProvider.GetSiteDataArray	GetSiteDataArray	843696289	1826783412	1480071402
discards.mojom.SiteDataProvider.GetSiteDataDatabaseSize	GetSiteDataDatabaseSize	802845650	1487114614	894755693
dlp_internals.mojom.PageHandler.GetClipboardDataSource	GetClipboardDataSource	1189293592	1296057140	2074422509
dlp_internals.mojom.PageHandler.GetContentRestrictionsInfo	GetContentRestrictionsInfo	1401546651	1217995335	1260698065
dlp_internals.mojom.PageHandler.GetFileInode	GetFileInode	126970538	1932956086	160316634
dlp_internals.mojom.PageHandler.GetFilesDatabaseEntries	GetFilesDatabaseEntries	645816277	1474739552	978676253
dlp_internals.mojom.PageHandler.ObserveReporting	ObserveReporting	1842699995	948953609	252371155
dlp_internals.mojom.ReportingObserver.OnReportEvent	OnReportEvent	276222360	148002682	1265030288
dom_distiller.mojom.DistillabilityService.NotifyIsDistillable	NotifyIsDistillable	933809275	306623645	864394115
dom_distiller.mojom.DistillerJavaScriptService.HandleDistillerOpenSettingsCall	HandleDistillerOpenSettingsCall	1441933498	463886094	2144521229
dom_distiller.mojom.DistillerJavaScriptService.HandleStoreFontFamilyPref	HandleStoreFontFamilyPref	248327410	1122719577	954131561
dom_distiller.mojom.DistillerJavaScriptService.HandleStoreFontScalingPref	HandleStoreFontScalingPref	84432395	1437754301	1747222365
dom_distiller.mojom.DistillerJavaScriptService.HandleStoreThemePref	HandleStoreThemePref	2002720770	1839979305	245055969
download.mojom.DownloadStreamClient.OnStreamCompleted	OnStreamCompleted	2072352685	1304527457	597433299
downloads.mojom.Page.ClearAll	ClearAll	320184049	65793164	1934265607
downloads.mojom.Page.InsertItems	InsertItems	1432306694	1796302334	1672043667
downloads.mojom.Page.RemoveItem	RemoveItem	451576812	437315183	214405140
downloads.mojom.Page.UpdateItem	UpdateItem	2063224895	1444796540	1408499727
downloads.mojom.PageHandler.BypassDeepScanRequiringGesture	BypassDeepScanRequiringGesture	527132433	1435276617	1477216060
downloads.mojom.PageHandler.Cancel	Cancel	1287471363	26147655	176590812
downloads.mojom.PageHandler.ClearAll	ClearAll	320184049	1821449902	1530853526
downloads.mojom.PageHandler.DeepScan	DeepScan	1580198180	2028799454	814209281
downloads.mojom.PageHandler.DiscardDangerous	DiscardDangerous	923938955	1164358155	1558420783
downloads.mojom.PageHandler.Drag	Drag	1418007711	1163348271	252371155
downloads.mojom.PageHandler.GetDownloads	GetDownloads	1832660214	228398331	2074422509
downloads.mojom.PageHandler.IsEligibleForEsbPromo	IsEligibleForEsbPromo	895107132	1941169849	885177250
downloads.mojom.PageHandler.LogEsbPromotionRowViewed	LogEsbPromotionRowViewed	1194036024	1336861361	860298833
downloads.mojom.PageHandler.OpenDownloadsFolderRequiringGesture	OpenDownloadsFolderRequiringGesture	1529176737	1653103414	1872147519
downloads.mojom.PageHandler.OpenDuringScanningRequiringGesture	OpenDuringScanningRequiringGesture	1825939634	1194924932	1441338643
downloads.mojom.PageHandler.OpenEsbSettings	OpenEsbSettings	36840058	800178571	503066160
downloads.mojom.PageHandler.OpenFileRequiringGesture	OpenFileRequiringGesture	270521082	299565196	1260698065
downloads.mojom.PageHandler.Pause	Pause	948110021	100995337	703401204
downloads.mojom.PageHandler.RecordCancelBypassWarningDialog	RecordCancelBypassWarningDialog	148304960	1983601598	477874547
downloads.mojom.PageHandler.RecordOpenBypassWarningDialog	RecordOpenBypassWarningDialog	196174026	117837640	160316634
downloads.mojom.PageHandler.Remove	Remove	396705297	994818841	1398728236
downloads.mojom.PageHandler.Resume	Resume	1161860812	1231236394	527806321
downloads.mojom.PageHandler.RetryDownload	RetryDownload	309720041	1094511137	1030440014
downloads.mojom.PageHandler.ReviewDangerousRequiringGesture	ReviewDangerousRequiringGesture	490107978	908267860	619992512
downloads.mojom.PageHandler.SaveDangerousFromDialogRequiringGesture	SaveDangerousFromDialogRequiringGesture	1725984055	1831369535	1215762890
downloads.mojom.PageHandler.SaveSuspiciousRequiringGesture	SaveSuspiciousRequiringGesture	1708026870	2114959976	978676253
downloads.mojom.PageHandler.Show	Show	1904662374	372663276	576514537
downloads.mojom.PageHandler.Undo	Undo	725987923	726290452	1109170374
downloads.mojom.PageHandlerFactory.CreatePageHandler	CreatePageHandler	1491630672	120036094	1049712340
drive_picker_host.mojom.DrivePickerResultHandler.OnCancel	OnCancel	1575596440	1433924786	140338464
drive_picker_host.mojom.DrivePickerResultHandler.OnError	OnError	1669973012	398075489	1205029906
drive_picker_host.mojom.DrivePickerResultHandler.OnSelection	OnSelection	562576948	255526382	1949548123
drive_picker_host_untrusted.mojom.DrivePickerBridge.LoadConsentKitUrl	LoadConsentKitUrl	711764038	912536616	191824609
drive_picker_host_untrusted.mojom.DrivePickerBridge.ShowDrivePicker	ShowDrivePicker	180162660	590942722	586010085
drive_picker_host_untrusted.mojom.Page.LoadConsentKitUrl	LoadConsentKitUrl	711764038	1736876936	1408499727
drive_picker_host_untrusted.mojom.Page.ShowDrivePicker	ShowDrivePicker	180162660	415117346	214405140
drive_picker_host_untrusted.mojom.PageHandler.OnConsentKitError	OnConsentKitError	1010739490	1820414678	252371155
drive_picker_host_untrusted.mojom.PageHandler.OnConsentKitIframeMessage	OnConsentKitIframeMessage	675987453	1575348193	2074422509
drive_picker_host_untrusted.mojom.PageHandler.OnConsentKitPrivacyFlowResult	OnConsentKitPrivacyFlowResult	1201898619	2032537579	1260698065
drive_picker_host_untrusted.mojom.PageHandler.OnShowErrorDialog	OnShowErrorDialog	1074601737	1568483784	978676253
drive_picker_host_untrusted.mojom.PageHandlerFactory.CreatePageHandler	CreatePageHandler	1491630672	1630689388	1049712340
drivefs.mojom.DriveFs.CancelUploadByPath	CancelUploadByPath	1855276954	1828735759	2074273418
drivefs.mojom.DriveFs.ClearOfflineFiles	ClearOfflineFiles	1520758778	483106229	316992324
drivefs.mojom.DriveFs.CopyFile	CopyFile	969261432	282427251	2094807867
drivefs.mojom.DriveFs.CreateNativeHostSession	CreateNativeHostSession	247936990	546404306	253130129
drivefs.mojom.DriveFs.DumpAccountSettings	DumpAccountSettings	391445223	1236647840	132094293
drivefs.mojom.DriveFs.FetchAllChangeLogs	FetchAllChangeLogs	1909699257	849942778	603128013
drivefs.mojom.DriveFs.FetchChangeLog	FetchChangeLog	1788629223	290616681	1023735310
drivefs.mojom.DriveFs.ForcePauseSyncing	ForcePauseSyncing	1960141347	1671553108	394878230
drivefs.mojom.DriveFs.GetDocsOfflineStats	GetDocsOfflineStats	1921754216	113621130	1069769143
drivefs.mojom.DriveFs.GetItemFromCloudStore	GetItemFromCloudStore	1102001844	539003624	15512851
drivefs.mojom.DriveFs.GetMetadata	GetMetadata	868245396	1383046372	1131788544
drivefs.mojom.DriveFs.GetMetadataByStableId	GetMetadataByStableId	1390769381	967280797	1579915793
drivefs.mojom.DriveFs.GetMirrorSyncStatusForDirectory	GetMirrorSyncStatusForDirectory	420711859	1659047610	1854047011
drivefs.mojom.DriveFs.GetMirrorSyncStatusForFile	GetMirrorSyncStatusForFile	1267253540	1890107929	1110858225
drivefs.mojom.DriveFs.GetOfflineFilesSpaceUsage	GetOfflineFilesSpaceUsage	983632938	522206336	1523742286
drivefs.mojom.DriveFs.GetPooledQuotaUsage	GetPooledQuotaUsage	657444907	255091860	158415977
drivefs.mojom.DriveFs.GetQuotaUsage	GetQuotaUsage	698408970	1188166442	369951175
drivefs.mojom.DriveFs.GetStartupArguments	GetStartupArguments	73146298	796375020	596258278
drivefs.mojom.DriveFs.GetSyncingPaths	GetSyncingPaths	747186746	2022982303	979506470
drivefs.mojom.DriveFs.GetThumbnail	GetThumbnail	730894585	334639177	1199921882
drivefs.mojom.DriveFs.ImmediatelyUpload	ImmediatelyUpload	358249462	1609366030	1769455814
drivefs.mojom.DriveFs.LoadAccountSettings	LoadAccountSettings	143663821	1384905870	1726829182
drivefs.mojom.DriveFs.LocateFilesByItemIds	LocateFilesByItemIds	805501700	446419369	288863853
drivefs.mojom.DriveFs.PollHostedFilePinStates	PollHostedFilePinStates	949547856	74820245	1363177893
drivefs.mojom.DriveFs.ResetCache	ResetCache	1243559076	1355554467	1221771214
drivefs.mojom.DriveFs.SendNativeMessageRequest	SendNativeMessageRequest	444626238	227122803	532289177
drivefs.mojom.DriveFs.SetDocsOfflineEnabled	SetDocsOfflineEnabled	1459932338	202442982	916635814
drivefs.mojom.DriveFs.SetNetworkingEnabled	SetNetworkingEnabled	915779136	613485041	360460247
drivefs.mojom.DriveFs.SetPinned	SetPinned	14806677	700286297	1795668971
drivefs.mojom.DriveFs.SetPinnedByStableId	SetPinnedByStableId	1987437784	1916605920	445333905
drivefs.mojom.DriveFs.SetStartupArguments	SetStartupArguments	2016785366	1629610644	1969053903
drivefs.mojom.DriveFs.SetTracingEnabled	SetTracingEnabled	1852011494	233012471	1740647090
drivefs.mojom.DriveFs.StartSearchQuery	StartSearchQuery	66355733	61297210	1472322254
drivefs.mojom.DriveFs.ToggleMirroring	ToggleMirroring	150685816	1535339893	1994070143
drivefs.mojom.DriveFs.ToggleSyncForPath	ToggleSyncForPath	1595932356	1326959644	307629772
drivefs.mojom.DriveFs.UpdateFromPairedDoc	UpdateFromPairedDoc	356296293	702899081	934244414
drivefs.mojom.DriveFs.UpdateNetworkState	UpdateNetworkState	321865067	1687056262	1668097857
drivefs.mojom.DriveFsBootstrap.Init	Init	860934531	368444793	1727978692
drivefs.mojom.DriveFsDelegate.ConnectToExtension	ConnectToExtension	629341645	1641881645	2051624689
drivefs.mojom.DriveFsDelegate.DisplayConfirmDialog	DisplayConfirmDialog	1443372359	1783294418	1818160190
drivefs.mojom.DriveFsDelegate.ExecuteHttpRequest	ExecuteHttpRequest	1394045005	2075796920	408357871
drivefs.mojom.DriveFsDelegate.GetAccessToken	GetAccessToken	1292123252	1894146982	128872175
drivefs.mojom.DriveFsDelegate.GetAccessTokenWithExpiry	GetAccessTokenWithExpiry	1793629405	1774990418	105979310
drivefs.mojom.DriveFsDelegate.GetMachineRootID	GetMachineRootID	984610617	682303844	404139041
drivefs.mojom.DriveFsDelegate.OnError	OnError	1669973012	1930966736	2009189043
drivefs.mojom.DriveFsDelegate.OnFilesChanged	OnFilesChanged	272958833	2055638752	2137873763
drivefs.mojom.DriveFsDelegate.OnHeartbeat	OnHeartbeat	521067698	745465900	1482930844
drivefs.mojom.DriveFsDelegate.OnItemProgress	OnItemProgress	617069182	394390931	498325680
drivefs.mojom.DriveFsDelegate.OnMirrorSyncError	OnMirrorSyncError	1338039516	102870830	272693742
drivefs.mojom.DriveFsDelegate.OnMirrorSyncingStatusUpdate	OnMirrorSyncingStatusUpdate	1546341547	959961944	1363943923
drivefs.mojom.DriveFsDelegate.OnMountFailed	OnMountFailed	983179618	2037003424	25236093
drivefs.mojom.DriveFsDelegate.OnMounted	OnMounted	613843086	1552341552	739248511
drivefs.mojom.DriveFsDelegate.OnNotificationReceived	OnNotificationReceived	1906649386	804184024	660376210
drivefs.mojom.DriveFsDelegate.OnSyncingStatusUpdate	OnSyncingStatusUpdate	1791429512	1647500001	86481221
drivefs.mojom.DriveFsDelegate.OnTeamDriveChanged	OnTeamDriveChanged	183259637	1145214702	554968956
drivefs.mojom.DriveFsDelegate.OnTeamDrivesListReady	OnTeamDrivesListReady	1230222915	459382979	777672294
drivefs.mojom.DriveFsDelegate.OnUnmounted	OnUnmounted	196186117	48043003	954791278
drivefs.mojom.DriveFsDelegate.PersistMachineRootID	PersistMachineRootID	1906481621	1576246452	2020110409
drivefs.mojom.FakeDriveFsLauncher.LaunchDriveFs	LaunchDriveFs	1875606697	1035417767	1278766338
drivefs.mojom.HttpDelegate.GetRequestBody	GetRequestBody	1774583398	1613427555	911280290
drivefs.mojom.HttpDelegate.OnReceiveBody	OnReceiveBody	2113096861	1379996408	2048297240
drivefs.mojom.HttpDelegate.OnReceiveResponse	OnReceiveResponse	1960474932	1574625774	2077069393
drivefs.mojom.HttpDelegate.OnRequestComplete	OnRequestComplete	1869634716	1245143391	552671819
drivefs.mojom.NativeMessagingHost.HandleMessageFromExtension	HandleMessageFromExtension	1768512967	1433097791	0
drivefs.mojom.NativeMessagingPort.PostMessageToExtension	PostMessageToExtension	65042170	1717706039	0
drivefs.mojom.SearchQuery.GetNextPage	GetNextPage	368150501	556073316	1899370800
echo.mojom.EchoService.Crash	Crash	903525670	1743456496	1511755803
echo.mojom.EchoService.DecryptEncrypt	DecryptEncrypt	741075043	189674789	2011534261
echo.mojom.EchoService.EchoString	EchoString	514475149	1691567299	220014714
echo.mojom.EchoService.EchoStringToSharedMemory	EchoStringToSharedMemory	13647328	1939067311	329228533
echo.mojom.EchoService.Quit	Quit	1289077240	654699916	280395222
echo.mojom.EchoService.VerifyCheckIsTest	VerifyCheckIsTest	2093123194	2080150588	18947632
emoji_picker.mojom.PageHandler.GetCategories	GetCategories	1355904371	492297757	1215762890
emoji_picker.mojom.PageHandler.GetFeatureList	GetFeatureList	298879935	914060069	160316634
emoji_picker.mojom.PageHandler.GetFeaturedGifs	GetFeaturedGifs	516488828	1484837936	477874547
emoji_picker.mojom.PageHandler.GetGifsByIds	GetGifsByIds	1606808717	417631910	1030440014
emoji_picker.mojom.PageHandler.GetHistoryFromPrefs	GetHistoryFromPrefs	449907137	184316916	176590812
emoji_picker.mojom.PageHandler.GetInitialCategory	GetInitialCategory	911787865	34335882	703401204
emoji_picker.mojom.PageHandler.GetInitialQuery	GetInitialQuery	210589119	1456748729	527806321
emoji_picker.mojom.PageHandler.InsertEmoji	InsertEmoji	587939104	1204662308	1260698065
emoji_picker.mojom.PageHandler.InsertGif	InsertGif	1478705464	955298292	252371155
emoji_picker.mojom.PageHandler.IsIncognitoTextField	IsIncognitoTextField	1091841816	1588931435	978676253
emoji_picker.mojom.PageHandler.OnUiFullyLoaded	OnUiFullyLoaded	2085627735	531975934	576514537
emoji_picker.mojom.PageHandler.SearchGifs	SearchGifs	2038879148	251124867	1558420783
emoji_picker.mojom.PageHandler.ShowUI	ShowUI	1522616332	1319555211	2074422509
emoji_picker.mojom.PageHandler.UpdateHistoryInPrefs	UpdateHistoryInPrefs	174041079	1565537360	1398728236
emoji_picker.mojom.PageHandler.UpdatePreferredVariantsInPrefs	UpdatePreferredVariantsInPrefs	1054832932	11047171	1109170374
emoji_picker.mojom.PageHandlerFactory.CreatePageHandler	CreatePageHandler	1491630672	1567705380	1049712340
emoji_search.mojom.EmojiSearch.LoadEmojiLanguages	LoadEmojiLanguages	855829294	591400092	1221023373
emoji_search.mojom.EmojiSearch.SearchEmoji	SearchEmoji	42037985	89699494	1069023767
enterprise_companion.mojom.EnterpriseCompanion.FetchPolicies	FetchPolicies	1556684833	1945652359	1
enterprise_companion.mojom.EnterpriseCompanion.Shutdown	Shutdown	1757046727	428207466	0
enterprise_reporting.mojom.Page.SetErpHistoryData	SetErpHistoryData	1339631158	773281462	214405140
enterprise_reporting.mojom.PageHandler.GetDebugState	GetDebugState	1446897267	1117026421	1260698065
enterprise_reporting.mojom.PageHandler.GetErpHistoryData	GetErpHistoryData	170467802	626196834	252371155
enterprise_reporting.mojom.PageHandler.RecordDebugState	RecordDebugState	1923617654	439461044	2074422509
enterprise_reporting.mojom.PageHandlerFactory.CreatePageHandler	CreatePageHandler	1491630672	233464335	1049712340
extensions.mime_handler.BeforeUnloadControl.SetShowBeforeUnloadDialog	SetShowBeforeUnloadDialog	1837796540	747621291	2074197749
extensions.mime_handler.MimeHandlerService.GetStreamInfo	GetStreamInfo	2018258051	291184745	349984204
extensions.mime_handler.MimeHandlerService.SetPdfPluginAttributes	SetPdfPluginAttributes	774090245	1324615068	1690250768
extensions.mojom.AppWindow.SetVisuallyDeemphasized	SetVisuallyDeemphasized	1261228511	1802534403	1688424490
extensions.mojom.EventDispatcher.DispatchEvent	DispatchEvent	1896778965	760716676	1838397782
extensions.mojom.EventRouter.AddFilteredListenerForMainThread	AddFilteredListenerForMainThread	1298946295	1361425279	1298431780
extensions.mojom.EventRouter.AddFilteredListenerForServiceWorker	AddFilteredListenerForServiceWorker	1250332199	1529014075	211603047
extensions.mojom.EventRouter.AddLazyListenerForMainThread	AddLazyListenerForMainThread	1002956918	796358334	1874685429
extensions.mojom.EventRouter.AddLazyListenerForServiceWorker	AddLazyListenerForServiceWorker	195950476	988392135	576845835
extensions.mojom.EventRouter.AddListenerForMainThread	AddListenerForMainThread	443780976	1893103871	640573634
extensions.mojom.EventRouter.AddListenerForServiceWorker	AddListenerForServiceWorker	115442342	1627867246	160516643
extensions.mojom.EventRouter.RemoveFilteredListenerForMainThread	RemoveFilteredListenerForMainThread	1617131082	803034254	1785123287
extensions.mojom.EventRouter.RemoveFilteredListenerForServiceWorker	RemoveFilteredListenerForServiceWorker	1903926368	776977042	1283500088
extensions.mojom.EventRouter.RemoveLazyListenerForMainThread	RemoveLazyListenerForMainThread	2121683099	8566307	732983283
extensions.mojom.EventRouter.RemoveLazyListenerForServiceWorker	RemoveLazyListenerForServiceWorker	1596843179	1517382946	1502072542
extensions.mojom.EventRouter.RemoveListenerForMainThread	RemoveListenerForMainThread	376557485	966719452	934621287
extensions.mojom.EventRouter.RemoveListenerForServiceWorker	RemoveListenerForServiceWorker	69321885	810777345	1434605662
extensions.mojom.GuestView.CanExecuteContentScript	CanExecuteContentScript	975817424	1846341647	815254042
extensions.mojom.GuestView.ReadyToCreateMimeHandlerView	ReadyToCreateMimeHandlerView	1969488656	339234766	974948328
extensions.mojom.LocalFrame.AppWindowClosed	AppWindowClosed	1353268166	1715683997	1742502357
extensions.mojom.LocalFrame.DispatchOnConnect	DispatchOnConnect	441948114	1352391016	124656618
extensions.mojom.LocalFrame.ExecuteCode	ExecuteCode	1034503621	1715744127	1185254972
extensions.mojom.LocalFrame.ExecuteDeclarativeScript	ExecuteDeclarativeScript	1164992307	244076849	1823749900
extensions.mojom.LocalFrame.MessageInvoke	MessageInvoke	1209089914	673924941	1302135245
extensions.mojom.LocalFrame.NotifyRenderViewType	NotifyRenderViewType	2038366413	823059762	1894677903
extensions.mojom.LocalFrame.SetFrameName	SetFrameName	346022311	1242515949	2074658597
extensions.mojom.LocalFrame.SetSpatialNavigationEnabled	SetSpatialNavigationEnabled	615401546	37772001	1759810412
extensions.mojom.LocalFrame.SetTabId	SetTabId	1088366011	529847136	1449504952
extensions.mojom.LocalFrame.UpdateBrowserWindowId	UpdateBrowserWindowId	750095681	1799939882	460699776
extensions.mojom.LocalFrameHost.AppWindowReady	AppWindowReady	856840679	1821601324	299459256
extensions.mojom.LocalFrameHost.ContentScriptsExecuting	ContentScriptsExecuting	1413750096	2059790529	1510531815
extensions.mojom.LocalFrameHost.DecrementLazyKeepaliveCount	DecrementLazyKeepaliveCount	1871782801	2018053894	207732233
extensions.mojom.LocalFrameHost.DetailedConsoleMessageAdded	DetailedConsoleMessageAdded	1361627389	89247940	1942356918
extensions.mojom.LocalFrameHost.GetAppInstallState	GetAppInstallState	2064280724	1870006873	2108489862
extensions.mojom.LocalFrameHost.IncrementLazyKeepaliveCount	IncrementLazyKeepaliveCount	1942787593	1709194962	1009817147
extensions.mojom.LocalFrameHost.OpenChannelToExtension	OpenChannelToExtension	301913352	906180906	1860663688
extensions.mojom.LocalFrameHost.OpenChannelToNativeApp	OpenChannelToNativeApp	961902661	395527264	20070071
extensions.mojom.LocalFrameHost.OpenChannelToTab	OpenChannelToTab	1505795554	55753510	1592923622
extensions.mojom.LocalFrameHost.Request	Request	1780537024	1338987806	1627629870
extensions.mojom.LocalFrameHost.RequestScriptInjectionPermission	RequestScriptInjectionPermission	1091843493	1841144782	591283475
extensions.mojom.LocalFrameHost.ResponseAck	ResponseAck	676070679	1970504963	1048343641
extensions.mojom.LocalFrameHost.WatchedPageChange	WatchedPageChange	1303865540	673601401	1805889807
extensions.mojom.MessagePort.DeliverMessage	DeliverMessage	257228697	703090134	1122766509
extensions.mojom.MessagePort.DispatchDisconnect	DispatchDisconnect	941764473	1481416133	2592569
extensions.mojom.MessagePortHost.ClosePort	ClosePort	2081802306	2146739443	568318427
extensions.mojom.MessagePortHost.PostMessage	PostMessage	1242572728	1165969513	1529189607
extensions.mojom.MessagePortHost.ResponsePending	ResponsePending	808876621	1981901972	1848577363
extensions.mojom.MimeHandlerViewContainerManager.CreateBeforeUnloadControl	CreateBeforeUnloadControl	852771036	2123513172	566433804
extensions.mojom.MimeHandlerViewContainerManager.DestroyFrameContainer	DestroyFrameContainer	320453881	171027081	356429835
extensions.mojom.MimeHandlerViewContainerManager.DidLoad	DidLoad	591866984	2084264565	505356194
extensions.mojom.MimeHandlerViewContainerManager.SetInternalId	SetInternalId	2023695759	564385616	859683626
extensions.mojom.Renderer.ActivateExtension	ActivateExtension	634474441	1962201444	344750155
extensions.mojom.Renderer.CancelSuspendExtension	CancelSuspendExtension	997842664	2133540731	238178767
extensions.mojom.Renderer.ClearTabSpecificPermissions	ClearTabSpecificPermissions	90879111	804110971	782246615
extensions.mojom.Renderer.ClearUserScriptWorldConfig	ClearUserScriptWorldConfig	1031154058	463030791	1540842500
extensions.mojom.Renderer.LoadExtensions	LoadExtensions	1692418803	1487220075	323570089
extensions.mojom.Renderer.SetActivityLoggingEnabled	SetActivityLoggingEnabled	534623154	526775226	777000610
extensions.mojom.Renderer.SetDeveloperMode	SetDeveloperMode	596337662	938804412	917651422
extensions.mojom.Renderer.SetPolicyActivityLoggingEnabled	SetPolicyActivityLoggingEnabled	1844206756	1894792860	1961363425
extensions.mojom.Renderer.SetScriptingAllowlist	SetScriptingAllowlist	316055825	428593121	607862026
extensions.mojom.Renderer.SetSessionInfo	SetSessionInfo	1950090977	731056880	1866074496
extensions.mojom.Renderer.SetSystemFont	SetSystemFont	937864051	1467461135	1803431418
extensions.mojom.Renderer.SetUserScriptsAllowed	SetUserScriptsAllowed	1151445206	1949306715	406985837
extensions.mojom.Renderer.SetWebViewPartitionID	SetWebViewPartitionID	496252509	127623052	1733015303
extensions.mojom.Renderer.ShouldSuspend	ShouldSuspend	1476528976	937605152	1072113968
extensions.mojom.Renderer.SuspendExtension	SuspendExtension	1909882014	1003247533	71996608
extensions.mojom.Renderer.TransferBlobs	TransferBlobs	305496068	1518592660	711063032
extensions.mojom.Renderer.UnloadExtension	UnloadExtension	951556075	470863670	540358895
extensions.mojom.Renderer.UpdateDefaultPolicyHostRestrictions	UpdateDefaultPolicyHostRestrictions	1711468016	67976290	1284339466
extensions.mojom.Renderer.UpdatePermissions	UpdatePermissions	227151570	273230407	860987349
extensions.mojom.Renderer.UpdateTabSpecificPermissions	UpdateTabSpecificPermissions	399943677	1420090038	1562754573
extensions.mojom.Renderer.UpdateUserHostRestrictions	UpdateUserHostRestrictions	29071708	1716502084	6929568
extensions.mojom.Renderer.UpdateUserScriptWorlds	UpdateUserScriptWorlds	1896255025	1642100435	310599634
extensions.mojom.Renderer.UpdateUserScripts	UpdateUserScripts	306030173	1563211127	1892319749
extensions.mojom.Renderer.WatchPages	WatchPages	249825902	1486388018	1950540677
extensions.mojom.RendererAutomationRegistry.BindAutomation	BindAutomation	2130285069	134962440	1320555652
extensions.mojom.RendererHost.AddAPIActionToActivityLog	AddAPIActionToActivityLog	1822559746	899408837	1332227346
extensions.mojom.RendererHost.AddDOMActionToActivityLog	AddDOMActionToActivityLog	1159204218	1361544494	1455593366
extensions.mojom.RendererHost.AddEventToActivityLog	AddEventToActivityLog	1312645832	430456079	1492936007
extensions.mojom.RendererHost.GetMessageBundle	GetMessageBundle	1120464504	1680949355	1944644310
extensions.mojom.ServiceWorker.DispatchOnConnect	DispatchOnConnect	441948114	1743709123	2059036117
extensions.mojom.ServiceWorker.UpdatePermissions	UpdatePermissions	227151570	1019437420	1457179985
extensions.mojom.ServiceWorkerHost.DidInitializeServiceWorkerContext	DidInitializeServiceWorkerContext	2119859846	89416662	1870587412
extensions.mojom.ServiceWorkerHost.DidStartServiceWorkerContext	DidStartServiceWorkerContext	241401352	1479150099	374204060
extensions.mojom.ServiceWorkerHost.DidStopServiceWorkerContext	DidStopServiceWorkerContext	141345612	834026157	729684076
extensions.mojom.ServiceWorkerHost.OpenChannelToExtension	OpenChannelToExtension	301913352	283705147	250475204
extensions.mojom.ServiceWorkerHost.OpenChannelToNativeApp	OpenChannelToNativeApp	961902661	2057200465	720491552
extensions.mojom.ServiceWorkerHost.OpenChannelToTab	OpenChannelToTab	1505795554	1373901029	570784590
extensions.mojom.ServiceWorkerHost.RequestWorker	RequestWorker	1186928426	1219498539	801129256
extensions.mojom.ServiceWorkerHost.WorkerResponseAck	WorkerResponseAck	767748745	700930260	376820440
extensions.mojom.WebRequestHost.EventHandlingDone	EventHandlingDone	1568483860	757324946	72325384
extensions_bar.mojom.Page.ActionPoppedOut	ActionPoppedOut	1410768409	1187177201	1672043667
extensions_bar.mojom.Page.ActionRemoved	ActionRemoved	1783886265	98411719	1408499727
extensions_bar.mojom.Page.ActionsAddedOrUpdated	ActionsAddedOrUpdated	190648760	1581771644	214405140
extensions_bar.mojom.PageHandler.ExecuteUserAction	ExecuteUserAction	1329735093	1870843516	2074422509
extensions_bar.mojom.PageHandler.OnPointerDown	OnPointerDown	733186285	551775542	1260698065
extensions_bar.mojom.PageHandler.ShowContextMenu	ShowContextMenu	162958950	703659360	252371155
extensions_bar.mojom.PageHandler.ToggleExtensionsMenuFromWebUI	ToggleExtensionsMenuFromWebUI	1049299838	1576377024	978676253
extensions_bar.mojom.PageHandlerFactory.CreatePageHandler	CreatePageHandler	1491630672	1367974509	1049712340
feature_showcase.mojom.DefaultBrowserPageHandler.SetAsDefaultBrowser	SetAsDefaultBrowser	1980646910	2136205243	1112033658
feature_showcase.mojom.DefaultBrowserPageHandler.SkipSetAsDefaultBrowser	SkipSetAsDefaultBrowser	1187809817	1471638998	1642953665
feature_showcase.mojom.DefaultBrowserPageHandlerFactory.CreatePageHandler	CreatePageHandler	1491630672	1193672108	2031400669
feature_showcase.mojom.FeatureShowcasePageHandler.FinishFeatureShowcase	FinishFeatureShowcase	173335149	1213032732	1672651082
feature_showcase.mojom.FeatureShowcasePageHandler.NextStepShown	NextStepShown	995847435	1568358694	630830140
feature_showcase.mojom.FeatureShowcasePageHandlerFactory.CreatePageHandler	CreatePageHandler	1491630672	1631085300	220234732
feature_showcase.mojom.GeminiPageHandler.AcceptConsent	AcceptConsent	856156025	676978238	1422949302
feature_showcase.mojom.GeminiPageHandler.SkipConsent	SkipConsent	446868762	1760088639	2031737894
feature_showcase.mojom.GeminiPageHandlerFactory.CreateGeminiPageHandler	CreateGeminiPageHandler	318967583	1990976469	1612758271
feature_showcase.mojom.GoogleLensPageHandler.EnableGoogleLens	EnableGoogleLens	904489557	1114012342	1819494622
feature_showcase.mojom.GoogleLensPageHandler.SkipGoogleLens	SkipGoogleLens	1438210529	1196114482	12226355
feature_showcase.mojom.GoogleLensPageHandlerFactory.CreateGoogleLensPageHandler	CreateGoogleLensPageHandler	1171122147	1825057557	1304843167
feature_showcase.mojom.PasswordManagerPageHandler.PinPasswordManager	PinPasswordManager	758756718	491394094	338816291
feature_showcase.mojom.PasswordManagerPageHandler.SkipPasswordManager	SkipPasswordManager	204037764	295189206	1125387724
feature_showcase.mojom.PasswordManagerPageHandlerFactory.CreatePasswordManagerPageHandler	CreatePasswordManagerPageHandler	261382026	1606445428	639425717
feature_showcase.mojom.ThemesAndCustomizationPageHandler.AcceptTheme	AcceptTheme	772025812	610000580	761738625
feature_showcase.mojom.ThemesAndCustomizationPageHandler.RevertTheme	RevertTheme	732860906	1721435762	966894555
feature_showcase.mojom.ThemesAndCustomizationPageHandler.SnapshotTheme	SnapshotTheme	656935576	1082519104	943030571
feature_showcase.mojom.ThemesAndCustomizationPageHandlerFactory.CreateThemesAndCustomizationPageHandler	CreateThemesAndCustomizationPageHandler	944012304	782990282	1130331991
feed_internals.mojom.PageHandler.GetFeedHistograms	GetFeedHistograms	927499086	1037651642	160316634
feed_internals.mojom.PageHandler.GetFeedProcessScopeDump	GetFeedProcessScopeDump	180863240	1209102228	978676253
feed_internals.mojom.PageHandler.GetGeneralProperties	GetGeneralProperties	241117010	1601940404	2074422509
feed_internals.mojom.PageHandler.GetLastFetchProperties	GetLastFetchProperties	1255591974	1733737568	1260698065
feed_internals.mojom.PageHandler.OverrideDiscoverApiEndpoint	OverrideDiscoverApiEndpoint	726562055	198543385	477874547
feed_internals.mojom.PageHandler.OverrideFeedHost	OverrideFeedHost	289253287	1149267705	1215762890
feed_internals.mojom.PageHandler.OverrideFeedStreamData	OverrideFeedStreamData	137812633	947398127	1558420783
feed_internals.mojom.PageHandler.RefreshForYouFeed	RefreshForYouFeed	1887351316	2038115055	252371155
feedback.report_unsafe_site.mojom.PageHandler.CloseDialog	CloseDialog	1718537155	1211973519	978676253
feedback.report_unsafe_site.mojom.PageHandler.GetTriggeringPageInfo	GetTriggeringPageInfo	1748749206	245275644	1260698065
feedback.report_unsafe_site.mojom.PageHandler.SendReport	SendReport	1379007757	2019499435	252371155
feedback.report_unsafe_site.mojom.PageHandler.ShowUi	ShowUi	1522616364	1689640932	2074422509
feedback.report_unsafe_site.mojom.PageHandlerFactory.CreatePageHandler	CreatePageHandler	1491630672	1556535848	1049712340
file_suggestion.mojom.DriveSuggestionHandler.DismissModule	DismissModule	751915687	213835047	347335749
file_suggestion.mojom.DriveSuggestionHandler.GetFiles	GetFiles	1789898060	632417463	2054091225
file_suggestion.mojom.DriveSuggestionHandler.RestoreModule	RestoreModule	1202943761	1428571881	435502622
file_suggestion.mojom.MicrosoftFilesPageHandler.DismissModule	DismissModule	751915687	721380043	144086753
file_suggestion.mojom.MicrosoftFilesPageHandler.GetFiles	GetFiles	1789898060	826310315	841624516
file_suggestion.mojom.MicrosoftFilesPageHandler.RestoreModule	RestoreModule	1202943761	99082701	686141763
filesystem.mojom.Directory.Clone	Clone	1269621972	878792628	150475551
filesystem.mojom.Directory.Delete	Delete	1835819124	923653161	905626149
filesystem.mojom.Directory.Exists	Exists	1611935237	504383767	843627249
filesystem.mojom.Directory.Flush	Flush	729528193	1866943728	1403155516
filesystem.mojom.Directory.IsWritable	IsWritable	540710721	1676661099	1396865828
filesystem.mojom.Directory.OpenDirectory	OpenDirectory	1718285878	42337385	1954248140
filesystem.mojom.Directory.OpenFileHandle	OpenFileHandle	1042278361	1513683947	161701029
filesystem.mojom.Directory.OpenFileHandles	OpenFileHandles	624556776	1648893056	236128809
filesystem.mojom.Directory.Read	Read	2085465649	897392389	371180019
filesystem.mojom.Directory.ReadEntireFile	ReadEntireFile	922860980	504910397	962981299
filesystem.mojom.Directory.Rename	Rename	982938583	608001658	601877722
filesystem.mojom.Directory.Replace	Replace	790334787	1428737870	1583040616
filesystem.mojom.Directory.StatFile	StatFile	1167793697	2052183288	1646836142
filesystem.mojom.Directory.WriteFile	WriteFile	1450669484	1310459809	625126906
font_data_service.mojom.FontDataService.GetAllFamilyNames	GetAllFamilyNames	1126097440	1691041643	789385299
font_data_service.mojom.FontDataService.LegacyMakeTypeface	LegacyMakeTypeface	356501225	786671642	2055309319
font_data_service.mojom.FontDataService.MatchFamilyName	MatchFamilyName	104739289	108573977	631948373
font_data_service.mojom.FontDataService.MatchFamilyNameCharacter	MatchFamilyNameCharacter	1981289502	1458600256	1269213299
font_data_service.mojom.FontDataService.MatchLocalFont	MatchLocalFont	1705330862	2136690547	2043539736
font_service.mojom.FontService.FallbackFontForCharacter	FallbackFontForCharacter	1521712874	899313127	1377240522
font_service.mojom.FontService.FontRenderStyleForStrike	FontRenderStyleForStrike	1100439056	13831013	1454801821
font_service.mojom.FontService.MatchFamilyName	MatchFamilyName	104739289	49839315	1432868489
font_service.mojom.FontService.MatchFontByPostscriptNameOrFullFontName	MatchFontByPostscriptNameOrFullFontName	488742884	1533785259	1601007589
font_service.mojom.FontService.OpenStream	OpenStream	1291245385	1931703059	782586369
foo.mojom.FooHandler.GetData	GetData	313239635	656120431	444448740
fuzz.mojom.FuzzDummyInterface.Ping	Ping	1450292817	1115483097	521644851
fuzz.mojom.FuzzInterface.FuzzArgs	FuzzArgs	320696685	1782413236	190956203
fuzz.mojom.FuzzInterface.FuzzArgsResp	FuzzArgsResp	1374733495	1633013470	1378451653
fuzz.mojom.FuzzInterface.FuzzArgsSyncResp	FuzzArgsSyncResp	1380209678	936836849	1347914296
fuzz.mojom.FuzzInterface.FuzzAssociated	FuzzAssociated	1546171968	1834906987	419352929
fuzz.mojom.FuzzInterface.FuzzBasic	FuzzBasic	335753284	306900930	274291692
fuzz.mojom.FuzzInterface.FuzzBasicResp	FuzzBasicResp	1019921386	71712648	1800463431
fuzz.mojom.FuzzInterface.FuzzBasicSyncResp	FuzzBasicSyncResp	1964586175	27694459	1676291624
fuzz.mojom.FuzzInterface.FuzzNullableValueArrays	FuzzNullableValueArrays	1302721014	1404832271	1262802645
gcpw_hid.mojom.GaiaCredentialProviderHidBroker.OpenDevice	OpenDevice	682866515	1440473187	2063985801
geic.mojom.GeicBrowserHost.ClosePanel	ClosePanel	162311815	1409307228	1510589941
geic.mojom.GeicBrowserHost.CloseSignInTab	CloseSignInTab	1716001974	749869488	2086929647
geic.mojom.GeicBrowserHost.GetContextFromFocusedTab	GetContextFromFocusedTab	213326832	2039138584	73767520
geic.mojom.GeicBrowserHost.GetFocusedTab	GetFocusedTab	982350407	1297155055	1155994321
geic.mojom.GeicBrowserHost.OpenSignInTab	OpenSignInTab	857345208	878999262	664179656
geic.mojom.GeicBrowserHost.RegisterClient	RegisterClient	1302573019	962153743	37350247
geic.mojom.GeicClient.OnFocusedTabChanged	OnFocusedTabChanged	2091992854	294095627	445259728
gfx.mojom.DelegatedInkPointRenderer.ResetPrediction	ResetPrediction	1473762129	1461663981	1094096621
gfx.mojom.DelegatedInkPointRenderer.StoreDelegatedInkPoint	StoreDelegatedInkPoint	1625737345	1768706744	183765817
gfx.mojom.ImageTraitsTestService.EchoImageSkia	EchoImageSkia	1390628657	1328490678	1735282087
gfx.mojom.ImageTraitsTestService.EchoImageSkiaRep	EchoImageSkiaRep	1958621058	197989911	219727716
gfx.mojom.RangeTraitsTestService.EchoRange	EchoRange	884544897	842704118	185936354
gfx.mojom.RangeTraitsTestService.EchoRangeF	EchoRangeF	6085205	1603742904	1458054643
gfx.mojom.TraitsTestService.EchoRRectF	EchoRRectF	1434690476	349823072	855682444
gfx.mojom.TraitsTestService.EchoSelectionBound	EchoSelectionBound	1903054872	2108870612	1123085111
gfx.mojom.TraitsTestService.EchoTransform	EchoTransform	145052202	469414084	1211517537
gl.mojom.TraitsTestService.EchoGLImplementationParts	EchoGLImplementationParts	444402385	1775327653	1211517537
gl.mojom.TraitsTestService.EchoGpuPreference	EchoGpuPreference	1821492587	210641023	1123085111
glic.mojom.ActorClient.NotifyActorTaskStateChanged	NotifyActorTaskStateChanged	1531504367	1831349424	1745017230
glic.mojom.ActorClient.RequestToConfirmNavigation	RequestToConfirmNavigation	1101017423	345885793	125519087
glic.mojom.ActorClient.RequestToShowAutofillSuggestionsDialog	RequestToShowAutofillSuggestionsDialog	1627599317	668830071	371685753
glic.mojom.ActorClient.RequestToShowCredentialSelectionDialog	RequestToShowCredentialSelectionDialog	1344399967	1642891317	948002490
glic.mojom.ActorClient.RequestToShowGmailOtpConfirmationDialog	RequestToShowGmailOtpConfirmationDialog	1943916358	702390934	257368940
glic.mojom.ActorClient.RequestToShowGmailOtpOptInDialog	RequestToShowGmailOtpOptInDialog	802011781	803673975	1149932468
glic.mojom.ActorClient.RequestToShowUserConfirmationDialog	RequestToShowUserConfirmationDialog	1780087450	2133573270	211114662
glic.mojom.ActorHandler.AutofillSuggestionDialogOnFormConfirmed	AutofillSuggestionDialogOnFormConfirmed	1169052385	960376242	742161729
glic.mojom.ActorHandler.AutofillSuggestionDialogOnFormPresented	AutofillSuggestionDialogOnFormPresented	199472804	297818240	540577706
glic.mojom.ActorHandler.AutofillSuggestionDialogOnFormPreviewChanged	AutofillSuggestionDialogOnFormPreviewChanged	603973910	1139804782	1783954011
glic.mojom.ActorHandler.CancelActions	CancelActions	1134154280	1771982575	836905661
glic.mojom.ActorHandler.CreateActorTab	CreateActorTab	89016081	975166376	1451205593
glic.mojom.ActorHandler.CreateTask	CreateTask	2078820922	1973425668	1257194698
glic.mojom.ActorHandler.GetContextForActorFromTab	GetContextForActorFromTab	2147106401	1715604344	1077986577
glic.mojom.ActorHandler.InterruptActorTask	InterruptActorTask	991180462	645904209	1856600557
glic.mojom.ActorHandler.JournalClear	JournalClear	1045638365	1838841064	1577073304
glic.mojom.ActorHandler.JournalRecordFeedback	JournalRecordFeedback	868617352	115469600	1080068670
glic.mojom.ActorHandler.JournalSnapshot	JournalSnapshot	2058821550	86460056	1405496622
glic.mojom.ActorHandler.JournalStart	JournalStart	714380466	1686967207	763359656
glic.mojom.ActorHandler.JournalStop	JournalStop	1948434922	1789164725	1470258926
glic.mojom.ActorHandler.LogBeginAsyncEvent	LogBeginAsyncEvent	1685512484	1224527143	1934091920
glic.mojom.ActorHandler.LogEndAsyncEvent	LogEndAsyncEvent	1594230040	619879690	1843116174
glic.mojom.ActorHandler.LogInstantEvent	LogInstantEvent	1401314708	2083955041	1265556578
glic.mojom.ActorHandler.PauseActorTask	PauseActorTask	1756476643	1076382373	449893844
glic.mojom.ActorHandler.PerformActions	PerformActions	768231697	1914094612	1602282964
glic.mojom.ActorHandler.ResumeActorTask	ResumeActorTask	469702332	1551608583	1105669397
glic.mojom.ActorHandler.StopActorTask	StopActorTask	948669387	1670555380	956409129
glic.mojom.ActorHandler.UninterruptActorTask	UninterruptActorTask	874415471	1790355692	510034499
glic.mojom.ActorHandler.UpdateActorTaskStepProgress	UpdateActorTaskStepProgress	1464389469	592474355	1928894927
glic.mojom.AnnotationHandler.DropScrollToHighlight	DropScrollToHighlight	214839946	1599108985	1447642403
glic.mojom.AnnotationHandler.ScrollTo	ScrollTo	979393425	757778387	1130184186
glic.mojom.CaptureRegionObserver.OnUpdate	OnUpdate	1067238817	881837802	270729029
glic.mojom.ExperimentalOptInPageHandler.Accept	Accept	1991217713	1113000542	794478553
glic.mojom.ExperimentalOptInPageHandler.OnWebviewLoaded	OnWebviewLoaded	155930464	441075665	2119020787
glic.mojom.ExperimentalOptInPageHandler.Reject	Reject	1634005972	26407113	706512120
glic.mojom.ExperimentalOptInPageHandler.SyncCookies	SyncCookies	1592542477	850594102	694404313
glic.mojom.ExperimentalOptInPageHandler.ValidateAndOpenLinkInNewTab	ValidateAndOpenLinkInNewTab	247780616	1873647758	433489615
glic.mojom.ExperimentalTriggeringClient.GetExperimentalTriggeringUpdates	GetExperimentalTriggeringUpdates	1855813177	862648143	1615820529
glic.mojom.ExperimentalTriggeringClient.UploadEncryptedScreenshot	UploadEncryptedScreenshot	1227791530	2013894389	306504171
glic.mojom.ExperimentalTriggeringUpdatesHandler.OnUpdate	OnUpdate	1067238817	76314125	1457644109
glic.mojom.GeminiEnterpriseHandler.CloseSignInTab	CloseSignInTab	1716001974	951478002	319243212
glic.mojom.GeminiEnterpriseHandler.OpenSignInTab	OpenSignInTab	857345208	882214910	145295196
glic.mojom.GlicOverlayPage.SetOverlayState	SetOverlayState	16551548	1640413269	1355486307
glic.mojom.GlicOverlayPageHandler.OnClosePanelClicked	OnClosePanelClicked	1704616111	1138343267	1124503340
glic.mojom.GlicOverlayPageHandler.OnDisabledByAdminCloseClicked	OnDisabledByAdminCloseClicked	342693837	839162153	372835615
glic.mojom.GlicOverlayPageHandler.OnDisabledByAdminLinkClicked	OnDisabledByAdminLinkClicked	658210225	1463877879	956126067
glic.mojom.GlicOverlayPageHandler.OnIneligibleAccountHelpClicked	OnIneligibleAccountHelpClicked	1995462983	564794705	1396326404
glic.mojom.GlicOverlayPageHandler.OnLocationMismatchHelpClicked	OnLocationMismatchHelpClicked	3001169	1735502885	1028935121
glic.mojom.GlicOverlayPageHandler.OnProfilePickerClicked	OnProfilePickerClicked	2051272546	970981518	594549401
glic.mojom.GlicOverlayPageHandler.OnRetryClicked	OnRetryClicked	1875935675	1310292441	1765134432
glic.mojom.GlicOverlayPageHandler.OnSignInClicked	OnSignInClicked	1674728567	2125501275	1019622002
glic.mojom.GlicOverlayPageHandlerFactory.CreatePageHandler	CreatePageHandler	1491630672	1488138621	460371804
glic.mojom.GlicPreloadHandler.PrepareForClient	PrepareForClient	695952982	1836772092	1870072871
glic.mojom.GlicPreloadHandlerFactory.CreatePreloadHandler	CreatePreloadHandler	708364448	2021036483	1430670056
glic.mojom.InternalsPageHandler.GetInternalsDataPayload	GetInternalsDataPayload	2042686447	430765150	1773678742
glic.mojom.InternalsPageHandler.GetOpenTabs	GetOpenTabs	1363283199	1396735088	1456983100
glic.mojom.InternalsPageHandler.RevokeActuationConsent	RevokeActuationConsent	19495825	820909592	158250944
glic.mojom.InternalsPageHandler.RevokeExperimentalTriggeringConsent	RevokeExperimentalTriggeringConsent	1149363549	883173452	54751723
glic.mojom.InternalsPageHandler.RevokeGlicConsent	RevokeGlicConsent	1522514796	146878759	1810763717
glic.mojom.InternalsPageHandler.SetGuestUrlPresets	SetGuestUrlPresets	1060996984	403951811	129869087
glic.mojom.InternalsPageHandler.SetShowErrorAllowed	SetShowErrorAllowed	621083218	423749021	165418028
glic.mojom.InternalsPageHandler.SetWebContinuityOriginatingHostUrlPreset	SetWebContinuityOriginatingHostUrlPreset	432452212	1273261852	541311301
glic.mojom.InternalsPageHandler.ShowExperimentalOptIn	ShowExperimentalOptIn	1025044142	803121645	304436603
glic.mojom.InternalsPageHandler.TriggerInvokeFromInternalsAction	TriggerInvokeFromInternalsAction	266649861	1145182143	995320100
glic.mojom.InternalsPageHandlerFactory.CreateInternalsPageHandler	CreateInternalsPageHandler	1058797920	1487742056	1208943579
glic.mojom.Page.ClientReadyStateChanged	ClientReadyStateChanged	585028036	424448055	1934265607
glic.mojom.Page.IntentToShow	IntentToShow	1023399727	304420418	214405140
glic.mojom.Page.SetProfileReadyState	SetProfileReadyState	1202960090	665847834	1408499727
glic.mojom.Page.UpdatePageState	UpdatePageState	1598445282	1776586114	1672043667
glic.mojom.Page.Zoom	Zoom	396178112	1851460952	1046016221
glic.mojom.PageHandler.ClosePanel	ClosePanel	162311815	291932132	477874547
glic.mojom.PageHandler.NotifyClientLoadError	NotifyClientLoadError	183362747	98062235	1109170374
glic.mojom.PageHandler.OnWebUiStateChanged	OnWebUiStateChanged	889023771	1943473431	1398728236
glic.mojom.PageHandler.OnZoomLevelChange	OnZoomLevelChange	1530883123	269984767	160316634
glic.mojom.PageHandler.OpenDisabledByAdminLinkAndClosePanel	OpenDisabledByAdminLinkAndClosePanel	482432220	1562976189	576514537
glic.mojom.PageHandler.OpenHelpCenterTopicAndClosePanel	OpenHelpCenterTopicAndClosePanel	1032749157	946747971	1558420783
glic.mojom.PageHandler.OpenLinkInNewTab	OpenLinkInNewTab	1571363491	223946635	978676253
glic.mojom.PageHandler.OpenLinkInPopup	OpenLinkInPopup	1447991282	1071727372	252371155
glic.mojom.PageHandler.OpenProfilePickerAndClosePanel	OpenProfilePickerAndClosePanel	1633997959	291712720	1030440014
glic.mojom.PageHandler.PrepareForClient	PrepareForClient	695952982	642063011	2074422509
glic.mojom.PageHandler.ResizeWidget	ResizeWidget	1459603813	323245754	527806321
glic.mojom.PageHandler.ShouldAllowGeolocationPermissionRequest	ShouldAllowGeolocationPermissionRequest	1712821497	713168562	1215762890
glic.mojom.PageHandler.SignInAndClosePanel	SignInAndClosePanel	1175711136	933217717	703401204
glic.mojom.PageHandler.WebviewCommitted	WebviewCommitted	771838784	954139982	1260698065
glic.mojom.PageHandlerFactory.CreatePageHandler	CreatePageHandler	1491630672	1861601959	1049712340
glic.mojom.PinCandidatesObserver.OnPinCandidatesChanged	OnPinCandidatesChanged	227410463	1957398477	1679993873
glic.mojom.PreloadPage.OnGuestNavigated	OnGuestNavigated	1686837561	1352255259	1049017735
glic.mojom.PreloadPage.OnGuestNavigationStarted	OnGuestNavigationStarted	486851955	1665655997	1498522221
glic.mojom.PreloadPage.OnGuestProcessGone	OnGuestProcessGone	418692624	1764871736	1905636352
glic.mojom.PreloadPage.SetProfileReadyState	SetProfileReadyState	1202960090	1605193647	1170689419
glic.mojom.PreloadPage.WebClientStateChanged	WebClientStateChanged	1981449625	425007247	982522707
glic.mojom.SkillsClient.NotifyContextualSkillPreviewsChanged	NotifyContextualSkillPreviewsChanged	752072147	452130536	1979275408
glic.mojom.SkillsClient.NotifySkillDeleted	NotifySkillDeleted	158135356	379835470	980652215
glic.mojom.SkillsClient.NotifySkillPreviewChanged	NotifySkillPreviewChanged	1396481617	1634174231	705355635
glic.mojom.SkillsClient.NotifySkillPreviewsChanged	NotifySkillPreviewsChanged	1728785530	213573313	1346342118
glic.mojom.SkillsClient.NotifySkillsEnabledChanged	NotifySkillsEnabledChanged	107101309	1682801690	369951385
glic.mojom.SkillsHandler.CreateSkill	CreateSkill	1380714340	1283419532	852709224
glic.mojom.SkillsHandler.GetSkill	GetSkill	153367542	162267575	1704653109
glic.mojom.SkillsHandler.RecordSkillsWebClientEvent	RecordSkillsWebClientEvent	340921257	1318853900	1241107190
glic.mojom.SkillsHandler.ShowBrowseSkillsUi	ShowBrowseSkillsUi	850184644	683686736	1938555522
glic.mojom.SkillsHandler.ShowManageSkillsUi	ShowManageSkillsUi	544753907	595228137	1215427572
glic.mojom.SkillsHandler.UpdateSkill	UpdateSkill	199106125	394052368	1646334277
glic.mojom.TabDataHandler.OnTabDataChanged	OnTabDataChanged	910564253	248577917	2032437118
glic.mojom.TabFaviconHandler.OnTabFaviconChanged	OnTabFaviconChanged	1234755315	2095359352	440442462
glic.mojom.WebClient.CheckResponsive	CheckResponsive	207515973	1828325802	243321136
glic.mojom.WebClient.Invoke	Invoke	1599969173	1006132318	1969483960
glic.mojom.WebClient.NotifyActOnWebCapabilityChanged	NotifyActOnWebCapabilityChanged	1940930237	505274034	763346493
glic.mojom.WebClient.NotifyActorTaskListRowClicked	NotifyActorTaskListRowClicked	2027354425	1737817800	1826922389
glic.mojom.WebClient.NotifyActuationOnWebSettingChanged	NotifyActuationOnWebSettingChanged	373322637	465880706	228303207
glic.mojom.WebClient.NotifyAdditionalContext	NotifyAdditionalContext	1448696738	1070132919	1369940991
glic.mojom.WebClient.NotifyBrowserIsOpenChanged	NotifyBrowserIsOpenChanged	1435875594	2102311071	281572221
glic.mojom.WebClient.NotifyClosedCaptioningSettingChanged	NotifyClosedCaptioningSettingChanged	1555437168	1513508557	1899562348
glic.mojom.WebClient.NotifyDefaultTabContextPermissionStateChanged	NotifyDefaultTabContextPermissionStateChanged	768563499	1772975856	1903024048
glic.mojom.WebClient.NotifyFileUploadStateChanged	NotifyFileUploadStateChanged	828140014	592842669	997004999
glic.mojom.WebClient.NotifyFocusedTabChanged	NotifyFocusedTabChanged	1494542998	1926909113	110744651
glic.mojom.WebClient.NotifyGeminiEnterpriseSettingsChanged	NotifyGeminiEnterpriseSettingsChanged	1675941763	54931976	1075608280
glic.mojom.WebClient.NotifyInstanceActivationChanged	NotifyInstanceActivationChanged	1554965873	1155000690	1688724618
glic.mojom.WebClient.NotifyLocationPermissionStateChanged	NotifyLocationPermissionStateChanged	692175867	1538568672	1796256578
glic.mojom.WebClient.NotifyManualResizeChanged	NotifyManualResizeChanged	1474702704	302181237	1777232207
glic.mojom.WebClient.NotifyMicrophonePermissionStateChanged	NotifyMicrophonePermissionStateChanged	1421626818	997807799	1579930790
glic.mojom.WebClient.NotifyOnboardingCompletedChanged	NotifyOnboardingCompletedChanged	1106859596	1861837665	2097008939
glic.mojom.WebClient.NotifyOsHotkeyStateChanged	NotifyOsHotkeyStateChanged	1641147691	1331710579	656898734
glic.mojom.WebClient.NotifyOsLocationPermissionStateChanged	NotifyOsLocationPermissionStateChanged	1922691549	1925285706	1536211767
glic.mojom.WebClient.NotifyPageMetadataChanged	NotifyPageMetadataChanged	1840882720	1767200081	1086924612
glic.mojom.WebClient.NotifyPanelActiveChange	NotifyPanelActiveChange	973445458	1371893771	1770965122
glic.mojom.WebClient.NotifyPanelCanAttachChange	NotifyPanelCanAttachChange	1594060189	483578658	1673621282
glic.mojom.WebClient.NotifyPanelStateChange	NotifyPanelStateChange	1732356327	2145941601	1098501148
glic.mojom.WebClient.NotifyPanelWasClosed	NotifyPanelWasClosed	210242135	1461234648	1395792746
glic.mojom.WebClient.NotifyPanelWillOpen	NotifyPanelWillOpen	366368428	1318428069	418514736
glic.mojom.WebClient.NotifyPinnedTabDataChanged	NotifyPinnedTabDataChanged	451531547	2072053795	1536352240
glic.mojom.WebClient.NotifyPinnedTabsChanged	NotifyPinnedTabsChanged	793807292	1047692093	174420512
glic.mojom.WebClient.NotifyTabContextPermissionStateChanged	NotifyTabContextPermissionStateChanged	1363517428	288632237	1226865107
glic.mojom.WebClient.NotifyZoomLevelChanged	NotifyZoomLevelChanged	1637438125	1882764981	941013721
glic.mojom.WebClient.StopMicrophone	StopMicrophone	1849666125	37235822	181474978
glic.mojom.WebClientHandler.ActivateTab	ActivateTab	1557102707	136572868	1579848868
glic.mojom.WebClientHandler.ActivateTabWithUrl	ActivateTabWithUrl	689955250	911575399	2071103493
glic.mojom.WebClientHandler.AttachPanel	AttachPanel	180141544	1065328051	1211481121
glic.mojom.WebClientHandler.CaptureRegion	CaptureRegion	343035333	1265781806	1429789386
glic.mojom.WebClientHandler.ClientErrorDialogStateChanged	ClientErrorDialogStateChanged	476480171	2098557746	1246691648
glic.mojom.WebClientHandler.ClosePanel	ClosePanel	162311815	985135730	2076600509
glic.mojom.WebClientHandler.ClosePanelAndShutdown	ClosePanelAndShutdown	1822726344	1638374659	1308997231
glic.mojom.WebClientHandler.CreateActorHandler	CreateActorHandler	147385864	859270421	1048494378
glic.mojom.WebClientHandler.CreateAiOverlayTools	CreateAiOverlayTools	122658866	498210413	2076336216
glic.mojom.WebClientHandler.CreateAnnotationHandler	CreateAnnotationHandler	354692906	1718664178	352897970
glic.mojom.WebClientHandler.CreateExperimentalTriggeringClient	CreateExperimentalTriggeringClient	40362342	1900708847	1885114520
glic.mojom.WebClientHandler.CreateGeminiEnterpriseHandler	CreateGeminiEnterpriseHandler	308673771	1898547666	1278619398
glic.mojom.WebClientHandler.CreateSkillsHandler	CreateSkillsHandler	1887612281	1226490868	1736783429
glic.mojom.WebClientHandler.CreateTab	CreateTab	1203667738	345845457	594496875
glic.mojom.WebClientHandler.CreateZeroStateSuggestionsHandler	CreateZeroStateSuggestionsHandler	1191725907	1618607502	2008571080
glic.mojom.WebClientHandler.DeleteCapturedRegion	DeleteCapturedRegion	1785887790	703156754	115085051
glic.mojom.WebClientHandler.DetachPanel	DetachPanel	114828458	287214153	886983414
glic.mojom.WebClientHandler.EnableDragResize	EnableDragResize	1199325898	1940596845	1755883647
glic.mojom.WebClientHandler.GetContextFromFocusedTab	GetContextFromFocusedTab	213326832	1838133899	355599629
glic.mojom.WebClientHandler.GetContextFromTab	GetContextFromTab	971095573	52764888	448495964
glic.mojom.WebClientHandler.GetImageBytesFromTab	GetImageBytesFromTab	1839307284	976786373	210771097
glic.mojom.WebClientHandler.GetModelQualityClientId	GetModelQualityClientId	725359291	2029171185	800028413
glic.mojom.WebClientHandler.GetOsMicrophonePermissionStatus	GetOsMicrophonePermissionStatus	975056114	355116741	1436534443
glic.mojom.WebClientHandler.GetUserProfileInfo	GetUserProfileInfo	758202357	1087231611	1396367387
glic.mojom.WebClientHandler.GetZeroStateSuggestionsForFocusedTab	GetZeroStateSuggestionsForFocusedTab	1060273272	420613349	1566726218
glic.mojom.WebClientHandler.IsDebuggerAttached	IsDebuggerAttached	2041395176	1618077223	154109354
glic.mojom.WebClientHandler.MaybeRefreshUserStatus	MaybeRefreshUserStatus	1066818763	240926974	2085287493
glic.mojom.WebClientHandler.OnActionSubmitted	OnActionSubmitted	564508783	1443448814	883400345
glic.mojom.WebClientHandler.OnClosedCaptionsShown	OnClosedCaptionsShown	172043550	36769269	1917303031
glic.mojom.WebClientHandler.OnContextUploadCompleted	OnContextUploadCompleted	153114679	856191010	417154351
glic.mojom.WebClientHandler.OnContextUploadStarted	OnContextUploadStarted	1692813675	2114088670	1771025857
glic.mojom.WebClientHandler.OnMicrophoneStatusChange	OnMicrophoneStatusChange	1034577528	682969025	2094750092
glic.mojom.WebClientHandler.OnModeChange	OnModeChange	410314779	976675994	1252546419
glic.mojom.WebClientHandler.OnOptinImpression	OnOptinImpression	679319891	938736182	1273930896
glic.mojom.WebClientHandler.OnReaction	OnReaction	1859429935	1744182858	277426677
glic.mojom.WebClientHandler.OnResponseRated	OnResponseRated	1493697227	1917406042	1673321426
glic.mojom.WebClientHandler.OnResponseStarted	OnResponseStarted	880494770	1723182417	452381198
glic.mojom.WebClientHandler.OnResponseStopped	OnResponseStopped	2117696850	53171528	1095394609
glic.mojom.WebClientHandler.OnSessionTerminated	OnSessionTerminated	828731181	708067476	1700580092
glic.mojom.WebClientHandler.OnTurnCompleted	OnTurnCompleted	106220002	925603332	171787199
glic.mojom.WebClientHandler.OnUserInputSubmitted	OnUserInputSubmitted	1451360132	1793789035	214842569
glic.mojom.WebClientHandler.OpenContactInfoSettingsPage	OpenContactInfoSettingsPage	1456050033	1898425536	53379067
glic.mojom.WebClientHandler.OpenGlicSettingsPage	OpenGlicSettingsPage	1414368402	1597482846	1356099943
glic.mojom.WebClientHandler.OpenLinkInPopup	OpenLinkInPopup	1447991282	35407098	1546956586
glic.mojom.WebClientHandler.OpenOsPermissionSettingsMenu	OpenOsPermissionSettingsMenu	493625880	938153963	1391469012
glic.mojom.WebClientHandler.OpenPasswordManagerSettingsPage	OpenPasswordManagerSettingsPage	795921621	1245491036	1186699513
glic.mojom.WebClientHandler.OpenPinnedTabPicker	OpenPinnedTabPicker	1459831242	509949105	1756472368
glic.mojom.WebClientHandler.PinTabs	PinTabs	1972735606	1554186774	307550136
glic.mojom.WebClientHandler.ProcessCounterAbuseVerdict	ProcessCounterAbuseVerdict	1019221113	1099639096	1845647898
glic.mojom.WebClientHandler.RecordSparseValue	RecordSparseValue	730096105	1517101535	256550612
glic.mojom.WebClientHandler.RegisterConversation	RegisterConversation	202595963	2012426528	1299566542
glic.mojom.WebClientHandler.ReportApiRequestCount	ReportApiRequestCount	1247583737	1511470704	1830865773
glic.mojom.WebClientHandler.ReportApiRequestLatency	ReportApiRequestLatency	1956949562	354033379	1460999205
glic.mojom.WebClientHandler.ReportClientTransientError	ReportClientTransientError	373434758	975726532	301669268
glic.mojom.WebClientHandler.ResizeWidget	ResizeWidget	1459603813	411743624	2096931796
glic.mojom.WebClientHandler.SetActuationOnWebSetting	SetActuationOnWebSetting	1067714068	1091494699	45063737
glic.mojom.WebClientHandler.SetAudioDucking	SetAudioDucking	2052427876	72160235	860048271
glic.mojom.WebClientHandler.SetClosedCaptioningSetting	SetClosedCaptioningSetting	804782283	918508086	806363740
glic.mojom.WebClientHandler.SetContextAccessIndicator	SetContextAccessIndicator	1138481937	1409640912	493305117
glic.mojom.WebClientHandler.SetLocationPermissionState	SetLocationPermissionState	1542863854	578510369	506685189
glic.mojom.WebClientHandler.SetMaximumNumberOfPinnedTabs	SetMaximumNumberOfPinnedTabs	1926967645	1745644552	1652715927
glic.mojom.WebClientHandler.SetMicrophonePermissionState	SetMicrophonePermissionState	1311227993	543286808	1044091165
glic.mojom.WebClientHandler.SetMinimumPanelSize	SetMinimumPanelSize	1055652098	1622380460	1757602396
glic.mojom.WebClientHandler.SetOnboardingCompleted	SetOnboardingCompleted	1529817595	1766209758	42132131
glic.mojom.WebClientHandler.SetSyntheticExperimentState	SetSyntheticExperimentState	1944174028	488883725	11437845
glic.mojom.WebClientHandler.SetTabContextPermissionState	SetTabContextPermissionState	1166990887	29783410	2089527382
glic.mojom.WebClientHandler.ShouldAllowGeolocationPermissionRequest	ShouldAllowGeolocationPermissionRequest	1712821497	1905990536	109323772
glic.mojom.WebClientHandler.ShouldAllowMediaPermissionRequest	ShouldAllowMediaPermissionRequest	864951767	946050586	1555116359
glic.mojom.WebClientHandler.ShowProfilePicker	ShowProfilePicker	637617783	1886541602	1367888903
glic.mojom.WebClientHandler.SubscribeToPageMetadata	SubscribeToPageMetadata	1242418162	1030818001	1270116120
glic.mojom.WebClientHandler.SubscribeToPinCandidates	SubscribeToPinCandidates	273759507	1312051373	2076238419
glic.mojom.WebClientHandler.SubscribeToTabData	SubscribeToTabData	780725149	509843692	1015812372
glic.mojom.WebClientHandler.SubscribeToTabFavicon	SubscribeToTabFavicon	889673923	2010013268	791138739
glic.mojom.WebClientHandler.SwitchConversation	SwitchConversation	1782947248	968765238	2012612015
glic.mojom.WebClientHandler.SyncCookies	SyncCookies	1592542477	1747469772	1558488839
glic.mojom.WebClientHandler.UnpinAllTabs	UnpinAllTabs	1989081994	126349938	369796592
glic.mojom.WebClientHandler.UnpinTabs	UnpinTabs	806497189	2068393120	1698802365
glic.mojom.WebClientHandler.WebClientCreated	WebClientCreated	335975504	531843947	1109267022
glic.mojom.WebClientHandler.WebClientInitializeFailed	WebClientInitializeFailed	516473453	217099060	1267522266
glic.mojom.WebClientHandler.WebClientInitialized	WebClientInitialized	2124469138	992393121	892749692
glic.mojom.ZeroStateSuggestionsClient.NotifyZeroStateSuggestionsChanged	NotifyZeroStateSuggestionsChanged	182339570	590365479	676627240
glic.mojom.ZeroStateSuggestionsHandler.GetZeroStateSuggestionsAndSubscribe	GetZeroStateSuggestionsAndSubscribe	886845462	283051436	674480498
glic.selection.SelectionOverlayPage.ScreenshotReceived	ScreenshotReceived	389433476	640206250	1262416395
glic.selection.SelectionOverlayPage.SetPostRegionSelections	SetPostRegionSelections	1973410536	1384937637	153984706
glic.selection.SelectionOverlayPageHandler.AddBackgroundBlur	AddBackgroundBlur	890699657	1929263172	191883166
glic.selection.SelectionOverlayPageHandler.AdjustRegion	AdjustRegion	1018952988	403242046	379487567
glic.selection.SelectionOverlayPageHandler.ClosePreselectionBubble	ClosePreselectionBubble	1204918682	770013173	1238251621
glic.selection.SelectionOverlayPageHandler.DeleteRegion	DeleteRegion	1422467760	2041429582	2013034378
glic.selection.SelectionOverlayPageHandler.DismissOverlay	DismissOverlay	1326378745	1085125084	286754645
glic.selection.SelectionOverlayPageHandler.ExecuteSuggestedAction	ExecuteSuggestedAction	1181929049	2144011601	1451178719
glic.selection.SelectionOverlayPageHandler.GetSuggestedActions	GetSuggestedActions	1456614569	2086784847	896777018
glic.selection.SelectionOverlayPageHandler.SetLiveBlur	SetLiveBlur	1083414222	2137667797	1994967398
glic.selection.SelectionOverlayPageHandler.SubmitPrompt	SubmitPrompt	233626479	446745893	1588985595
glic.selection.SelectionOverlayPageHandlerFactory.CreatePageHandler	CreatePageHandler	1491630672	1753649258	1550728746
glic.selection.SuggestedActionsListener.OnSuggestedActionsAvailable	OnSuggestedActionsAvailable	1639961049	671135927	727644448
global_media_controls.mojom.DeviceListClient.OnDevicesUpdated	OnDevicesUpdated	901363608	1618704308	0
global_media_controls.mojom.DeviceListClient.OnPermissionRejected	OnPermissionRejected	1434618293	268340416	1
global_media_controls.mojom.DeviceListHost.SelectDevice	SelectDevice	811076391	1612452542	0
global_media_controls.mojom.DevicePickerObserver.OnMediaUIClosed	OnMediaUIClosed	1534503572	2130604696	1
global_media_controls.mojom.DevicePickerObserver.OnMediaUIOpened	OnMediaUIOpened	336817615	1927984917	0
global_media_controls.mojom.DevicePickerObserver.OnMediaUIUpdated	OnMediaUIUpdated	131325801	602358481	2
global_media_controls.mojom.DevicePickerObserver.OnPickerDismissed	OnPickerDismissed	1230727359	1881245461	3
global_media_controls.mojom.DevicePickerProvider.AddObserver	AddObserver	2130361764	1116345062	7
global_media_controls.mojom.DevicePickerProvider.CreateItem	CreateItem	1895637088	1545826080	0
global_media_controls.mojom.DevicePickerProvider.DeleteItem	DeleteItem	1879751841	1951053276	1
global_media_controls.mojom.DevicePickerProvider.HideItem	HideItem	820470136	1769195215	3
global_media_controls.mojom.DevicePickerProvider.HideMediaUI	HideMediaUI	1638835141	41881192	8
global_media_controls.mojom.DevicePickerProvider.OnArtworkImageChanged	OnArtworkImageChanged	1915785431	939793580	5
global_media_controls.mojom.DevicePickerProvider.OnFaviconImageChanged	OnFaviconImageChanged	2741439	528260428	6
global_media_controls.mojom.DevicePickerProvider.OnMetadataChanged	OnMetadataChanged	720521183	1846426159	4
global_media_controls.mojom.DevicePickerProvider.ShowItem	ShowItem	1630088275	894788786	2
global_media_controls.mojom.DeviceService.GetDeviceListHostForPresentation	GetDeviceListHostForPresentation	1307907260	1196402795	1
global_media_controls.mojom.DeviceService.GetDeviceListHostForSession	GetDeviceListHostForSession	2111957592	1059771808	0
global_media_controls.mojom.DeviceService.SetDevicePickerProvider	SetDevicePickerProvider	7344776	469221045	2
gpu.mojom.CommandBuffer.CreateGpuFenceFromHandle	CreateGpuFenceFromHandle	564373962	1847596302	1793587787
gpu.mojom.CommandBuffer.GetGpuFenceHandle	GetGpuFenceHandle	264761068	212169887	1511406349
gpu.mojom.CommandBuffer.RegisterTransferBuffer	RegisterTransferBuffer	1168068501	130836493	662255773
gpu.mojom.CommandBuffer.SetGetBuffer	SetGetBuffer	600640703	381962303	1704531758
gpu.mojom.CommandBuffer.SignalQuery	SignalQuery	1916405743	721444835	914942717
gpu.mojom.CommandBuffer.SignalSyncToken	SignalSyncToken	790629511	1840224849	993146157
gpu.mojom.CommandBufferClient.OnConsoleMessage	OnConsoleMessage	1002617134	141356950	1744269840
gpu.mojom.CommandBufferClient.OnDestroyed	OnDestroyed	423651175	1199204493	1039199109
gpu.mojom.CommandBufferClient.OnReturnData	OnReturnData	1116966292	697911844	231213497
gpu.mojom.CommandBufferClient.OnSignalAck	OnSignalAck	1025609357	1711520820	973541220
gpu.mojom.GpuChannel.CrashForTesting	CrashForTesting	1153290941	2003368335	1241006211
gpu.mojom.GpuChannel.CreateCommandBuffer	CreateCommandBuffer	2063640730	1903542016	1079368465
gpu.mojom.GpuChannel.CreateGpuMemoryBuffer	CreateGpuMemoryBuffer	744429638	261014602	1089580421
gpu.mojom.GpuChannel.DestroyCommandBuffer	DestroyCommandBuffer	425826882	993173226	1412032232
gpu.mojom.GpuChannel.Flush	Flush	729528193	1246074571	127201704
gpu.mojom.GpuChannel.FlushDeferredRequests	FlushDeferredRequests	2101594982	1837692363	581383418
gpu.mojom.GpuChannel.GetChannelToken	GetChannelToken	1504793191	233601314	2117629363
gpu.mojom.GpuChannel.GetGPUInfo	GetGPUInfo	2009283507	2092188734	421598391
gpu.mojom.GpuChannel.GetSharedMemoryForFlushId	GetSharedMemoryForFlushId	472664751	1097715058	1203169868
gpu.mojom.GpuChannel.SignalSyncToken	SignalSyncToken	790629511	636452015	1240820781
gpu.mojom.GpuChannel.TerminateForTesting	TerminateForTesting	2115216773	1872231215	435543068
gpu.mojom.GpuChannel.WaitForGetOffsetInRange	WaitForGetOffsetInRange	1206149616	1981352380	489568762
gpu.mojom.GpuChannel.WaitForTokenInRange	WaitForTokenInRange	216953014	1467364905	325537804
gpu.mojom.SharedImagePoolClientInterface.OnClearPool	OnClearPool	440391595	1835873594	232145651
guest_contents.mojom.GuestContentsHost.Attach	Attach	389245774	1826647061	617147334
guest_view.mojom.GuestViewHost.AttachToEmbedderFrame	AttachToEmbedderFrame	2014539304	245359535	1064258316
guest_view.mojom.GuestViewHost.ViewCreated	ViewCreated	55990266	243798771	1136674525
guest_view.mojom.Page.DispatchEvent	DispatchEvent	1896778965	1436664947	214405140
guest_view.mojom.PageHandler.CreateGuest	CreateGuest	460994979	819972042	2074422509
guest_view.mojom.PageHandler.GetZoom	GetZoom	2050480154	797689249	477874547
guest_view.mojom.PageHandler.Navigate	Navigate	59666724	917157667	252371155
guest_view.mojom.PageHandler.SetPermission	SetPermission	2097898550	692726362	978676253
guest_view.mojom.PageHandler.SetSize	SetSize	2135426740	1849744160	1260698065
guest_view.mojom.PageHandler.SetUserAgentOverride	SetUserAgentOverride	2024156941	766738260	160316634
guest_view.mojom.PageHandler.SetZoom	SetZoom	1167341638	895372611	1215762890
guest_view.mojom.PageHandlerFactory.CreatePageHandler	CreatePageHandler	1491630672	635716655	1049712340
handwriting.mojom.HandwritingRecognitionService.CreateHandwritingRecognizer	CreateHandwritingRecognizer	1901841020	46329723	688070644
handwriting.mojom.HandwritingRecognitionService.QueryHandwritingRecognizer	QueryHandwritingRecognizer	1604482842	170474734	1644702877
handwriting.mojom.HandwritingRecognizer.GetPrediction	GetPrediction	180009376	1578171936	1547925609
heap_profiling.mojom.SnapshotController.LogMetricsWithoutSnapshot	LogMetricsWithoutSnapshot	1878812040	1491160768	871213150
heap_profiling.mojom.SnapshotController.TakeSnapshot	TakeSnapshot	591469560	88816646	827978207
heap_profiling.mojom.TestConnector.ConnectProfileCollector	ConnectProfileCollector	1907406209	171785445	671726367
heap_profiling.mojom.TestConnector.ConnectSnapshotController	ConnectSnapshotController	1297851637	1905527730	1722111662
heap_profiling.mojom.TestConnector.Disconnect	Disconnect	1836270535	1700841530	1412197083
help_bubble.mojom.HelpBubbleClient.ExternalHelpBubbleUpdated	ExternalHelpBubbleUpdated	1102030472	982471806	72081741
help_bubble.mojom.HelpBubbleClient.HideHelpBubble	HideHelpBubble	888610950	499796794	315971367
help_bubble.mojom.HelpBubbleClient.ShowHelpBubble	ShowHelpBubble	1775692965	1550228096	1526406967
help_bubble.mojom.HelpBubbleClient.ToggleFocusForAccessibility	ToggleFocusForAccessibility	1636362960	808526376	1825386780
help_bubble.mojom.HelpBubbleHandler.HelpBubbleButtonPressed	HelpBubbleButtonPressed	369312816	1344803613	1852850706
help_bubble.mojom.HelpBubbleHandler.HelpBubbleClosed	HelpBubbleClosed	672406810	1942130325	1885627230
help_bubble.mojom.HelpBubbleHandlerFactory.CreateHelpBubbleHandler	CreateHelpBubbleHandler	1550150582	253017858	1039841871
help_bubble.mojom.PdfHelpBubbleHandlerFactory.CreateHelpBubbleHandler	CreateHelpBubbleHandler	1550150582	303171604	1757768107
history.mojom.ForeignSessionPage.OnForeignSessionsChanged	OnForeignSessionsChanged	1770910103	1087351195	615122904
history.mojom.ForeignSessionPageHandler.DeleteForeignSession	DeleteForeignSession	728133184	383989133	1104954010
history.mojom.ForeignSessionPageHandler.GetForeignSessions	GetForeignSessions	1738545234	1915003004	281774323
history.mojom.ForeignSessionPageHandler.OpenForeignSessionAllTabs	OpenForeignSessionAllTabs	10780118	15927237	454631514
history.mojom.ForeignSessionPageHandler.OpenForeignSessionTab	OpenForeignSessionTab	2088996510	927940422	1285193412
history.mojom.ForeignSessionPageHandler.SetForeignSessionCollapsed	SetForeignSessionCollapsed	1022399810	722049403	1494881564
history.mojom.ForeignSessionPageHandler.ShowUi	ShowUi	1522616364	1821182350	1638068553
history.mojom.ForeignSessionPageHandlerFactory.CreateForeignSessionPageHandler	CreateForeignSessionPageHandler	827160576	1424449683	642079139
history.mojom.Page.OnHasOtherFormsChanged	OnHasOtherFormsChanged	549381919	1294118159	1408499727
history.mojom.Page.OnHistoryDeleted	OnHistoryDeleted	1140561169	2079939013	214405140
history.mojom.Page.SendAccountInfo	SendAccountInfo	1275834396	1419807438	1672043667
history.mojom.PageHandler.IncrementHistoryPageHistorySyncPromoShownCount	IncrementHistoryPageHistorySyncPromoShownCount	417877751	641235643	1109170374
history.mojom.PageHandler.OpenClearBrowsingDataDialog	OpenClearBrowsingDataDialog	2110308815	1706964105	160316634
history.mojom.PageHandler.OpenCriticalActionConversation	OpenCriticalActionConversation	1777605053	9320191	703401204
history.mojom.PageHandler.QueryHistory	QueryHistory	1860976197	825076948	1260698065
history.mojom.PageHandler.QueryHistoryContinuation	QueryHistoryContinuation	1961828532	247130786	252371155
history.mojom.PageHandler.RecordHistoryPageHistorySyncPromoDismissed	RecordHistoryPageHistorySyncPromoDismissed	1005462380	698106234	1398728236
history.mojom.PageHandler.RemoveBookmark	RemoveBookmark	806248597	1272143586	1215762890
history.mojom.PageHandler.RemoveVisits	RemoveVisits	852332253	661666454	978676253
history.mojom.PageHandler.RequestAccountInfo	RequestAccountInfo	552336489	2108615299	1030440014
history.mojom.PageHandler.SetLastSelectedTab	SetLastSelectedTab	57304477	1843636129	477874547
history.mojom.PageHandler.SetPage	SetPage	191756658	1344431435	2074422509
history.mojom.PageHandler.ShouldShowHistoryPageHistorySyncPromo	ShouldShowHistoryPageHistorySyncPromo	27694054	1266522798	527806321
history.mojom.PageHandler.ShowSidePanelUI	ShowSidePanelUI	119115109	1269613227	1558420783
history.mojom.PageHandler.TurnOnHistorySync	TurnOnHistorySync	729515464	620764704	576514537
history_clusters.mojom.Page.OnClusterImageUpdated	OnClusterImageUpdated	2100739996	1071318135	1408499727
history_clusters.mojom.Page.OnClustersQueryResult	OnClustersQueryResult	962928646	739293028	214405140
history_clusters.mojom.Page.OnHistoryDeleted	OnHistoryDeleted	1140561169	2069714937	1046016221
history_clusters.mojom.Page.OnQueryChangedByUser	OnQueryChangedByUser	583572488	473001901	1120442167
history_clusters.mojom.Page.OnVisitsHidden	OnVisitsHidden	1486036282	2123080724	1672043667
history_clusters.mojom.Page.OnVisitsRemoved	OnVisitsRemoved	2072364966	1371971626	1934265607
history_clusters.mojom.PageHandler.HideVisits	HideVisits	366346769	846978859	1558420783
history_clusters.mojom.PageHandler.LoadMoreClusters	LoadMoreClusters	1423406967	322158056	477874547
history_clusters.mojom.PageHandler.OpenHistoryUrl	OpenHistoryUrl	1434892658	404198100	2074422509
history_clusters.mojom.PageHandler.OpenVisitUrlsInTabGroup	OpenVisitUrlsInTabGroup	1188862967	2036983817	703401204
history_clusters.mojom.PageHandler.RecordClusterAction	RecordClusterAction	638051694	1383788848	1109170374
history_clusters.mojom.PageHandler.RecordRelatedSearchAction	RecordRelatedSearchAction	1447859285	835199548	1398728236
history_clusters.mojom.PageHandler.RecordToggledVisibility	RecordToggledVisibility	767825034	130579342	176590812
history_clusters.mojom.PageHandler.RecordVisitAction	RecordVisitAction	1787777829	1509701078	527806321
history_clusters.mojom.PageHandler.RemoveVisitByUrlAndTime	RemoveVisitByUrlAndTime	452572880	1486290980	576514537
history_clusters.mojom.PageHandler.RemoveVisits	RemoveVisits	852332253	1622970143	1030440014
history_clusters.mojom.PageHandler.ShowContextMenuForSearchbox	ShowContextMenuForSearchbox	579483742	100895549	1260698065
history_clusters.mojom.PageHandler.ShowContextMenuForURL	ShowContextMenuForURL	2106333990	1555904585	252371155
history_clusters.mojom.PageHandler.ShowSidePanelUI	ShowSidePanelUI	119115109	348387031	978676253
history_clusters.mojom.PageHandler.StartQueryClusters	StartQueryClusters	1514366872	1249302455	1215762890
history_clusters.mojom.PageHandler.ToggleVisibility	ToggleVisibility	856716045	987928381	160316634
history_clusters.mojom.PageHandlerFactory.CreatePageHandler	CreatePageHandler	1491630672	1552782131	1049712340
history_clusters_internals.mojom.Page.OnLogMessageAdded	OnLogMessageAdded	1648720433	707067735	214405140
history_clusters_internals.mojom.PageHandler.GetContextClustersJson	GetContextClustersJson	80197739	150840759	2074422509
history_clusters_internals.mojom.PageHandler.PrintKeywordBagStateToLogMessages	PrintKeywordBagStateToLogMessages	593498277	1198809298	1260698065
history_clusters_internals.mojom.PageHandlerFactory.CreatePageHandler	CreatePageHandler	1491630672	806042908	1049712340
history_cross_device_signin_promo.mojom.HistoryCrossDeviceSigninPromoHandler.OnPromoCardActionClicked	OnPromoCardActionClicked	1680439294	2005219459	1174762125
history_cross_device_signin_promo.mojom.HistoryCrossDeviceSigninPromoHandler.OnPromoCardDismissed	OnPromoCardDismissed	212086272	1474528033	246799480
history_cross_device_signin_promo.mojom.HistoryCrossDeviceSigninPromoHandler.OnPromoCardShown	OnPromoCardShown	1851642872	803111229	1663026111
history_cross_device_signin_promo.mojom.HistoryCrossDeviceSigninPromoHandler.ShouldShowPromoCard	ShouldShowPromoCard	377035434	202783679	9463711
history_embeddings.mojom.Page.SearchResultChanged	SearchResultChanged	1876338470	2008001354	214405140
history_embeddings.mojom.PageHandler.OpenSettingsPage	OpenSettingsPage	28564631	1456638704	160316634
history_embeddings.mojom.PageHandler.RecordSearchResultsMetrics	RecordSearchResultsMetrics	1778285267	1086365197	252371155
history_embeddings.mojom.PageHandler.Search	Search	1531476693	1670817880	2074422509
history_embeddings.mojom.PageHandler.SendQualityLog	SendQualityLog	366121536	2077104522	1260698065
history_embeddings.mojom.PageHandler.SetUserFeedback	SetUserFeedback	1318941203	1461408020	978676253
history_embeddings.mojom.PageHandlerFactory.CreatePageHandler	CreatePageHandler	1491630672	471137472	1049712340
history_sync_optin.mojom.Page.SendAccountInfo	SendAccountInfo	1275834396	1402824046	214405140
history_sync_optin.mojom.Page.SendScreenMode	SendScreenMode	1459937262	685788764	1408499727
history_sync_optin.mojom.PageHandler.Accept	Accept	1991217713	338388646	2074422509
history_sync_optin.mojom.PageHandler.Reject	Reject	1634005972	878587585	1260698065
history_sync_optin.mojom.PageHandler.RequestAccountInfo	RequestAccountInfo	552336489	774873738	252371155
history_sync_optin.mojom.PageHandler.UpdateDialogHeight	UpdateDialogHeight	1537272183	456729951	978676253
history_sync_optin.mojom.PageHandlerFactory.CreateHistorySyncOptinHandler	CreateHistorySyncOptinHandler	1185378808	1843465348	1049712340
image_annotation.mojom.Annotator.AnnotateImage	AnnotateImage	205149100	1107584734	1254300042
image_annotation.mojom.ImageAnnotationService.BindAnnotator	BindAnnotator	1630191084	71775851	1702531497
image_annotation.mojom.ImageProcessor.GetJpgImageData	GetJpgImageData	1005699211	1256005809	227497310
indigo_internals.mojom.Page.OnLocalEligibilityChanged	OnLocalEligibilityChanged	1491370618	1745953541	214405140
indigo_internals.mojom.Page.OnOptimizationGuideStatusChanged	OnOptimizationGuideStatusChanged	762448575	1573950311	1408499727
indigo_internals.mojom.PageHandler.GetCombinedEligibility	GetCombinedEligibility	167339065	2098141952	1260698065
indigo_internals.mojom.PageHandler.GetGlicPromptInfo	GetGlicPromptInfo	1036422912	2006801750	978676253
indigo_internals.mojom.PageHandler.GetLocalEligibility	GetLocalEligibility	1435190839	170888424	2074422509
indigo_internals.mojom.PageHandler.GetOptimizationGuideStatus	GetOptimizationGuideStatus	1018311126	2041631660	252371155
indigo_internals.mojom.PageHandlerFactory.CreatePageHandler	CreatePageHandler	1491630672	1160529016	1049712340
infobar_internals.mojom.PageHandler.GetInfoBars	GetInfoBars	1938715613	160692580	2074422509
infobar_internals.mojom.PageHandler.TriggerInfoBar	TriggerInfoBar	1241567346	931862148	1260698065
infobar_internals.mojom.PageHandlerFactory.CreatePageHandler	CreatePageHandler	1491630672	1224322911	1049712340
input.mojom.RenderInputRouterDelegate.ForceEnableZoomStateChanged	ForceEnableZoomStateChanged	478729107	433222393	481760110
input.mojom.RenderInputRouterDelegate.NotifyVisibilityChanged	NotifyVisibilityChanged	1400454034	913268186	1246181709
input.mojom.RenderInputRouterDelegate.ResetGestureDetection	ResetGestureDetection	554378520	601823406	1266930224
input.mojom.RenderInputRouterDelegate.RestartInputEventAckTimeoutIfNecessary	RestartInputEventAckTimeoutIfNecessary	857764864	2088674942	1409740205
input.mojom.RenderInputRouterDelegate.StateOnTouchTransfer	StateOnTouchTransfer	947528565	699031660	1971034575
input.mojom.RenderInputRouterDelegate.StopFlingingOnViz	StopFlingingOnViz	1962737595	1827703407	177336589
input.mojom.RenderInputRouterDelegateClient.NotifyObserversOfInputEvent	NotifyObserversOfInputEvent	1014302068	1642181801	1330182447
input.mojom.RenderInputRouterDelegateClient.NotifyObserversOfInputEventAcks	NotifyObserversOfInputEventAcks	548068758	1864585551	2012577938
input.mojom.RenderInputRouterDelegateClient.OnInputRouterActive	OnInputRouterActive	1671601611	981439877	478478688
input.mojom.RenderInputRouterDelegateClient.OnInvalidInputEventSource	OnInvalidInputEventSource	1842932904	916824508	206576497
input.mojom.RenderInputRouterDelegateClient.RendererInputResponsivenessChanged	RendererInputResponsivenessChanged	243710573	1907241739	1716171698
input.mojom.RenderInputRouterDelegateClient.StateOnOverscrollTransfer	StateOnOverscrollTransfer	581524931	1381536225	1332555258
inspect.mojom.Page.LogMessageReceived	LogMessageReceived	1006653183	582230260	214405140
inspect.mojom.PageHandler.SetLoggingEnabled	SetLoggingEnabled	1211171705	179533247	2074422509
inspect.mojom.PageHandlerFactory.CreatePageHandler	CreatePageHandler	1491630672	1242446375	1049712340
intro.mojom.FinishOrContinuePageHandler.ContinueEducation	ContinueEducation	48264268	1677242999	869446903
intro.mojom.FinishOrContinuePageHandler.StartBrowsing	StartBrowsing	514751360	1568191171	2010851502
intro.mojom.FinishOrContinuePageHandlerFactory.CreateFinishOrContinuePageHandler	CreateFinishOrContinuePageHandler	1770946763	1529202887	2068341353
intro.mojom.IntroPage.ToggleAnimations	ToggleAnimations	896576184	1999089684	1630215023
intro.mojom.IntroPageHandlerFactory.CreateIntroPageHandler	CreateIntroPageHandler	1532739628	235283245	1406618121
intro.mojom.SignInCelebrationPage.OnSignInCelebrationUserInfoUpdated	OnSignInCelebrationUserInfoUpdated	1294999698	1035455384	1615100331
intro.mojom.SignInCelebrationPageHandler.GetSignInCelebrationUserInfo	GetSignInCelebrationUserInfo	1091472962	1435088312	2114742415
intro.mojom.SignInCelebrationPageHandler.SignInCelebrationFinished	SignInCelebrationFinished	1658102531	1022767731	1072664895
intro.mojom.SignInCelebrationPageHandlerFactory.CreateSignInCelebrationPageHandler	CreateSignInCelebrationPageHandler	2123611008	1093197923	590742866
intro.mojom.SignInPromoPage.OnResetButtons	OnResetButtons	1856485274	640493547	1512578980
intro.mojom.SignInPromoPageHandler.ContinueWithAccount	ContinueWithAccount	779022095	1890097986	2134758824
intro.mojom.SignInPromoPageHandler.ContinueWithoutAccount	ContinueWithoutAccount	1007584515	1669741646	714801335
intro.mojom.SignInPromoPageHandler.GetManagedDeviceDisclaimer	GetManagedDeviceDisclaimer	253850969	1436014359	1415900309
intro.mojom.SignInPromoPageHandlerFactory.CreateSignInPromoPageHandler	CreateSignInPromoPageHandler	1612257159	838534319	1461703653
intro.mojom.WelcomePageHandler.Continue	Continue	711025874	947937714	1170798681
intro.mojom.WelcomePageHandlerFactory.CreateWelcomePageHandler	CreateWelcomePageHandler	1003811162	1159512426	1646506090
iwa_dev.mojom.Page.OnAppInstalled	OnAppInstalled	1421711855	2103787722	214405140
iwa_dev.mojom.Page.OnAppUninstalled	OnAppUninstalled	100488052	1409394038	1672043667
iwa_dev.mojom.Page.OnAppUpdated	OnAppUpdated	340628812	1800727083	1408499727
iwa_dev.mojom.PageHandler.GetInstalledAppsInfo	GetInstalledAppsInfo	2009347991	1409311663	2074422509
iwa_dev.mojom.PageHandler.InstallAppFromDevProxy	InstallAppFromDevProxy	1609180988	927703903	1260698065
iwa_dev.mojom.PageHandler.InstallAppFromUpdateManifest	InstallAppFromUpdateManifest	1116022723	255066051	252371155
iwa_dev.mojom.PageHandler.ParseUpdateManifestFromUrl	ParseUpdateManifestFromUrl	1740087361	1440130175	978676253
iwa_dev.mojom.PageHandler.SelectAndInstallAppFromLocalWebBundle	SelectAndInstallAppFromLocalWebBundle	1186861959	1759752209	160316634
iwa_dev.mojom.PageHandler.SelectAndUpdateAppFromLocalWebBundle	SelectAndUpdateAppFromLocalWebBundle	2066660425	760687634	1215762890
iwa_dev.mojom.PageHandler.SetUpdateChannel	SetUpdateChannel	1824352061	794286319	477874547
iwa_dev.mojom.PageHandler.UninstallApp	UninstallApp	1844339170	1342125418	1558420783
iwa_dev.mojom.PageHandler.UpdateDevProxyInstalledApp	UpdateDevProxyInstalledApp	1897960426	1423864365	1030440014
iwa_dev.mojom.PageHandler.UpdateManifestInstalledApp	UpdateManifestInstalledApp	1911972526	1960742619	576514537
iwa_dev.mojom.PageHandlerFactory.CreatePageHandler	CreatePageHandler	1491630672	469721552	1049712340
js_injection.mojom.BrowserToJsMessaging.OnExecuteJavaScript	OnExecuteJavaScript	365607434	1539058708	211501990
js_injection.mojom.BrowserToJsMessaging.OnPostMessage	OnPostMessage	1882886729	190877637	1757713050
js_injection.mojom.BrowserToJsMessagingFactory.SendBrowserToJsMessaging	SendBrowserToJsMessaging	565258997	482235160	1005072897
js_injection.mojom.JsCommunication.AddPersistentJavaScript	AddPersistentJavaScript	14808520	721553184	1644081749
js_injection.mojom.JsCommunication.RemovePersistentJavaScript	RemovePersistentJavaScript	1218969143	345033924	1352240572
js_injection.mojom.JsCommunication.SetJsObjects	SetJsObjects	1046202642	1808100166	1087126714
js_injection.mojom.JsObjectsClient.OnWindowObjectCleared	OnWindowObjectCleared	1285252401	2133848095	1300664490
js_injection.mojom.JsToBrowserMessaging.PostMessage	PostMessage	1242572728	1423230363	896313975
js_injection.mojom.JsToBrowserMessaging.SetBrowserToJsMessaging	SetBrowserToJsMessaging	1426616217	189464951	978919336
language_detection.mojom.ContentLanguageDetectionDriver.GetLanguageDetectionModel	GetLanguageDetectionModel	1432803929	1100449563	2041219430
language_detection.mojom.ContentLanguageDetectionDriver.GetLanguageDetectionModelStatus	GetLanguageDetectionModelStatus	171872031	1524109611	908247387
launcher_internals.mojom.Page.UpdateResults	UpdateResults	1370678228	1884260328	214405140
launcher_internals.mojom.PageHandlerFactory.CreatePageHandler	CreatePageHandler	1491630672	2000226133	1049712340
lens.mojom.LensGhostLoaderPage.ShowErrorState	ShowErrorState	1383228691	1064919055	313472475
lens.mojom.LensGhostLoaderPageHandlerFactory.CreateGhostLoaderPage	CreateGhostLoaderPage	731232890	1297072413	819867391
lens.mojom.LensPage.ClearAllSelections	ClearAllSelections	1936610996	1583336788	1890449846
lens.mojom.LensPage.ClearRegionSelection	ClearRegionSelection	764986782	608113894	655032134
lens.mojom.LensPage.ClearTextSelection	ClearTextSelection	217428881	1829133751	1171631579
lens.mojom.LensPage.NotifyHandshakeComplete	NotifyHandshakeComplete	524217080	760931154	2137979721
lens.mojom.LensPage.NotifyOverlayClosing	NotifyOverlayClosing	2005329099	43764541	849201030
lens.mojom.LensPage.NotifyResultsPanelOpened	NotifyResultsPanelOpened	1080039365	1529226835	331430174
lens.mojom.LensPage.ObjectsReceived	ObjectsReceived	811574590	299661683	432761239
lens.mojom.LensPage.OnCopyCommand	OnCopyCommand	981569052	1651082802	1451788109
lens.mojom.LensPage.OnOverlayReshown	OnOverlayReshown	1034406420	1426518431	1714199433
lens.mojom.LensPage.PageContentTypeChanged	PageContentTypeChanged	1629321085	1164159738	1049058706
lens.mojom.LensPage.RegionTextReceived	RegionTextReceived	1533288617	1903405361	2002824708
lens.mojom.LensPage.ScreenshotDataReceived	ScreenshotDataReceived	1897660684	1041067483	1130966647
lens.mojom.LensPage.SetPostRegionSelection	SetPostRegionSelection	2068744153	1969598189	1630216115
lens.mojom.LensPage.SetTextSelection	SetTextSelection	1597743768	2104953630	1809573272
lens.mojom.LensPage.SetTranslateMode	SetTranslateMode	1937762550	1025438426	290734018
lens.mojom.LensPage.ShouldShowContextualSearchBox	ShouldShowContextualSearchBox	921740529	1234517621	187700404
lens.mojom.LensPage.SuppressGhostLoader	SuppressGhostLoader	86636780	1092895562	303852473
lens.mojom.LensPage.TextReceived	TextReceived	393573697	496376849	1723371430
lens.mojom.LensPageHandler.AcceptPrivacyNotice	AcceptPrivacyNotice	1563752227	362221115	1410837849
lens.mojom.LensPageHandler.ActivityRequestedByOverlay	ActivityRequestedByOverlay	41063507	1861357242	373550191
lens.mojom.LensPageHandler.AddBackgroundBlur	AddBackgroundBlur	890699657	1059668449	857721685
lens.mojom.LensPageHandler.ClosePreselectionBubble	ClosePreselectionBubble	1204918682	219014784	1778704295
lens.mojom.LensPageHandler.CloseRequestedByOverlayBackgroundClick	CloseRequestedByOverlayBackgroundClick	187814218	339823470	1621000566
lens.mojom.LensPageHandler.CloseRequestedByOverlayCloseButton	CloseRequestedByOverlayCloseButton	1463479022	1698844522	688238902
lens.mojom.LensPageHandler.CopyImage	CopyImage	1950895441	1607237359	1191915797
lens.mojom.LensPageHandler.CopyText	CopyText	1747762431	1136410858	252584999
lens.mojom.LensPageHandler.DismissPrivacyNotice	DismissPrivacyNotice	1473126877	540518175	486111790
lens.mojom.LensPageHandler.FeedbackRequestedByOverlay	FeedbackRequestedByOverlay	266858973	1316797535	1159642640
lens.mojom.LensPageHandler.FetchSupportedLanguages	FetchSupportedLanguages	1074301664	1009660529	364891560
lens.mojom.LensPageHandler.FinishReshowOverlay	FinishReshowOverlay	1306034024	746807938	1155962750
lens.mojom.LensPageHandler.GetOverlayInvocationSource	GetOverlayInvocationSource	1066122248	871491767	1472624417
lens.mojom.LensPageHandler.InfoRequestedByOverlay	InfoRequestedByOverlay	871255764	150572903	2008893201
lens.mojom.LensPageHandler.IssueEndTranslateModeRequest	IssueEndTranslateModeRequest	59070223	1301629433	2009151651
lens.mojom.LensPageHandler.IssueLensObjectRequest	IssueLensObjectRequest	503340570	790335746	866039026
lens.mojom.LensPageHandler.IssueLensRegionRequest	IssueLensRegionRequest	824715825	2038325397	1743402462
lens.mojom.LensPageHandler.IssueMathSelectionRequest	IssueMathSelectionRequest	324320717	674359131	1997630568
lens.mojom.LensPageHandler.IssueTextSelectionRequest	IssueTextSelectionRequest	190520334	232995499	765495943
lens.mojom.LensPageHandler.IssueTranslateFullPageRequest	IssueTranslateFullPageRequest	1501708629	1138670115	1704694969
lens.mojom.LensPageHandler.IssueTranslateSelectionRequest	IssueTranslateSelectionRequest	1716835077	1674652029	471403441
lens.mojom.LensPageHandler.NotifyOverlayInitialized	NotifyOverlayInitialized	1442572740	1670316948	536820704
lens.mojom.LensPageHandler.RecordLensOverlaySemanticEvent	RecordLensOverlaySemanticEvent	1306172834	1321134369	800381889
lens.mojom.LensPageHandler.RecordUkmAndTaskCompletionForLensOverlayInteraction	RecordUkmAndTaskCompletionForLensOverlayInteraction	848219640	749333778	1981282939
lens.mojom.LensPageHandler.SaveAsImage	SaveAsImage	1817536009	1058046959	565935446
lens.mojom.LensPageHandler.SetLiveBlur	SetLiveBlur	1083414222	1600794004	393758750
lens.mojom.LensPageHandlerFactory.CreatePageHandler	CreatePageHandler	1491630672	682336863	134443489
lens.mojom.LensSidePanelPage.AimHandshakeReceived	AimHandshakeReceived	156062990	1418914813	1503150929
lens.mojom.LensSidePanelPage.AimResultsChanged	AimResultsChanged	1707625602	411103773	2108422067
lens.mojom.LensSidePanelPage.FocusResultsFrame	FocusResultsFrame	1406192366	540917405	1594051985
lens.mojom.LensSidePanelPage.FocusSearchbox	FocusSearchbox	1013404798	776188173	854476920
lens.mojom.LensSidePanelPage.LoadResultsInFrame	LoadResultsInFrame	2028002483	1685753061	1459992446
lens.mojom.LensSidePanelPage.PageContentTypeChanged	PageContentTypeChanged	1629321085	2112899007	1068208189
lens.mojom.LensSidePanelPage.SendClientMessageToAim	SendClientMessageToAim	1192429835	1823448317	94002217
lens.mojom.LensSidePanelPage.SetBackArrowVisible	SetBackArrowVisible	267431809	1846782712	94418886
lens.mojom.LensSidePanelPage.SetIsLoadingResults	SetIsLoadingResults	1652845421	1726998196	1061552765
lens.mojom.LensSidePanelPage.SetIsOverlayShowing	SetIsOverlayShowing	1496439310	1010029721	316099520
lens.mojom.LensSidePanelPage.SetPageContentUploadProgress	SetPageContentUploadProgress	1756895751	522179022	1859486534
lens.mojom.LensSidePanelPage.SetShowErrorPage	SetShowErrorPage	347615435	2023358403	1374827597
lens.mojom.LensSidePanelPage.ShowToast	ShowToast	1221146215	1314300433	1650735785
lens.mojom.LensSidePanelPage.SuppressGhostLoader	SuppressGhostLoader	86636780	725070743	21478440
lens.mojom.LensSidePanelPageHandler.GetIsContextualSearchbox	GetIsContextualSearchbox	1369017309	1134147566	392571138
lens.mojom.LensSidePanelPageHandler.OnAimMessage	OnAimMessage	673766746	1539115536	93279536
lens.mojom.LensSidePanelPageHandler.OnImageQueryWithEmptyText	OnImageQueryWithEmptyText	1508303427	838420000	594212450
lens.mojom.LensSidePanelPageHandler.OnScrollToMessage	OnScrollToMessage	478954751	1343175355	101181281
lens.mojom.LensSidePanelPageHandler.PopAndLoadQueryFromHistory	PopAndLoadQueryFromHistory	1920490793	319815362	439724456
lens.mojom.LensSidePanelPageHandler.RequestSendFeedback	RequestSendFeedback	316853047	1747258912	986909167
lens.mojom.LensSidePanelPageHandlerFactory.CreateSidePanelPageHandler	CreateSidePanelPageHandler	1920339709	1404093523	1525673563
lobster.mojom.UntrustedLobsterPageHandler.CloseUI	CloseUI	2083298329	1779843363	7
lobster.mojom.UntrustedLobsterPageHandler.CommitAsDownload	CommitAsDownload	1362163126	141820083	3
lobster.mojom.UntrustedLobsterPageHandler.CommitAsInsert	CommitAsInsert	639555017	2054098734	2
lobster.mojom.UntrustedLobsterPageHandler.DownloadCandidate	DownloadCandidate	468360596	606388231	1
lobster.mojom.UntrustedLobsterPageHandler.EmitMetricEvent	EmitMetricEvent	801967664	952944002	8
lobster.mojom.UntrustedLobsterPageHandler.OpenUrlInNewWindow	OpenUrlInNewWindow	1306743953	644681886	9
lobster.mojom.UntrustedLobsterPageHandler.PreviewFeedback	PreviewFeedback	167326498	1509752126	4
lobster.mojom.UntrustedLobsterPageHandler.RequestCandidates	RequestCandidates	1095707646	338393033	0
lobster.mojom.UntrustedLobsterPageHandler.ShowUI	ShowUI	1522616332	885041210	6
lobster.mojom.UntrustedLobsterPageHandler.SubmitFeedback	SubmitFeedback	1889292244	389674290	5
mac_notifications.mojom.MacNotificationActionHandler.OnNotificationAction	OnNotificationAction	1053497737	648612738	1280863831
mac_notifications.mojom.MacNotificationProvider.BindNotificationService	BindNotificationService	559507630	21857636	806284980
mac_notifications.mojom.MacNotificationService.CloseAllNotifications	CloseAllNotifications	1554386056	1491290448	900311578
mac_notifications.mojom.MacNotificationService.CloseNotification	CloseNotification	2103484450	1984489845	472054044
mac_notifications.mojom.MacNotificationService.CloseNotificationsForProfile	CloseNotificationsForProfile	1158031693	1199683572	2075514478
mac_notifications.mojom.MacNotificationService.DisplayNotification	DisplayNotification	1434090344	1969715082	1438574819
mac_notifications.mojom.MacNotificationService.GetDisplayedNotifications	GetDisplayedNotifications	516807524	2016275424	449695891
mac_notifications.mojom.MacNotificationService.OkayToTerminateService	OkayToTerminateService	1338575056	980801746	1208046126
mahi.mojom.ContentExtractionService.ExtractContent	ExtractContent	280426387	486023046	0
mahi.mojom.ContentExtractionService.GetContentSize	GetContentSize	2089871909	390532865	1
mahi.mojom.ContentExtractionServiceFactory.BindContentExtractionService	BindContentExtractionService	1692820297	1479816173	0
mahi.mojom.ContentExtractionServiceFactory.OnScreen2xReady	OnScreen2xReady	10825625	1020602697	1
mantis.mojom.MantisProcessor.ClassifyImageSafety	ClassifyImageSafety	950403860	1299538931	3
mantis.mojom.MantisProcessor.GenerativeFill	GenerativeFill	983017780	84425281	1
mantis.mojom.MantisProcessor.InferSegmentationMode	InferSegmentationMode	477103724	1551338348	5
mantis.mojom.MantisProcessor.Inpainting	Inpainting	387007232	1302071214	0
mantis.mojom.MantisProcessor.Outpainting	Outpainting	115582715	172790369	4
mantis.mojom.MantisProcessor.Segmentation	Segmentation	1208040959	338894210	2
mantis.mojom.MantisService.GetMantisFeatureStatus	GetMantisFeatureStatus	41650501	72038880	1
mantis.mojom.MantisService.Initialize	Initialize	164710295	1101451307	0
mantis.mojom.PlatformModelProgressObserver.Progress	Progress	1166688320	530361115	0
math.mojom.MathService.Divide	Divide	1236293218	900442196	1694271556
media.mojom.AndroidOverlay.ScheduleLayout	ScheduleLayout	299090328	1459831566	1935046475
media.mojom.AndroidOverlayClient.OnDestroyed	OnDestroyed	423651175	2054855644	1773388278
media.mojom.AndroidOverlayClient.OnPowerEfficientState	OnPowerEfficientState	1533983409	1853386882	1610303096
media.mojom.AndroidOverlayClient.OnSurfaceReady	OnSurfaceReady	540537312	2018006983	223142111
media.mojom.AndroidOverlayClient.OnSynchronouslyDestroyed	OnSynchronouslyDestroyed	1513248285	2080477182	1191421260
media.mojom.AndroidOverlayProvider.CreateOverlay	CreateOverlay	1702676511	1561356526	176836326
media.mojom.AudioDecoder.Construct	Construct	909872872	1971473295	771041592
media.mojom.AudioDecoder.Decode	Decode	1288262771	2095843548	191567911
media.mojom.AudioDecoder.GetSupportedConfigs	GetSupportedConfigs	941218236	1889660171	2046766376
media.mojom.AudioDecoder.Initialize	Initialize	164710295	2103740461	1053179778
media.mojom.AudioDecoder.Reset	Reset	1914451226	258172331	1122990188
media.mojom.AudioDecoder.SetDataSource	SetDataSource	806625544	1118896571	1800177904
media.mojom.AudioDecoderClient.OnBufferDecoded	OnBufferDecoded	331632586	1739597947	1198675668
media.mojom.AudioDecoderClient.OnWaiting	OnWaiting	1833485603	227895065	1822192494
media.mojom.AudioEncoder.Encode	Encode	2112191799	974248994	942403236
media.mojom.AudioEncoder.Flush	Flush	729528193	54948043	1186400484
media.mojom.AudioEncoder.Initialize	Initialize	164710295	252286508	1659996035
media.mojom.AudioEncoderClient.OnEncodedBufferReady	OnEncodedBufferReady	2085852663	678866995	1805876517
media.mojom.AudioInputStream.Record	Record	1979164498	1601864271	1015143774
media.mojom.AudioInputStream.SetVolume	SetVolume	1190936981	1278464065	1881752845
media.mojom.AudioInputStreamClient.OnError	OnError	1669973012	381806436	810881980
media.mojom.AudioInputStreamClient.OnMutedStateChanged	OnMutedStateChanged	1476855358	1882562488	1884040141
media.mojom.AudioInputStreamObserver.DidStartRecording	DidStartRecording	1619711105	2035588696	112793371
media.mojom.AudioLog.OnClosed	OnClosed	190618178	1750702065	1080061413
media.mojom.AudioLog.OnCreated	OnCreated	858392938	176371245	1047091186
media.mojom.AudioLog.OnError	OnError	1669973012	876913511	1688090447
media.mojom.AudioLog.OnLogMessage	OnLogMessage	715163741	1213364323	209654921
media.mojom.AudioLog.OnProcessingStateChanged	OnProcessingStateChanged	675801906	788785686	1352792429
media.mojom.AudioLog.OnSetVolume	OnSetVolume	1822593220	1113271952	1053250174
media.mojom.AudioLog.OnStarted	OnStarted	1137746721	1989648992	1416459896
media.mojom.AudioLog.OnStopped	OnStopped	1378010093	1562707588	42363392
media.mojom.AudioLogFactory.CreateAudioLog	CreateAudioLog	1999121345	1377530479	484295770
media.mojom.AudioOutputStream.Flush	Flush	729528193	1123806217	2065566572
media.mojom.AudioOutputStream.Pause	Pause	948110021	281203861	1866421063
media.mojom.AudioOutputStream.Play	Play	761969055	1164066437	2065376349
media.mojom.AudioOutputStream.SetVolume	SetVolume	1190936981	1762420782	1560118376
media.mojom.AudioOutputStreamObserver.DidChangeAudibleState	DidChangeAudibleState	815845541	1947631191	1987253600
media.mojom.AudioOutputStreamObserver.DidStartPlaying	DidStartPlaying	1200694146	873055762	332031678
media.mojom.AudioOutputStreamObserver.DidStopPlaying	DidStopPlaying	950144270	200958184	221018072
media.mojom.AudioOutputStreamProvider.Acquire	Acquire	1744799787	2102018048	109544326
media.mojom.AudioOutputStreamProviderClient.Created	Created	88481923	618361792	1292531845
media.mojom.AudioProcessorControls.GetStats	GetStats	1354018120	1798282058	155376487
media.mojom.AudioProcessorControls.SetPreferredNumCaptureChannels	SetPreferredNumCaptureChannels	1835525732	2119277655	53693055
media.mojom.AudioProcessorControls.SetVoiceIsolation	SetVoiceIsolation	2069673177	238591388	1881688133
media.mojom.AudioSourceFetcher.Start	Start	1284713943	536220262	1128372619
media.mojom.AudioSourceFetcher.Stop	Stop	294650813	2002347806	665989661
media.mojom.AudioSourceSpeechRecognitionContext.BindAudioSourceFetcher	BindAudioSourceFetcher	2147076454	921784039	396565088
media.mojom.AudioStreamFactory.AssociateInputAndOutputForAec	AssociateInputAndOutputForAec	2026856499	1188105048	276553102
media.mojom.AudioStreamFactory.BindMuter	BindMuter	672852163	581486869	1851383857
media.mojom.AudioStreamFactory.CreateInputStream	CreateInputStream	1477226471	2139443658	413435726
media.mojom.AudioStreamFactory.CreateLoopbackStream	CreateLoopbackStream	1689447286	1822210947	1583733293
media.mojom.AudioStreamFactory.CreateOutputStream	CreateOutputStream	1990365510	1415443285	1413504809
media.mojom.AudioStreamFactory.CreateSwitchableOutputStream	CreateSwitchableOutputStream	1530415402	458407281	641098890
media.mojom.CastApplicationMediaInfoManager.GetCastApplicationMediaInfo	GetCastApplicationMediaInfo	1715315936	256840331	2067462610
media.mojom.CdmDocumentService.GetStorageId	GetStorageId	699132981	2032930483	1249613201
media.mojom.CdmFactory.CreateCdm	CreateCdm	1251587893	623808146	1575636664
media.mojom.CdmFile.Read	Read	2085465649	1372068162	2036120755
media.mojom.CdmFile.Write	Write	512683670	1012406639	1748548747
media.mojom.CdmService.CreateCdmFactory	CreateCdmFactory	71235033	1352775864	472838945
media.mojom.CdmServiceBroker.GetService	GetService	578256856	2126560348	795645981
media.mojom.CdmStorage.Open	Open	430528273	1577989889	1920122679
media.mojom.ContentDecryptionModule.CloseSession	CloseSession	815197517	1244920126	1810411297
media.mojom.ContentDecryptionModule.CreateSessionAndGenerateRequest	CreateSessionAndGenerateRequest	1795028398	296910639	593689118
media.mojom.ContentDecryptionModule.GetStatusForPolicy	GetStatusForPolicy	2097433088	1042042470	2138013560
media.mojom.ContentDecryptionModule.LoadSession	LoadSession	1437116155	1948289520	1048903062
media.mojom.ContentDecryptionModule.RemoveSession	RemoveSession	142658591	1339862564	1149025209
media.mojom.ContentDecryptionModule.SetClient	SetClient	309516842	534213061	790299454
media.mojom.ContentDecryptionModule.SetServerCertificate	SetServerCertificate	358456367	1804369316	958280177
media.mojom.ContentDecryptionModule.UpdateSession	UpdateSession	1681068822	1058548542	1423714070
media.mojom.ContentDecryptionModuleClient.OnSessionClosed	OnSessionClosed	2121146126	436279012	1935397911
media.mojom.ContentDecryptionModuleClient.OnSessionExpirationUpdate	OnSessionExpirationUpdate	60414010	773238024	1485385216
media.mojom.ContentDecryptionModuleClient.OnSessionKeysChange	OnSessionKeysChange	1473610802	2136218910	136337517
media.mojom.ContentDecryptionModuleClient.OnSessionMessage	OnSessionMessage	943221999	87776961	1427459984
media.mojom.DCOMPSurfaceRegistry.RegisterDCOMPSurfaceHandle	RegisterDCOMPSurfaceHandle	1337437706	385744583	2133210895
media.mojom.DCOMPSurfaceRegistry.UnregisterDCOMPSurfaceHandle	UnregisterDCOMPSurfaceHandle	1882785803	1975156198	1631279086
media.mojom.Decryptor.CancelDecrypt	CancelDecrypt	1514101882	2008983744	210890671
media.mojom.Decryptor.Decrypt	Decrypt	181005312	2114642704	1080556720
media.mojom.Decryptor.DecryptAndDecodeAudio	DecryptAndDecodeAudio	361110125	1176076318	1330401576
media.mojom.Decryptor.DecryptAndDecodeVideo	DecryptAndDecodeVideo	431658818	120218590	259980930
media.mojom.Decryptor.DeinitializeDecoder	DeinitializeDecoder	1958329590	615807700	21159829
media.mojom.Decryptor.Initialize	Initialize	164710295	812167084	122762597
media.mojom.Decryptor.InitializeAudioDecoder	InitializeAudioDecoder	221597817	814100489	573222185
media.mojom.Decryptor.InitializeVideoDecoder	InitializeVideoDecoder	249779428	684792713	620380406
media.mojom.Decryptor.ResetDecoder	ResetDecoder	1099732954	1226718684	1870162345
media.mojom.DemuxerStream.EnableBitstreamConverter	EnableBitstreamConverter	1057123627	2125932424	715666852
media.mojom.DemuxerStream.Initialize	Initialize	164710295	1870981576	347085914
media.mojom.DemuxerStream.Read	Read	2085465649	1981274631	1585531998
media.mojom.DeviceSwitchInterface.SwitchAudioOutputDeviceId	SwitchAudioOutputDeviceId	902336551	1592915614	487529120
media.mojom.FlingingRendererClientExtension.OnRemotePlayStateChange	OnRemotePlayStateChange	1048884545	848850841	419257158
media.mojom.FrameInterfaceFactory.BindEmbedderReceiver	BindEmbedderReceiver	390432735	273379807	29055374
media.mojom.FrameInterfaceFactory.CreateCdmStorage	CreateCdmStorage	441406732	1172468399	1552329714
media.mojom.FrameInterfaceFactory.GetCdmOrigin	GetCdmOrigin	971395993	1257907608	527253339
media.mojom.FuchsiaMediaCdmProvider.CreateCdm	CreateCdm	1251587893	1581018707	283203582
media.mojom.FuchsiaMediaCodecProvider.CreateVideoDecoder	CreateVideoDecoder	892903870	830121610	456694145
media.mojom.FuchsiaMediaCodecProvider.GetSupportedVideoDecoderConfigs	GetSupportedVideoDecoderConfigs	1636688273	844405663	1022203477
media.mojom.GpuInfoObserver.OnGpuInfoUpdate	OnGpuInfoUpdate	2044753967	203089627	1189638526
media.mojom.ImageCapture.GetPhotoState	GetPhotoState	1442589000	1808777791	50255054
media.mojom.ImageCapture.SetPhotoOptions	SetPhotoOptions	522184301	713435320	592467096
media.mojom.ImageCapture.TakePhoto	TakePhoto	659196288	1986799161	1334095215
media.mojom.InterfaceFactory.CreateAudioDecoder	CreateAudioDecoder	887212951	251762314	2071031550
media.mojom.InterfaceFactory.CreateAudioEncoder	CreateAudioEncoder	397839587	212402394	1875312084
media.mojom.InterfaceFactory.CreateCdm	CreateCdm	1251587893	588747217	1863791425
media.mojom.InterfaceFactory.CreateDefaultRenderer	CreateDefaultRenderer	140924109	127338622	2010349155
media.mojom.InterfaceFactory.CreateVideoDecoder	CreateVideoDecoder	892903870	1870846016	1890864561
media.mojom.KeySystemSupport.SetObserver	SetObserver	579513005	1784934748	1626625983
media.mojom.KeySystemSupportObserver.OnKeySystemSupportUpdated	OnKeySystemSupportUpdated	2078145282	1310411272	671061960
media.mojom.MediaDrmStorage.Initialize	Initialize	164710295	1877059110	721436292
media.mojom.MediaDrmStorage.LoadPersistentSession	LoadPersistentSession	1291198938	474339594	1615202787
media.mojom.MediaDrmStorage.OnProvisioned	OnProvisioned	2016856748	1375419371	706784872
media.mojom.MediaDrmStorage.RemovePersistentSession	RemovePersistentSession	1375736278	277638930	716278810
media.mojom.MediaDrmStorage.SavePersistentSession	SavePersistentSession	592624643	194171534	225142845
media.mojom.MediaDrmSupport.IsKeySystemSupported	IsKeySystemSupported	771418421	951955746	1889231366
media.mojom.MediaEngagementScoreDetailsProvider.GetMediaEngagementConfig	GetMediaEngagementConfig	842626626	237487649	559571199
media.mojom.MediaEngagementScoreDetailsProvider.GetMediaEngagementScoreDetails	GetMediaEngagementScoreDetails	798336920	1756097476	1050707169
media.mojom.MediaFoundationPreferences.IsHardwareSecureDecryptionAllowed	IsHardwareSecureDecryptionAllowed	2137454311	1733631827	1279075200
media.mojom.MediaFoundationRendererNotifier.MediaFoundationRendererCreated	MediaFoundationRendererCreated	433074315	539743367	1802313625
media.mojom.MediaFoundationService.CreateInterfaceFactory	CreateInterfaceFactory	688648120	2037785103	370426801
media.mojom.MediaFoundationService.IsKeySystemSupported	IsKeySystemSupported	771418421	1243650848	1927311256
media.mojom.MediaFoundationServiceBroker.GetService	GetService	578256856	825193426	26272101
media.mojom.MediaFoundationServiceBroker.UpdateGpuInfo	UpdateGpuInfo	1095224320	1731212171	1006118156
media.mojom.MediaLog.AddLogRecord	AddLogRecord	642739543	2038687282	1499543650
media.mojom.MediaMetricsProvider.AcquirePlaybackEventsRecorder	AcquirePlaybackEventsRecorder	1084335389	614373049	1749988688
media.mojom.MediaMetricsProvider.AcquireVideoDecodeStatsRecorder	AcquireVideoDecodeStatsRecorder	57609853	243843029	1174873935
media.mojom.MediaMetricsProvider.AcquireWatchTimeRecorder	AcquireWatchTimeRecorder	46128321	154956902	1565387293
media.mojom.MediaMetricsProvider.Initialize	Initialize	164710295	761966426	1242956049
media.mojom.MediaMetricsProvider.OnError	OnError	1669973012	1066031970	1656077610
media.mojom.MediaMetricsProvider.OnFallback	OnFallback	2124061688	1310126878	1104801146
media.mojom.MediaMetricsProvider.OnStarted	OnStarted	1137746721	1363382807	864506486
media.mojom.MediaMetricsProvider.SetAudioPipelineInfo	SetAudioPipelineInfo	945604465	41145975	1389157402
media.mojom.MediaMetricsProvider.SetContainerName	SetContainerName	1902954553	1587482023	1050549802
media.mojom.MediaMetricsProvider.SetDemuxerType	SetDemuxerType	675853589	984926071	511575687
media.mojom.MediaMetricsProvider.SetHasAudio	SetHasAudio	1110404533	1066108183	1783611027
media.mojom.MediaMetricsProvider.SetHasPlayed	SetHasPlayed	190953008	1375478423	315986526
media.mojom.MediaMetricsProvider.SetHasTrackChange	SetHasTrackChange	740821426	610590653	1020282541
media.mojom.MediaMetricsProvider.SetHasVideo	SetHasVideo	1556219050	512709429	2087980547
media.mojom.MediaMetricsProvider.SetHasWaitingForKey	SetHasWaitingForKey	453666492	421408035	824473705
media.mojom.MediaMetricsProvider.SetHaveEnough	SetHaveEnough	141750337	1789137540	1715707516
media.mojom.MediaMetricsProvider.SetIsEME	SetIsEME	1138772930	1262166829	438729763
media.mojom.MediaMetricsProvider.SetIsHardwareSecure	SetIsHardwareSecure	520721140	581941907	484014517
media.mojom.MediaMetricsProvider.SetKeySystem	SetKeySystem	817864135	1597540885	2076505547
media.mojom.MediaMetricsProvider.SetRendererType	SetRendererType	26042154	1719045421	296773012
media.mojom.MediaMetricsProvider.SetTimeToFirstFrame	SetTimeToFirstFrame	1245144414	60469310	1747474217
media.mojom.MediaMetricsProvider.SetTimeToMetadata	SetTimeToMetadata	1446199112	1648495024	718430911
media.mojom.MediaMetricsProvider.SetTimeToPlayReady	SetTimeToPlayReady	1366153478	239866478	553552826
media.mojom.MediaMetricsProvider.SetVideoPipelineInfo	SetVideoPipelineInfo	838820006	1939486177	1111980174
media.mojom.MediaMetricsProvider.SetVisibilityRatioAtPlaybackStart	SetVisibilityRatioAtPlaybackStart	1199135044	203075916	968736180
media.mojom.MediaPlayer.RecordAutoPictureInPictureInfo	RecordAutoPictureInPictureInfo	861861312	758993285	762454821
media.mojom.MediaPlayer.RequestEnterPictureInPicture	RequestEnterPictureInPicture	43095961	1761277413	1680935570
media.mojom.MediaPlayer.RequestMediaRemoting	RequestMediaRemoting	1113939143	112703255	198219865
media.mojom.MediaPlayer.RequestMute	RequestMute	1324359283	891277929	625536307
media.mojom.MediaPlayer.RequestPause	RequestPause	526450758	160164576	565378037
media.mojom.MediaPlayer.RequestPlay	RequestPlay	674413974	1737970714	544267599
media.mojom.MediaPlayer.RequestSaveVideoFrame	RequestSaveVideoFrame	949369323	1074833	679504620
media.mojom.MediaPlayer.RequestSeekBackward	RequestSeekBackward	2050577435	182430490	986944479
media.mojom.MediaPlayer.RequestSeekForward	RequestSeekForward	1329347159	805714032	768780982
media.mojom.MediaPlayer.RequestSeekTo	RequestSeekTo	724322843	425641906	922219954
media.mojom.MediaPlayer.RequestVisibility	RequestVisibility	2003987092	1941284420	849863792
media.mojom.MediaPlayer.SetAudioSinkId	SetAudioSinkId	371766801	370141606	638655784
media.mojom.MediaPlayer.SetPersistentState	SetPersistentState	1907213783	714452511	1516555075
media.mojom.MediaPlayer.SetPowerExperimentState	SetPowerExperimentState	1030206222	549432042	186974415
media.mojom.MediaPlayer.SetVolumeMultiplier	SetVolumeMultiplier	1085642844	75550803	1793732172
media.mojom.MediaPlayer.SuspendForFrameClosed	SuspendForFrameClosed	2060589391	119658817	1058112792
media.mojom.MediaPlayerHost.OnMediaPlayerAdded	OnMediaPlayerAdded	1614826109	382869262	917413158
media.mojom.MediaPlayerObserver.OnAudioOutputSinkChanged	OnAudioOutputSinkChanged	485081198	312734993	760823526
media.mojom.MediaPlayerObserver.OnAudioOutputSinkChangingDisabled	OnAudioOutputSinkChangingDisabled	1359464639	1951460415	973046644
media.mojom.MediaPlayerObserver.OnMediaEffectivelyFullscreenChanged	OnMediaEffectivelyFullscreenChanged	814285193	401341812	1901863540
media.mojom.MediaPlayerObserver.OnMediaMetadataChanged	OnMediaMetadataChanged	1639121967	259496131	1318812494
media.mojom.MediaPlayerObserver.OnMediaPaused	OnMediaPaused	422893432	1429683258	1978309252
media.mojom.MediaPlayerObserver.OnMediaPlaying	OnMediaPlaying	795167756	1454829600	370694189
media.mojom.MediaPlayerObserver.OnMediaPositionStateChanged	OnMediaPositionStateChanged	1064008566	1350962255	1340290365
media.mojom.MediaPlayerObserver.OnMediaSizeChanged	OnMediaSizeChanged	1230162419	603363968	1374413717
media.mojom.MediaPlayerObserver.OnMutedStatusChanged	OnMutedStatusChanged	1174886935	897397561	362214096
media.mojom.MediaPlayerObserver.OnPictureInPictureAvailabilityChanged	OnPictureInPictureAvailabilityChanged	1069265140	2094913894	1022054231
media.mojom.MediaPlayerObserver.OnRemotePlaybackMetadataChange	OnRemotePlaybackMetadataChange	2096442332	1150232222	1094199412
media.mojom.MediaPlayerObserver.OnUseAudioServiceChanged	OnUseAudioServiceChanged	68625516	1045541788	2055073927
media.mojom.MediaPlayerObserver.OnVideoFrameAvailabilityChanged	OnVideoFrameAvailabilityChanged	1670326345	1170254849	1637271304
media.mojom.MediaPlayerObserver.OnVideoVisibilityChanged	OnVideoVisibilityChanged	202714237	1435750659	2137848762
media.mojom.MediaPlayerObserverClient.GetHasPlayedBefore	GetHasPlayedBefore	2121777861	1461220614	663969589
media.mojom.MediaService.CreateInterfaceFactory	CreateInterfaceFactory	688648120	1038116498	1816228606
media.mojom.OnDeviceSpeechRecognition.Available	Available	701995034	1501183556	2062764844
media.mojom.OnDeviceSpeechRecognition.Install	Install	1403029442	466075280	115887189
media.mojom.OutputProtection.EnableProtection	EnableProtection	1798251169	1759053957	1421688659
media.mojom.OutputProtection.QueryStatus	QueryStatus	237560821	1910714884	1592256789
media.mojom.PlaybackEventsRecorder.OnBuffering	OnBuffering	369349116	1568116169	178356599
media.mojom.PlaybackEventsRecorder.OnBufferingComplete	OnBufferingComplete	1065132153	1444108450	107380001
media.mojom.PlaybackEventsRecorder.OnEnded	OnEnded	1959350466	143245711	2022830530
media.mojom.PlaybackEventsRecorder.OnError	OnError	1669973012	30994356	1752716203
media.mojom.PlaybackEventsRecorder.OnNaturalSizeChanged	OnNaturalSizeChanged	93059398	1669216626	1606069671
media.mojom.PlaybackEventsRecorder.OnPaused	OnPaused	495842152	440796645	1503691627
media.mojom.PlaybackEventsRecorder.OnPipelineStatistics	OnPipelineStatistics	569731789	284048530	1139266783
media.mojom.PlaybackEventsRecorder.OnPlaying	OnPlaying	1355514300	967348481	449401470
media.mojom.PlaybackEventsRecorder.OnSeeking	OnSeeking	1514637290	1163438259	59146979
media.mojom.ProvisionFetcher.Retrieve	Retrieve	1823907901	868387635	358494660
media.mojom.Remotee.OnFlushUntil	OnFlushUntil	1617111716	698375278	59805539
media.mojom.Remotee.OnRemotingSinkReady	OnRemotingSinkReady	1335076001	1402299275	1968895224
media.mojom.Remotee.OnVideoNaturalSizeChange	OnVideoNaturalSizeChange	590931853	148483020	852902684
media.mojom.Remotee.SendMessageToSource	SendMessageToSource	153304684	1003833171	2029469179
media.mojom.Remotee.StartDataStreams	StartDataStreams	883368006	2145396530	1325430055
media.mojom.Remoter.SendMessageToSink	SendMessageToSink	955582186	477466396	1610755192
media.mojom.Remoter.Start	Start	1284713943	364568	284695289
media.mojom.Remoter.StartDataStreams	StartDataStreams	883368006	29755979	1334657506
media.mojom.Remoter.StartWithPermissionAlreadyGranted	StartWithPermissionAlreadyGranted	1556322667	140744900	1078378186
media.mojom.Remoter.Stop	Stop	294650813	1834252106	2006462861
media.mojom.RemoterFactory.Create	Create	838289373	1428365641	1020764614
media.mojom.RemotingDataStreamReceiver.FlushUntil	FlushUntil	628171463	894750985	363575150
media.mojom.RemotingDataStreamReceiver.InitializeDataPipe	InitializeDataPipe	1194877331	1496441860	1816472304
media.mojom.RemotingDataStreamReceiver.ReceiveFrame	ReceiveFrame	273254027	1462601210	366619253
media.mojom.RemotingDataStreamSender.CancelInFlightData	CancelInFlightData	95608256	807427355	445179499
media.mojom.RemotingDataStreamSender.SendFrame	SendFrame	2048012942	1554759446	1314650971
media.mojom.RemotingSink.OnMessageFromSource	OnMessageFromSource	1908305196	1516918886	562561844
media.mojom.RemotingSource.OnMessageFromSink	OnMessageFromSink	1401697194	1182964962	279765891
media.mojom.RemotingSource.OnSinkAvailable	OnSinkAvailable	144338364	1279821627	1105713282
media.mojom.RemotingSource.OnSinkGone	OnSinkGone	823480838	990682589	273377667
media.mojom.RemotingSource.OnStartFailed	OnStartFailed	679283681	849070814	1215766286
media.mojom.RemotingSource.OnStarted	OnStarted	1137746721	1649237008	471366241
media.mojom.RemotingSource.OnStopped	OnStopped	1378010093	790536528	529497167
media.mojom.Renderer.Flush	Flush	729528193	766638915	777000610
media.mojom.Renderer.Initialize	Initialize	164710295	1000273180	344750155
media.mojom.Renderer.SetCdm	SetCdm	966733167	2145852505	71996608
media.mojom.Renderer.SetLatencyHint	SetLatencyHint	1785784740	1164835170	238178767
media.mojom.Renderer.SetPlaybackRate	SetPlaybackRate	1864360490	470866801	323570089
media.mojom.Renderer.SetVolume	SetVolume	1190936981	1211365309	540358895
media.mojom.Renderer.StartPlayingFrom	StartPlayingFrom	578101527	752689616	1961363425
media.mojom.RendererClient.OnAudioConfigChange	OnAudioConfigChange	336439714	1144718348	1126424376
media.mojom.RendererClient.OnBufferingStateChange	OnBufferingStateChange	601971859	182459324	2065340601
media.mojom.RendererClient.OnEnded	OnEnded	1959350466	1018811781	201352145
media.mojom.RendererClient.OnError	OnError	1669973012	1241384722	499025348
media.mojom.RendererClient.OnStatisticsUpdate	OnStatisticsUpdate	902260132	1159222073	1448787347
media.mojom.RendererClient.OnTimeUpdate	OnTimeUpdate	1419995006	1350835052	318922878
media.mojom.RendererClient.OnVideoConfigChange	OnVideoConfigChange	1474327661	1181263442	1400417
media.mojom.RendererClient.OnVideoNaturalSizeChange	OnVideoNaturalSizeChange	590931853	1941344991	1191983543
media.mojom.RendererClient.OnVideoOpacityChange	OnVideoOpacityChange	1806793194	1167295345	19827069
media.mojom.RendererClient.OnWaiting	OnWaiting	1833485603	367253376	460075486
media.mojom.SpeechRecognitionAudioForwarder.AddAudioFromRenderer	AddAudioFromRenderer	869228857	1432724056	1
media.mojom.SpeechRecognitionBrowserObserver.SpeechRecognitionAvailabilityChanged	SpeechRecognitionAvailabilityChanged	1240756999	576294825	0
media.mojom.SpeechRecognitionBrowserObserver.SpeechRecognitionLanguageChanged	SpeechRecognitionLanguageChanged	356122206	993674925	1
media.mojom.SpeechRecognitionBrowserObserver.SpeechRecognitionMaskOffensiveWordsChanged	SpeechRecognitionMaskOffensiveWordsChanged	1558992016	778282580	2
media.mojom.SpeechRecognitionClientBrowserInterface.BindSpeechRecognitionBrowserObserver	BindSpeechRecognitionBrowserObserver	1212162667	1489828556	0
media.mojom.SpeechRecognitionClientBrowserInterface.REMOVED_1	REMOVED_1	1950506431	1179597989	1
media.mojom.SpeechRecognitionContext.BindRecognizer	BindRecognizer	1098420986	406227915	0
media.mojom.SpeechRecognitionContext.BindWebSpeechRecognizer	BindWebSpeechRecognizer	535910006	150124777	1
media.mojom.SpeechRecognitionRecognizer.MarkDone	MarkDone	2101978214	1076770774	1
media.mojom.SpeechRecognitionRecognizer.OnLanguageChanged	OnLanguageChanged	1406878436	1873633653	2
media.mojom.SpeechRecognitionRecognizer.OnMaskOffensiveWordsChanged	OnMaskOffensiveWordsChanged	774570394	1776247340	3
media.mojom.SpeechRecognitionRecognizer.SendAudioToSpeechRecognitionService	SendAudioToSpeechRecognitionService	1910092632	1517242483	0
media.mojom.SpeechRecognitionRecognizer.UpdateRecognitionContext	UpdateRecognitionContext	937769860	1233072246	4
media.mojom.SpeechRecognitionRecognizerClient.OnLanguageIdentificationEvent	OnLanguageIdentificationEvent	772652454	43022132	3
media.mojom.SpeechRecognitionRecognizerClient.OnSpeechRecognitionError	OnSpeechRecognitionError	1083951397	1108882782	2
media.mojom.SpeechRecognitionRecognizerClient.OnSpeechRecognitionRecognitionEvent	OnSpeechRecognitionRecognitionEvent	566862586	1617625024	0
media.mojom.SpeechRecognitionRecognizerClient.OnSpeechRecognitionStopped	OnSpeechRecognitionStopped	1338552580	1473390473	1
media.mojom.SpeechRecognitionService.BindAudioSourceSpeechRecognitionContext	BindAudioSourceSpeechRecognitionContext	1525825757	114168672	1786851361
media.mojom.SpeechRecognitionService.BindSpeechRecognitionContext	BindSpeechRecognitionContext	736435300	1588271616	1978762143
media.mojom.SpeechRecognitionService.SetSodaConfigPaths	SetSodaConfigPaths	1832544878	280971025	1283996130
media.mojom.SpeechRecognitionService.SetSodaParams	SetSodaParams	7108474	836981553	1819059748
media.mojom.SpeechRecognitionService.SetSodaPaths	SetSodaPaths	349548092	1353112045	97765201
media.mojom.SpeechRecognitionSession.Abort	Abort	72446017	695448167	0
media.mojom.SpeechRecognitionSession.StopCapture	StopCapture	1606567157	942407323	1
media.mojom.SpeechRecognitionSession.UpdateRecognitionContext	UpdateRecognitionContext	937769860	1075859396	2
media.mojom.SpeechRecognitionSessionClient.AudioEnded	AudioEnded	703912275	1031528170	6
media.mojom.SpeechRecognitionSessionClient.AudioStarted	AudioStarted	1853759504	395951063	3
media.mojom.SpeechRecognitionSessionClient.Ended	Ended	1832304143	2140254030	7
media.mojom.SpeechRecognitionSessionClient.ErrorOccurred	ErrorOccurred	1815456616	432905177	1
media.mojom.SpeechRecognitionSessionClient.ResultRetrieved	ResultRetrieved	150972082	1834703703	0
media.mojom.SpeechRecognitionSessionClient.SoundEnded	SoundEnded	1913893718	716812297	5
media.mojom.SpeechRecognitionSessionClient.SoundStarted	SoundStarted	2038351101	1935743336	4
media.mojom.SpeechRecognitionSessionClient.Started	Started	1826858068	373510195	2
media.mojom.SpeechRecognitionSurface.Activate	Activate	687916062	2126679049	0
media.mojom.SpeechRecognitionSurface.GetBounds	GetBounds	1471318132	1377851368	1
media.mojom.SpeechRecognitionSurfaceClient.OnFullscreenToggled	OnFullscreenToggled	159264071	251191317	1
media.mojom.SpeechRecognitionSurfaceClient.OnSessionEnded	OnSessionEnded	2133532158	454629232	0
media.mojom.SpeechRecognizer.Start	Start	1284713943	2115842645	930404589
media.mojom.VideoCaptureHost.GetDeviceFormatsInUse	GetDeviceFormatsInUse	1528049759	529288027	405271472
media.mojom.VideoCaptureHost.GetDeviceSupportedFormats	GetDeviceSupportedFormats	595222079	106424915	579211341
media.mojom.VideoCaptureHost.OnLog	OnLog	406324144	265358772	1082200570
media.mojom.VideoCaptureHost.Pause	Pause	948110021	1292318226	1384957553
media.mojom.VideoCaptureHost.ReleaseBuffer	ReleaseBuffer	1278234330	1069883120	2040972422
media.mojom.VideoCaptureHost.RequestRefreshFrame	RequestRefreshFrame	1096119344	1546892251	805721991
media.mojom.VideoCaptureHost.Resume	Resume	1161860812	812100368	132622877
media.mojom.VideoCaptureHost.Start	Start	1284713943	1212185058	2117025253
media.mojom.VideoCaptureHost.Stop	Stop	294650813	1380410536	604179315
media.mojom.VideoCaptureObserver.OnBufferDestroyed	OnBufferDestroyed	1461234125	24751705	844316565
media.mojom.VideoCaptureObserver.OnBufferReady	OnBufferReady	1305975937	973455753	1360383512
media.mojom.VideoCaptureObserver.OnFrameDropped	OnFrameDropped	1307533565	1082700275	359944806
media.mojom.VideoCaptureObserver.OnNewBuffer	OnNewBuffer	94990538	2086324110	173449853
media.mojom.VideoCaptureObserver.OnNewCaptureVersion	OnNewCaptureVersion	1273406862	1494653185	978027758
media.mojom.VideoCaptureObserver.OnStateChanged	OnStateChanged	332346479	1121327224	1701512999
media.mojom.VideoDecodePerfHistory.GetPerfInfo	GetPerfInfo	1763299078	1983731302	1771311774
media.mojom.VideoDecodeStatsRecorder.StartNewRecord	StartNewRecord	1689268288	1101359390	636621758
media.mojom.VideoDecodeStatsRecorder.UpdateRecord	UpdateRecord	1921435865	1865423686	426676588
media.mojom.VideoDecoder.Construct	Construct	909872872	510102736	1232355454
media.mojom.VideoDecoder.Decode	Decode	1288262771	867624515	1208808554
media.mojom.VideoDecoder.GetSupportedConfigs	GetSupportedConfigs	941218236	608508439	1946341512
media.mojom.VideoDecoder.Initialize	Initialize	164710295	1048688176	1925838172
media.mojom.VideoDecoder.OnOverlayInfoChanged	OnOverlayInfoChanged	1445400146	1096535645	402194896
media.mojom.VideoDecoder.Reset	Reset	1914451226	622331024	2132582496
media.mojom.VideoDecoderClient.OnVideoFrameDecoded	OnVideoFrameDecoded	1292921888	1446261166	1853722650
media.mojom.VideoDecoderClient.OnWaiting	OnWaiting	1833485603	1185582626	1839933157
media.mojom.VideoDecoderClient.RequestOverlayInfo	RequestOverlayInfo	1667325508	1127725085	75294304
media.mojom.VideoEncodeAccelerator.Encode	Encode	2112191799	1557652751	145897153
media.mojom.VideoEncodeAccelerator.Flush	Flush	729528193	37324604	1735677372
media.mojom.VideoEncodeAccelerator.Initialize	Initialize	164710295	1918291278	1923543422
media.mojom.VideoEncodeAccelerator.IsFlushSupported	IsFlushSupported	1148734001	1286314396	1918363507
media.mojom.VideoEncodeAccelerator.RequestEncodingParametersChangeWithBitrate	RequestEncodingParametersChangeWithBitrate	1450815958	1740519786	689087402
media.mojom.VideoEncodeAccelerator.RequestEncodingParametersChangeWithLayers	RequestEncodingParametersChangeWithLayers	815267189	290710248	786711547
media.mojom.VideoEncodeAccelerator.UseOutputBitstreamBuffer	UseOutputBitstreamBuffer	1364014404	1138716443	1818448296
media.mojom.VideoEncodeAcceleratorClient.BitstreamBufferReady	BitstreamBufferReady	2030734201	1945481114	455522068
media.mojom.VideoEncodeAcceleratorClient.NotifyEncoderInfoChange	NotifyEncoderInfoChange	874384022	1159494550	319458670
media.mojom.VideoEncodeAcceleratorClient.NotifyErrorStatus	NotifyErrorStatus	1439354082	1307861979	739733086
media.mojom.VideoEncodeAcceleratorClient.RequireBitstreamBuffers	RequireBitstreamBuffers	2038841496	108830475	398887335
media.mojom.VideoEncodeAcceleratorProvider.CreateVideoEncodeAccelerator	CreateVideoEncodeAccelerator	1641848909	1535953118	947577865
media.mojom.VideoEncodeAcceleratorProvider.GetVideoEncodeAcceleratorSupportedProfiles	GetVideoEncodeAcceleratorSupportedProfiles	844113253	1635318360	1699575463
media.mojom.VideoEncoderMetricsProvider.Complete	Complete	1300022916	421790146	1195957568
media.mojom.VideoEncoderMetricsProvider.Initialize	Initialize	164710295	795509009	405117359
media.mojom.VideoEncoderMetricsProvider.SetEncodedFrameCount	SetEncodedFrameCount	1004984507	2093743089	682024263
media.mojom.VideoEncoderMetricsProvider.SetError	SetError	606873099	1547118738	97047362
media.mojom.VideoFrameHandleReleaser.ReleaseVideoFrame	ReleaseVideoFrame	83395900	1464160772	268555201
media.mojom.WatchTimeRecorder.FinalizeWatchTime	FinalizeWatchTime	2021719379	314307585	2061003053
media.mojom.WatchTimeRecorder.OnDurationChanged	OnDurationChanged	1287240598	287256296	874104037
media.mojom.WatchTimeRecorder.OnError	OnError	1669973012	290370884	829706354
media.mojom.WatchTimeRecorder.RecordWatchTime	RecordWatchTime	1059028604	709781380	751944075
media.mojom.WatchTimeRecorder.SetAutoplayInitiated	SetAutoplayInitiated	1980925207	1211040876	1335647829
media.mojom.WatchTimeRecorder.UpdateSecondaryProperties	UpdateSecondaryProperties	411431799	708034917	819076152
media.mojom.WatchTimeRecorder.UpdateUnderflowCount	UpdateUnderflowCount	1053230677	734885944	801464004
media.mojom.WatchTimeRecorder.UpdateUnderflowDuration	UpdateUnderflowDuration	23372128	431939510	1238975323
media.mojom.WatchTimeRecorder.UpdateVideoDecodeStats	UpdateVideoDecodeStats	624008590	1202722137	763137263
media.mojom.WebrtcVideoPerfHistory.GetPerfInfo	GetPerfInfo	1763299078	1934686326	995957153
media.mojom.WebrtcVideoPerfRecorder.UpdateRecord	UpdateRecord	1921435865	911552209	2027782513
media_router.mojom.Debugger.BindReceiver	BindReceiver	791797095	196505647	607381468
media_router.mojom.Debugger.OnMirroringStats	OnMirroringStats	70298602	1298761449	1820454811
media_router.mojom.Debugger.ShouldFetchMirroringStats	ShouldFetchMirroringStats	809681008	331710226	1367168440
media_router.mojom.Logger.BindReceiver	BindReceiver	791797095	604239183	645953797
media_router.mojom.Logger.LogError	LogError	1744858117	1294099316	1428941974
media_router.mojom.Logger.LogInfo	LogInfo	671280921	15566752	206038920
media_router.mojom.Logger.LogWarning	LogWarning	838616531	8841830	118004827
media_router.mojom.MediaController.NextTrack	NextTrack	762515615	1900912942	147526446
media_router.mojom.MediaController.Pause	Pause	948110021	164888336	1282527180
media_router.mojom.MediaController.Play	Play	761969055	974699742	1805174874
media_router.mojom.MediaController.PreviousTrack	PreviousTrack	1624884139	1068921930	702507778
media_router.mojom.MediaController.Seek	Seek	191572457	149541259	2040308558
media_router.mojom.MediaController.SetMute	SetMute	110937052	425226051	86291378
media_router.mojom.MediaController.SetVolume	SetVolume	1190936981	553950552	1024096149
media_router.mojom.MediaRouteProvider.BindMediaController	BindMediaController	382711860	2059236021	1907306667
media_router.mojom.MediaRouteProvider.CreateRoute	CreateRoute	267071652	1498713788	1425535555
media_router.mojom.MediaRouteProvider.DetachRoute	DetachRoute	1000596495	198454907	1273008427
media_router.mojom.MediaRouteProvider.DiscoverSinksNow	DiscoverSinksNow	557514908	1479886009	1178577499
media_router.mojom.MediaRouteProvider.GetState	GetState	1354018142	1264816831	1495352572
media_router.mojom.MediaRouteProvider.JoinRoute	JoinRoute	442222892	78247767	884597813
media_router.mojom.MediaRouteProvider.SendRouteBinaryMessage	SendRouteBinaryMessage	59453318	896319221	535451870
media_router.mojom.MediaRouteProvider.SendRouteMessage	SendRouteMessage	661190891	521714748	1466237351
media_router.mojom.MediaRouteProvider.StartObservingMediaRoutes	StartObservingMediaRoutes	258256290	746155543	655381434
media_router.mojom.MediaRouteProvider.StartObservingMediaSinks	StartObservingMediaSinks	2026706788	499770506	1710829504
media_router.mojom.MediaRouteProvider.StopObservingMediaSinks	StopObservingMediaSinks	916114498	1104740520	668657835
media_router.mojom.MediaRouteProvider.TerminateRoute	TerminateRoute	1447216089	1829980434	720328016
media_router.mojom.MediaRouter.ClearTopIssueForSink	ClearTopIssueForSink	2053207394	398359069	1071778050
media_router.mojom.MediaRouter.GetDebugger	GetDebugger	655490742	301616052	1769860229
media_router.mojom.MediaRouter.GetLogger	GetLogger	2082932779	816211446	1789278781
media_router.mojom.MediaRouter.GetLogsAsString	GetLogsAsString	374776949	354682294	1429556264
media_router.mojom.MediaRouter.GetMediaSinkServiceStatus	GetMediaSinkServiceStatus	1663731535	1901051676	912989771
media_router.mojom.MediaRouter.OnIssue	OnIssue	1959532499	2119984835	194326488
media_router.mojom.MediaRouter.OnPresentationConnectionClosed	OnPresentationConnectionClosed	2103620034	2107375041	1762367738
media_router.mojom.MediaRouter.OnPresentationConnectionStateChanged	OnPresentationConnectionStateChanged	703107055	715410130	288735163
media_router.mojom.MediaRouter.OnRouteMessagesReceived	OnRouteMessagesReceived	2109277620	1390227081	1349331882
media_router.mojom.MediaRouter.OnRoutesUpdated	OnRoutesUpdated	2072605117	1493291312	2009689455
media_router.mojom.MediaRouter.OnSinksReceived	OnSinksReceived	1806969951	1072244444	226592492
media_router.mojom.MediaRouter.RegisterMediaRouteProvider	RegisterMediaRouteProvider	919459222	1767028844	1912340755
media_router.mojom.MediaRouterTraitsTestService.EchoMediaSink	EchoMediaSink	771611855	965180475	631088332
media_router.mojom.MediaStatusObserver.OnMediaStatusUpdated	OnMediaStatusUpdated	167416145	2119995849	123147898
media_session.mojom.AudioFocusManager.AddObserver	AddObserver	2130361764	1203860780	2
media_session.mojom.AudioFocusManager.AddSourceObserver	AddSourceObserver	1640988467	556920516	7
media_session.mojom.AudioFocusManager.FlushForTesting	FlushForTesting	1907143462	883335785	12
media_session.mojom.AudioFocusManager.GetFocusRequests	GetFocusRequests	1257683867	2067137167	1
media_session.mojom.AudioFocusManager.GetSourceFocusRequests	GetSourceFocusRequests	777327654	1307953871	8
media_session.mojom.AudioFocusManager.RequestAudioFocus	RequestAudioFocus	1005263162	1717599611	0
media_session.mojom.AudioFocusManager.RequestGroupedAudioFocus	RequestGroupedAudioFocus	507059356	141879574	4
media_session.mojom.AudioFocusManager.RequestIdReleased	RequestIdReleased	43017042	2068031302	9
media_session.mojom.AudioFocusManager.SetEnforcementMode	SetEnforcementMode	2061132690	995674088	5
media_session.mojom.AudioFocusManager.SetSource	SetSource	1880756680	854549281	6
media_session.mojom.AudioFocusManager.StartDuckingAllAudio	StartDuckingAllAudio	1349560101	1890366374	10
media_session.mojom.AudioFocusManager.StopDuckingAllAudio	StopDuckingAllAudio	1691306995	386092954	11
media_session.mojom.AudioFocusManagerDebug.GetDebugInfoForRequest	GetDebugInfoForRequest	860420664	724999850	0
media_session.mojom.AudioFocusObserver.OnFocusGained	OnFocusGained	1179334664	797414694	0
media_session.mojom.AudioFocusObserver.OnFocusLost	OnFocusLost	137087612	1965804202	1
media_session.mojom.AudioFocusObserver.OnRequestIdReleased	OnRequestIdReleased	174105663	1115614652	2
media_session.mojom.AudioFocusRequestClient.AbandonAudioFocus	AbandonAudioFocus	1415411038	21961584	1
media_session.mojom.AudioFocusRequestClient.MediaSessionInfoChanged	MediaSessionInfoChanged	1225667543	2077835841	2
media_session.mojom.AudioFocusRequestClient.RequestAudioFocus	RequestAudioFocus	1005263162	1617159376	0
media_session.mojom.MediaController.AddObserver	AddObserver	2130361764	1597353855	4
media_session.mojom.MediaController.EnterAutoPictureInPicture	EnterAutoPictureInPicture	1089093307	412201783	20
media_session.mojom.MediaController.EnterPictureInPicture	EnterPictureInPicture	2021320166	1433109928	11
media_session.mojom.MediaController.ExitPictureInPicture	ExitPictureInPicture	1870489434	1623334606	12
media_session.mojom.MediaController.HangUp	HangUp	1550444850	911078722	16
media_session.mojom.MediaController.NextTrack	NextTrack	762515615	266705939	6
media_session.mojom.MediaController.ObserveImages	ObserveImages	377146413	921059866	8
media_session.mojom.MediaController.PreviousTrack	PreviousTrack	1624884139	782232183	5
media_session.mojom.MediaController.Raise	Raise	2115762147	829327723	17
media_session.mojom.MediaController.RequestMediaRemoting	RequestMediaRemoting	1113939143	967775409	19
media_session.mojom.MediaController.Resume	Resume	1161860812	632789680	1
media_session.mojom.MediaController.SaveVideoFrame	SaveVideoFrame	2016299046	1826642574	22
media_session.mojom.MediaController.ScrubTo	ScrubTo	765781721	927614678	10
media_session.mojom.MediaController.Seek	Seek	191572457	1145607644	7
media_session.mojom.MediaController.SeekTo	SeekTo	2126443810	2048763817	9
media_session.mojom.MediaController.SetAudioSinkId	SetAudioSinkId	371766801	2020010629	13
media_session.mojom.MediaController.SetMute	SetMute	110937052	1538853298	18
media_session.mojom.MediaController.SkipAd	SkipAd	1877192379	903436301	21
media_session.mojom.MediaController.Stop	Stop	294650813	1453784339	2
media_session.mojom.MediaController.Suspend	Suspend	862068935	1499272311	0
media_session.mojom.MediaController.ToggleCamera	ToggleCamera	1932265372	790300984	15
media_session.mojom.MediaController.ToggleMicrophone	ToggleMicrophone	508100585	410900807	14
media_session.mojom.MediaController.ToggleSuspendResume	ToggleSuspendResume	564774610	2042093344	3
media_session.mojom.MediaControllerImageObserver.MediaControllerChapterImageChanged	MediaControllerChapterImageChanged	428173079	1103349375	1
media_session.mojom.MediaControllerImageObserver.MediaControllerImageChanged	MediaControllerImageChanged	633057258	880175843	0
media_session.mojom.MediaControllerManager.CreateActiveMediaController	CreateActiveMediaController	1978193321	61466022	1
media_session.mojom.MediaControllerManager.CreateMediaControllerForSession	CreateMediaControllerForSession	1116108236	186712636	0
media_session.mojom.MediaControllerManager.SuspendAllSessions	SuspendAllSessions	1564941139	390707636	2
media_session.mojom.MediaControllerObserver.MediaSessionActionsChanged	MediaSessionActionsChanged	1323950838	811945623	2
media_session.mojom.MediaControllerObserver.MediaSessionChanged	MediaSessionChanged	1724628835	1543363767	3
media_session.mojom.MediaControllerObserver.MediaSessionInfoChanged	MediaSessionInfoChanged	1225667543	1831504640	0
media_session.mojom.MediaControllerObserver.MediaSessionMetadataChanged	MediaSessionMetadataChanged	271216686	1647237680	1
media_session.mojom.MediaControllerObserver.MediaSessionPositionChanged	MediaSessionPositionChanged	1243200396	588788776	4
media_session.mojom.MediaSession.AddObserver	AddObserver	2130361764	1148332679	6
media_session.mojom.MediaSession.EnterAutoPictureInPicture	EnterAutoPictureInPicture	1089093307	1493207011	26
media_session.mojom.MediaSession.EnterPictureInPicture	EnterPictureInPicture	2021320166	483509868	15
media_session.mojom.MediaSession.ExitPictureInPicture	ExitPictureInPicture	1870489434	1596992746	16
media_session.mojom.MediaSession.GetDebugInfo	GetDebugInfo	1511797144	1767232911	1
media_session.mojom.MediaSession.GetMediaImageBitmap	GetMediaImageBitmap	278408813	1078953879	12
media_session.mojom.MediaSession.GetMediaSessionInfo	GetMediaSessionInfo	1994401091	1695387141	0
media_session.mojom.MediaSession.GetVisibility	GetVisibility	1825406011	1646857155	27
media_session.mojom.MediaSession.HangUp	HangUp	1550444850	1078453038	20
media_session.mojom.MediaSession.NextSlide	NextSlide	617741169	1704796809	25
media_session.mojom.MediaSession.NextTrack	NextTrack	762515615	1089420447	8
media_session.mojom.MediaSession.PreviousSlide	PreviousSlide	1533616333	1203676229	24
media_session.mojom.MediaSession.PreviousTrack	PreviousTrack	1624884139	2044802699	7
media_session.mojom.MediaSession.Raise	Raise	2115762147	949534527	21
media_session.mojom.MediaSession.RequestMediaRemoting	RequestMediaRemoting	1113939143	1445748397	23
media_session.mojom.MediaSession.Resume	Resume	1161860812	1762551614	5
media_session.mojom.MediaSession.SaveVideoFrame	SaveVideoFrame	2016299046	1454898122	28
media_session.mojom.MediaSession.ScrubTo	ScrubTo	765781721	1657298034	14
media_session.mojom.MediaSession.Seek	Seek	191572457	1815011752	9
media_session.mojom.MediaSession.SeekTo	SeekTo	2126443810	1974689173	13
media_session.mojom.MediaSession.SetAudioSinkId	SetAudioSinkId	371766801	606552617	17
media_session.mojom.MediaSession.SetMute	SetMute	110937052	1061127158	22
media_session.mojom.MediaSession.SkipAd	SkipAd	1877192379	2003118665	11
media_session.mojom.MediaSession.StartDucking	StartDucking	2028593440	1754078252	2
media_session.mojom.MediaSession.Stop	Stop	294650813	934702711	10
media_session.mojom.MediaSession.StopDucking	StopDucking	721625426	354094328	3
media_session.mojom.MediaSession.Suspend	Suspend	862068935	843773243	4
media_session.mojom.MediaSession.ToggleCamera	ToggleCamera	1932265372	776276636	19
media_session.mojom.MediaSession.ToggleMicrophone	ToggleMicrophone	508100585	2012366739	18
media_session.mojom.MediaSessionObserver.MediaSessionActionsChanged	MediaSessionActionsChanged	1323950838	1058908851	2
media_session.mojom.MediaSessionObserver.MediaSessionImagesChanged	MediaSessionImagesChanged	1590329141	1243706506	3
media_session.mojom.MediaSessionObserver.MediaSessionInfoChanged	MediaSessionInfoChanged	1225667543	1514311395	0
media_session.mojom.MediaSessionObserver.MediaSessionMetadataChanged	MediaSessionMetadataChanged	271216686	357966500	1
media_session.mojom.MediaSessionObserver.MediaSessionPositionChanged	MediaSessionPositionChanged	1243200396	142848508	4
media_session.mojom.MediaSessionService.Bind	Bind	714694664	423848148	3
media_session.mojom.MediaSessionService.BindAudioFocusManager	BindAudioFocusManager	1991235895	1338991037	0
media_session.mojom.MediaSessionService.BindAudioFocusManagerDebug	BindAudioFocusManagerDebug	1368425176	1464958571	1
media_session.mojom.MediaSessionService.BindMediaControllerManager	BindMediaControllerManager	83768817	527224439	2
memory_instrumentation.mojom.ClientProcess.RequestChromeMemoryDump	RequestChromeMemoryDump	1421064013	1172807555	916162945
memory_instrumentation.mojom.ClientProcess.RequestOSMemoryDump	RequestOSMemoryDump	20945101	799742162	1672606189
memory_instrumentation.mojom.Coordinator.RequestGlobalMemoryDump	RequestGlobalMemoryDump	45401906	1120441517	1851185178
memory_instrumentation.mojom.Coordinator.RequestGlobalMemoryDumpAndAppendToTrace	RequestGlobalMemoryDumpAndAppendToTrace	1233745861	606933326	232081386
memory_instrumentation.mojom.Coordinator.RequestGlobalMemoryDumpForPid	RequestGlobalMemoryDumpForPid	1768671598	2134363375	1854446772
memory_instrumentation.mojom.Coordinator.RequestPrivateMemoryFootprint	RequestPrivateMemoryFootprint	2014825221	317101998	1058232834
memory_instrumentation.mojom.CoordinatorConnector.RegisterCoordinatorClient	RegisterCoordinatorClient	1360129605	98999828	1796026366
metrics.dwa.mojom.DwaRecorderFactory.CreateDwaRecorder	CreateDwaRecorder	2125578301	1581881767	1529828558
metrics.dwa.mojom.DwaRecorderInterface.AddEntry	AddEntry	806933670	35287851	1248562982
metrics.mojom.CallStackProfileCollector.Collect	Collect	1826108521	1967786897	989215630
metrics.mojom.CallStackProfileCollectorTest.BounceSampledProfile	BounceSampledProfile	392792756	1248373800	1144694505
metrics.mojom.ChildHistogramFetcher.GetChildNonPersistentHistogramData	GetChildNonPersistentHistogramData	516080843	22903862	161113188
metrics.mojom.ChildHistogramFetcher.Ping	Ping	1450292817	1052187468	265669445
metrics.mojom.ChildHistogramFetcherFactory.CreateFetcher	CreateFetcher	2029376510	225904005	652890387
metrics.mojom.SingleSampleMetric.SetSample	SetSample	1445384989	653237553	1365069148
metrics.mojom.SingleSampleMetricsProvider.AcquireSingleSampleMetric	AcquireSingleSampleMetric	705158297	579601761	1954543315
metrics_reporter.mojom.PageMetrics.OnClearMark	OnClearMark	1579777842	2144554489	1979098793
metrics_reporter.mojom.PageMetrics.OnGetMark	OnGetMark	403902493	1248417784	1217507413
metrics_reporter.mojom.PageMetricsHost.OnClearMark	OnClearMark	1579777842	1943756375	346836507
metrics_reporter.mojom.PageMetricsHost.OnGetMark	OnGetMark	403902493	2077788354	1404673384
metrics_reporter.mojom.PageMetricsHost.OnPageRemoteCreated	OnPageRemoteCreated	1409084443	1236300410	639927374
metrics_reporter.mojom.PageMetricsHost.OnUmaReportTime	OnUmaReportTime	1205541300	846666034	137111198
midi.mojom.MidiSession.SendData	SendData	308366547	1138807417	1464034977
midi.mojom.MidiSessionClient.AcknowledgeSentData	AcknowledgeSentData	1329381913	1674890494	1994276265
midi.mojom.MidiSessionClient.AddInputPort	AddInputPort	1119440435	1533269842	570131563
midi.mojom.MidiSessionClient.AddOutputPort	AddOutputPort	2062736700	1087421917	1594581506
midi.mojom.MidiSessionClient.DataReceived	DataReceived	388996632	945822929	867401680
midi.mojom.MidiSessionClient.SessionStarted	SessionStarted	933606222	1164033663	1247295128
midi.mojom.MidiSessionClient.SetInputPortState	SetInputPortState	1973848003	777399610	1682700762
midi.mojom.MidiSessionClient.SetOutputPortState	SetOutputPortState	965597344	1840610889	860522655
midi.mojom.MidiSessionProvider.StartSession	StartSession	797977277	625769405	1524561509
mirroring.mojom.AudioStreamCreatorClient.StreamCreated	StreamCreated	1721587491	543574064	1222594404
mirroring.mojom.CastMessageChannel.OnMessage	OnMessage	1164768219	1954607162	1135272399
mirroring.mojom.MirroringService.GetMirroringStats	GetMirroringStats	1140373539	1022396916	1422320357
mirroring.mojom.MirroringService.Start	Start	1284713943	403098348	1774082285
mirroring.mojom.MirroringService.SwitchMirroringSourceTab	SwitchMirroringSourceTab	494432528	1260298242	491542910
mirroring.mojom.ResourceProvider.BindGpu	BindGpu	1794465202	1592069721	1528177284
mirroring.mojom.ResourceProvider.ConnectToRemotingSource	ConnectToRemotingSource	431268430	1570158110	1538163779
mirroring.mojom.ResourceProvider.CreateAudioStream	CreateAudioStream	815558777	372435338	70029084
mirroring.mojom.ResourceProvider.GetSocketFactory	GetSocketFactory	1892404306	559031441	1826706770
mirroring.mojom.ResourceProvider.GetVideoCaptureHost	GetVideoCaptureHost	853614060	1310599567	306969423
mirroring.mojom.ResourceProvider.GetVideoEncoderMetricsProvider	GetVideoEncoderMetricsProvider	1009659668	638697679	2112604347
mirroring.mojom.SessionObserver.DidStart	DidStart	779557512	1026582596	452870063
mirroring.mojom.SessionObserver.DidStop	DidStop	1826117332	1650265290	1898058393
mirroring.mojom.SessionObserver.LogErrorMessage	LogErrorMessage	271367754	836279059	520792788
mirroring.mojom.SessionObserver.LogInfoMessage	LogInfoMessage	983287478	865326537	685926324
mirroring.mojom.SessionObserver.OnError	OnError	1669973012	974601518	551481102
mirroring.mojom.SessionObserver.OnRemotingStateChanged	OnRemotingStateChanged	1619866712	896535252	1141097560
mirroring.mojom.SessionObserver.OnSourceChanged	OnSourceChanged	1903493831	523979567	452095947
mojo_base.mojom.Binder.Bind	Bind	714694664	1067583115	0
mojom.BluetoothBtsnoop.Stop	Stop	294650813	1192526641	1562598871
mojom.BluetoothInternalsHandler.CheckSystemPermissions	CheckSystemPermissions	1409058980	840766003	1019329295
mojom.BluetoothInternalsHandler.GetAdapter	GetAdapter	565198296	961048173	2131887098
mojom.BluetoothInternalsHandler.GetDebugLogsChangeHandler	GetDebugLogsChangeHandler	405949423	628804863	1188644396
mojom.BluetoothInternalsHandler.IsBtsnoopFeatureEnabled	IsBtsnoopFeatureEnabled	130639803	1271239306	1374747188
mojom.BluetoothInternalsHandler.RequestLocationServices	RequestLocationServices	2130032601	1274023404	1845922609
mojom.BluetoothInternalsHandler.RequestSystemPermissions	RequestSystemPermissions	1812413469	785365416	461198445
mojom.BluetoothInternalsHandler.StartBtsnoop	StartBtsnoop	839743712	323720059	1637872480
mojom.DebugLogsChangeHandler.ChangeDebugLogsState	ChangeDebugLogsState	1357052822	189322615	1608080542
mojom.LocationInternalsHandler.BindInternalsInterface	BindInternalsInterface	1605512279	673445376	218318368
mojom.ModuleEventSink.OnModuleEvents	OnModuleEvents	1417168609	34506830	2012234090
mojom.OmniboxPage.HandleAnswerIconImageData	HandleAnswerIconImageData	356257397	1331939216	1380512115
mojom.OmniboxPage.HandleNewAutocompleteQuery	HandleNewAutocompleteQuery	373720113	1647112201	954455737
mojom.OmniboxPage.HandleNewAutocompleteResponse	HandleNewAutocompleteResponse	1003255850	461490551	33882479
mojom.OmniboxPage.HandleNewMlResponse	HandleNewMlResponse	653364321	903773964	1193358771
mojom.OmniboxPageHandler.GetMlModelVersion	GetMlModelVersion	1539609653	485095821	1245478646
mojom.OmniboxPageHandler.SetClientPage	SetClientPage	1920849927	1665079038	26009834
mojom.OmniboxPageHandler.StartMl	StartMl	350479172	673996596	1795404168
mojom.OmniboxPageHandler.StartOmniboxQuery	StartOmniboxQuery	1797303321	924235395	443703001
mojom.PageHandlerFactory.CreateWebAppInternalsHandler	CreateWebAppInternalsHandler	2073787000	1167548564	1049712340
mojom.ProcessInternalsHandler.GetAllWebContentsInfo	GetAllWebContentsInfo	385500208	1059766508	1345141511
mojom.ProcessInternalsHandler.GetGloballyIsolatedOrigins	GetGloballyIsolatedOrigins	1979077787	610750396	993477668
mojom.ProcessInternalsHandler.GetIsolationMode	GetIsolationMode	1330087212	237385433	1497917717
mojom.ProcessInternalsHandler.GetProcessCountInfo	GetProcessCountInfo	865549623	1650214174	2144954033
mojom.ProcessInternalsHandler.GetProcessPerSiteMode	GetProcessPerSiteMode	2050150023	722454998	1805088842
mojom.ProcessInternalsHandler.GetUserTriggeredIsolatedOrigins	GetUserTriggeredIsolatedOrigins	1812482765	583850219	755385996
mojom.ProcessInternalsHandler.GetWebTriggeredIsolatedOrigins	GetWebTriggeredIsolatedOrigins	1151423040	1862274008	1276666014
mojom.ResetPasswordHandler.HandlePasswordReset	HandlePasswordReset	1137291545	126531492	1636893987
mojom.UsbInternalsPageHandler.BindTestInterface	BindTestInterface	1370271109	1064459797	1325957180
mojom.UsbInternalsPageHandler.BindUsbDeviceManagerInterface	BindUsbDeviceManagerInterface	349427558	1153726250	1297258940
mojom.WebAppInternalsHandler.GetDebugInfoAsJsonString	GetDebugInfoAsJsonString	398597649	1862252696	88168480
mojom.WebEngineMediaResourceProvider.CreateAudioConsumer	CreateAudioConsumer	1797802353	1499811681	600796010
mojom.WebEngineMediaResourceProvider.ShouldUseAudioConsumer	ShouldUseAudioConsumer	1153422929	1724532029	1841742997
mojom.app_service_internals.AppServiceInternalsPageHandler.GetDebugInfo	GetDebugInfo	1511797144	494915727	811345834
mojom.user_education_internals.UserEducationInternalsPageHandler.ClearFeaturePromoData	ClearFeaturePromoData	20591031	1905916473	109744317
mojom.user_education_internals.UserEducationInternalsPageHandler.ClearNewBadgeData	ClearNewBadgeData	651610007	139241481	799157876
mojom.user_education_internals.UserEducationInternalsPageHandler.ClearNonIphPromoData	ClearNonIphPromoData	1122833247	1554578423	2011825730
mojom.user_education_internals.UserEducationInternalsPageHandler.ClearNtpPromoData	ClearNtpPromoData	9506151	218894405	1905413857
mojom.user_education_internals.UserEducationInternalsPageHandler.ClearNtpPromoPreferences	ClearNtpPromoPreferences	991019375	833607892	645812477
mojom.user_education_internals.UserEducationInternalsPageHandler.ClearSessionData	ClearSessionData	2007444652	1271606145	1845318062
mojom.user_education_internals.UserEducationInternalsPageHandler.ClearWhatsNewData	ClearWhatsNewData	1937218073	1196742728	668399213
mojom.user_education_internals.UserEducationInternalsPageHandler.ForceNewSession	ForceNewSession	38573840	453359215	328932
mojom.user_education_internals.UserEducationInternalsPageHandler.GetFeaturePromos	GetFeaturePromos	2097738975	351455323	1480163770
mojom.user_education_internals.UserEducationInternalsPageHandler.GetNewBadges	GetNewBadges	685206059	1581402703	1730405165
mojom.user_education_internals.UserEducationInternalsPageHandler.GetNonIphPromos	GetNonIphPromos	1545390357	1535479515	1612870555
mojom.user_education_internals.UserEducationInternalsPageHandler.GetNtpPromoPreferences	GetNtpPromoPreferences	1405530210	1936902526	271338095
mojom.user_education_internals.UserEducationInternalsPageHandler.GetNtpPromos	GetNtpPromos	1647484503	849976383	632424770
mojom.user_education_internals.UserEducationInternalsPageHandler.GetSessionData	GetSessionData	34301137	999784113	1956835808
mojom.user_education_internals.UserEducationInternalsPageHandler.GetTutorials	GetTutorials	1483767608	1769914752	1595805883
mojom.user_education_internals.UserEducationInternalsPageHandler.GetWhatsNewEditions	GetWhatsNewEditions	2144945535	831219413	1208586073
mojom.user_education_internals.UserEducationInternalsPageHandler.GetWhatsNewModules	GetWhatsNewModules	297251097	1585967591	1791212060
mojom.user_education_internals.UserEducationInternalsPageHandler.IsFeatureEngagementInitialized	IsFeatureEngagementInitialized	560158858	1770599208	669820933
mojom.user_education_internals.UserEducationInternalsPageHandler.LaunchWhatsNewStaging	LaunchWhatsNewStaging	126031048	805490920	1327243598
mojom.user_education_internals.UserEducationInternalsPageHandler.RemoveGracePeriods	RemoveGracePeriods	255502243	1666503188	1371751893
mojom.user_education_internals.UserEducationInternalsPageHandler.ShowFeaturePromo	ShowFeaturePromo	434429465	635763181	460547524
mojom.user_education_internals.UserEducationInternalsPageHandler.StartTutorial	StartTutorial	77647653	2129267591	527274024
mojom.user_education_internals.UserEducationInternalsPageHandler.UpdateWhatsNewVersionOverride	UpdateWhatsNewVersionOverride	1864798657	826417599	1156011280
most_visited.mojom.MostVisitedPage.OnMostVisitedTilesAutoRemoval	OnMostVisitedTilesAutoRemoval	1692397925	456495030	44429114
most_visited.mojom.MostVisitedPage.SetMostVisitedInfo	SetMostVisitedInfo	2041344100	1824616095	1768264977
most_visited.mojom.MostVisitedPageHandler.AddMostVisitedTile	AddMostVisitedTile	1474421559	64914598	66966738
most_visited.mojom.MostVisitedPageHandler.CancelPrerender	CancelPrerender	136777594	592921265	1675549913
most_visited.mojom.MostVisitedPageHandler.DeleteMostVisitedTile	DeleteMostVisitedTile	527244521	1254008392	2058964024
most_visited.mojom.MostVisitedPageHandler.GetMostVisitedExpandedState	GetMostVisitedExpandedState	164536914	1881660637	968300511
most_visited.mojom.MostVisitedPageHandler.OnMostVisitedTileNavigation	OnMostVisitedTileNavigation	109107393	766144153	641862839
most_visited.mojom.MostVisitedPageHandler.OnMostVisitedTilesRendered	OnMostVisitedTilesRendered	1930214285	1664320194	323801177
most_visited.mojom.MostVisitedPageHandler.PreconnectMostVisitedTile	PreconnectMostVisitedTile	1530774155	1880523066	730321837
most_visited.mojom.MostVisitedPageHandler.PrefetchMostVisitedTile	PrefetchMostVisitedTile	1877283405	2040145444	1844808426
most_visited.mojom.MostVisitedPageHandler.PrerenderMostVisitedTile	PrerenderMostVisitedTile	257644965	1650877836	1587330934
most_visited.mojom.MostVisitedPageHandler.ReorderMostVisitedTile	ReorderMostVisitedTile	2073896411	1851570586	74459945
most_visited.mojom.MostVisitedPageHandler.RestoreMostVisitedDefaults	RestoreMostVisitedDefaults	710467568	1837838021	1597551776
most_visited.mojom.MostVisitedPageHandler.SetMostVisitedExpandedState	SetMostVisitedExpandedState	318411022	959239657	448872805
most_visited.mojom.MostVisitedPageHandler.UndoMostVisitedAutoRemoval	UndoMostVisitedAutoRemoval	1282933871	1306795074	1979224282
most_visited.mojom.MostVisitedPageHandler.UndoMostVisitedTileAction	UndoMostVisitedTileAction	450081326	1811713699	1289191532
most_visited.mojom.MostVisitedPageHandler.UpdateMostVisitedInfo	UpdateMostVisitedInfo	1885026751	1225917778	1730166072
most_visited.mojom.MostVisitedPageHandler.UpdateMostVisitedTile	UpdateMostVisitedTile	724989467	1036542588	134554517
most_visited.mojom.MostVisitedPageHandlerFactory.CreatePageHandler	CreatePageHandler	1491630672	2063957872	1062181542
multistep_filter_internals.mojom.Page.OnLogEntryAdded	OnLogEntryAdded	1139098538	98218027	214405140
multistep_filter_internals.mojom.PageHandler.GetBufferedLogs	GetBufferedLogs	1842129047	118256337	2074422509
multistep_filter_internals.mojom.PageHandler.GetDebugInfo	GetDebugInfo	1511797144	82009500	1260698065
multistep_filter_internals.mojom.PageHandlerFactory.CreatePageHandler	CreatePageHandler	1491630672	2033174788	1049712340
nearby.connections.mojom.ConnectionLifecycleListener.OnBandwidthChanged	OnBandwidthChanged	1078093291	135311107	1404331859
nearby.connections.mojom.ConnectionLifecycleListener.OnConnectionAccepted	OnConnectionAccepted	1584559989	2110430055	942717988
nearby.connections.mojom.ConnectionLifecycleListener.OnConnectionInitiated	OnConnectionInitiated	403911169	840514036	1723742583
nearby.connections.mojom.ConnectionLifecycleListener.OnConnectionRejected	OnConnectionRejected	1556794636	169703683	412040885
nearby.connections.mojom.ConnectionLifecycleListener.OnDisconnected	OnDisconnected	1557580383	749159125	331385065
nearby.connections.mojom.ConnectionListenerV3.OnBandwidthChangedV3	OnBandwidthChangedV3	1671648982	881404867	1676713595
nearby.connections.mojom.ConnectionListenerV3.OnConnectionInitiatedV3	OnConnectionInitiatedV3	1102465836	120911321	1084825687
nearby.connections.mojom.ConnectionListenerV3.OnConnectionResultV3	OnConnectionResultV3	286860608	1787362006	1289420681
nearby.connections.mojom.ConnectionListenerV3.OnDisconnectedV3	OnDisconnectedV3	1833484786	639687785	536241556
nearby.connections.mojom.EndpointDiscoveryListener.OnEndpointFound	OnEndpointFound	729237595	1789394748	483788240
nearby.connections.mojom.EndpointDiscoveryListener.OnEndpointLost	OnEndpointLost	1909470247	1814616702	858811410
nearby.connections.mojom.NearbyConnections.AcceptConnection	AcceptConnection	844085441	607771879	1336763086
nearby.connections.mojom.NearbyConnections.AcceptConnectionV3	AcceptConnectionV3	1782597228	172105480	1598564637
nearby.connections.mojom.NearbyConnections.CancelPayload	CancelPayload	1921569203	738728801	2065469087
nearby.connections.mojom.NearbyConnections.DisconnectFromDeviceV3	DisconnectFromDeviceV3	1554673980	1343106585	972390593
nearby.connections.mojom.NearbyConnections.DisconnectFromEndpoint	DisconnectFromEndpoint	2123238756	2017647180	576610509
nearby.connections.mojom.NearbyConnections.InitiateBandwidthUpgrade	InitiateBandwidthUpgrade	171603721	904372773	1965319050
nearby.connections.mojom.NearbyConnections.InjectBluetoothEndpoint	InjectBluetoothEndpoint	1144102367	1787036483	1421304745
nearby.connections.mojom.NearbyConnections.RegisterPayloadFile	RegisterPayloadFile	1833943642	130033568	1436818004
nearby.connections.mojom.NearbyConnections.RegisterServiceWithPresenceDeviceProvider	RegisterServiceWithPresenceDeviceProvider	759832001	893132655	911611731
nearby.connections.mojom.NearbyConnections.RejectConnection	RejectConnection	1110174468	736604140	370576927
nearby.connections.mojom.NearbyConnections.RejectConnectionV3	RejectConnectionV3	1309343197	2117442682	1137571128
nearby.connections.mojom.NearbyConnections.RequestConnection	RequestConnection	68424808	342508950	1149716646
nearby.connections.mojom.NearbyConnections.RequestConnectionV3	RequestConnectionV3	214320025	2001630812	1694353598
nearby.connections.mojom.NearbyConnections.SendPayload	SendPayload	420341715	189112087	335598202
nearby.connections.mojom.NearbyConnections.StartAdvertising	StartAdvertising	2023924579	1722687768	1488418044
nearby.connections.mojom.NearbyConnections.StartDiscovery	StartDiscovery	651977543	1778885834	976642220
nearby.connections.mojom.NearbyConnections.StopAdvertising	StopAdvertising	1559962785	968783990	1896622537
nearby.connections.mojom.NearbyConnections.StopAllEndpoints	StopAllEndpoints	1557180884	1539574737	599602106
nearby.connections.mojom.NearbyConnections.StopDiscovery	StopDiscovery	953811693	1047010922	454144522
nearby.connections.mojom.PayloadListener.OnPayloadReceived	OnPayloadReceived	953772825	992308770	1687653409
nearby.connections.mojom.PayloadListener.OnPayloadTransferUpdate	OnPayloadTransferUpdate	1964153782	908126173	1829005210
nearby.connections.mojom.PayloadListenerV3.OnPayloadReceivedV3	OnPayloadReceivedV3	745036868	1825012322	644542916
nearby.connections.mojom.PayloadListenerV3.OnPayloadTransferUpdateV3	OnPayloadTransferUpdateV3	1883445903	868176401	820016858
nearby_share.mojom.ConfirmationManager.Accept	Accept	1991217713	182817817	1257314872
nearby_share.mojom.ConfirmationManager.Cancel	Cancel	1287471363	765604431	1057975036
nearby_share.mojom.ConfirmationManager.Reject	Reject	1634005972	1757569350	1542945818
nearby_share.mojom.ContactManager.AddDownloadContactsObserver	AddDownloadContactsObserver	2004087879	1366736904	1840667276
nearby_share.mojom.ContactManager.DownloadContacts	DownloadContacts	1371550430	1036798569	284517868
nearby_share.mojom.ContactManager.SetAllowedContacts	SetAllowedContacts	1703279462	309783761	285855599
nearby_share.mojom.DiscoveryManager.AddDiscoveryObserver	AddDiscoveryObserver	820300210	1501781290	760647111
nearby_share.mojom.DiscoveryManager.GetPayloadPreview	GetPayloadPreview	388760081	252565500	218671348
nearby_share.mojom.DiscoveryManager.SelectShareTarget	SelectShareTarget	1110617741	456366641	976862550
nearby_share.mojom.DiscoveryManager.StartDiscovery	StartDiscovery	651977543	1435490042	1200391854
nearby_share.mojom.DiscoveryManager.StopDiscovery	StopDiscovery	953811693	790969770	1741099177
nearby_share.mojom.DiscoveryObserver.OnNearbyProcessStopped	OnNearbyProcessStopped	488334369	1107018213	1564860731
nearby_share.mojom.DiscoveryObserver.OnStartDiscoveryResult	OnStartDiscoveryResult	1423468399	557062739	215716879
nearby_share.mojom.DownloadContactsObserver.OnContactsDownloadFailed	OnContactsDownloadFailed	151689382	1412185757	2131151902
nearby_share.mojom.DownloadContactsObserver.OnContactsDownloaded	OnContactsDownloaded	1957917442	88311684	1288967254
nearby_share.mojom.NearbyShareSettings.AddSettingsObserver	AddSettingsObserver	1706319851	1101940618	1658782546
nearby_share.mojom.NearbyShareSettings.GetAllowedContacts	GetAllowedContacts	1949773274	317570265	1463803319
nearby_share.mojom.NearbyShareSettings.GetDataUsage	GetDataUsage	918251252	1178845782	1812522129
nearby_share.mojom.NearbyShareSettings.GetDeviceName	GetDeviceName	1077395228	331603512	1964516398
nearby_share.mojom.NearbyShareSettings.GetEnabled	GetEnabled	1738757382	775220081	1377774777
nearby_share.mojom.NearbyShareSettings.GetFastInitiationNotificationState	GetFastInitiationNotificationState	387983373	34927210	128967602
nearby_share.mojom.NearbyShareSettings.GetIsFastInitiationHardwareSupported	GetIsFastInitiationHardwareSupported	159198771	493149022	1410847482
nearby_share.mojom.NearbyShareSettings.GetVisibility	GetVisibility	1825406011	1625511030	1173757212
nearby_share.mojom.NearbyShareSettings.IsOnboardingComplete	IsOnboardingComplete	1927022155	874049558	1615187656
nearby_share.mojom.NearbyShareSettings.SetAllowedContacts	SetAllowedContacts	1703279462	2014335181	432934539
nearby_share.mojom.NearbyShareSettings.SetDataUsage	SetDataUsage	1346401016	45589302	49143852
nearby_share.mojom.NearbyShareSettings.SetDeviceName	SetDeviceName	841688200	440463233	111041408
nearby_share.mojom.NearbyShareSettings.SetEnabled	SetEnabled	1422298282	1557730437	1078103879
nearby_share.mojom.NearbyShareSettings.SetFastInitiationNotificationState	SetFastInitiationNotificationState	729861553	1576564662	1233490681
nearby_share.mojom.NearbyShareSettings.SetIsOnboardingComplete	SetIsOnboardingComplete	896592245	1455152188	1353792659
nearby_share.mojom.NearbyShareSettings.SetVisibility	SetVisibility	657904039	391389214	618598990
nearby_share.mojom.NearbyShareSettings.ValidateDeviceName	ValidateDeviceName	240424260	9438549	1196010686
nearby_share.mojom.NearbyShareSettingsObserver.OnAllowedContactsChanged	OnAllowedContactsChanged	866580367	1129183446	6296893
nearby_share.mojom.NearbyShareSettingsObserver.OnDataUsageChanged	OnDataUsageChanged	1685230089	540108553	597805441
nearby_share.mojom.NearbyShareSettingsObserver.OnDeviceNameChanged	OnDeviceNameChanged	1677013159	156507711	931440439
nearby_share.mojom.NearbyShareSettingsObserver.OnEnabledChanged	OnEnabledChanged	595901015	1765346560	1531322146
nearby_share.mojom.NearbyShareSettingsObserver.OnFastInitiationNotificationStateChanged	OnFastInitiationNotificationStateChanged	1018907610	1886903919	963139285
nearby_share.mojom.NearbyShareSettingsObserver.OnIsFastInitiationHardwareSupportedChanged	OnIsFastInitiationHardwareSupportedChanged	1178946564	1618879113	1516165537
nearby_share.mojom.NearbyShareSettingsObserver.OnIsOnboardingCompleteChanged	OnIsOnboardingCompleteChanged	1497903684	1660185061	19773123
nearby_share.mojom.NearbyShareSettingsObserver.OnVisibilityChanged	OnVisibilityChanged	1997903890	649287479	526581853
nearby_share.mojom.ReceiveManager.Accept	Accept	1991217713	24618918	1093836839
nearby_share.mojom.ReceiveManager.AddReceiveObserver	AddReceiveObserver	59070107	1907811485	294450869
nearby_share.mojom.ReceiveManager.IsInHighVisibility	IsInHighVisibility	695848848	401029902	1921029624
nearby_share.mojom.ReceiveManager.RecordFastInitiationNotificationUsage	RecordFastInitiationNotificationUsage	1761173544	1505059808	137008091
nearby_share.mojom.ReceiveManager.RegisterForegroundReceiveSurface	RegisterForegroundReceiveSurface	490534005	1080450869	495656776
nearby_share.mojom.ReceiveManager.Reject	Reject	1634005972	2018211535	380836654
nearby_share.mojom.ReceiveManager.UnregisterForegroundReceiveSurface	UnregisterForegroundReceiveSurface	1048903040	584114310	261890742
nearby_share.mojom.ReceiveObserver.OnHighVisibilityChanged	OnHighVisibilityChanged	1994925082	1847987933	1106045560
nearby_share.mojom.ReceiveObserver.OnNearbyProcessStopped	OnNearbyProcessStopped	488334369	509565680	421605366
nearby_share.mojom.ReceiveObserver.OnStartAdvertisingFailure	OnStartAdvertisingFailure	757209658	1057073433	1945595392
nearby_share.mojom.ReceiveObserver.OnTransferUpdate	OnTransferUpdate	620503408	650606303	1077754827
nearby_share.mojom.ShareTargetListener.OnShareTargetDiscovered	OnShareTargetDiscovered	1754846470	1938014516	1068795317
nearby_share.mojom.ShareTargetListener.OnShareTargetLost	OnShareTargetLost	314601350	1840677368	1288278047
nearby_share.mojom.TransferUpdateListener.OnTransferUpdate	OnTransferUpdate	620503408	1408750377	772462386
network.mojom.AcceptCHFrameObserver.Clone	Clone	1269621972	1431473984	819368957
network.mojom.AcceptCHFrameObserver.OnAcceptCHFrameReceived	OnAcceptCHFrameReceived	2042252123	2098309213	1811888946
network.mojom.AuthChallengeResponder.OnAuthCredentials	OnAuthCredentials	2039659986	1901157446	930645020
network.mojom.CacheEncryptionProvider.GetEncryptedCacheEncryptionKey	GetEncryptedCacheEncryptionKey	1537371503	269662496	1273326102
network.mojom.ChunkedDataPipeGetter.GetSize	GetSize	159169400	1718269026	1262363235
network.mojom.ChunkedDataPipeGetter.StartReading	StartReading	55740009	2036054997	1618299960
network.mojom.ClientCertificateResponder.CancelRequest	CancelRequest	1838683210	339902159	1915182000
network.mojom.ClientCertificateResponder.ContinueWithCertificate	ContinueWithCertificate	1592004271	1642534675	1944563011
network.mojom.ClientCertificateResponder.ContinueWithoutCertificate	ContinueWithoutCertificate	1994516459	2139769476	196842965
network.mojom.ConnectionChangeObserverClient.OnConnectionEstablished	OnConnectionEstablished	1043009348	1262034683	277248127
network.mojom.ConnectionChangeObserverClient.OnConnectionFailed	OnConnectionFailed	1968816741	1155727145	403773252
network.mojom.ConnectionChangeObserverClient.OnNetworkEvent	OnNetworkEvent	185543968	2039818649	403943263
network.mojom.ConnectionChangeObserverClient.OnSessionClosed	OnSessionClosed	2121146126	586309934	1439908767
network.mojom.CookieAccessObserver.Clone	Clone	1269621972	570179396	1169747286
network.mojom.CookieAccessObserver.OnCookiesAccessed	OnCookiesAccessed	56400698	1155174713	280280024
network.mojom.CookieChangeListener.OnCookieChange	OnCookieChange	2042218592	747806894	1562628820
network.mojom.CookieEncryptionProvider.GetEncryptor	GetEncryptor	1426935689	74373493	209909614
network.mojom.CookieManager.AddCookieChangeListener	AddCookieChangeListener	1434842056	1153571101	2127515626
network.mojom.CookieManager.AddGlobalChangeListener	AddGlobalChangeListener	1438973827	1177019729	1785371747
network.mojom.CookieManager.AllowFileSchemeCookies	AllowFileSchemeCookies	1288523836	840390812	1351003517
network.mojom.CookieManager.BlockThirdPartyCookies	BlockThirdPartyCookies	1903078310	1988116554	204212864
network.mojom.CookieManager.CloneInterface	CloneInterface	1365245509	1008158713	1058893223
network.mojom.CookieManager.DeleteCanonicalCookie	DeleteCanonicalCookie	1552961828	1193873651	1604326199
network.mojom.CookieManager.DeleteCookies	DeleteCookies	1500931961	633212235	1034342683
network.mojom.CookieManager.DeleteSessionOnlyCookies	DeleteSessionOnlyCookies	1395083467	1262709510	1318853825
network.mojom.CookieManager.DeleteStaleSessionOnlyCookies	DeleteStaleSessionOnlyCookies	1610217420	893783837	555657543
network.mojom.CookieManager.FlushCookieStore	FlushCookieStore	1907722546	1452503146	2064101074
network.mojom.CookieManager.GetAllCookies	GetAllCookies	431588853	1746115203	1638990686
network.mojom.CookieManager.GetAllCookiesWithAccessSemantics	GetAllCookiesWithAccessSemantics	973086706	729747341	955005659
network.mojom.CookieManager.GetCookieList	GetCookieList	1672941313	1425433989	1330780160
network.mojom.CookieManager.SetCanonicalCookie	SetCanonicalCookie	1821449285	2145426968	890026653
network.mojom.CookieManager.SetContentSettings	SetContentSettings	1494953213	184129070	759068077
network.mojom.CookieManager.SetForceKeepSessionState	SetForceKeepSessionState	1757653608	1691901068	176188424
network.mojom.CookieManager.SetPreCommitCallbackDelayForTesting	SetPreCommitCallbackDelayForTesting	70321502	1825915591	1019327374
network.mojom.CrossOriginEmbedderPolicyReporter.Clone	Clone	1269621972	1864226846	1326304461
network.mojom.CrossOriginEmbedderPolicyReporter.QueueCorpViolationReport	QueueCorpViolationReport	234716053	837882416	326580201
network.mojom.CrossOriginOpenerPolicyReporter.QueueAccessReport	QueueAccessReport	1783349358	1827969422	1316091126
network.mojom.CustomProxyConfigClient.OnCustomProxyConfigUpdated	OnCustomProxyConfigUpdated	2127045408	271565503	898914641
network.mojom.CustomProxyConnectionObserver.OnFallback	OnFallback	2124061688	2038817056	1035284677
network.mojom.CustomProxyConnectionObserver.OnTunnelHeadersReceived	OnTunnelHeadersReceived	1436844759	1467200143	697272789
network.mojom.DataPipeGetter.Clone	Clone	1269621972	160249852	223683207
network.mojom.DataPipeGetter.Read	Read	2085465649	578652009	1630636008
network.mojom.DevToolsObserver.Clone	Clone	1269621972	1073124480	93730006
network.mojom.DevToolsObserver.OnConnectionAllowlistIssue	OnConnectionAllowlistIssue	2116282230	1130733610	1837678631
network.mojom.DevToolsObserver.OnCorsError	OnCorsError	1575132209	500782416	1559935681
network.mojom.DevToolsObserver.OnCorsPreflightRequest	OnCorsPreflightRequest	1902951181	903499398	978014576
network.mojom.DevToolsObserver.OnCorsPreflightRequestCompleted	OnCorsPreflightRequestCompleted	831410160	1033966627	75332085
network.mojom.DevToolsObserver.OnCorsPreflightResponse	OnCorsPreflightResponse	1926032671	1385486463	1460220708
network.mojom.DevToolsObserver.OnEarlyHintsResponse	OnEarlyHintsResponse	338732626	467344609	283688020
network.mojom.DevToolsObserver.OnLocalNetworkRequest	OnLocalNetworkRequest	1706028034	2015402371	1244917617
network.mojom.DevToolsObserver.OnOrbError	OnOrbError	1729564341	116664179	1309955047
network.mojom.DevToolsObserver.OnRawRequest	OnRawRequest	127912623	774458819	255244824
network.mojom.DevToolsObserver.OnRawResponse	OnRawResponse	320658097	1502830635	1174598886
network.mojom.DevToolsObserver.OnSRIMessageSignatureIssue	OnSRIMessageSignatureIssue	360122280	1861584315	1615297976
network.mojom.DevToolsObserver.OnSharedDictionaryError	OnSharedDictionaryError	2108869181	1896261750	2054521457
network.mojom.DevToolsObserver.OnTrustTokenOperationDone	OnTrustTokenOperationDone	964651714	1117841628	1284899737
network.mojom.DevToolsObserver.OnUnencodedDigestError	OnUnencodedDigestError	2072279667	2030914341	149850451
network.mojom.DeviceBoundSessionAccessObserver.Clone	Clone	1269621972	1929867340	1475626968
network.mojom.DeviceBoundSessionAccessObserver.OnDeviceBoundSessionAccessed	OnDeviceBoundSessionAccessed	1919510393	382985513	234070973
network.mojom.DeviceBoundSessionEventObserver.AddDeviceBoundSessionDisplays	AddDeviceBoundSessionDisplays	1399678997	1100303132	1727590707
network.mojom.DeviceBoundSessionEventObserver.OnDeviceBoundSessionEventReceived	OnDeviceBoundSessionEventReceived	2034336153	1468214587	907447449
network.mojom.DeviceBoundSessionManager.AddEventObserver	AddEventObserver	1601868456	909524750	31077915
network.mojom.DeviceBoundSessionManager.AddObserver	AddObserver	2130361764	950093043	1581723956
network.mojom.DeviceBoundSessionManager.CreateBoundSessions	CreateBoundSessions	1538317924	1969523074	653547625
network.mojom.DeviceBoundSessionManager.DeleteAllSessions	DeleteAllSessions	864940162	1963223946	1614919024
network.mojom.DeviceBoundSessionManager.DeleteSession	DeleteSession	370505896	149111257	1862238881
network.mojom.DeviceBoundSessionManager.GetAllSessions	GetAllSessions	500094527	1266181966	792172991
network.mojom.DeviceBoundSessionManager.PrewarmSessionsForUrl	PrewarmSessionsForUrl	1333904052	1335244217	500045662
network.mojom.DnsConfigChangeManager.RequestNotifications	RequestNotifications	104697388	706935630	1711728562
network.mojom.DnsConfigChangeManagerClient.OnDnsConfigChanged	OnDnsConfigChanged	723848943	1003885025	423283058
network.mojom.DocumentIsolationPolicyReporter.Clone	Clone	1269621972	1781191996	114543409
network.mojom.DocumentIsolationPolicyReporter.QueueCorpViolationReport	QueueCorpViolationReport	234716053	598794785	1735907906
network.mojom.DurableMessageCollector.Configure	Configure	1900503275	468841048	97395933
network.mojom.DurableMessageCollector.DisableForProfile	DisableForProfile	1853994907	575966160	1399309823
network.mojom.DurableMessageCollector.EnableForProfile	EnableForProfile	1339336760	1104821041	1745501028
network.mojom.DurableMessageCollector.Retrieve	Retrieve	1823907901	504608657	316905900
network.mojom.DurableMessageCollector.Search	Search	1531476693	1126655380	466092199
network.mojom.FileEnumerator.GetNext	GetNext	87607276	802844023	2087184984
network.mojom.FirstPartySetsAccessDelegate.NotifyReady	NotifyReady	1625865819	1636107281	1582235556
network.mojom.FirstPartySetsAccessDelegate.SetEnabled	SetEnabled	1422298282	1311307765	868704644
network.mojom.HostResolver.MdnsListen	MdnsListen	1993969206	1171305029	1648386602
network.mojom.HostResolver.ResolveHost	ResolveHost	960461665	889637902	2007584820
network.mojom.HttpCacheBackendFileOperations.CleanupDirectory	CleanupDirectory	953497932	1282449692	40795975
network.mojom.HttpCacheBackendFileOperations.CreateDirectory	CreateDirectory	627896810	446873714	823680277
network.mojom.HttpCacheBackendFileOperations.DeleteFile	DeleteFile	435955822	1520508733	1047286272
network.mojom.HttpCacheBackendFileOperations.DirectoryExists	DirectoryExists	653827018	1661093770	169396560
network.mojom.HttpCacheBackendFileOperations.EnumerateFiles	EnumerateFiles	306102358	1660294149	1739002860
network.mojom.HttpCacheBackendFileOperations.GetFileInfo	GetFileInfo	495884649	1641965876	1684356611
network.mojom.HttpCacheBackendFileOperations.OpenFile	OpenFile	1095998031	1331075672	805602183
network.mojom.HttpCacheBackendFileOperations.PathExists	PathExists	808197544	651590968	709782259
network.mojom.HttpCacheBackendFileOperations.RenameFile	RenameFile	1637040513	527030050	1280890544
network.mojom.HttpCacheBackendFileOperationsFactory.Create	Create	838289373	1944458823	1946966898
network.mojom.MdnsListenClient.OnAddressResult	OnAddressResult	1072552745	913964105	346153577
network.mojom.MdnsListenClient.OnHostnameResult	OnHostnameResult	392029794	384731831	1710520682
network.mojom.MdnsListenClient.OnTextResult	OnTextResult	1906581088	125714681	325349580
network.mojom.MdnsListenClient.OnUnhandledResult	OnUnhandledResult	1056649672	2107952945	1968490707
network.mojom.MdnsResponder.CreateNameForAddress	CreateNameForAddress	517321859	197045641	1414012864
network.mojom.MdnsResponder.RemoveNameForAddress	RemoveNameForAddress	845129799	304329684	2064614580
network.mojom.NetLogExporter.Start	Start	1284713943	467796881	1993560049
network.mojom.NetLogExporter.Stop	Stop	294650813	1500988111	1403446080
network.mojom.NetLogProxySink.AddEntry	AddEntry	806933670	457227992	457479438
network.mojom.NetLogProxySource.UpdateCaptureModes	UpdateCaptureModes	988046940	454710939	356665107
network.mojom.NetworkAnnotationMonitor.Report	Report	525477915	1983989117	807799689
network.mojom.NetworkChangeManager.RequestNotifications	RequestNotifications	104697388	59915724	591906301
network.mojom.NetworkChangeManagerClient.OnInitialConnectionType	OnInitialConnectionType	1599383686	1699626042	1902554421
network.mojom.NetworkChangeManagerClient.OnNetworkChanged	OnNetworkChanged	1661294740	133039236	1317708330
network.mojom.NetworkContext.AddAuthCacheEntry	AddAuthCacheEntry	2118935894	980321021	449016518
network.mojom.NetworkContext.AddDomainReliabilityContextForTesting	AddDomainReliabilityContextForTesting	2096068364	130972997	1038753780
network.mojom.NetworkContext.AddHSTS	AddHSTS	922689250	1051361332	15398734
network.mojom.NetworkContext.AddQuicHints	AddQuicHints	1684074462	837739569	1953511194
network.mojom.NetworkContext.ClearBadProxiesCache	ClearBadProxiesCache	1060080859	1742205911	1373925461
network.mojom.NetworkContext.ClearCorsPreflightCache	ClearCorsPreflightCache	159252598	1887200107	214645085
network.mojom.NetworkContext.ClearDomainReliability	ClearDomainReliability	2049030340	574936739	692737751
network.mojom.NetworkContext.ClearHostCache	ClearHostCache	722712192	1798906111	2089681178
network.mojom.NetworkContext.ClearHttpAuthCache	ClearHttpAuthCache	895017524	1106479995	1166002632
network.mojom.NetworkContext.ClearHttpCache	ClearHttpCache	1580948910	1618567041	1353847333
network.mojom.NetworkContext.ClearHttpCacheLogically	ClearHttpCacheLogically	1353854562	1082857347	1078984055
network.mojom.NetworkContext.ClearNetworkErrorLogging	ClearNetworkErrorLogging	977923427	1566651732	555861768
network.mojom.NetworkContext.ClearNetworkRestrictions	ClearNetworkRestrictions	45720875	441032589	1619210326
network.mojom.NetworkContext.ClearNetworkingHistoryBetween	ClearNetworkingHistoryBetween	183324822	202954576	1371507001
network.mojom.NetworkContext.ClearReportingCacheClients	ClearReportingCacheClients	1978979312	1522087171	1562921338
network.mojom.NetworkContext.ClearReportingCacheReports	ClearReportingCacheReports	466502117	1329289202	1272635820
network.mojom.NetworkContext.ClearSharedDictionaryCache	ClearSharedDictionaryCache	1133774527	202103536	1692582861
network.mojom.NetworkContext.ClearSharedDictionaryCacheForIsolationKey	ClearSharedDictionaryCacheForIsolationKey	875289325	86142590	1525293424
network.mojom.NetworkContext.ClearSharedDictionarySessionOnlyData	ClearSharedDictionarySessionOnlyData	1063677163	888931	1250284261
network.mojom.NetworkContext.ClearTrustTokenData	ClearTrustTokenData	1382320973	282857772	231841527
network.mojom.NetworkContext.ClearTrustTokenSessionOnlyData	ClearTrustTokenSessionOnlyData	20576665	792520561	1867391205
network.mojom.NetworkContext.CloseAllConnections	CloseAllConnections	1670264839	1723851513	996065725
network.mojom.NetworkContext.CloseIdleConnections	CloseIdleConnections	315809552	839722	32199217
network.mojom.NetworkContext.ComputeHttpCacheSize	ComputeHttpCacheSize	2037927689	412239284	800520621
network.mojom.NetworkContext.CreateHostResolver	CreateHostResolver	1628170157	120953876	1279537810
network.mojom.NetworkContext.CreateMdnsResponder	CreateMdnsResponder	544987687	692802822	1331505336
network.mojom.NetworkContext.CreateNetLogExporter	CreateNetLogExporter	57036539	2073945960	276875237
network.mojom.NetworkContext.CreateProxyResolvingSocketFactory	CreateProxyResolvingSocketFactory	1494027155	346980746	402356677
network.mojom.NetworkContext.CreateRestrictedUDPSocket	CreateRestrictedUDPSocket	204731932	674880693	709561097
network.mojom.NetworkContext.CreateSocketFactory	CreateSocketFactory	1262075264	1494098820	168774937
network.mojom.NetworkContext.CreateTCPBoundSocket	CreateTCPBoundSocket	831214977	586817442	79675236
network.mojom.NetworkContext.CreateTCPConnectedSocket	CreateTCPConnectedSocket	1895400056	552853313	1499389874
network.mojom.NetworkContext.CreateTCPServerSocket	CreateTCPServerSocket	1793891276	667567490	179989059
network.mojom.NetworkContext.CreateUDPSocket	CreateUDPSocket	95281017	1532710905	371015409
network.mojom.NetworkContext.CreateURLLoaderFactory	CreateURLLoaderFactory	650691485	1681776849	1291122420
network.mojom.NetworkContext.CreateWebSocket	CreateWebSocket	685027322	369366526	2090873926
network.mojom.NetworkContext.CreateWebTransport	CreateWebTransport	1903824764	1396947067	767538539
network.mojom.NetworkContext.DeleteDynamicDataForHost	DeleteDynamicDataForHost	421355182	789575647	1686574240
network.mojom.NetworkContext.DeleteStoredTrustTokens	DeleteStoredTrustTokens	1999750519	1104764804	58437581
network.mojom.NetworkContext.EnableStaticKeyPinningForTesting	EnableStaticKeyPinningForTesting	2016806989	1930213897	174412362
network.mojom.NetworkContext.FlushCachedClientCertIfNeeded	FlushCachedClientCertIfNeeded	1404900858	890059239	441098161
network.mojom.NetworkContext.FlushClientCertCache	FlushClientCertCache	1602839980	235390526	707239019
network.mojom.NetworkContext.FlushMatchingCachedClientCert	FlushMatchingCachedClientCert	659893433	1683969291	1494561223
network.mojom.NetworkContext.ForceDomainReliabilityUploadsForTesting	ForceDomainReliabilityUploadsForTesting	1276346451	1825986481	1662921087
network.mojom.NetworkContext.ForceReloadProxyConfig	ForceReloadProxyConfig	33079337	461188753	376447660
network.mojom.NetworkContext.GetCookieManager	GetCookieManager	1214761102	935685880	1145243017
network.mojom.NetworkContext.GetDeviceBoundSessionManager	GetDeviceBoundSessionManager	1613324026	2114387456	1904033640
network.mojom.NetworkContext.GetHSTSState	GetHSTSState	2078380378	176580368	131213766
network.mojom.NetworkContext.GetPrivateStateTokenRedemptionRecords	GetPrivateStateTokenRedemptionRecords	532307521	724077126	1863706060
network.mojom.NetworkContext.GetRestrictedCookieManager	GetRestrictedCookieManager	792854815	543435171	1666121133
network.mojom.NetworkContext.GetSharedDictionaryInfo	GetSharedDictionaryInfo	773744160	1590366964	1592914417
network.mojom.NetworkContext.GetSharedDictionaryOriginsBetween	GetSharedDictionaryOriginsBetween	146821083	397993536	425534123
network.mojom.NetworkContext.GetSharedDictionaryUsageInfo	GetSharedDictionaryUsageInfo	1530081053	83787015	885814707
network.mojom.NetworkContext.GetStoredTrustTokenCounts	GetStoredTrustTokenCounts	1213180935	99644604	956739136
network.mojom.NetworkContext.GetTrustAnchorIDsForTesting	GetTrustAnchorIDsForTesting	1911270189	373057511	2128119175
network.mojom.NetworkContext.GetTrustTokenQueryAnswerer	GetTrustTokenQueryAnswerer	1883850369	833273788	44666047
network.mojom.NetworkContext.GetViaObliviousHttp	GetViaObliviousHttp	1025876291	784400458	1360739514
network.mojom.NetworkContext.HasPreloadedSharedDictionaryInfoForTesting	HasPreloadedSharedDictionaryInfoForTesting	864711229	1159038025	468460564
network.mojom.NetworkContext.IsHSTSActiveForHost	IsHSTSActiveForHost	47649426	178476385	1351203110
network.mojom.NetworkContext.LoadHttpAuthCacheProxyEntries	LoadHttpAuthCacheProxyEntries	836871343	1673197270	510813772
network.mojom.NetworkContext.LookUpProxyForURL	LookUpProxyForURL	1462843777	443727205	1695848283
network.mojom.NetworkContext.NotifyBrowserIdle	NotifyBrowserIdle	1124287544	383884568	1262970317
network.mojom.NetworkContext.NotifyExternalCacheHit	NotifyExternalCacheHit	839806802	1590545902	1029870277
network.mojom.NetworkContext.PreconnectSockets	PreconnectSockets	1862991500	466619168	1919582780
network.mojom.NetworkContext.Prefetch	Prefetch	1504509456	2043556920	1735201256
network.mojom.NetworkContext.PreloadSharedDictionaryInfoForDocument	PreloadSharedDictionaryInfoForDocument	1786384735	951622827	1397227063
network.mojom.NetworkContext.QueueEnterpriseReport	QueueEnterpriseReport	1836819073	1911590139	773518505
network.mojom.NetworkContext.QueueReport	QueueReport	1701159996	1568697936	826696660
network.mojom.NetworkContext.QueueSignedExchangeReport	QueueSignedExchangeReport	927647887	257477779	1467825195
network.mojom.NetworkContext.ResetURLLoaderFactories	ResetURLLoaderFactories	1172093774	336103266	1618065086
network.mojom.NetworkContext.ResolveHost	ResolveHost	960461665	1563690007	1517546719
network.mojom.NetworkContext.RestrictNetworkForIds	RestrictNetworkForIds	1652147956	1244013587	1001945762
network.mojom.NetworkContext.SaveHttpAuthCacheProxyEntries	SaveHttpAuthCacheProxyEntries	92825242	2130585227	684873412
network.mojom.NetworkContext.SendReportsAndRemoveSource	SendReportsAndRemoveSource	220018184	584722483	382593284
network.mojom.NetworkContext.SendReportsForSource	SendReportsForSource	1627910322	778219853	1279642646
network.mojom.NetworkContext.SetAcceptLanguage	SetAcceptLanguage	1885186885	2010702168	673249142
network.mojom.NetworkContext.SetBlockTrustTokens	SetBlockTrustTokens	1740381846	98858642	50806645
network.mojom.NetworkContext.SetClient	SetClient	309516842	265054096	723680142
network.mojom.NetworkContext.SetCorsNonWildcardRequestHeadersSupport	SetCorsNonWildcardRequestHeadersSupport	1399073093	4865355	2056394602
network.mojom.NetworkContext.SetCorsOriginAccessListsForOrigin	SetCorsOriginAccessListsForOrigin	607852722	178482470	1213099010
network.mojom.NetworkContext.SetDocumentReportingEndpoints	SetDocumentReportingEndpoints	1935695116	554989090	201206238
network.mojom.NetworkContext.SetEnableReferrers	SetEnableReferrers	419921462	1620075496	1151194003
network.mojom.NetworkContext.SetNetworkConditions	SetNetworkConditions	72662829	1187229887	1304296788
network.mojom.NetworkContext.SetSharedDictionaryCacheMaxSize	SetSharedDictionaryCacheMaxSize	774462335	850905933	2141051052
network.mojom.NetworkContext.SetSplitAuthCacheByNetworkAnonymizationKey	SetSplitAuthCacheByNetworkAnonymizationKey	454427483	908734071	1666158588
network.mojom.NetworkContext.SetVariationsHeaders	SetVariationsHeaders	1199779789	60322403	90561982
network.mojom.NetworkContext.Verify2QwacCertBinding	Verify2QwacCertBinding	1066039313	197269632	312478581
network.mojom.NetworkContext.VerifyCert	VerifyCert	1765820932	535559115	1817535858
network.mojom.NetworkContext.VerifyCertForSignedExchange	VerifyCertForSignedExchange	1669606274	775496403	484678422
network.mojom.NetworkContext.VerifyCertificateForTesting	VerifyCertificateForTesting	219126132	1331230131	994321559
network.mojom.NetworkContextClient.OnCanSendDomainReliabilityUpload	OnCanSendDomainReliabilityUpload	1326210873	578623012	1572409889
network.mojom.NetworkContextClient.OnCanSendReportingReports	OnCanSendReportingReports	924348381	1953145392	40195668
network.mojom.NetworkContextClient.OnFileUploadRequested	OnFileUploadRequested	1444417385	555573520	522930586
network.mojom.NetworkContextCreator.CreateNetworkContext	CreateNetworkContext	334541250	522697514	1219095136
network.mojom.NetworkQualityEstimatorManager.RequestNotifications	RequestNotifications	104697388	1896796338	1804709983
network.mojom.NetworkQualityEstimatorManagerClient.OnNetworkQualityChanged	OnNetworkQualityChanged	366205549	1345455679	226387131
network.mojom.NetworkService.AddDurableMessageCollector	AddDurableMessageCollector	43803217	617807643	489007934
network.mojom.NetworkService.AttachNetLogProxy	AttachNetLogProxy	1380871109	1708124494	1373576967
network.mojom.NetworkService.BindNetworkContextCreator	BindNetworkContextCreator	842922297	529359779	499741482
network.mojom.NetworkService.BindTestInterfaceForTesting	BindTestInterfaceForTesting	494585650	1999781394	748542792
network.mojom.NetworkService.ConfigureHttpAuthPrefs	ConfigureHttpAuthPrefs	495890453	1812049427	2012879331
network.mojom.NetworkService.ConfigureStubHostResolver	ConfigureStubHostResolver	1381573575	1687146915	1470266259
network.mojom.NetworkService.CreateNetworkContext	CreateNetworkContext	334541250	968134290	272464118
network.mojom.NetworkService.DecodeContentEncoding	DecodeContentEncoding	558742693	875128892	928342262
network.mojom.NetworkService.DisableQuic	DisableQuic	1696941521	74260447	163600821
network.mojom.NetworkService.EnableDataUseUpdates	EnableDataUseUpdates	408537985	500750973	62249299
network.mojom.NetworkService.GetDnsConfigChangeManager	GetDnsConfigChangeManager	175893523	790674588	971434409
network.mojom.NetworkService.GetNetworkChangeManager	GetNetworkChangeManager	569053960	2098361012	1196116870
network.mojom.NetworkService.GetNetworkList	GetNetworkList	1585796007	2018149060	1625789332
network.mojom.NetworkService.GetNetworkQualityEstimatorManager	GetNetworkQualityEstimatorManager	382580053	801216724	1732480219
network.mojom.NetworkService.InterceptUrlLoaderForBodyDecoding	InterceptUrlLoaderForBodyDecoding	1458861973	1210855734	467970538
network.mojom.NetworkService.OnClientCertStoreChanged	OnClientCertStoreChanged	125182988	1553416810	61893248
network.mojom.NetworkService.OnPeerToPeerConnectionsCountChange	OnPeerToPeerConnectionsCountChange	321759949	1158963490	2016454670
network.mojom.NetworkService.OnTrustStoreChanged	OnTrustStoreChanged	1264419069	127003207	1068623297
network.mojom.NetworkService.ParseHeaders	ParseHeaders	182547720	750773100	924088586
network.mojom.NetworkService.SetExplicitlyAllowedPorts	SetExplicitlyAllowedPorts	1624032266	185074898	1746624539
network.mojom.NetworkService.SetFirstPartySets	SetFirstPartySets	999198370	1690581867	1067606253
network.mojom.NetworkService.SetIPv6ReachabilityOverride	SetIPv6ReachabilityOverride	118274517	1965650795	1212470256
network.mojom.NetworkService.SetMaxConnectionsPerProxyChain	SetMaxConnectionsPerProxyChain	1600341876	844392546	1350009495
network.mojom.NetworkService.SetNetworkAnnotationMonitor	SetNetworkAnnotationMonitor	924925578	914632025	132261976
network.mojom.NetworkService.SetParams	SetParams	687641153	112028729	583137687
network.mojom.NetworkService.SetRawHeadersAccess	SetRawHeadersAccess	379559433	1273167660	353560619
network.mojom.NetworkService.SetSSLKeyLogFile	SetSSLKeyLogFile	1705853760	166075794	1764496333
network.mojom.NetworkService.SetTLS13EarlyDataEnabled	SetTLS13EarlyDataEnabled	1074208834	730446352	1605278733
network.mojom.NetworkService.SetTrustTokenKeyCommitments	SetTrustTokenKeyCommitments	106711	293731714	2109117539
network.mojom.NetworkService.SetUpHttpAuth	SetUpHttpAuth	1561691322	1373620845	147865334
network.mojom.NetworkService.StartNetLog	StartNetLog	1280959838	670778943	1562813055
network.mojom.NetworkService.UpdateKeyPinsList	UpdateKeyPinsList	107915979	1679575078	1754030393
network.mojom.NetworkServiceTest.ActivateFieldTrial	ActivateFieldTrial	69699422	65323675	1674713946
network.mojom.NetworkServiceTest.AddRules	AddRules	2131216159	1489818547	1684144090
network.mojom.NetworkServiceTest.AllowsGSSAPILibraryLoad	AllowsGSSAPILibraryLoad	635484153	1550209239	260737317
network.mojom.NetworkServiceTest.CrashOnGetCookieList	CrashOnGetCookieList	1732581693	1149644133	669462515
network.mojom.NetworkServiceTest.CrashOnResolveHost	CrashOnResolveHost	187118037	1544115314	459035455
network.mojom.NetworkServiceTest.CreateSimpleCache	CreateSimpleCache	1465561775	504454891	131038315
network.mojom.NetworkServiceTest.EnumerateFiles	EnumerateFiles	306102358	2137976302	2036072495
network.mojom.NetworkServiceTest.ForceNetworkQualityEstimatorReportWifiAsSlow2G	ForceNetworkQualityEstimatorReportWifiAsSlow2G	709023248	2071700618	1783629768
network.mojom.NetworkServiceTest.GetEnvironmentVariableValue	GetEnvironmentVariableValue	68364625	276072215	1764161785
network.mojom.NetworkServiceTest.GetLatestMemoryPressureLevel	GetLatestMemoryPressureLevel	564275520	959360712	896562504
network.mojom.NetworkServiceTest.GetPeerToPeerConnectionsCountChange	GetPeerToPeerConnectionsCountChange	540509120	1100880007	2061875594
network.mojom.NetworkServiceTest.HasRawHeadersAccess	HasRawHeadersAccess	1386135393	1657731033	1197830898
network.mojom.NetworkServiceTest.IsHappyEyeballsV3Enabled	IsHappyEyeballsV3Enabled	893367662	240584500	648902890
network.mojom.NetworkServiceTest.Log	Log	540148437	897581124	1130709916
network.mojom.NetworkServiceTest.MakeRequestToServer	MakeRequestToServer	1968325772	378805224	1522060620
network.mojom.NetworkServiceTest.MockCertVerifierAddResultForCertAndHost	MockCertVerifierAddResultForCertAndHost	880655519	1280697127	2023821143
network.mojom.NetworkServiceTest.MockCertVerifierSetDefaultResult	MockCertVerifierSetDefaultResult	214746983	157133511	1620957922
network.mojom.NetworkServiceTest.OpenFile	OpenFile	1095998031	2009867484	506750338
network.mojom.NetworkServiceTest.ProcessSharedCacheEligibleEntriesForTesting	ProcessSharedCacheEligibleEntriesForTesting	123233939	218791493	504780799
network.mojom.NetworkServiceTest.ReplaceSystemDnsConfig	ReplaceSystemDnsConfig	500978535	604070799	847111863
network.mojom.NetworkServiceTest.ResolveOwnHostnameWithSystemDns	ResolveOwnHostnameWithSystemDns	995030114	996071343	1053302226
network.mojom.NetworkServiceTest.SetAllowNetworkAccessToHostResolutions	SetAllowNetworkAccessToHostResolutions	1704981712	811372058	212806441
network.mojom.NetworkServiceTest.SetEmulateNetworkBindingForTesting	SetEmulateNetworkBindingForTesting	1754708416	1874855170	1749921585
network.mojom.NetworkServiceTest.SetIPv6ProbeResult	SetIPv6ProbeResult	1048389017	117218273	1017155397
network.mojom.NetworkServiceTest.SetSCTAuditingRetryDelay	SetSCTAuditingRetryDelay	1477880663	1431644181	1332608926
network.mojom.NetworkServiceTest.SetTestDohConfig	SetTestDohConfig	763499750	1382410799	207402631
network.mojom.NetworkServiceTest.SetTransportSecurityStateTestSource	SetTransportSecurityStateTestSource	481123500	235144376	1701186261
network.mojom.NetworkServiceTest.SimulateCrash	SimulateCrash	2000988744	1131240684	958311660
network.mojom.NetworkServiceTest.SimulateNetworkChange	SimulateNetworkChange	291048015	994516974	1508600610
network.mojom.NetworkServiceTest.SimulateNetworkQualityChange	SimulateNetworkQualityChange	2147477286	4537526	1957256323
network.mojom.ObliviousHttpClient.OnCompleted	OnCompleted	2022024053	1897850461	1605274545
network.mojom.P2PNetworkNotificationClient.NetworkListChanged	NetworkListChanged	1171365951	1513081083	2101639333
network.mojom.P2PSocket.Send	Send	309015779	1544252500	1612475626
network.mojom.P2PSocket.SendBatch	SendBatch	500143461	734720821	704067635
network.mojom.P2PSocket.SetOption	SetOption	537583260	1513887959	532868492
network.mojom.P2PSocketClient.DataReceived	DataReceived	388996632	353463632	534777939
network.mojom.P2PSocketClient.SendBatchComplete	SendBatchComplete	687026020	985632716	507010560
network.mojom.P2PSocketClient.SendComplete	SendComplete	2083834178	1684393069	1337265135
network.mojom.P2PSocketClient.SocketCreated	SocketCreated	1234823158	1633396129	1614448401
network.mojom.P2PSocketManager.CreateSocket	CreateSocket	364562698	1520744748	504842883
network.mojom.P2PSocketManager.GetHostAddress	GetHostAddress	965336795	1197251496	2126304980
network.mojom.P2PSocketManager.StartNetworkNotifications	StartNetworkNotifications	863898693	83300900	419846654
network.mojom.P2PTrustedSocketManager.PauseNetworkChangeNotifications	PauseNetworkChangeNotifications	908871135	1980469381	1120839905
network.mojom.P2PTrustedSocketManager.ResumeNetworkChangeNotifications	ResumeNetworkChangeNotifications	2035670326	988425236	289579240
network.mojom.P2PTrustedSocketManager.StartRtpDump	StartRtpDump	1360883169	1503614373	1985974529
network.mojom.P2PTrustedSocketManager.StopRtpDump	StopRtpDump	2089802359	876249029	870538802
network.mojom.P2PTrustedSocketManagerClient.DumpPacket	DumpPacket	224825367	123469519	1738171306
network.mojom.P2PTrustedSocketManagerClient.InvalidSocketPortRangeRequested	InvalidSocketPortRangeRequested	955047633	1956809084	1232052439
network.mojom.ProxyConfigClient.FlushProxyConfig	FlushProxyConfig	785596261	469109499	1328508485
network.mojom.ProxyConfigClient.OnProxyConfigUpdated	OnProxyConfigUpdated	1317927829	1807186931	1170349643
network.mojom.ProxyConfigPollerClient.OnLazyProxyConfigPoll	OnLazyProxyConfigPoll	385470149	1718719043	669647656
network.mojom.ProxyErrorClient.OnPACScriptError	OnPACScriptError	1099870727	586619128	1779599322
network.mojom.ProxyErrorClient.OnRequestMaybeFailedDueToProxySettings	OnRequestMaybeFailedDueToProxySettings	873287640	2011126556	1047257013
network.mojom.ProxyLookupClient.OnProxyLookupComplete	OnProxyLookupComplete	1009305749	1153465874	1352111185
network.mojom.ProxyResolvingSocket.UpgradeToTLS	UpgradeToTLS	682978927	1453649903	290846053
network.mojom.ProxyResolvingSocketFactory.CreateProxyResolvingSocket	CreateProxyResolvingSocket	34437867	1070491363	1280672294
network.mojom.ReportingApiObserver.OnEndpointsUpdatedForOrigin	OnEndpointsUpdatedForOrigin	200507072	32409192	2048005296
network.mojom.ReportingApiObserver.OnReportAdded	OnReportAdded	1074155510	665126100	551112129
network.mojom.ReportingApiObserver.OnReportUpdated	OnReportUpdated	873076549	1704102599	1745101915
network.mojom.ResolveHostClient.OnComplete	OnComplete	1536573259	752258049	1752403524
network.mojom.ResolveHostClient.OnHostnameResults	OnHostnameResults	718384181	1672842690	1675403969
network.mojom.ResolveHostClient.OnTextResults	OnTextResults	1163645267	1415089791	559163707
network.mojom.ResolveHostHandle.Cancel	Cancel	1287471363	789038520	1481808716
network.mojom.RestrictedCookieManager.AddChangeListener	AddChangeListener	1370982310	739176264	1558666045
network.mojom.RestrictedCookieManager.CookiesEnabledFor	CookiesEnabledFor	1450751282	1311522134	648749473
network.mojom.RestrictedCookieManager.GetAllForUrl	GetAllForUrl	807401208	313219157	40186712
network.mojom.RestrictedCookieManager.GetCookiesString	GetCookiesString	249338699	1907286231	1036240901
network.mojom.RestrictedCookieManager.SetCanonicalCookie	SetCanonicalCookie	1821449285	826481293	1008299706
network.mojom.RestrictedCookieManager.SetCookieFromString	SetCookieFromString	2099162034	517258485	1509485886
network.mojom.RestrictedUDPSocket.JoinGroup	JoinGroup	233649474	359957435	847399023
network.mojom.RestrictedUDPSocket.LeaveGroup	LeaveGroup	769248559	1127995000	1257732813
network.mojom.RestrictedUDPSocket.ReceiveMore	ReceiveMore	1859070671	666831668	2129136742
network.mojom.RestrictedUDPSocket.Send	Send	309015779	2129700093	63660464
network.mojom.RestrictedUDPSocket.SendTo	SendTo	1962043160	410749204	1852026787
network.mojom.SSLConfigClient.OnSSLConfigUpdated	OnSSLConfigUpdated	1724655703	107504686	132448111
network.mojom.SSLPrivateKey.Sign	Sign	159988510	792522582	1513640903
network.mojom.SharedDictionaryAccessObserver.Clone	Clone	1269621972	1466608492	1782864997
network.mojom.SharedDictionaryAccessObserver.OnSharedDictionaryAccessed	OnSharedDictionaryAccessed	1607126436	1406480386	713902154
network.mojom.SharedHttpCacheClient.OnResourcesAdded	OnResourcesAdded	1463510061	2123663524	1394692057
network.mojom.SharedHttpCacheClientFactory.CreateClient	CreateClient	69511800	563178774	939988821
network.mojom.SimpleCache.CreateEntry	CreateEntry	369789467	1281126806	1646612074
network.mojom.SimpleCache.Detach	Detach	222310288	1082651043	741097808
network.mojom.SimpleCache.DoomAllEntries	DoomAllEntries	284273745	1038525042	1748211273
network.mojom.SimpleCache.DoomEntry	DoomEntry	2042497050	1989141124	2065703734
network.mojom.SimpleCache.EnumerateEntries	EnumerateEntries	1261649619	351112893	723406873
network.mojom.SimpleCache.OpenEntry	OpenEntry	871066863	1732551722	1183842139
network.mojom.SimpleCacheEntry.Close	Close	1454175847	1707248784	1701180645
network.mojom.SimpleCacheEntry.ReadData	ReadData	1527233673	764867198	699581915
network.mojom.SimpleCacheEntry.ReadSparseData	ReadSparseData	1174968637	541716374	336744176
network.mojom.SimpleCacheEntry.WriteData	WriteData	641038886	570101176	835452784
network.mojom.SimpleCacheEntry.WriteSparseData	WriteSparseData	2040452914	2101315478	1438022150
network.mojom.SimpleCacheEntryEnumerator.GetNext	GetNext	87607276	362737355	947874177
network.mojom.SocketBroker.CreateTcpSocket	CreateTcpSocket	1881715297	1283562682	1934733313
network.mojom.SocketBroker.CreateUdpSocket	CreateUdpSocket	2082757049	1592236774	1699972691
network.mojom.SocketFactory.CreateTCPConnectedSocket	CreateTCPConnectedSocket	1895400056	1820391343	1076719059
network.mojom.SocketFactory.CreateUDPSocket	CreateUDPSocket	95281017	1186114187	1624650623
network.mojom.SocketObserver.OnReadError	OnReadError	953308332	1844779444	1340058052
network.mojom.SocketObserver.OnWriteError	OnWriteError	1702737835	1357967385	1514496083
network.mojom.SystemDnsResolver.Resolve	Resolve	1598951651	1621904232	503456025
network.mojom.TCPBoundSocket.Connect	Connect	161123025	810510542	164156194
network.mojom.TCPBoundSocket.Listen	Listen	1855421736	1929480874	1234796628
network.mojom.TCPConnectedSocket.SetKeepAlive	SetKeepAlive	274041683	1618827693	1435320708
network.mojom.TCPConnectedSocket.SetNoDelay	SetNoDelay	1274654479	867563933	380015704
network.mojom.TCPConnectedSocket.SetReceiveBufferSize	SetReceiveBufferSize	1229039879	1255865937	1655481887
network.mojom.TCPConnectedSocket.SetSendBufferSize	SetSendBufferSize	1281123092	257456710	85602193
network.mojom.TCPConnectedSocket.UpgradeToTLS	UpgradeToTLS	682978927	1217015261	1632317018
network.mojom.TCPServerSocket.Accept	Accept	1991217713	1139688875	1400617012
network.mojom.TraitsTestService.EchoHttpRequestHeaders	EchoHttpRequestHeaders	793388353	837117004	1123085111
network.mojom.TrustTokenAccessObserver.Clone	Clone	1269621972	354319956	1858955727
network.mojom.TrustTokenAccessObserver.OnTrustTokensAccessed	OnTrustTokensAccessed	988046879	1612464127	246172297
network.mojom.TrustTokenQueryAnswerer.HasRedemptionRecord	HasRedemptionRecord	1659452743	1454751476	1113191746
network.mojom.TrustTokenQueryAnswerer.HasTrustTokens	HasTrustTokens	648631353	883785274	221905185
network.mojom.TrustedHeaderClient.OnBeforeSendHeaders	OnBeforeSendHeaders	1917387413	726671267	1492949034
network.mojom.TrustedHeaderClient.OnHeadersReceived	OnHeadersReceived	1962072841	901905571	624075490
network.mojom.TrustedURLLoaderHeaderClient.OnLoaderCreated	OnLoaderCreated	448337081	892460401	693537913
network.mojom.TrustedURLLoaderHeaderClient.OnLoaderForCorsPreflightCreated	OnLoaderForCorsPreflightCreated	1652751016	2009753461	973464527
network.mojom.UDPSocket.Bind	Bind	714694664	1595422080	1273180075
network.mojom.UDPSocket.Close	Close	1454175847	1410400256	408889978
network.mojom.UDPSocket.Connect	Connect	161123025	1966913779	1997367251
network.mojom.UDPSocket.JoinGroup	JoinGroup	233649474	248068902	1401145624
network.mojom.UDPSocket.LeaveGroup	LeaveGroup	769248559	1667865559	1933852819
network.mojom.UDPSocket.ReceiveMore	ReceiveMore	1859070671	1669585851	1219743928
network.mojom.UDPSocket.ReceiveMoreWithBufferSize	ReceiveMoreWithBufferSize	1602804666	148602033	850656433
network.mojom.UDPSocket.Send	Send	309015779	715682377	139048884
network.mojom.UDPSocket.SendTo	SendTo	1962043160	648018113	285071390
network.mojom.UDPSocket.SetBroadcast	SetBroadcast	1886762844	1563989613	995113514
network.mojom.UDPSocket.SetReceiveBufferSize	SetReceiveBufferSize	1229039879	1204542360	168044514
network.mojom.UDPSocket.SetSendBufferSize	SetSendBufferSize	1281123092	464011093	1376848505
network.mojom.UDPSocketListener.OnReceived	OnReceived	1312771915	468006411	1443725576
network.mojom.URLLoader.FollowRedirect	FollowRedirect	402330658	2124085616	1351371130
network.mojom.URLLoader.SetPriority	SetPriority	1157338739	710921374	1150322060
network.mojom.URLLoaderClient.OnComplete	OnComplete	1536573259	918876742	143471423
network.mojom.URLLoaderClient.OnReceiveEarlyHints	OnReceiveEarlyHints	1341705672	439134670	57943217
network.mojom.URLLoaderClient.OnReceiveRedirect	OnReceiveRedirect	396102309	588195795	875329869
network.mojom.URLLoaderClient.OnReceiveResponse	OnReceiveResponse	1960474932	1208420749	365785289
network.mojom.URLLoaderClient.OnTransferSizeUpdated	OnTransferSizeUpdated	516627237	557634025	808175565
network.mojom.URLLoaderClient.OnUploadProgress	OnUploadProgress	233100112	7462350	335193378
network.mojom.URLLoaderFactory.Clone	Clone	1269621972	879159216	350479828
network.mojom.URLLoaderFactory.CreateLoaderAndStart	CreateLoaderAndStart	106656981	2029841665	444800672
network.mojom.URLLoaderNetworkServiceObserver.Clone	Clone	1269621972	1327901574	1408353951
network.mojom.URLLoaderNetworkServiceObserver.OnAuthRequired	OnAuthRequired	274679299	1751995452	1989665024
network.mojom.URLLoaderNetworkServiceObserver.OnCertificateRequested	OnCertificateRequested	960310785	1780821393	515182564
network.mojom.URLLoaderNetworkServiceObserver.OnClearSiteData	OnClearSiteData	1435476912	1017115125	1209718655
network.mojom.URLLoaderNetworkServiceObserver.OnDataUseUpdate	OnDataUseUpdate	1381295572	891917228	1685430978
network.mojom.URLLoaderNetworkServiceObserver.OnLoadingStateUpdate	OnLoadingStateUpdate	1467227814	549405615	1851875014
network.mojom.URLLoaderNetworkServiceObserver.OnLocalNetworkAccessPermissionRequired	OnLocalNetworkAccessPermissionRequired	1355405459	314759110	12418485
network.mojom.URLLoaderNetworkServiceObserver.OnPlatformLocalNetworkPermissionRequired	OnPlatformLocalNetworkPermissionRequired	194622504	1352882728	1974067796
network.mojom.URLLoaderNetworkServiceObserver.OnSSLCertificateError	OnSSLCertificateError	1748247193	1905445259	1560095256
network.mojom.URLLoaderNetworkServiceObserver.OnUrlLoaderConnectedToLocalNetwork	OnUrlLoaderConnectedToLocalNetwork	2112189987	548969680	1786793068
network.mojom.URLLoaderNetworkServiceObserver.OnWebSocketConnectedToLocalNetwork	OnWebSocketConnectedToLocalNetwork	1272817822	1581498795	1101414059
network.mojom.WebBundleHandle.Clone	Clone	1269621972	934443764	1675640192
network.mojom.WebBundleHandle.OnWebBundleError	OnWebBundleError	1511155774	1420118787	144595639
network.mojom.WebBundleHandle.OnWebBundleLoadFinished	OnWebBundleLoadFinished	750435018	2132595405	2102814143
network.mojom.WebSocket.SendMessage	SendMessage	725928752	1494388229	1404488320
network.mojom.WebSocket.StartClosingHandshake	StartClosingHandshake	963524551	988297721	1762483565
network.mojom.WebSocket.StartReceiving	StartReceiving	1481625591	1731907847	2081548803
network.mojom.WebSocketAuthenticationHandler.OnAuthRequired	OnAuthRequired	274679299	269443522	1322762586
network.mojom.WebSocketClient.OnClosingHandshake	OnClosingHandshake	1508018630	288714341	170906931
network.mojom.WebSocketClient.OnDataFrame	OnDataFrame	565075577	1708582907	696438335
network.mojom.WebSocketClient.OnDropChannel	OnDropChannel	406584778	73183813	1145222190
network.mojom.WebSocketHandshakeClient.OnConnectionEstablished	OnConnectionEstablished	1043009348	1113458108	304322367
network.mojom.WebSocketHandshakeClient.OnFailure	OnFailure	2124530360	2061657137	1237697808
network.mojom.WebSocketHandshakeClient.OnOpeningHandshakeStarted	OnOpeningHandshakeStarted	1264422164	1082096588	1535104896
network.mojom.WebTransport.AbortStream	AbortStream	1999315097	1030012050	393847637
network.mojom.WebTransport.AcceptBidirectionalStream	AcceptBidirectionalStream	591384346	1475839085	1122687991
network.mojom.WebTransport.AcceptUnidirectionalStream	AcceptUnidirectionalStream	1198807663	1609392918	1956832761
network.mojom.WebTransport.Close	Close	1454175847	2111283850	625255424
network.mojom.WebTransport.CreateDatagramWritable	CreateDatagramWritable	677733960	1280443831	1232871480
network.mojom.WebTransport.CreateStream	CreateStream	1645389069	442541670	414320353
network.mojom.WebTransport.GetReceiveStreamStats	GetReceiveStreamStats	892970951	651974061	1165741074
network.mojom.WebTransport.GetStats	GetStats	1354018120	1211634792	638792035
network.mojom.WebTransport.SendDatagram	SendDatagram	1523419398	1325110800	1066602724
network.mojom.WebTransport.SendFin	SendFin	331692866	467392707	1548005235
network.mojom.WebTransport.SetOutgoingDatagramExpirationDuration	SetOutgoingDatagramExpirationDuration	775535115	223615084	1698811131
network.mojom.WebTransport.SetStreamPriority	SetStreamPriority	1434527987	1835711778	924471590
network.mojom.WebTransport.StopSending	StopSending	2078522133	1247510466	1205015515
network.mojom.WebTransportClient.OnClosed	OnClosed	190618178	515425655	1378753313
network.mojom.WebTransportClient.OnDatagramReceived	OnDatagramReceived	1263905302	912231951	2116918850
network.mojom.WebTransportClient.OnDraining	OnDraining	4277120	928275577	1838171646
network.mojom.WebTransportClient.OnIncomingStreamClosed	OnIncomingStreamClosed	1714349106	751433962	1585022967
network.mojom.WebTransportClient.OnOutgoingStreamClosed	OnOutgoingStreamClosed	1481133836	36111086	370225833
network.mojom.WebTransportClient.OnReceivedResetStream	OnReceivedResetStream	1645176428	1515634497	1448211558
network.mojom.WebTransportClient.OnReceivedStopSending	OnReceivedStopSending	1669423415	1264209036	38880436
network.mojom.WebTransportDatagramWritable.SendDatagram	SendDatagram	1523419398	634505391	1577447418
network.mojom.WebTransportDatagramWritable.SetPriority	SetPriority	1157338739	1287879600	1794895711
network.mojom.WebTransportHandshakeClient.OnBeforeConnect	OnBeforeConnect	1112955651	367377058	2052755900
network.mojom.WebTransportHandshakeClient.OnConnectionEstablished	OnConnectionEstablished	1043009348	591016389	763021025
network.mojom.WebTransportHandshakeClient.OnHandshakeFailed	OnHandshakeFailed	739110898	734692255	897759784
network_hints.mojom.NetworkHintsHandler.Preconnect	Preconnect	401557098	60597864	357804117
network_hints.mojom.NetworkHintsHandler.PrefetchDNS	PrefetchDNS	744257477	703483008	1034418800
new_tab_footer.mojom.NewTabFooterDocument.AttachedTabStateUpdated	AttachedTabStateUpdated	1638586706	771478693	654711018
new_tab_footer.mojom.NewTabFooterDocument.SetBackgroundAttribution	SetBackgroundAttribution	980697738	1130918251	1992995831
new_tab_footer.mojom.NewTabFooterDocument.SetManagementNotice	SetManagementNotice	1046574306	773800603	1728776881
new_tab_footer.mojom.NewTabFooterDocument.SetNtpExtensionName	SetNtpExtensionName	1310038467	1170503256	84258078
new_tab_footer.mojom.NewTabFooterHandler.NotifyCustomizationButtonVisible	NotifyCustomizationButtonVisible	630695241	676707562	1760149416
new_tab_footer.mojom.NewTabFooterHandler.OpenExtensionOptionsPageWithFallback	OpenExtensionOptionsPageWithFallback	1550130249	1509436646	743597070
new_tab_footer.mojom.NewTabFooterHandler.OpenManagementPage	OpenManagementPage	1727063185	1735762102	778831356
new_tab_footer.mojom.NewTabFooterHandler.OpenUrlInCurrentTab	OpenUrlInCurrentTab	2106759025	1987862997	650523535
new_tab_footer.mojom.NewTabFooterHandler.ShowContextMenu	ShowContextMenu	162958950	782254367	1744351364
new_tab_footer.mojom.NewTabFooterHandler.UpdateAttachedTabState	UpdateAttachedTabState	485304914	668408755	1498796302
new_tab_footer.mojom.NewTabFooterHandler.UpdateBackgroundAttribution	UpdateBackgroundAttribution	1568518637	1076342882	1269963863
new_tab_footer.mojom.NewTabFooterHandler.UpdateManagementNotice	UpdateManagementNotice	1739700491	1996618332	1718129849
new_tab_footer.mojom.NewTabFooterHandler.UpdateNtpExtensionName	UpdateNtpExtensionName	1282729398	715413411	1381883589
new_tab_footer.mojom.NewTabFooterHandlerFactory.CreateNewTabFooterHandler	CreateNewTabFooterHandler	237844805	1136629444	1564757008
new_tab_page.mojom.MicrosoftAuthUntrustedDocument.AcquireTokenPopup	AcquireTokenPopup	1072500224	1859979032	349394242
new_tab_page.mojom.MicrosoftAuthUntrustedDocument.AcquireTokenSilent	AcquireTokenSilent	218694957	292993541	345579655
new_tab_page.mojom.MicrosoftAuthUntrustedDocument.SignOut	SignOut	235980250	967275642	1138487428
new_tab_page.mojom.MicrosoftAuthUntrustedDocumentInterfacesFactory.ConnectToParentDocument	ConnectToParentDocument	1070085041	123010382	1004258963
new_tab_page.mojom.MicrosoftAuthUntrustedDocumentInterfacesFactory.CreatePageHandler	CreatePageHandler	1491630672	1891295827	1339009644
new_tab_page.mojom.MicrosoftAuthUntrustedPageHandler.ClearAuthData	ClearAuthData	1359053834	227598052	1354966877
new_tab_page.mojom.MicrosoftAuthUntrustedPageHandler.MaybeAcquireTokenSilent	MaybeAcquireTokenSilent	1076887027	573718039	1511212442
new_tab_page.mojom.MicrosoftAuthUntrustedPageHandler.SetAccessToken	SetAccessToken	678433592	1874058746	335490474
new_tab_page.mojom.MicrosoftAuthUntrustedPageHandler.SetAuthStateError	SetAuthStateError	2069559234	1409642568	1632593922
new_tab_page.mojom.Page.ConnectToParentDocument	ConnectToParentDocument	1070085041	957187634	530891996
new_tab_page.mojom.Page.FooterVisibilityUpdated	FooterVisibilityUpdated	1548901237	101607581	1912817704
new_tab_page.mojom.Page.SetActionChipsVisibility	SetActionChipsVisibility	349639678	301771874	1934265607
new_tab_page.mojom.Page.SetDisabledModules	SetDisabledModules	1722705038	1051651618	1408499727
new_tab_page.mojom.Page.SetModulesLoadable	SetModulesLoadable	1081192722	1525486946	1672043667
new_tab_page.mojom.Page.SetTheme	SetTheme	1390713734	24349914	214405140
new_tab_page.mojom.Page.SetWallpaperSearchButtonVisibility	SetWallpaperSearchButtonVisibility	922377267	1282400941	1120442167
new_tab_page.mojom.Page.ShowWebstoreToast	ShowWebstoreToast	1427323136	961811006	1046016221
new_tab_page.mojom.PageHandler.CanShowRealboxContextMenuAnimation	CanShowRealboxContextMenuAnimation	1943987015	1739494061	2066750974
new_tab_page.mojom.PageHandler.GetDoodle	GetDoodle	577546744	130325319	252371155
new_tab_page.mojom.PageHandler.GetModulesEligibleForRemoval	GetModulesEligibleForRemoval	1351447242	224912492	703401204
new_tab_page.mojom.PageHandler.GetModulesIdNames	GetModulesIdNames	1513975811	2106492949	576514537
new_tab_page.mojom.PageHandler.GetModulesOrder	GetModulesOrder	496685978	201872710	1398728236
new_tab_page.mojom.PageHandler.GetMostVisitedSettings	GetMostVisitedSettings	1271927811	1357514370	1260698065
new_tab_page.mojom.PageHandler.IncrementComposeButtonShownCount	IncrementComposeButtonShownCount	695201128	1442229436	503066160
new_tab_page.mojom.PageHandler.MaybeTriggerAutomaticCustomizeChromePromo	MaybeTriggerAutomaticCustomizeChromePromo	824918178	1746221008	860298833
new_tab_page.mojom.PageHandler.OnAppRendered	OnAppRendered	582771256	1637661301	1919670021
new_tab_page.mojom.PageHandler.OnContextualSearchIPHEngaged	OnContextualSearchIPHEngaged	2066337803	615216349	101302558
new_tab_page.mojom.PageHandler.OnCustomizeDialogAction	OnCustomizeDialogAction	1933156397	2043565387	619992512
new_tab_page.mojom.PageHandler.OnDismissModule	OnDismissModule	666890430	392565431	978676253
new_tab_page.mojom.PageHandler.OnDoodleImageClicked	OnDoodleImageClicked	1910962751	1342799612	814209281
new_tab_page.mojom.PageHandler.OnDoodleImageRendered	OnDoodleImageRendered	584806615	202602142	1477216060
new_tab_page.mojom.PageHandler.OnDoodleShared	OnDoodleShared	583441778	824911571	885177250
new_tab_page.mojom.PageHandler.OnModuleUsed	OnModuleUsed	775360597	1812280772	1030440014
new_tab_page.mojom.PageHandler.OnModulesLoadedWithData	OnModulesLoadedWithData	1683577766	2034226150	1558420783
new_tab_page.mojom.PageHandler.OnOneGoogleBarRendered	OnOneGoogleBarRendered	2146240249	274235076	1441338643
new_tab_page.mojom.PageHandler.OnRestoreModule	OnRestoreModule	364128120	1969154561	160316634
new_tab_page.mojom.PageHandler.RecordRealboxContextMenuAnimationImpression	RecordRealboxContextMenuAnimationImpression	490165172	1131511594	77638566
new_tab_page.mojom.PageHandler.SetModulesDisabled	SetModulesDisabled	92934518	1160513844	176590812
new_tab_page.mojom.PageHandler.SetModulesOrder	SetModulesOrder	1494823190	48644674	527806321
new_tab_page.mojom.PageHandler.SetModulesVisible	SetModulesVisible	1904174020	223899158	1215762890
new_tab_page.mojom.PageHandler.SetMostVisitedSettings	SetMostVisitedSettings	746298607	504092662	2074422509
new_tab_page.mojom.PageHandler.UpdateActionChipsVisibility	UpdateActionChipsVisibility	1837187969	588512785	1530853526
new_tab_page.mojom.PageHandler.UpdateDisabledModules	UpdateDisabledModules	333522113	1515595329	477874547
new_tab_page.mojom.PageHandler.UpdateFooterVisibility	UpdateFooterVisibility	570294971	2145035289	1872147519
new_tab_page.mojom.PageHandler.UpdateModulesLoadable	UpdateModulesLoadable	41892381	785033013	1109170374
new_tab_page.mojom.PageHandlerFactory.CreatePageHandler	CreatePageHandler	1491630672	1700417413	1049712340
new_tab_page_third_party.mojom.Page.SetTheme	SetTheme	1390713734	493430814	214405140
new_tab_page_third_party.mojom.PageHandler.UpdateTheme	UpdateTheme	1543602317	1384399652	2074422509
new_tab_page_third_party.mojom.PageHandlerFactory.CreatePageHandler	CreatePageHandler	1491630672	2033320786	1049712340
new_window_proxy.mojom.NewWindowProxy.OpenUrl	OpenUrl	1129588892	2072591028	1156236265
notebooks_internals.mojom.Page.OnProfileEligibilityChanged	OnProfileEligibilityChanged	1338373736	1598635553	214405140
notebooks_internals.mojom.PageHandler.GetFeatureFlagState	GetFeatureFlagState	563705524	28241526	2074422509
notebooks_internals.mojom.PageHandler.GetProfileEligibility	GetProfileEligibility	1764620885	1828510862	1260698065
notebooks_internals.mojom.PageHandlerFactory.CreatePageHandler	CreatePageHandler	1491630672	1929971988	1049712340
notifications_internals.mojom.PageHandler.ScheduleNotification	ScheduleNotification	247707351	1188784471	2074422509
ntp.authentication.mojom.MicrosoftAuthPageHandler.DismissModule	DismissModule	751915687	1083313487	1146101590
ntp.authentication.mojom.MicrosoftAuthPageHandler.RestoreModule	RestoreModule	1202943761	1306897425	946610263
ntp.authentication.mojom.MicrosoftAuthPageHandler.ShouldShowModule	ShouldShowModule	1751687951	1381607657	915276337
ntp.calendar.mojom.GoogleCalendarPageHandler.DismissModule	DismissModule	751915687	239507922	2056465869
ntp.calendar.mojom.GoogleCalendarPageHandler.GetEvents	GetEvents	1640249344	1977160703	571660519
ntp.calendar.mojom.GoogleCalendarPageHandler.RestoreModule	RestoreModule	1202943761	1555636608	699769740
ntp.calendar.mojom.OutlookCalendarPageHandler.DismissModule	DismissModule	751915687	101974052	1587864109
ntp.calendar.mojom.OutlookCalendarPageHandler.GetEvents	GetEvents	1640249344	1931283133	73736232
ntp.calendar.mojom.OutlookCalendarPageHandler.RestoreModule	RestoreModule	1202943761	877834526	1510727568
ntp.most_relevant_tab_resumption.mojom.PageHandler.DismissModule	DismissModule	751915687	750473755	1260698065
ntp.most_relevant_tab_resumption.mojom.PageHandler.DismissURLVisit	DismissURLVisit	1092433031	495963916	252371155
ntp.most_relevant_tab_resumption.mojom.PageHandler.GetURLVisits	GetURLVisits	1631941234	1657852728	2074422509
ntp.most_relevant_tab_resumption.mojom.PageHandler.RecordAction	RecordAction	1872650740	60250687	1215762890
ntp.most_relevant_tab_resumption.mojom.PageHandler.RestoreModule	RestoreModule	1202943761	196878145	978676253
ntp.most_relevant_tab_resumption.mojom.PageHandler.RestoreURLVisit	RestoreURLVisit	1710610217	774118338	160316634
ntp.tab_groups.mojom.PageHandler.CreateNewTabGroup	CreateNewTabGroup	1019763675	399336399	2074422509
ntp.tab_groups.mojom.PageHandler.DismissModule	DismissModule	751915687	679181539	978676253
ntp.tab_groups.mojom.PageHandler.GetTabGroups	GetTabGroups	1200413360	1390105017	1260698065
ntp.tab_groups.mojom.PageHandler.OpenTabGroup	OpenTabGroup	709439135	1826757314	252371155
ntp.tab_groups.mojom.PageHandler.RestoreModule	RestoreModule	1202943761	1558470149	160316634
ntp_promo.mojom.NtpPromoClient.SetPromo	SetPromo	1426053632	1940027924	1340624917
ntp_promo.mojom.NtpPromoHandler.OnPromoClicked	OnPromoClicked	308414286	1832361931	786340974
ntp_promo.mojom.NtpPromoHandler.OnPromoDismissed	OnPromoDismissed	800787122	1147277119	1011202154
ntp_promo.mojom.NtpPromoHandler.OnPromoShown	OnPromoShown	351702790	1931203315	527090554
ntp_promo.mojom.NtpPromoHandler.RequestPromos	RequestPromos	1847010708	1541748256	1539870931
ntp_promo.mojom.NtpPromoHandlerFactory.CreateNtpPromoHandler	CreateNtpPromoHandler	118556126	1457457286	1790358424
offline_pages.mojom.MhtmlPageNotifier.NotifyMhtmlPageLoadAttempted	NotifyMhtmlPageLoadAttempted	37732291	1086110117	1305934669
omnibox.logging.mojom.Page.OnLogMessageAdded	OnLogMessageAdded	1648720433	483785501	214405140
omnibox.logging.mojom.PageHandlerFactory.CreatePageHandler	CreatePageHandler	1491630672	1241224514	1049712340
omnibox_everywhere.mojom.Page.OnContextMenuClosed	OnContextMenuClosed	603134626	1214146259	214405140
omnibox_everywhere.mojom.Page.OpenComposebox	OpenComposebox	592875134	529751042	1408499727
omnibox_everywhere.mojom.PageHandler.SetIsComposebox	SetIsComposebox	1956049516	411335223	1260698065
omnibox_everywhere.mojom.PageHandler.ShowContextActionMenu	ShowContextActionMenu	2129974952	1599960867	2074422509
omnibox_everywhere.mojom.PageHandlerFactory.CreatePageHandler	CreatePageHandler	1491630672	1748663520	1049712340
omnibox_everywhere_debug.mojom.Page.OnBackgroundModeChanged	OnBackgroundModeChanged	914407525	456178546	214405140
omnibox_everywhere_debug.mojom.Page.OnEphemeralModelChanged	OnEphemeralModelChanged	232077854	2034914855	1672043667
omnibox_everywhere_debug.mojom.Page.OnHotkeyChanged	OnHotkeyChanged	1706529664	1404675705	1408499727
omnibox_everywhere_debug.mojom.Page.OnLaunchOnStartupChanged	OnLaunchOnStartupChanged	66857437	60216862	1934265607
omnibox_everywhere_debug.mojom.PageHandler.CreateStartMenuShortcut	CreateStartMenuShortcut	2123678244	806015427	703401204
omnibox_everywhere_debug.mojom.PageHandler.GetBackgroundModeEnabled	GetBackgroundModeEnabled	129693313	2052455664	1260698065
omnibox_everywhere_debug.mojom.PageHandler.GetEphemeralModelEnabled	GetEphemeralModelEnabled	887424466	242833701	1558420783
omnibox_everywhere_debug.mojom.PageHandler.GetHotkeyEnabled	GetHotkeyEnabled	1493399932	1584010891	1215762890
omnibox_everywhere_debug.mojom.PageHandler.GetLaunchOnStartupEnabled	GetLaunchOnStartupEnabled	1213789071	296125762	978676253
omnibox_everywhere_debug.mojom.PageHandler.InvokeOmniboxEverywhere	InvokeOmniboxEverywhere	295176719	838780137	1030440014
omnibox_everywhere_debug.mojom.PageHandler.PinToTaskbar	PinToTaskbar	371518809	282110200	527806321
omnibox_everywhere_debug.mojom.PageHandler.ResetAllPrefs	ResetAllPrefs	691649579	1082368382	1109170374
omnibox_everywhere_debug.mojom.PageHandler.ResetProfilePrefs	ResetProfilePrefs	1522945501	887337340	1398728236
omnibox_everywhere_debug.mojom.PageHandler.SetBackgroundModeEnabled	SetBackgroundModeEnabled	736545853	1979391692	2074422509
omnibox_everywhere_debug.mojom.PageHandler.SetEphemeralModelEnabled	SetEphemeralModelEnabled	247583846	258645353	477874547
omnibox_everywhere_debug.mojom.PageHandler.SetHotkeyEnabled	SetHotkeyEnabled	2122740472	2061483235	160316634
omnibox_everywhere_debug.mojom.PageHandler.SetLaunchOnStartupEnabled	SetLaunchOnStartupEnabled	1544627371	243358074	252371155
omnibox_everywhere_debug.mojom.PageHandler.ShowLensIph	ShowLensIph	311917815	1169312514	576514537
omnibox_everywhere_debug.mojom.PageHandlerFactory.CreatePageHandler	CreatePageHandler	1491630672	1795258906	1049712340
omnibox_popup.mojom.Page.ClearAutocompleteMatches	ClearAutocompleteMatches	1558382603	2029915892	1046016221
omnibox_popup.mojom.Page.ClearPopup	ClearPopup	877996278	1731967463	1120442167
omnibox_popup.mojom.Page.OnContextMenuClosed	OnContextMenuClosed	603134626	1537706955	1408499727
omnibox_popup.mojom.Page.OnShow	OnShow	1346923829	1643348482	214405140
omnibox_popup.mojom.Page.SetDefaultSearchProvider	SetDefaultSearchProvider	566274921	270745125	1912817704
omnibox_popup.mojom.Page.SetFocus	SetFocus	452196225	1204022806	1934265607
omnibox_popup.mojom.Page.SetInputState	SetInputState	533918548	1014374798	1672043667
omnibox_popup.mojom.PageHandler.AdvanceFocus	AdvanceFocus	461902363	122277010	1398728236
omnibox_popup.mojom.PageHandler.CloseUI	CloseUI	2083298329	701136544	1260698065
omnibox_popup.mojom.PageHandler.LogEscapeAction	LogEscapeAction	1063565678	386601082	160316634
omnibox_popup.mojom.PageHandler.OnCutOrCopy	OnCutOrCopy	561670450	1188500696	1558420783
omnibox_popup.mojom.PageHandler.OnInputCleared	OnInputCleared	2078023978	389443154	1215762890
omnibox_popup.mojom.PageHandler.OnPaste	OnPaste	903796719	1877864737	477874547
omnibox_popup.mojom.PageHandler.OnSelectionChanged	OnSelectionChanged	85249288	143287863	252371155
omnibox_popup.mojom.PageHandler.OpenAimPopup	OpenAimPopup	1244179286	1633464929	576514537
omnibox_popup.mojom.PageHandler.OpenDevTools	OpenDevTools	741139391	828370434	527806321
omnibox_popup.mojom.PageHandler.RequestInputState	RequestInputState	1305321219	1291209502	1030440014
omnibox_popup.mojom.PageHandler.Revert	Revert	557650787	167873653	978676253
omnibox_popup.mojom.PageHandler.SetEditHistoryState	SetEditHistoryState	231916940	1344803707	703401204
omnibox_popup.mojom.PageHandler.ShowContextMenu	ShowContextMenu	162958950	1761271517	2074422509
omnibox_popup.mojom.PageHandlerFactory.CreatePageHandler	CreatePageHandler	1491630672	1972741592	1049712340
omnibox_popup_aim.mojom.Page.AddContext	AddContext	950823495	1921718959	1408499727
omnibox_popup_aim.mojom.Page.ClearPopup	ClearPopup	877996278	1596999118	1934265607
omnibox_popup_aim.mojom.Page.FocusInput	FocusInput	518465453	1183955808	1672043667
omnibox_popup_aim.mojom.Page.OnContextMenuClosed	OnContextMenuClosed	603134626	1872361373	1120442167
omnibox_popup_aim.mojom.Page.OnPopupShown	OnPopupShown	622206539	750662979	214405140
omnibox_popup_aim.mojom.Page.SetPreserveContextOnClose	SetPreserveContextOnClose	1256151789	1318152472	1046016221
omnibox_popup_aim.mojom.PageHandler.RequestClose	RequestClose	151942796	844025393	2074422509
omnibox_popup_aim.mojom.PageHandler.ShowContextMenu	ShowContextMenu	162958950	75224479	1260698065
omnibox_popup_aim.mojom.PageHandlerFactory.CreatePageHandler	CreatePageHandler	1491630672	1862007042	1049712340
on_device_internals.mojom.Page.OnLogMessageAdded	OnLogMessageAdded	1648720433	1885975504	214405140
on_device_internals.mojom.PageHandler.BindModelBrokerDebug	BindModelBrokerDebug	1270777345	1522429064	1215762890
on_device_internals.mojom.PageHandler.DecodeBitmap	DecodeBitmap	417820958	847733415	160316634
on_device_internals.mojom.PageHandler.GetDefaultModelPath	GetDefaultModelPath	71485840	2080758243	978676253
on_device_internals.mojom.PageHandler.GetDeviceAndPerformanceInfo	GetDeviceAndPerformanceInfo	25047442	95290507	252371155
on_device_internals.mojom.PageHandler.LoadModel	LoadModel	2024580700	1427588310	2074422509
on_device_internals.mojom.PageHandler.LoadPlatformModel	LoadPlatformModel	904936919	903131803	1260698065
on_device_internals.mojom.PageHandlerFactory.CreatePageHandler	CreatePageHandler	1491630672	2069395670	1049712340
on_device_model.mojom.AsrStreamInput.AddAudioChunk	AddAudioChunk	1767204099	456156397	0
on_device_model.mojom.AsrStreamResponder.OnResponse	OnResponse	1087579935	975337436	0
on_device_model.mojom.ContextClient.OnComplete	OnComplete	1536573259	1275330997	0
on_device_model.mojom.DownloadObserver.OnDownloadProgressUpdate	OnDownloadProgressUpdate	1100475372	2078038163	1039873917
on_device_model.mojom.OnDeviceModel.ClassifyTextSafety	ClassifyTextSafety	1127147264	2033681256	1
on_device_model.mojom.OnDeviceModel.DetectLanguage	DetectLanguage	24855734	1186582744	2
on_device_model.mojom.OnDeviceModel.LoadAdaptation	LoadAdaptation	161142594	1086379689	3
on_device_model.mojom.OnDeviceModel.StartSession	StartSession	797977277	285390991	0
on_device_model.mojom.OnDeviceModelPlatformService.FormatInput	FormatInput	398676756	681346256	3
on_device_model.mojom.OnDeviceModelPlatformService.GetEstimatedPerformanceClass	GetEstimatedPerformanceClass	1792053141	256062519	2
on_device_model.mojom.OnDeviceModelPlatformService.GetPlatformModelState	GetPlatformModelState	1418569780	2103531128	1
on_device_model.mojom.OnDeviceModelPlatformService.LoadPlatformModel	LoadPlatformModel	904936919	126059737	0
on_device_model.mojom.OnDeviceModelPlatformService.ValidateSafetyResult	ValidateSafetyResult	1945383926	1413768928	4
on_device_model.mojom.OnDeviceModelService.GetCapabilities	GetCapabilities	791926985	1898926234	963821694
on_device_model.mojom.OnDeviceModelService.GetDeviceAndPerformanceInfo	GetDeviceAndPerformanceInfo	25047442	779971432	567670161
on_device_model.mojom.OnDeviceModelService.LoadModel	LoadModel	2024580700	1905189508	233748119
on_device_model.mojom.OnDeviceModelService.LoadTextSafetyModel	LoadTextSafetyModel	975984721	1032136649	1573992844
on_device_model.mojom.PlatformModelProgressObserver.Progress	Progress	1166688320	1384716163	0
on_device_model.mojom.Session.Append	Append	1366179213	748650008	6
on_device_model.mojom.Session.AsrStream	AsrStream	1388962785	10889036	10
on_device_model.mojom.Session.Clone	Clone	1269621972	228137652	4
on_device_model.mojom.Session.Generate	Generate	655729848	1221623233	7
on_device_model.mojom.Session.GetProbabilitiesBlocking	GetProbabilitiesBlocking	1143074993	1585235066	8
on_device_model.mojom.Session.GetSizeInTokens	GetSizeInTokens	238528079	2049078324	5
on_device_model.mojom.Session.Hint	Hint	1026637818	343948215	11
on_device_model.mojom.Session.Score	Score	253754209	1686139605	3
on_device_model.mojom.Session.SetPriority	SetPriority	1157338739	2019977987	9
on_device_model.mojom.StreamingResponder.OnComplete	OnComplete	1536573259	1121895696	1
on_device_model.mojom.StreamingResponder.OnResponse	OnResponse	1087579935	949265619	0
on_device_model.mojom.StreamingResponder.OnToolCalls	OnToolCalls	1569524231	43078926	2
on_device_model.mojom.TextSafetyModel.StartSession	StartSession	797977277	1216763900	0
on_device_model.mojom.TextSafetySession.ClassifyTextSafety	ClassifyTextSafety	1127147264	1245188985	1
on_device_model.mojom.TextSafetySession.Clone	Clone	1269621972	181187206	3
on_device_model.mojom.TextSafetySession.DetectLanguage	DetectLanguage	24855734	753912435	2
on_device_translation.mojom.FileOperationProxy.FileExists	FileExists	1028907651	1913818641	1571650145
on_device_translation.mojom.FileOperationProxy.Open	Open	430528273	1884209428	842600806
on_device_translation.mojom.OnDeviceTranslationService.CanTranslate	CanTranslate	1248281089	1946788333	1646796974
on_device_translation.mojom.OnDeviceTranslationService.CreateTranslator	CreateTranslator	1880271943	1670061157	1312604242
on_device_translation.mojom.OnDeviceTranslationService.SetServiceConfig	SetServiceConfig	1844946166	20374540	1461648475
on_device_translation.mojom.OnDeviceTranslator.SplitSentences	SplitSentences	904452959	1835220984	2095206364
on_device_translation.mojom.OnDeviceTranslator.Translate	Translate	1750982037	1705220442	2072746698
on_device_translation_internals.mojom.Page.OnLanguagePackStatus	OnLanguagePackStatus	1415631177	557768008	214405140
on_device_translation_internals.mojom.PageHandler.InstallLanguagePackage	InstallLanguagePackage	296472052	1630527134	2074422509
on_device_translation_internals.mojom.PageHandler.UninstallLanguagePackage	UninstallLanguagePackage	784493849	979964169	1260698065
on_device_translation_internals.mojom.PageHandlerFactory.CreatePageHandler	CreatePageHandler	1491630672	1843290602	1049712340
on_load_script_injector.mojom.OnLoadScriptInjector.AddOnLoadScript	AddOnLoadScript	913959900	224534112	153035763
on_load_script_injector.mojom.OnLoadScriptInjector.ClearOnLoadScripts	ClearOnLoadScripts	1012351881	646658699	1177699100
optimization_guide.mojom.ModelBroker.AddModelDownloadProgressObserver	AddModelDownloadProgressObserver	1984481842	670215800	1453240831
optimization_guide.mojom.ModelBroker.GetConfig	GetConfig	720174857	1421344432	654021369
optimization_guide.mojom.ModelBroker.RequestAssetsFor	RequestAssetsFor	771681620	1210714970	1147100978
optimization_guide.mojom.ModelBroker.Subscribe	Subscribe	1612304635	1019974324	174574912
optimization_guide.mojom.ModelBrokerDebug.AddAssetDownloadObserver	AddAssetDownloadObserver	1948188104	607634743	2098750721
optimization_guide.mojom.ModelBrokerDebug.AddObserver	AddObserver	2130361764	57123007	1279398128
optimization_guide.mojom.ModelBrokerDebug.GetStateInfo	GetStateInfo	511774550	2071339075	1988062952
optimization_guide.mojom.ModelBrokerDebug.ResetModelCrashCount	ResetModelCrashCount	1490034711	1591947307	513063899
optimization_guide.mojom.ModelBrokerDebug.SetUseCaseRequested	SetUseCaseRequested	784892816	1573039291	1148066462
optimization_guide.mojom.ModelBrokerDebug.UninstallModels	UninstallModels	1758183107	546373397	1388106818
optimization_guide.mojom.ModelBrokerDebugObserver.OnBrokerStateChanged	OnBrokerStateChanged	505195628	486557976	1160468934
optimization_guide.mojom.ModelSolution.CreateSession	CreateSession	1522243275	761765636	973378970
optimization_guide.mojom.ModelSolution.CreateTextSafetySession	CreateTextSafetySession	480036606	2025218009	410349722
optimization_guide.mojom.ModelSolution.ReportHealthyCompletion	ReportHealthyCompletion	1297414452	1750022251	1868794172
optimization_guide.mojom.ModelSubscriber.Available	Available	701995034	1827840431	1800196297
optimization_guide.mojom.ModelSubscriber.CapabilitiesUpdated	CapabilitiesUpdated	846300784	1767310089	102254196
optimization_guide.mojom.ModelSubscriber.Unavailable	Unavailable	1436365849	694083829	509630120
optimization_guide.mojom.PageTextConsumer.OnChunksEnd	OnChunksEnd	446003779	1109548018	1139315608
optimization_guide.mojom.PageTextConsumer.OnTextDumpChunk	OnTextDumpChunk	1486902376	974205269	1116365541
optimization_guide.mojom.PageTextService.RequestPageTextDump	RequestPageTextDump	200390542	1508906900	1247651443
optimization_guide_internals.mojom.Page.OnLogMessageAdded	OnLogMessageAdded	1648720433	933504184	214405140
optimization_guide_internals.mojom.PageHandlerFactory.CreatePageHandler	CreatePageHandler	1491630672	1812069261	1049712340
optimization_guide_internals.mojom.PageHandlerFactory.RequestDownloadedModelsInfo	RequestDownloadedModelsInfo	1466520665	430936531	634528819
optimization_guide_internals.mojom.PageHandlerFactory.RequestLoggedModelQualityClientIds	RequestLoggedModelQualityClientIds	2146965745	1449880424	1340593456
optimization_guide_internals.mojom.PageHandlerFactory.RequestMqlsLogs	RequestMqlsLogs	340009320	2082093897	394414586
organizer_panel.mojom.TabGroupsOrganizerPageHandler.GetTabGroups	GetTabGroups	1200413360	448163872	1008986190
organizer_panel.mojom.TabGroupsOrganizerPageHandlerFactory.CreatePageHandler	CreatePageHandler	1491630672	66088748	2054030762
page_action_internals.mojom.PageHandler.HidePageAction	HidePageAction	1138330642	1038571153	252371155
page_action_internals.mojom.PageHandler.ShowAnchoredMessage	ShowAnchoredMessage	534642691	542894807	1260698065
page_action_internals.mojom.PageHandler.ShowPageAction	ShowPageAction	1159934201	1740375633	2074422509
page_action_internals.mojom.PageHandlerFactory.CreatePageHandler	CreatePageHandler	1491630672	1983140016	1049712340
page_content_annotations.mojom.PageStabilityMonitor.NotifyWhenStable	NotifyWhenStable	1186078439	2091755747	1298444675
page_content_annotations.mojom.PageStabilityMonitorManager.CreatePageStabilityMonitor	CreatePageStabilityMonitor	1055954253	2013723162	450794975
page_image_service.mojom.PageImageServiceHandler.GetPageImageUrl	GetPageImageUrl	20839704	44220285	583433435
page_load_metrics.mojom.PageLoadMetrics.AddCustomUserTiming	AddCustomUserTiming	289115536	1943202321	1857175141
page_load_metrics.mojom.PageLoadMetrics.UpdateTiming	UpdateTiming	83272464	474424397	1456296462
paint_preview.mojom.PaintPreviewCompositor.BeginMainFrameComposite	BeginMainFrameComposite	330416487	449389264	816471541
paint_preview.mojom.PaintPreviewCompositor.BeginSeparatedFrameComposite	BeginSeparatedFrameComposite	515742289	1865032430	403185506
paint_preview.mojom.PaintPreviewCompositor.BitmapForMainFrame	BitmapForMainFrame	420903273	380645186	1085234200
paint_preview.mojom.PaintPreviewCompositor.BitmapForSeparatedFrame	BitmapForSeparatedFrame	893909749	1942519247	1817835066
paint_preview.mojom.PaintPreviewCompositor.SetRootFrameUrl	SetRootFrameUrl	52006381	514463587	1282636789
paint_preview.mojom.PaintPreviewCompositorCollection.CreateCompositor	CreateCompositor	706115902	577282287	763392371
paint_preview.mojom.PaintPreviewCompositorCollection.ListCompositors	ListCompositors	1542945161	1070708418	129720405
paint_preview.mojom.PaintPreviewCompositorCollection.SetDiscardableSharedMemoryManager	SetDiscardableSharedMemoryManager	1974488902	1472421636	1197251100
paint_preview.mojom.PaintPreviewRecorder.CapturePaintPreview	CapturePaintPreview	1328416669	551406096	1611233894
paint_preview.mojom.PaintPreviewRecorder.GetGeometryMetadata	GetGeometryMetadata	1230131712	342258398	884166641
parent_access_ui.mojom.ParentAccessUiHandler.GetOauthToken	GetOauthToken	1705906095	1543292648	400223559
parent_access_ui.mojom.ParentAccessUiHandler.GetParentAccessParams	GetParentAccessParams	1809967831	937663289	563072425
parent_access_ui.mojom.ParentAccessUiHandler.GetParentAccessUrl	GetParentAccessUrl	1844039024	973698554	206016645
parent_access_ui.mojom.ParentAccessUiHandler.OnBeforeScreenDone	OnBeforeScreenDone	448902447	1571566948	1933801598
parent_access_ui.mojom.ParentAccessUiHandler.OnParentAccessCallbackReceived	OnParentAccessCallbackReceived	776689632	1587542567	723443405
parent_access_ui.mojom.ParentAccessUiHandler.OnParentAccessDone	OnParentAccessDone	1435928332	670122473	1285784714
passage_embeddings.mojom.PassageEmbedder.GenerateEmbeddings	GenerateEmbeddings	490060902	2116601954	864678753
passage_embeddings.mojom.PassageEmbeddingsService.LoadModels	LoadModels	1405739687	2056082088	1687499455
password_manager.mojom.CSVPasswordParser.ParseCSV	ParseCSV	2130429206	377605582	209875331
password_manager.mojom.Page.OnPasswordAutomaticChangeStateUpdated	OnPasswordAutomaticChangeStateUpdated	1830785662	1568463750	214405140
password_manager.mojom.Page.OnPasswordsExportProgress	OnPasswordsExportProgress	1492394951	1132513693	1408499727
password_manager.mojom.PageHandler.ChangePasswordManagerPin	ChangePasswordManagerPin	25416784	297300131	703401204
password_manager.mojom.PageHandler.ContinueImport	ContinueImport	1027630169	188899126	77638566
password_manager.mojom.PageHandler.CopyPlaintextBackupPassword	CopyPlaintextBackupPassword	193342966	1778517657	252371155
password_manager.mojom.PageHandler.DeleteAllPasswordManagerData	DeleteAllPasswordManagerData	1618988879	2036328166	1260698065
password_manager.mojom.PageHandler.DisconnectCloudAuthenticator	DisconnectCloudAuthenticator	692283363	515493194	619992512
password_manager.mojom.PageHandler.ExtendAuthValidity	ExtendAuthValidity	1728562505	1127602196	2074422509
password_manager.mojom.PageHandler.GetActorLoginPermissions	GetActorLoginPermissions	1661844247	1366614922	1030440014
password_manager.mojom.PageHandler.GetPasswordManagerActionableError	GetPasswordManagerActionableError	1272559967	656169476	860298833
password_manager.mojom.PageHandler.GetPasswordsExportProgress	GetPasswordsExportProgress	783050420	2960912	1919670021
password_manager.mojom.PageHandler.ImportPasswords	ImportPasswords	283352928	1062274726	2066750974
password_manager.mojom.PageHandler.IsAccountStorageActive	IsAccountStorageActive	1663430735	236236374	1398728236
password_manager.mojom.PageHandler.IsConnectedToCloudAuthenticator	IsConnectedToCloudAuthenticator	1952381613	972359456	814209281
password_manager.mojom.PageHandler.IsPasswordManagerPinAvailable	IsPasswordManagerPinAvailable	2035428033	1194944612	1109170374
password_manager.mojom.PageHandler.MovePasswordsToAccount	MovePasswordsToAccount	1995765440	525873020	477874547
password_manager.mojom.PageHandler.OpenPasswordChangeTab	OpenPasswordChangeTab	2016730327	1342491900	503066160
password_manager.mojom.PageHandler.RemoveBackupPassword	RemoveBackupPassword	1321221092	2010452759	978676253
password_manager.mojom.PageHandler.RemovePasswordException	RemovePasswordException	909251705	474678218	160316634
password_manager.mojom.PageHandler.RequestPasswordsExport	RequestPasswordsExport	1354106012	1529572702	885177250
password_manager.mojom.PageHandler.ResetImporter	ResetImporter	2111157888	1885431491	1558420783
password_manager.mojom.PageHandler.RevokeActorLoginPermission	RevokeActorLoginPermission	1779587152	1585250610	576514537
password_manager.mojom.PageHandler.ShowAddShortcutDialog	ShowAddShortcutDialog	2064489841	1115989068	527806321
password_manager.mojom.PageHandler.ShowLastExportedFileInShell	ShowLastExportedFileInShell	668852190	1742524561	1441338643
password_manager.mojom.PageHandler.StartBulkPasswordCheck	StartBulkPasswordCheck	1776029832	131199175	1215762890
password_manager.mojom.PageHandler.StartPasswordChange	StartPasswordChange	1715469248	595301379	1530853526
password_manager.mojom.PageHandler.StartTrustedVaultUnlock	StartTrustedVaultUnlock	1666926204	38364019	101302558
password_manager.mojom.PageHandler.StopPasswordChange	StopPasswordChange	991881502	1143792925	1872147519
password_manager.mojom.PageHandler.SwitchBiometricAuthBeforeFillingState	SwitchBiometricAuthBeforeFillingState	1487089178	1224441681	176590812
password_manager.mojom.PageHandler.UndoRemoveSavedPasswordOrException	UndoRemoveSavedPasswordOrException	1721089987	840853922	1477216060
password_manager.mojom.PageHandlerFactory.CreatePageHandler	CreatePageHandler	1491630672	991410070	1049712340
patch.mojom.FilePatcher.PatchFilePuffPatch	PatchFilePuffPatch	1826860040	804250588	686135403
patch.mojom.FilePatcher.PatchFileZucchini	PatchFileZucchini	1750021380	1809850756	1196764277
payments.facilitated.mojom.FacilitatedPaymentsAgent.SetQrCodeDetectionEnabled	SetQrCodeDetectionEnabled	2124886401	381714465	1145766027
payments.facilitated.mojom.FacilitatedPaymentsDriver.ReportHeuristicScore	ReportHeuristicScore	936788529	76117199	1334210316
payments.facilitated.mojom.PaymentLinkHandler.HandlePaymentLink	HandlePaymentLink	578392211	1456471652	1368649526
payments.facilitated.mojom.PixCodeValidator.ValidatePixCode	ValidatePixCode	588956101	233559994	1045968606
payments.mojom.DigitalGoods.Consume	Consume	1789325893	979414995	233029149
payments.mojom.DigitalGoods.GetDetails	GetDetails	1548370427	1451188456	829304148
payments.mojom.DigitalGoods.ListPurchaseHistory	ListPurchaseHistory	949768288	2049077676	542370021
payments.mojom.DigitalGoods.ListPurchases	ListPurchases	901801195	1948739317	805621023
payments.mojom.DigitalGoodsFactory.CreateDigitalGoods	CreateDigitalGoods	773376723	554020302	534809522
payments.mojom.PaymentHandlerHost.ChangePaymentMethod	ChangePaymentMethod	236108066	1694112993	937173370
payments.mojom.PaymentHandlerHost.ChangeShippingAddress	ChangeShippingAddress	2043731841	1080219491	1906351311
payments.mojom.PaymentHandlerHost.ChangeShippingOption	ChangeShippingOption	46819036	33657475	1774950952
payments.mojom.PaymentHandlerResponseCallback.OnResponseForAbortPayment	OnResponseForAbortPayment	1177066176	593070810	2027263390
payments.mojom.PaymentHandlerResponseCallback.OnResponseForCanMakePayment	OnResponseForCanMakePayment	57747802	2076025623	301677122
payments.mojom.PaymentHandlerResponseCallback.OnResponseForPaymentRequest	OnResponseForPaymentRequest	483282025	1208386934	628991559
payments.mojom.PaymentManager.EnableDelegations	EnableDelegations	2044982149	1772013973	887932206
payments.mojom.PaymentManager.Init	Init	860934531	524049012	471117456
payments.mojom.PaymentManager.SetUserHint	SetUserHint	198596261	2039139901	843846099
payments.mojom.PaymentRequest.Abort	Abort	72446017	1704385012	1090554441
payments.mojom.PaymentRequest.CanMakePayment	CanMakePayment	345025751	1476253574	482943539
payments.mojom.PaymentRequest.Complete	Complete	1300022916	253457160	955299353
payments.mojom.PaymentRequest.HasEnrolledInstrument	HasEnrolledInstrument	1040550703	1574747790	311119536
payments.mojom.PaymentRequest.Init	Init	860934531	1384155947	1896008361
payments.mojom.PaymentRequest.OnPaymentDetailsNotUpdated	OnPaymentDetailsNotUpdated	172138054	344893241	1805336611
payments.mojom.PaymentRequest.Retry	Retry	1393903781	1661535440	1428202112
payments.mojom.PaymentRequest.Show	Show	1904662374	1886216305	380803700
payments.mojom.PaymentRequest.UpdateWith	UpdateWith	859617966	856717009	2052371536
payments.mojom.PaymentRequestClient.AllowConnectToSource	AllowConnectToSource	1112558242	504351106	1138249716
payments.mojom.PaymentRequestClient.OnAbort	OnAbort	569686788	2077109660	1939068018
payments.mojom.PaymentRequestClient.OnCanMakePayment	OnCanMakePayment	1315805872	1059841181	1330289417
payments.mojom.PaymentRequestClient.OnComplete	OnComplete	1536573259	936793587	925452507
payments.mojom.PaymentRequestClient.OnError	OnError	1669973012	1079572209	1970099470
payments.mojom.PaymentRequestClient.OnHasEnrolledInstrument	OnHasEnrolledInstrument	1160348058	934501053	1771532578
payments.mojom.PaymentRequestClient.OnPayerDetailChange	OnPayerDetailChange	1737150234	455747088	1349045372
payments.mojom.PaymentRequestClient.OnPaymentMethodChange	OnPaymentMethodChange	1671794203	277148831	614427591
payments.mojom.PaymentRequestClient.OnPaymentResponse	OnPaymentResponse	2053208069	413116060	329059341
payments.mojom.PaymentRequestClient.OnShippingAddressChange	OnShippingAddressChange	1090114016	1524399030	2008480154
payments.mojom.PaymentRequestClient.OnShippingOptionChange	OnShippingOptionChange	852304043	146976668	1726035908
payments.mojom.PaymentRequestClient.WarnNoFavicon	WarnNoFavicon	1588210700	445865016	1249854042
payments.mojom.SecurePaymentConfirmationService.GetSecurePaymentConfirmationCapabilities	GetSecurePaymentConfirmationCapabilities	1956147667	1569047511	766671769
payments.mojom.SecurePaymentConfirmationService.MakePaymentCredential	MakePaymentCredential	259534900	702908690	1552813184
payments.mojom.SecurePaymentConfirmationService.SecurePaymentConfirmationAvailability	SecurePaymentConfirmationAvailability	1483687230	1850025075	1916568398
payments.mojom.SecurePaymentConfirmationService.StorePaymentCredential	StorePaymentCredential	362048545	1409768559	1699513431
pdf.mojom.Ocr.PerformOcr	PerformOcr	2127167504	2060284707	2105363549
pdf.mojom.PdfHost.OnDocumentLoadComplete	OnDocumentLoadComplete	1785283460	1986251319	785306938
pdf.mojom.PdfHost.OnPdfFirstContentPainted	OnPdfFirstContentPainted	1402267588	1448050388	536273381
pdf.mojom.PdfHost.SavePdf	SavePdf	84415096	1553393363	1810636349
pdf.mojom.PdfHost.SelectionChanged	SelectionChanged	620638251	931191132	1511332427
pdf.mojom.PdfHost.SetListener	SetListener	490188939	1983673654	208937053
pdf.mojom.PdfHost.SetPluginCanSave	SetPluginCanSave	1743363279	1768993230	1525754120
pdf.mojom.PdfHost.UpdateContentRestrictions	UpdateContentRestrictions	1856280128	432350015	127604143
pdf.mojom.PdfListener.GetMostVisiblePageIndex	GetMostVisiblePageIndex	615586363	458562040	941369532
pdf.mojom.PdfListener.GetPageText	GetPageText	1077668523	2004684490	1733743036
pdf.mojom.PdfListener.GetPdfBytes	GetPdfBytes	1356949864	1472638684	144308427
pdf.mojom.PdfListener.HasJavaScript	HasJavaScript	1938473462	1000831119	1702304452
pdf.mojom.PdfListener.HasMeaningfulText	HasMeaningfulText	316393376	473912689	604991513
pdf.mojom.PdfListener.IsPasswordProtected	IsPasswordProtected	1390833688	468979849	1626719792
pdf.mojom.PdfListener.MoveRangeSelectionExtent	MoveRangeSelectionExtent	1588571165	719481950	764466596
pdf.mojom.PdfListener.SetCaretPosition	SetCaretPosition	1894801593	1481418798	839673233
pdf.mojom.PdfListener.SetSelectionBase	SetSelectionBase	1486583672	1154531263	1289795822
pdf.mojom.PdfProgressiveSearchifier.AddPage	AddPage	491083099	972015826	1732110012
pdf.mojom.PdfProgressiveSearchifier.DeletePage	DeletePage	1316152589	1261316549	12132859
pdf.mojom.PdfProgressiveSearchifier.Save	Save	175486254	1568225360	583965997
pdf.mojom.PdfSearchifier.Searchify	Searchify	689381669	73213077	1385543758
pdf.mojom.PdfThumbnailer.GetThumbnail	GetThumbnail	730894585	1067376080	1653281444
pdf.mojom.PdfThumbnailer.SetUseSkiaRendererPolicy	SetUseSkiaRendererPolicy	1825944075	1847057699	416033722
performance_manager.mojom.ChildProcessCoordinationUnit.InitializeChildProcessCoordination	InitializeChildProcessCoordination	1093447955	914750358	556062655
performance_manager.mojom.DocumentCoordinationUnit.OnFirstContentfulPaint	OnFirstContentfulPaint	334306556	388261646	176122786
performance_manager.mojom.DocumentCoordinationUnit.OnFreezingOriginTrialOptOut	OnFreezingOriginTrialOptOut	1699340137	1206472250	1522752770
performance_manager.mojom.DocumentCoordinationUnit.OnNonPersistentNotificationCreated	OnNonPersistentNotificationCreated	42822531	1501306224	935288174
performance_manager.mojom.DocumentCoordinationUnit.OnStartedUsingWebRTC	OnStartedUsingWebRTC	1537862612	390221841	1655593319
performance_manager.mojom.DocumentCoordinationUnit.OnStoppedUsingWebRTC	OnStoppedUsingWebRTC	2013184424	522180949	500120604
performance_manager.mojom.DocumentCoordinationUnit.OnWebMemoryMeasurementRequested	OnWebMemoryMeasurementRequested	1087365281	1383029213	1694843057
performance_manager.mojom.DocumentCoordinationUnit.SetHadFormInteraction	SetHadFormInteraction	1746075820	1387329837	1366208529
performance_manager.mojom.DocumentCoordinationUnit.SetHadUserEdits	SetHadUserEdits	181498034	2048492259	82786601
performance_manager.mojom.DocumentCoordinationUnit.SetHasNonEmptyBeforeUnload	SetHasNonEmptyBeforeUnload	1492717489	1283963614	388300470
performance_manager.mojom.DocumentCoordinationUnit.SetIsAdFrame	SetIsAdFrame	534252951	1462664040	751105358
performance_manager.mojom.DocumentCoordinationUnit.SetLifecycleState	SetLifecycleState	1587930880	686471541	698989004
performance_manager.mojom.DocumentCoordinationUnit.SetNetworkAlmostIdle	SetNetworkAlmostIdle	152402159	408638512	1772688756
performance_manager.mojom.ProcessCoordinationUnit.OnRemoteIframeAttached	OnRemoteIframeAttached	1951689300	235267546	211423968
performance_manager.mojom.ProcessCoordinationUnit.OnRemoteIframeDetached	OnRemoteIframeDetached	1710262162	1945045460	1930904775
performance_manager.mojom.ProcessCoordinationUnit.OnV8ContextCreated	OnV8ContextCreated	1721065659	161195641	562591315
performance_manager.mojom.ProcessCoordinationUnit.OnV8ContextDestroyed	OnV8ContextDestroyed	924219666	1253677472	1867319422
performance_manager.mojom.ProcessCoordinationUnit.OnV8ContextDetached	OnV8ContextDetached	1944928995	463801149	127715841
performance_manager.mojom.ProcessCoordinationUnit.SetMainThreadTaskLoadIsLow	SetMainThreadTaskLoadIsLow	1312546719	105022842	1440535350
policy.local_user_files.mojom.Page.UpdateRemainingTime	UpdateRemainingTime	1735615101	1066068989	214405140
policy.local_user_files.mojom.PageHandler.Close	Close	1454175847	1773930454	252371155
policy.local_user_files.mojom.PageHandler.GetInitialDialogInfo	GetInitialDialogInfo	260512781	1336134400	2074422509
policy.local_user_files.mojom.PageHandler.UploadOrDeleteNow	UploadOrDeleteNow	561704588	1731414811	1260698065
policy.local_user_files.mojom.PageHandlerFactory.CreatePageHandler	CreatePageHandler	1491630672	693527628	1049712340
policy.mojom.PolicyPageClient.StatusUpdated	StatusUpdated	1219512172	1557429239	59692399
policy.mojom.PolicyPageHandler.CheckPromotionEligibility	CheckPromotionEligibility	348356513	428777641	2086298744
policy.mojom.PolicyPageHandler.GetAppliedTestPolicies	GetAppliedTestPolicies	436045684	414433935	983371743
policy.mojom.PolicyPageHandler.GetDebugString	GetDebugString	474691767	1439335766	664431186
policy.mojom.PolicyPageHandler.GetPoliciesJson	GetPoliciesJson	1571536283	440280865	29675530
policy.mojom.PolicyPageHandler.GetPolicyLogs	GetPolicyLogs	2086597792	96790770	91945878
policy.mojom.PolicyPageHandler.RecordBannerRedirected	RecordBannerRedirected	1800906255	2044681281	211911108
policy.mojom.PolicyPageHandler.RestartBrowser	RestartBrowser	1577314030	424920421	646630368
policy.mojom.PolicyPageHandler.RevertLocalTestPolicies	RevertLocalTestPolicies	1035004854	706536124	497355153
policy.mojom.PolicyPageHandler.SetBannerDismissed	SetBannerDismissed	2016228636	755061056	1712291233
policy.mojom.PolicyPageHandler.SetLocalTestPolicies	SetLocalTestPolicies	198295898	843492162	1217037248
policy.mojom.PolicyPageHandler.SetUserAffiliated	SetUserAffiliated	1755860073	190549301	324960285
policy.mojom.PolicyPageHandlerFactory.CreateHandler	CreateHandler	1150559707	119025909	655486142
prefs.mojom.ResetOnLoadObserver.OnResetOnLoad	OnResetOnLoad	1134030156	1130774307	1206363321
prefs.mojom.TrackedPreferenceValidationDelegate.OnAtomicPreferenceValidation	OnAtomicPreferenceValidation	1993803327	907962532	737191133
prefs.mojom.TrackedPreferenceValidationDelegate.OnSplitPreferenceValidation	OnSplitPreferenceValidation	1943786564	814844635	1113273023
prerender.mojom.NoStatePrefetchCanceler.CancelNoStatePrefetchAfterSubresourcesDiscovered	CancelNoStatePrefetchAfterSubresourcesDiscovered	485101665	1735244167	922440863
prerender.mojom.NoStatePrefetchCanceler.CancelNoStatePrefetchForUnsupportedScheme	CancelNoStatePrefetchForUnsupportedScheme	2102440539	1848077811	1269122236
prerender.mojom.NoStatePrefetchMessages.SetIsNoStatePrefetching	SetIsNoStatePrefetching	342331176	324766420	492575726
printing.mojom.PdfFlattener.FlattenPdf	FlattenPdf	279903333	1151350426	1059284140
printing.mojom.PdfFlattener.SetUseSkiaRendererPolicy	SetUseSkiaRendererPolicy	1825944075	192574328	612034415
printing.mojom.PdfNupConverter.NupDocumentConvert	NupDocumentConvert	1588004274	1920452521	1255612206
printing.mojom.PdfNupConverter.NupPageConvert	NupPageConvert	219735680	705970714	720261706
printing.mojom.PdfNupConverter.SetUseSkiaRendererPolicy	SetUseSkiaRendererPolicy	1825944075	614063132	1888937873
printing.mojom.PdfNupConverter.SetWebContentsURL	SetWebContentsURL	1477204488	1393173306	356001826
printing.mojom.PdfToEmfConverter.ConvertPage	ConvertPage	1833844027	1126583734	1068962799
printing.mojom.PdfToEmfConverter.SetUseSkiaRendererPolicy	SetUseSkiaRendererPolicy	1825944075	1079717684	17145978
printing.mojom.PdfToEmfConverter.SetWebContentsURL	SetWebContentsURL	1477204488	1983708738	438315367
printing.mojom.PdfToEmfConverterFactory.CreateConverter	CreateConverter	30849319	1594669414	341966724
printing.mojom.PdfToPwgRasterConverter.Convert	Convert	1065867518	1392841489	748958828
printing.mojom.PdfToPwgRasterConverter.SetUseSkiaRendererPolicy	SetUseSkiaRendererPolicy	1825944075	1277759567	807994502
printing.mojom.PrintBackendService.Cancel	Cancel	1287471363	344671369	1579336681
printing.mojom.PrintBackendService.DocumentDone	DocumentDone	942910886	404248334	524566092
printing.mojom.PrintBackendService.EnumeratePrinters	EnumeratePrinters	917785630	993676373	1011383224
printing.mojom.PrintBackendService.EstablishPrintingContext	EstablishPrintingContext	193331170	189496882	1183043676
printing.mojom.PrintBackendService.FetchCapabilities	FetchCapabilities	2092279273	188236608	1642355180
printing.mojom.PrintBackendService.GetDefaultPrinterName	GetDefaultPrinterName	1067505039	327317434	315494039
printing.mojom.PrintBackendService.Init	Init	860934531	1366547506	817974457
printing.mojom.PrintBackendService.Poke	Poke	1533886594	651493610	230707283
printing.mojom.PrintBackendService.RenderPrintedDocument	RenderPrintedDocument	887731890	1797865470	1623375207
printing.mojom.PrintBackendService.StartPrinting	StartPrinting	447138192	928998142	322874691
printing.mojom.PrintBackendService.UpdatePrintSettings	UpdatePrintSettings	55464876	1890377756	1686147123
printing.mojom.PrintBackendService.UseDefaultSettings	UseDefaultSettings	1054486050	2054877487	160102885
printing.mojom.PrintCompositor.AddSubframeContent	AddSubframeContent	650406982	716152361	1102212818
printing.mojom.PrintCompositor.CompositeDocument	CompositeDocument	940513749	843381485	1138276369
printing.mojom.PrintCompositor.CompositePage	CompositePage	2146000643	1953393627	1011610238
printing.mojom.PrintCompositor.FinishDocumentComposition	FinishDocumentComposition	1290404847	75217219	16170317
printing.mojom.PrintCompositor.NotifyUnavailableSubframe	NotifyUnavailableSubframe	1269048797	1615363425	230885524
printing.mojom.PrintCompositor.PrepareToCompositeDocument	PrepareToCompositeDocument	713317429	60795709	1562989617
printing.mojom.PrintCompositor.SetAccessibilityTree	SetAccessibilityTree	711902321	1125596715	564115069
printing.mojom.PrintCompositor.SetGenerateDocumentOutline	SetGenerateDocumentOutline	1649356249	221106083	882141667
printing.mojom.PrintCompositor.SetTitle	SetTitle	1726526579	53973288	1160448968
printing.mojom.PrintCompositor.SetUserAgent	SetUserAgent	1694721661	1460896738	743014582
printing.mojom.PrintCompositor.SetWebContentsURL	SetWebContentsURL	1477204488	467225667	188058488
printing.mojom.PrintManagerHost.DidGetPrintedPagesCount	DidGetPrintedPagesCount	570259867	1297739148	1734182002
printing.mojom.PrintManagerHost.DidPrintDocument	DidPrintDocument	1043342674	1196471273	447777982
printing.mojom.PrintManagerHost.DidShowPrintDialog	DidShowPrintDialog	1637816656	52569732	1212247497
printing.mojom.PrintManagerHost.GetDefaultPrintSettings	GetDefaultPrintSettings	1090688144	1356999454	1910905765
printing.mojom.PrintManagerHost.IsPrintingEnabled	IsPrintingEnabled	1450436249	2044433869	397229906
printing.mojom.PrintManagerHost.PrintingFailed	PrintingFailed	2133331641	962800972	1245992574
printing.mojom.PrintManagerHost.ScriptedPrint	ScriptedPrint	843666860	1255311473	1191804433
printing.mojom.PrintRenderFrame.ConnectToPdfRenderer	ConnectToPdfRenderer	1630735473	660898883	1245325817
printing.mojom.PrintRenderFrame.PrintFrameContent	PrintFrameContent	470310880	1855944524	975628904
printing.mojom.PrintRenderFrame.PrintNodeUnderContextMenu	PrintNodeUnderContextMenu	70954824	422552398	1529680058
printing.mojom.PrintRenderFrame.PrintRequestedPages	PrintRequestedPages	622194690	356510388	1157897928
printing.mojom.PrintRenderFrame.PrintWithParams	PrintWithParams	2130571456	1223601608	546551339
printing.mojom.PrintRenderFrame.PrintingDone	PrintingDone	1197267366	486372026	1147634482
printing.mojom.SandboxedPrintBackendHost.BindBackend	BindBackend	359301744	1414014753	696979673
printing.mojom.UnsandboxedPrintBackendHost.BindBackend	BindBackend	359301744	937322876	738918051
private_ai.mojom.OakSession.CompleteHandshake	CompleteHandshake	1576699231	1718389068	847962084
private_ai.mojom.OakSession.Decrypt	Decrypt	181005312	20824957	80236121
private_ai.mojom.OakSession.Encrypt	Encrypt	798769228	2129536233	1235199836
private_ai.mojom.OakSession.InitiateHandshake	InitiateHandshake	419689979	968763140	524751356
private_ai_internals.mojom.PrivateAiInternalsPage.OnLogMessage	OnLogMessage	715163741	437922580	537601221
private_ai_internals.mojom.PrivateAiInternalsPageHandler.Close	Close	1454175847	336296239	955791415
private_ai_internals.mojom.PrivateAiInternalsPageHandler.Connect	Connect	161123025	1008694410	1429451328
private_ai_internals.mojom.PrivateAiInternalsPageHandler.SendRequest	SendRequest	1079786346	1848817992	1855793354
private_ai_internals.mojom.PrivateAiInternalsPageHandler.SetPage	SetPage	191756658	794089851	1261389751
proxy_resolver.mojom.HostResolverRequestClient.ReportResult	ReportResult	1292376944	200747459	1369185169
proxy_resolver.mojom.ProxyResolver.GetProxyForUrl	GetProxyForUrl	705295505	1257117919	2104329777
proxy_resolver.mojom.ProxyResolverFactory.CreateResolver	CreateResolver	1984903971	579899113	575639152
proxy_resolver.mojom.ProxyResolverFactoryRequestClient.Alert	Alert	724690785	883167122	1265227983
proxy_resolver.mojom.ProxyResolverFactoryRequestClient.OnError	OnError	1669973012	555493261	1457608002
proxy_resolver.mojom.ProxyResolverFactoryRequestClient.ReportResult	ReportResult	1292376944	782814754	1472998494
proxy_resolver.mojom.ProxyResolverFactoryRequestClient.ResolveDns	ResolveDns	1628123160	926294767	992484256
proxy_resolver.mojom.ProxyResolverRequestClient.Alert	Alert	724690785	945920852	1051923335
proxy_resolver.mojom.ProxyResolverRequestClient.OnError	OnError	1669973012	1126278807	1171076023
proxy_resolver.mojom.ProxyResolverRequestClient.ReportResult	ReportResult	1292376944	41186460	2105496548
proxy_resolver.mojom.ProxyResolverRequestClient.ResolveDns	ResolveDns	1628123160	1775504433	787058316
quarantine.mojom.Quarantine.QuarantineFile	QuarantineFile	1666265227	1164906841	1036778823
quick_answers.mojom.SpellCheckDictionary.CheckSpelling	CheckSpelling	1265920857	2100774088	405846475
quick_answers.mojom.SpellCheckService.CreateDictionary	CreateDictionary	339034565	472985200	902863310
read_aloud.mojom.ReadAloudPlaybackController.FlushBuffers	FlushBuffers	1290833530	687685039	524326365
read_aloud.mojom.ReadAloudPlaybackController.InitializeAudio	InitializeAudio	398906003	581366178	453401367
read_aloud.mojom.ReadAloudPlaybackController.Pause	Pause	948110021	1116859342	566832360
read_aloud.mojom.ReadAloudPlaybackController.Play	Play	761969055	524217524	19389459
read_aloud.mojom.ReadAloudPlaybackController.SeekToTime	SeekToTime	22702437	659139405	721434635
read_aloud.mojom.ReadAloudPlaybackController.SeekToWord	SeekToWord	561321126	1666584029	1334585463
read_aloud.mojom.ReadAloudPlaybackController.SetPlaybackRate	SetPlaybackRate	1864360490	2115044617	45277157
read_aloud.mojom.ReadAloudPlaybackController.SetTextContent	SetTextContent	1411103109	1345606838	219804957
read_aloud.mojom.ReadAloudPlaybackController.SetVoice	SetVoice	880222659	1743068831	1825121738
read_aloud.mojom.ReadAloudPlaybackControllerClient.OnPlaybackDurationChanged	OnPlaybackDurationChanged	987567691	765657544	764633644
read_aloud.mojom.ReadAloudPlaybackControllerClient.OnPlaybackStateChanged	OnPlaybackStateChanged	206980316	666717701	663491913
read_aloud.mojom.ReadAloudPlaybackControllerClient.OnTextChunked	OnTextChunked	1508035741	931035552	2117842596
read_aloud.mojom.ReadAloudPlaybackControllerClient.OnWordBoundaryReached	OnWordBoundaryReached	457706570	1577510633	1767886088
read_aloud.mojom.ReadAloudPlaybackControllerClient.RequestSpeechSynthesis	RequestSpeechSynthesis	435276	279516298	1992654387
read_aloud.mojom.ReadAloudPlaybackControllerFactory.CreateController	CreateController	632692217	2094437170	2097172181
read_anything.mojom.UntrustedPage.AccessibilityEventReceived	AccessibilityEventReceived	1092539356	791097368	667342829
read_anything.mojom.UntrustedPage.OnAXTreeDestroyed	OnAXTreeDestroyed	1344399794	203332557	506228438
read_anything.mojom.UntrustedPage.OnActiveAXTreeIDChanged	OnActiveAXTreeIDChanged	2107703124	838414060	1226273161
read_anything.mojom.UntrustedPage.OnGetPresentationState	OnGetPresentationState	551730925	93886827	1877356300
read_anything.mojom.UntrustedPage.OnGetVoicePackInfo	OnGetVoicePackInfo	322281979	1681650293	1302300733
read_anything.mojom.UntrustedPage.OnImageDataDownloaded	OnImageDataDownloaded	2074856278	359673906	1069139321
read_anything.mojom.UntrustedPage.OnMainFrameSameDocumentNavigation	OnMainFrameSameDocumentNavigation	143330591	110585969	921816079
read_anything.mojom.UntrustedPage.OnPinStatusReceived	OnPinStatusReceived	986412724	379678023	1542078068
read_anything.mojom.UntrustedPage.OnReadabilityDistillationStateChanged	OnReadabilityDistillationStateChanged	1710485729	2024008755	2099515240
read_anything.mojom.UntrustedPage.OnReadingModeHidden	OnReadingModeHidden	1939658371	1652191306	1002477505
read_anything.mojom.UntrustedPage.OnReadingModeShown	OnReadingModeShown	2078329170	1778519917	24193841
read_anything.mojom.UntrustedPage.OnSettingsRestoredFromPrefs	OnSettingsRestoredFromPrefs	340309727	1298259185	135221405
read_anything.mojom.UntrustedPage.OnTabMuteStateChange	OnTabMuteStateChange	117144423	1245126670	1908372315
read_anything.mojom.UntrustedPage.OnTabWillDetach	OnTabWillDetach	593582554	1346057937	596301958
read_anything.mojom.UntrustedPage.OnTtsEngineInstalled	OnTtsEngineInstalled	1539927403	570437350	647362165
read_anything.mojom.UntrustedPage.ScreenAIServiceReady	ScreenAIServiceReady	486799481	1341432944	1256372546
read_anything.mojom.UntrustedPage.SetDefaultLanguageCode	SetDefaultLanguageCode	1968821603	1616768109	118362713
read_anything.mojom.UntrustedPage.SetLanguageCode	SetLanguageCode	1050457622	625046850	893517190
read_anything.mojom.UntrustedPage.UpdateContent	UpdateContent	644102133	672337228	1560203569
read_anything.mojom.UntrustedPageHandler.AckReadingModeHidden	AckReadingModeHidden	1655518797	1422399418	571214542
read_anything.mojom.UntrustedPageHandler.CloseUI	CloseUI	2083298329	649894034	182073977
read_anything.mojom.UntrustedPageHandler.GetDependencyParserModel	GetDependencyParserModel	2114103228	1283247320	318378773
read_anything.mojom.UntrustedPageHandler.GetPresentationState	GetPresentationState	72388450	978419455	335396891
read_anything.mojom.UntrustedPageHandler.GetVoicePackInfo	GetVoicePackInfo	844014652	1076731810	1492530919
read_anything.mojom.UntrustedPageHandler.InstallVoicePack	InstallVoicePack	1275266771	1252715635	632145344
read_anything.mojom.UntrustedPageHandler.LogExtensionState	LogExtensionState	1460345167	1507672292	15084343
read_anything.mojom.UntrustedPageHandler.OnCollapseSelection	OnCollapseSelection	79154207	1188586484	89825363
read_anything.mojom.UntrustedPageHandler.OnColorChange	OnColorChange	1553904263	1465377760	1468751093
read_anything.mojom.UntrustedPageHandler.OnCopy	OnCopy	387333917	340442990	1550757780
read_anything.mojom.UntrustedPageHandler.OnDistillationStateChanged	OnDistillationStateChanged	272409747	1804535383	1170160210
read_anything.mojom.UntrustedPageHandler.OnDistillationStatus	OnDistillationStatus	1118779216	2008945917	974604778
read_anything.mojom.UntrustedPageHandler.OnFontChange	OnFontChange	259042037	304125557	827678774
read_anything.mojom.UntrustedPageHandler.OnFontSizeChange	OnFontSizeChange	1245277610	145436508	1966558056
read_anything.mojom.UntrustedPageHandler.OnHighlightGranularityChanged	OnHighlightGranularityChanged	2086270470	73656769	1492515131
read_anything.mojom.UntrustedPageHandler.OnImageDataRequested	OnImageDataRequested	628218707	2013889638	1510136287
read_anything.mojom.UntrustedPageHandler.OnImagesEnabledChanged	OnImagesEnabledChanged	97224041	151929770	616408970
read_anything.mojom.UntrustedPageHandler.OnLanguagePrefChange	OnLanguagePrefChange	819003231	776448239	237062456
read_anything.mojom.UntrustedPageHandler.OnLetterSpaceChange	OnLetterSpaceChange	1069195720	336766104	1731548667
read_anything.mojom.UntrustedPageHandler.OnLineFocusChanged	OnLineFocusChanged	1700768748	210292233	831845443
read_anything.mojom.UntrustedPageHandler.OnLineSpaceChange	OnLineSpaceChange	1515668174	2090545392	1782595224
read_anything.mojom.UntrustedPageHandler.OnLinkClicked	OnLinkClicked	2144524465	742905612	1697148139
read_anything.mojom.UntrustedPageHandler.OnLinksEnabledChanged	OnLinksEnabledChanged	549738308	2082406617	2034072846
read_anything.mojom.UntrustedPageHandler.OnReadAloudAudioStateChange	OnReadAloudAudioStateChange	1144405830	2019504551	239774016
read_anything.mojom.UntrustedPageHandler.OnSelectionChange	OnSelectionChange	603525220	1146678757	574557345
read_anything.mojom.UntrustedPageHandler.OnSpeechEngineStalled	OnSpeechEngineStalled	1929764327	1458411032	1761405172
read_anything.mojom.UntrustedPageHandler.OnSpeechRateChange	OnSpeechRateChange	288860354	810681604	1808960594
read_anything.mojom.UntrustedPageHandler.OnTranslationRequested	OnTranslationRequested	802397969	1329889686	1886777284
read_anything.mojom.UntrustedPageHandler.OnVoiceChange	OnVoiceChange	1228424004	632820335	942069829
read_anything.mojom.UntrustedPageHandler.RequestReadabilityDistillation	RequestReadabilityDistillation	1552556786	599190275	1344521796
read_anything.mojom.UntrustedPageHandler.ScrollToTargetNode	ScrollToTargetNode	379609190	1515012619	1261294593
read_anything.mojom.UntrustedPageHandler.SendPinStateRequest	SendPinStateRequest	558295422	1900531883	939509698
read_anything.mojom.UntrustedPageHandler.TogglePinState	TogglePinState	1817301909	874648690	1344667893
read_anything.mojom.UntrustedPageHandler.TogglePresentation	TogglePresentation	330116529	982106090	1904384647
read_anything.mojom.UntrustedPageHandler.UninstallVoice	UninstallVoice	2144880365	2076954045	1105500191
read_anything.mojom.UntrustedPageHandlerFactory.CreateUntrustedPageHandler	CreateUntrustedPageHandler	1435435372	1945011632	1670697252
read_anything.mojom.UntrustedPageHandlerFactory.ShouldShowUI	ShouldShowUI	1327275097	300384958	344110371
reading_list.mojom.Page.CurrentPageActionButtonStateChanged	CurrentPageActionButtonStateChanged	1605942622	71349586	1408499727
reading_list.mojom.Page.ItemsChanged	ItemsChanged	1025616981	962449543	214405140
reading_list.mojom.PageHandler.AddCurrentTab	AddCurrentTab	1899072470	1540623337	160316634
reading_list.mojom.PageHandler.CloseUI	CloseUI	2083298329	757048556	576514537
reading_list.mojom.PageHandler.GetReadLaterEntries	GetReadLaterEntries	1221772265	470952465	2074422509
reading_list.mojom.PageHandler.GetWindowData	GetWindowData	558639139	1213024083	703401204
reading_list.mojom.PageHandler.MarkCurrentTabAsRead	MarkCurrentTabAsRead	935958306	2008651453	978676253
reading_list.mojom.PageHandler.OpenURL	OpenURL	1666472732	1732627217	1260698065
reading_list.mojom.PageHandler.RemoveEntry	RemoveEntry	954032623	644456117	1215762890
reading_list.mojom.PageHandler.ShowContextMenuForURL	ShowContextMenuForURL	2106333990	2052784658	477874547
reading_list.mojom.PageHandler.ShowUI	ShowUI	1522616332	305520979	1030440014
reading_list.mojom.PageHandler.UpdateCurrentPageActionButtonState	UpdateCurrentPageActionButtonState	356354737	1378921652	1558420783
reading_list.mojom.PageHandler.UpdateReadStatus	UpdateReadStatus	326873208	1396117266	252371155
reading_list.mojom.PageHandlerFactory.CreatePageHandler	CreatePageHandler	1491630672	1724043842	1049712340
reading_mode.mojom.DistillationEvaluator.Evaluate	Evaluate	143316656	26661888	54871740
record_replay.mojom.RecordReplayAgent.DoClick	DoClick	1492357038	1387799582	1146852280
record_replay.mojom.RecordReplayAgent.DoPaste	DoPaste	2123915455	138685130	2005066362
record_replay.mojom.RecordReplayAgent.DoSelect	DoSelect	1657220774	259811105	929235013
record_replay.mojom.RecordReplayAgent.GetElementSelector	GetElementSelector	1738790350	2003445755	997505656
record_replay.mojom.RecordReplayAgent.GetMatchingElements	GetMatchingElements	361822405	54631117	1828707269
record_replay.mojom.RecordReplayAgent.GetValuesOfMatchingElements	GetValuesOfMatchingElements	1639132580	318382046	260724273
record_replay.mojom.RecordReplayAgent.StartRecording	StartRecording	1509644276	256608199	1090290890
record_replay.mojom.RecordReplayAgent.StopRecording	StopRecording	471432022	1982030125	594234979
record_replay.mojom.RecordReplayDriver.OnClick	OnClick	1194322686	513917498	1618921727
record_replay.mojom.RecordReplayDriver.OnSelectChanged	OnSelectChanged	1334155282	2029741789	2103956894
record_replay.mojom.RecordReplayDriver.OnTextChange	OnTextChange	1720538347	1031796536	854473056
recording.mojom.DriveFsQuotaDelegate.GetDriveFsFreeSpaceBytes	GetDriveFsFreeSpaceBytes	1404988469	529134348	235008172
recording.mojom.RecordingService.OnFrameSinkSizeChanged	OnFrameSinkSizeChanged	1663506353	143071346	579402941
recording.mojom.RecordingService.OnRecordedWindowChangingRoot	OnRecordedWindowChangingRoot	1880948067	410752633	575360219
recording.mojom.RecordingService.OnRecordedWindowSizeChanged	OnRecordedWindowSizeChanged	1599485883	548280500	1378205777
recording.mojom.RecordingService.RecordFullscreen	RecordFullscreen	1741311873	247795596	847395530
recording.mojom.RecordingService.RecordRegion	RecordRegion	562349254	2048556033	818145796
recording.mojom.RecordingService.RecordWindow	RecordWindow	1627016302	1215616639	504634041
recording.mojom.RecordingService.StopRecording	StopRecording	471432022	372599230	1808607707
recording.mojom.RecordingServiceClient.OnRecordingEnded	OnRecordingEnded	984672853	417755365	1678797307
redirection.mojom.RedirectionService.Start	Start	1284713943	184489173	1861397029
remote_cocoa.mojom.AlertBridge.Dismiss	Dismiss	2053092943	1205864267	1210338345
remote_cocoa.mojom.AlertBridge.Show	Show	1904662374	1479166764	829620038
remote_cocoa.mojom.Application.CreateAlert	CreateAlert	1596773305	481787502	1904031987
remote_cocoa.mojom.Application.CreateNativeWidgetNSWindow	CreateNativeWidgetNSWindow	551018953	131882377	44199296
remote_cocoa.mojom.Application.CreateRenderWidgetHostNSView	CreateRenderWidgetHostNSView	1672365037	886838723	1979287449
remote_cocoa.mojom.Application.CreateSystemMediaControlsBridge	CreateSystemMediaControlsBridge	475356159	360434785	794877566
remote_cocoa.mojom.Application.CreateWebContentsNSView	CreateWebContentsNSView	596420681	1571751367	1722136745
remote_cocoa.mojom.Application.ForwardCutCopyPaste	ForwardCutCopyPaste	1347876684	399242559	1775972975
remote_cocoa.mojom.Menu.Cancel	Cancel	1287471363	368592155	1820779773
remote_cocoa.mojom.Menu.UpdateMenuItem	UpdateMenuItem	748421598	1202248760	288299704
remote_cocoa.mojom.MenuHost.CommandActivated	CommandActivated	342734329	1679045435	1282505242
remote_cocoa.mojom.MenuHost.MenuClosed	MenuClosed	1830909744	497983748	815757523
remote_cocoa.mojom.NativeWidgetNSWindow.AcquireCapture	AcquireCapture	179585535	616387402	1100579667
remote_cocoa.mojom.NativeWidgetNSWindow.BeginFileDrag	BeginFileDrag	147735760	223173408	799377418
remote_cocoa.mojom.NativeWidgetNSWindow.ClearTouchBar	ClearTouchBar	1957721816	595036195	1535838740
remote_cocoa.mojom.NativeWidgetNSWindow.CloseWindow	CloseWindow	1301374863	1768580714	1161709245
remote_cocoa.mojom.NativeWidgetNSWindow.CloseWindowNow	CloseWindowNow	855790533	804846300	2145528466
remote_cocoa.mojom.NativeWidgetNSWindow.CreateContentView	CreateContentView	1865080731	1160206437	180825416
remote_cocoa.mojom.NativeWidgetNSWindow.CreateSelectFileDialog	CreateSelectFileDialog	398182303	174770597	2132445387
remote_cocoa.mojom.NativeWidgetNSWindow.CreateWindow	CreateWindow	308911949	1512999731	265766847
remote_cocoa.mojom.NativeWidgetNSWindow.DestroyContentView	DestroyContentView	338561219	1237112342	1603526338
remote_cocoa.mojom.NativeWidgetNSWindow.DisableImmersiveFullscreen	DisableImmersiveFullscreen	1709930855	1597493634	904493726
remote_cocoa.mojom.NativeWidgetNSWindow.DisplayContextMenu	DisplayContextMenu	1597594075	709141434	1125966128
remote_cocoa.mojom.NativeWidgetNSWindow.EnableImmersiveFullscreen	EnableImmersiveFullscreen	1122031422	1845534045	2144160628
remote_cocoa.mojom.NativeWidgetNSWindow.EnterFullscreen	EnterFullscreen	557934302	87817756	70470882
remote_cocoa.mojom.NativeWidgetNSWindow.ExitFullscreen	ExitFullscreen	415098498	1195283041	1915656243
remote_cocoa.mojom.NativeWidgetNSWindow.ImmersiveFullscreenRevealLock	ImmersiveFullscreenRevealLock	1708920655	1558550410	1636549518
remote_cocoa.mojom.NativeWidgetNSWindow.ImmersiveFullscreenRevealUnlock	ImmersiveFullscreenRevealUnlock	339319722	1492391705	730596388
remote_cocoa.mojom.NativeWidgetNSWindow.InitCompositorView	InitCompositorView	1787275543	185114789	1010653673
remote_cocoa.mojom.NativeWidgetNSWindow.InitWindow	InitWindow	1512675315	1908886891	1957462752
remote_cocoa.mojom.NativeWidgetNSWindow.MakeFirstResponder	MakeFirstResponder	471431239	1247110562	231929201
remote_cocoa.mojom.NativeWidgetNSWindow.MoveToActiveFullscreenSpace	MoveToActiveFullscreenSpace	1548314410	1836901001	2124621578
remote_cocoa.mojom.NativeWidgetNSWindow.OnTopContainerViewBoundsChanged	OnTopContainerViewBoundsChanged	73032128	1039756379	1592866932
remote_cocoa.mojom.NativeWidgetNSWindow.RedispatchKeyEvent	RedispatchKeyEvent	1871084655	888111497	1111148974
remote_cocoa.mojom.NativeWidgetNSWindow.ReleaseCapture	ReleaseCapture	2048223602	385187921	695954273
remote_cocoa.mojom.NativeWidgetNSWindow.SetActivationIndependence	SetActivationIndependence	464105293	1726460204	119907602
remote_cocoa.mojom.NativeWidgetNSWindow.SetAllowScreenshots	SetAllowScreenshots	1712089589	2141280980	1416330898
remote_cocoa.mojom.NativeWidgetNSWindow.SetAnimationEnabled	SetAnimationEnabled	106772162	1557177909	532182268
remote_cocoa.mojom.NativeWidgetNSWindow.SetAspectRatio	SetAspectRatio	1481670408	1761763095	1494654136
remote_cocoa.mojom.NativeWidgetNSWindow.SetBounds	SetBounds	1215393496	1554171112	462994196
remote_cocoa.mojom.NativeWidgetNSWindow.SetCALayerParams	SetCALayerParams	132518032	1685901464	64095272
remote_cocoa.mojom.NativeWidgetNSWindow.SetCanAppearInExistingFullscreenSpaces	SetCanAppearInExistingFullscreenSpaces	993753596	743396263	2056486837
remote_cocoa.mojom.NativeWidgetNSWindow.SetCanGoBack	SetCanGoBack	1856326476	1052353799	2130450924
remote_cocoa.mojom.NativeWidgetNSWindow.SetCanGoForward	SetCanGoForward	1035906992	989903691	481966764
remote_cocoa.mojom.NativeWidgetNSWindow.SetColorMode	SetColorMode	946557801	1123576833	2092065598
remote_cocoa.mojom.NativeWidgetNSWindow.SetCursor	SetCursor	1848551189	199010855	2094315480
remote_cocoa.mojom.NativeWidgetNSWindow.SetIgnoresMouseEvents	SetIgnoresMouseEvents	1084952330	494445661	1424662318
remote_cocoa.mojom.NativeWidgetNSWindow.SetInitialBounds	SetInitialBounds	1678402378	750364444	1092553156
remote_cocoa.mojom.NativeWidgetNSWindow.SetLocalEventMonitorEnabled	SetLocalEventMonitorEnabled	36017377	1353684256	526940156
remote_cocoa.mojom.NativeWidgetNSWindow.SetMiniaturized	SetMiniaturized	1197143874	338419893	1979108838
remote_cocoa.mojom.NativeWidgetNSWindow.SetOpacity	SetOpacity	1210972354	234052571	142980606
remote_cocoa.mojom.NativeWidgetNSWindow.SetParent	SetParent	1208335663	1661854372	705017038
remote_cocoa.mojom.NativeWidgetNSWindow.SetSize	SetSize	2135426740	154836591	1484415914
remote_cocoa.mojom.NativeWidgetNSWindow.SetSizeAndCenter	SetSizeAndCenter	691424260	1463136591	482999749
remote_cocoa.mojom.NativeWidgetNSWindow.SetSizeConstraints	SetSizeConstraints	573423400	1536404555	1803378462
remote_cocoa.mojom.NativeWidgetNSWindow.SetTransitionsToAnimate	SetTransitionsToAnimate	1016868391	1538559790	1619120176
remote_cocoa.mojom.NativeWidgetNSWindow.SetVisibilityState	SetVisibilityState	49635058	1724666937	1272448626
remote_cocoa.mojom.NativeWidgetNSWindow.SetVisibleOnAllSpaces	SetVisibleOnAllSpaces	443375808	1910103579	102927102
remote_cocoa.mojom.NativeWidgetNSWindow.SetWindowLevel	SetWindowLevel	1547096711	1519633896	228108408
remote_cocoa.mojom.NativeWidgetNSWindow.SetWindowTitle	SetWindowTitle	1146273835	362430178	602295326
remote_cocoa.mojom.NativeWidgetNSWindow.SetZoomed	SetZoomed	640199313	1481364096	1032830196
remote_cocoa.mojom.NativeWidgetNSWindow.ShowCertificateViewer	ShowCertificateViewer	79262509	1936664248	1172073451
remote_cocoa.mojom.NativeWidgetNSWindow.ShowEmojiPanel	ShowEmojiPanel	2060982302	850063205	1970464691
remote_cocoa.mojom.NativeWidgetNSWindow.SortSubviews	SortSubviews	1172171101	939582001	2113278913
remote_cocoa.mojom.NativeWidgetNSWindow.StackAbove	StackAbove	171254418	990408727	1999499778
remote_cocoa.mojom.NativeWidgetNSWindow.StackAtTop	StackAtTop	2086639701	272769660	436304848
remote_cocoa.mojom.NativeWidgetNSWindow.UpdateToolbarVisibility	UpdateToolbarVisibility	1975021503	546003639	483514208
remote_cocoa.mojom.NativeWidgetNSWindow.UpdateTooltip	UpdateTooltip	426000823	1217482578	219142073
remote_cocoa.mojom.NativeWidgetNSWindowHost.DispatchKeyEventRemote	DispatchKeyEventRemote	290990054	1955133432	458451243
remote_cocoa.mojom.NativeWidgetNSWindowHost.DispatchKeyEventToMenuControllerRemote	DispatchKeyEventToMenuControllerRemote	1435910848	46976412	479771046
remote_cocoa.mojom.NativeWidgetNSWindowHost.DispatchMonitorEvent	DispatchMonitorEvent	36554065	1580821159	1225847270
remote_cocoa.mojom.NativeWidgetNSWindowHost.DoDialogButtonAction	DoDialogButtonAction	649341616	2052059620	988723172
remote_cocoa.mojom.NativeWidgetNSWindowHost.ExecuteCommand	ExecuteCommand	938445569	1925136536	1249481116
remote_cocoa.mojom.NativeWidgetNSWindowHost.GetAlwaysRenderWindowAsKey	GetAlwaysRenderWindowAsKey	1183884657	688667730	866038443
remote_cocoa.mojom.NativeWidgetNSWindowHost.GetCanWindowBecomeKey	GetCanWindowBecomeKey	735946937	1495025354	10100713
remote_cocoa.mojom.NativeWidgetNSWindowHost.GetDialogButtonInfo	GetDialogButtonInfo	1686164123	609052143	1958423094
remote_cocoa.mojom.NativeWidgetNSWindowHost.GetDoDialogButtonsExist	GetDoDialogButtonsExist	1775997596	149759261	432374813
remote_cocoa.mojom.NativeWidgetNSWindowHost.GetHasMenuController	GetHasMenuController	1670123256	417235405	1354084223
remote_cocoa.mojom.NativeWidgetNSWindowHost.GetHitTestResult	GetHitTestResult	256972053	1471368319	1131670596
remote_cocoa.mojom.NativeWidgetNSWindowHost.GetIsFocusedViewTextual	GetIsFocusedViewTextual	131924582	481735375	1528665293
remote_cocoa.mojom.NativeWidgetNSWindowHost.GetRootViewAccessibilityToken	GetRootViewAccessibilityToken	533373267	1495725409	91774214
remote_cocoa.mojom.NativeWidgetNSWindowHost.GetSheetOffsetY	GetSheetOffsetY	1864307134	1664445451	1642184806
remote_cocoa.mojom.NativeWidgetNSWindowHost.GetShouldShowWindowTitle	GetShouldShowWindowTitle	3699977	1157650474	30976088
remote_cocoa.mojom.NativeWidgetNSWindowHost.GetTooltipTextAt	GetTooltipTextAt	2098131634	1824331317	1280800051
remote_cocoa.mojom.NativeWidgetNSWindowHost.GetWidgetIsModal	GetWidgetIsModal	2060435558	525317135	821020245
remote_cocoa.mojom.NativeWidgetNSWindowHost.GetWindowFrameTitlebarHeight	GetWindowFrameTitlebarHeight	1572449498	1581601433	1449822708
remote_cocoa.mojom.NativeWidgetNSWindowHost.HandleAccelerator	HandleAccelerator	71114864	1904448227	409026865
remote_cocoa.mojom.NativeWidgetNSWindowHost.OnAutohidingMenuBarHeightChanged	OnAutohidingMenuBarHeightChanged	589555617	2045539808	1572183816
remote_cocoa.mojom.NativeWidgetNSWindowHost.OnFocusWindowToolbar	OnFocusWindowToolbar	1311932339	841043696	1849060740
remote_cocoa.mojom.NativeWidgetNSWindowHost.OnGestureEvent	OnGestureEvent	2083469325	1875780423	615341480
remote_cocoa.mojom.NativeWidgetNSWindowHost.OnImmersiveFullscreenMenuBarRevealChanged	OnImmersiveFullscreenMenuBarRevealChanged	906804921	1125116341	2124340837
remote_cocoa.mojom.NativeWidgetNSWindowHost.OnImmersiveFullscreenToolbarRevealChanged	OnImmersiveFullscreenToolbarRevealChanged	453510054	578528167	378961973
remote_cocoa.mojom.NativeWidgetNSWindowHost.OnIsFirstResponderChanged	OnIsFirstResponderChanged	173442738	447372319	1612705173
remote_cocoa.mojom.NativeWidgetNSWindowHost.OnMouseCaptureActiveChanged	OnMouseCaptureActiveChanged	1949385503	747122204	739436529
remote_cocoa.mojom.NativeWidgetNSWindowHost.OnMouseEvent	OnMouseEvent	1160571537	1632383471	1832664460
remote_cocoa.mojom.NativeWidgetNSWindowHost.OnScrollEvent	OnScrollEvent	1942332747	508762369	1562171437
remote_cocoa.mojom.NativeWidgetNSWindowHost.OnSheetModalClosed	OnSheetModalClosed	1632626142	389559635	2043191365
remote_cocoa.mojom.NativeWidgetNSWindowHost.OnSheetModalShown	OnSheetModalShown	1651992029	10318106	1721214167
remote_cocoa.mojom.NativeWidgetNSWindowHost.OnSpaceActivationChanged	OnSpaceActivationChanged	205354984	659551509	1409545169
remote_cocoa.mojom.NativeWidgetNSWindowHost.OnViewSizeChanged	OnViewSizeChanged	2101302754	532464350	1001863727
remote_cocoa.mojom.NativeWidgetNSWindowHost.OnVisibilityChanged	OnVisibilityChanged	1997903890	1643763703	2043155485
remote_cocoa.mojom.NativeWidgetNSWindowHost.OnVisibleOnAllWorkspacesChanged	OnVisibleOnAllWorkspacesChanged	1948449462	266340023	1585794299
remote_cocoa.mojom.NativeWidgetNSWindowHost.OnWindowCloseRequested	OnWindowCloseRequested	1369442922	999687083	150416624
remote_cocoa.mojom.NativeWidgetNSWindowHost.OnWindowDidEndLiveResize	OnWindowDidEndLiveResize	1611825226	381138679	1152164495
remote_cocoa.mojom.NativeWidgetNSWindowHost.OnWindowDidEndMove	OnWindowDidEndMove	848619655	996613136	284805316
remote_cocoa.mojom.NativeWidgetNSWindowHost.OnWindowDisplayChanged	OnWindowDisplayChanged	1608681712	1919567410	1547919152
remote_cocoa.mojom.NativeWidgetNSWindowHost.OnWindowFullscreenTransitionComplete	OnWindowFullscreenTransitionComplete	325901857	540137438	1327359631
remote_cocoa.mojom.NativeWidgetNSWindowHost.OnWindowFullscreenTransitionStart	OnWindowFullscreenTransitionStart	1857321776	1600920501	653687530
remote_cocoa.mojom.NativeWidgetNSWindowHost.OnWindowGeometryChanged	OnWindowGeometryChanged	1502158666	1116677595	2084068096
remote_cocoa.mojom.NativeWidgetNSWindowHost.OnWindowHasClosed	OnWindowHasClosed	1582311190	758762611	1825550213
remote_cocoa.mojom.NativeWidgetNSWindowHost.OnWindowKeyStatusChanged	OnWindowKeyStatusChanged	120674391	1122938968	187596286
remote_cocoa.mojom.NativeWidgetNSWindowHost.OnWindowMiniaturizedChanged	OnWindowMiniaturizedChanged	719412857	1199401522	1231637557
remote_cocoa.mojom.NativeWidgetNSWindowHost.OnWindowNativeThemeChanged	OnWindowNativeThemeChanged	12751286	67752683	1878154548
remote_cocoa.mojom.NativeWidgetNSWindowHost.OnWindowStateRestorationDataChanged	OnWindowStateRestorationDataChanged	964571293	1828259617	1430766128
remote_cocoa.mojom.NativeWidgetNSWindowHost.OnWindowWillClose	OnWindowWillClose	2135174478	725474315	1333624408
remote_cocoa.mojom.NativeWidgetNSWindowHost.OnWindowWillMove	OnWindowWillMove	1050925577	1526794182	224567277
remote_cocoa.mojom.NativeWidgetNSWindowHost.OnWindowWillStartLiveResize	OnWindowWillStartLiveResize	264461372	39808817	66310916
remote_cocoa.mojom.NativeWidgetNSWindowHost.OnWindowZoomedChanged	OnWindowZoomedChanged	1101072872	1789270461	6579726
remote_cocoa.mojom.NativeWidgetNSWindowHost.SetKeyboardAccessible	SetKeyboardAccessible	1421218510	1925361515	784144032
remote_cocoa.mojom.NativeWidgetNSWindowHost.SetRemoteAccessibilityTokens	SetRemoteAccessibilityTokens	558964993	918279730	300173241
remote_cocoa.mojom.NativeWidgetNSWindowHost.ValidateUserInterfaceItem	ValidateUserInterfaceItem	1769955746	803776862	1986731854
remote_cocoa.mojom.NativeWidgetNSWindowHost.WillExecuteCommand	WillExecuteCommand	158794045	982904	2121485069
remote_cocoa.mojom.PopupMenuRunner.Hide	Hide	858861493	1460772895	2012615166
remote_cocoa.mojom.RenderWidgetHostNSView.CancelComposition	CancelComposition	637529511	1448915550	893485955
remote_cocoa.mojom.RenderWidgetHostNSView.Destroy	Destroy	392647285	1778224032	1452214019
remote_cocoa.mojom.RenderWidgetHostNSView.DidOverscroll	DidOverscroll	1962276845	372786301	1942368698
remote_cocoa.mojom.RenderWidgetHostNSView.DisableDisplay	DisableDisplay	1428657363	1158507370	1253215265
remote_cocoa.mojom.RenderWidgetHostNSView.DisplayCursor	DisplayCursor	844825175	308369273	2088204688
remote_cocoa.mojom.RenderWidgetHostNSView.DisplayPopupMenu	DisplayPopupMenu	721926616	1652258221	1136930839
remote_cocoa.mojom.RenderWidgetHostNSView.GestureScrollEventAck	GestureScrollEventAck	1697584734	1735496978	939519410
remote_cocoa.mojom.RenderWidgetHostNSView.InitAsPopup	InitAsPopup	694695483	2100866984	1736396313
remote_cocoa.mojom.RenderWidgetHostNSView.LockKeyboard	LockKeyboard	155857223	1564497585	2112741095
remote_cocoa.mojom.RenderWidgetHostNSView.MakeFirstResponder	MakeFirstResponder	471431239	170046838	705829689
remote_cocoa.mojom.RenderWidgetHostNSView.SetBackgroundColor	SetBackgroundColor	1895601136	17314764	1077939407
remote_cocoa.mojom.RenderWidgetHostNSView.SetBounds	SetBounds	1215393496	127153511	915909175
remote_cocoa.mojom.RenderWidgetHostNSView.SetCALayerParams	SetCALayerParams	132518032	1607742716	1280570008
remote_cocoa.mojom.RenderWidgetHostNSView.SetCompositionRangeInfo	SetCompositionRangeInfo	1819786418	1876649364	440367383
remote_cocoa.mojom.RenderWidgetHostNSView.SetCursorLocked	SetCursorLocked	1847197139	1236682478	1076608580
remote_cocoa.mojom.RenderWidgetHostNSView.SetCursorLockedUnacceleratedMovement	SetCursorLockedUnacceleratedMovement	476344580	1968852979	1702911794
remote_cocoa.mojom.RenderWidgetHostNSView.SetParentWebContentsNSView	SetParentWebContentsNSView	1325739811	1577191652	1271142658
remote_cocoa.mojom.RenderWidgetHostNSView.SetShowingContextMenu	SetShowingContextMenu	745765296	1880214671	123046876
remote_cocoa.mojom.RenderWidgetHostNSView.SetSupportsAutoFill	SetSupportsAutoFill	360153421	1624155856	1748864030
remote_cocoa.mojom.RenderWidgetHostNSView.SetTextInputState	SetTextInputState	1716336349	874424867	1823555074
remote_cocoa.mojom.RenderWidgetHostNSView.SetTextSelection	SetTextSelection	1597743768	1904761390	1273165273
remote_cocoa.mojom.RenderWidgetHostNSView.SetTooltipText	SetTooltipText	30815581	94709648	1625464012
remote_cocoa.mojom.RenderWidgetHostNSView.SetVisible	SetVisible	484482171	907677110	1052769632
remote_cocoa.mojom.RenderWidgetHostNSView.ShowDictionaryOverlay	ShowDictionaryOverlay	1436018842	1376977231	1451665664
remote_cocoa.mojom.RenderWidgetHostNSView.ShowDictionaryOverlayForSelection	ShowDictionaryOverlayForSelection	1603517463	23732246	899208521
remote_cocoa.mojom.RenderWidgetHostNSView.ShowSharingServicePicker	ShowSharingServicePicker	1914072321	663647619	83134525
remote_cocoa.mojom.RenderWidgetHostNSView.UnlockKeyboard	UnlockKeyboard	1660372994	1596065701	246937920
remote_cocoa.mojom.RenderWidgetHostNSViewHost.BeginKeyboardEvent	BeginKeyboardEvent	1720136365	2144480670	989037866
remote_cocoa.mojom.RenderWidgetHostNSViewHost.CenterSelection	CenterSelection	965620044	332968989	349120154
remote_cocoa.mojom.RenderWidgetHostNSViewHost.Copy	Copy	1112554426	312256727	545599831
remote_cocoa.mojom.RenderWidgetHostNSViewHost.CopyToFindPboard	CopyToFindPboard	2020675712	1218335329	1609044297
remote_cocoa.mojom.RenderWidgetHostNSViewHost.Cut	Cut	642241031	17889800	2055295758
remote_cocoa.mojom.RenderWidgetHostNSViewHost.EndKeyboardEvent	EndKeyboardEvent	891465353	1876130114	1094102937
remote_cocoa.mojom.RenderWidgetHostNSViewHost.ExecuteEditCommand	ExecuteEditCommand	1202113365	538718033	1385960231
remote_cocoa.mojom.RenderWidgetHostNSViewHost.ForwardKeyboardEventWithCommands	ForwardKeyboardEventWithCommands	1365757171	620381779	793288713
remote_cocoa.mojom.RenderWidgetHostNSViewHost.ForwardMouseEvent	ForwardMouseEvent	834080175	1576105737	530855375
remote_cocoa.mojom.RenderWidgetHostNSViewHost.ForwardWheelEvent	ForwardWheelEvent	948085643	1150167745	1398692838
remote_cocoa.mojom.RenderWidgetHostNSViewHost.GetRenderWidgetAccessibilityToken	GetRenderWidgetAccessibilityToken	1223767392	2018351166	1725370758
remote_cocoa.mojom.RenderWidgetHostNSViewHost.ImeCancelCompositionFromCocoa	ImeCancelCompositionFromCocoa	669347197	656399174	805700277
remote_cocoa.mojom.RenderWidgetHostNSViewHost.ImeCommitText	ImeCommitText	1327228650	2144890384	1777454076
remote_cocoa.mojom.RenderWidgetHostNSViewHost.ImeFinishComposingText	ImeFinishComposingText	1869817227	1645546296	439375417
remote_cocoa.mojom.RenderWidgetHostNSViewHost.ImeSetComposition	ImeSetComposition	2036667774	816844712	27609092
remote_cocoa.mojom.RenderWidgetHostNSViewHost.LookUpDictionaryOverlayAtPoint	LookUpDictionaryOverlayAtPoint	2037103940	1683362219	1415430490
remote_cocoa.mojom.RenderWidgetHostNSViewHost.LookUpDictionaryOverlayFromRange	LookUpDictionaryOverlayFromRange	1066705128	1255622312	1776473691
remote_cocoa.mojom.RenderWidgetHostNSViewHost.OnBoundsInWindowChanged	OnBoundsInWindowChanged	262730736	232970689	835320519
remote_cocoa.mojom.RenderWidgetHostNSViewHost.OnFirstResponderChanged	OnFirstResponderChanged	1329740662	1036113019	21878135
remote_cocoa.mojom.RenderWidgetHostNSViewHost.OnScreenInfosChanged	OnScreenInfosChanged	813139647	1270999378	335622354
remote_cocoa.mojom.RenderWidgetHostNSViewHost.OnWindowFrameInScreenChanged	OnWindowFrameInScreenChanged	978367812	1438464869	461459779
remote_cocoa.mojom.RenderWidgetHostNSViewHost.OnWindowIsKeyChanged	OnWindowIsKeyChanged	522404949	1762418778	144757132
remote_cocoa.mojom.RenderWidgetHostNSViewHost.Paste	Paste	999428486	856298315	1918478015
remote_cocoa.mojom.RenderWidgetHostNSViewHost.PasteAndMatchStyle	PasteAndMatchStyle	1045302387	1492306372	706598732
remote_cocoa.mojom.RenderWidgetHostNSViewHost.PinchEvent	PinchEvent	291166789	111436591	81130312
remote_cocoa.mojom.RenderWidgetHostNSViewHost.Redo	Redo	2001577497	1126627822	662712401
remote_cocoa.mojom.RenderWidgetHostNSViewHost.RequestShutdown	RequestShutdown	979990286	1746246391	701321758
remote_cocoa.mojom.RenderWidgetHostNSViewHost.RouteOrProcessMouseEvent	RouteOrProcessMouseEvent	991171533	108701607	398953464
remote_cocoa.mojom.RenderWidgetHostNSViewHost.RouteOrProcessTouchEvent	RouteOrProcessTouchEvent	1977955329	996456003	2018143259
remote_cocoa.mojom.RenderWidgetHostNSViewHost.RouteOrProcessWheelEvent	RouteOrProcessWheelEvent	1495398997	319438011	476688963
remote_cocoa.mojom.RenderWidgetHostNSViewHost.SelectAll	SelectAll	1387756862	1335801679	1287710845
remote_cocoa.mojom.RenderWidgetHostNSViewHost.SetRemoteAccessibilityWindowToken	SetRemoteAccessibilityWindowToken	1654911214	677523844	703935245
remote_cocoa.mojom.RenderWidgetHostNSViewHost.SmartMagnifyEvent	SmartMagnifyEvent	1851736091	127107677	800767062
remote_cocoa.mojom.RenderWidgetHostNSViewHost.StartSpeaking	StartSpeaking	241069597	1534770270	440097641
remote_cocoa.mojom.RenderWidgetHostNSViewHost.StopSpeaking	StopSpeaking	790979723	1617546508	204409208
remote_cocoa.mojom.RenderWidgetHostNSViewHost.SyncGetCharacterIndexAtPoint	SyncGetCharacterIndexAtPoint	1363188262	868996794	451739546
remote_cocoa.mojom.RenderWidgetHostNSViewHost.SyncGetFirstRectForRange	SyncGetFirstRectForRange	1850134020	1553664965	607721509
remote_cocoa.mojom.RenderWidgetHostNSViewHost.SyncIsSpeaking	SyncIsSpeaking	1362515542	168429575	1123371209
remote_cocoa.mojom.RenderWidgetHostNSViewHost.SyncIsWidgetForMainFrame	SyncIsWidgetForMainFrame	1979527329	1966194214	1559555194
remote_cocoa.mojom.RenderWidgetHostNSViewHost.Undo	Undo	725987923	1234027204	982513377
remote_cocoa.mojom.SelectFileDialog.Show	Show	1904662374	1264281100	1095149600
remote_cocoa.mojom.TextInputHost.ConfirmCompositionText	ConfirmCompositionText	458271770	914598174	124826931
remote_cocoa.mojom.TextInputHost.DeleteRange	DeleteRange	1210110139	851656842	1202543666
remote_cocoa.mojom.TextInputHost.GetAttributedSubstringForRange	GetAttributedSubstringForRange	2068924084	1081421430	30536605
remote_cocoa.mojom.TextInputHost.GetCompositionTextRange	GetCompositionTextRange	697092969	766307540	2145182450
remote_cocoa.mojom.TextInputHost.GetFirstRectForRange	GetFirstRectForRange	779246781	1962664943	449680514
remote_cocoa.mojom.TextInputHost.GetSelectionRange	GetSelectionRange	1173915898	33540317	487573865
remote_cocoa.mojom.TextInputHost.GetSelectionText	GetSelectionText	1557036486	552688708	970149014
remote_cocoa.mojom.TextInputHost.HasClient	HasClient	744008578	950741892	1605700991
remote_cocoa.mojom.TextInputHost.HasCompositionText	HasCompositionText	1556729270	726919926	651318730
remote_cocoa.mojom.TextInputHost.HasInputContext	HasInputContext	1244879822	1223274892	2117240553
remote_cocoa.mojom.TextInputHost.InsertText	InsertText	2013715239	2124383575	2005860277
remote_cocoa.mojom.TextInputHost.IsRTL	IsRTL	1276605561	183758893	867326632
remote_cocoa.mojom.TextInputHost.IsTextEditCommandEnabled	IsTextEditCommandEnabled	1172987094	2109336783	711958443
remote_cocoa.mojom.TextInputHost.SetCompositionText	SetCompositionText	1256192062	670260496	1502665142
remote_cocoa.mojom.TextInputHost.SetTextEditCommandForNextKeyEvent	SetTextEditCommandForNextKeyEvent	1266794890	1073672789	581689550
remote_cocoa.mojom.WebContentsNSView.Destroy	Destroy	392647285	1791357116	409349389
remote_cocoa.mojom.WebContentsNSView.MakeFirstResponder	MakeFirstResponder	471431239	1837270674	1182099444
remote_cocoa.mojom.WebContentsNSView.ResetParentNSView	ResetParentNSView	513316972	1426515391	1600370921
remote_cocoa.mojom.WebContentsNSView.SetBounds	SetBounds	1215393496	510168491	1526778833
remote_cocoa.mojom.WebContentsNSView.SetParentNSView	SetParentNSView	1540488821	883202934	936152226
remote_cocoa.mojom.WebContentsNSView.SetVisible	SetVisible	484482171	1610017850	1388123697
remote_cocoa.mojom.WebContentsNSView.StartDrag	StartDrag	1563224225	629904315	298885719
remote_cocoa.mojom.WebContentsNSView.TakeFocus	TakeFocus	1729809212	600030855	1130379064
remote_cocoa.mojom.WebContentsNSViewHost.DragPromisedFileTo	DragPromisedFileTo	1234510695	1578159493	517587495
remote_cocoa.mojom.WebContentsNSViewHost.DraggingEntered	DraggingEntered	1213987799	885467217	1749737659
remote_cocoa.mojom.WebContentsNSViewHost.DraggingExited	DraggingExited	555275129	950465662	1338860193
remote_cocoa.mojom.WebContentsNSViewHost.DraggingUpdated	DraggingUpdated	1951895727	1733219737	1074158891
remote_cocoa.mojom.WebContentsNSViewHost.EndDrag	EndDrag	740610986	1246870860	125868829
remote_cocoa.mojom.WebContentsNSViewHost.OnBecameFirstResponder	OnBecameFirstResponder	1037560987	1668453920	1166709748
remote_cocoa.mojom.WebContentsNSViewHost.OnMouseEvent	OnMouseEvent	1160571537	736578943	1783861000
remote_cocoa.mojom.WebContentsNSViewHost.OnWindowVisibilityChanged	OnWindowVisibilityChanged	709975510	390188158	1256753388
remote_cocoa.mojom.WebContentsNSViewHost.PerformDragOperation	PerformDragOperation	623710117	1181625200	496324643
remote_cocoa.mojom.WebContentsNSViewHost.SetDropData	SetDropData	1554147900	1860643974	409640987
remoting.mojom.ChromotingHostServices.BindSessionServices	BindSessionServices	790683844	574386746	13103992
remoting.mojom.ChromotingSessionServices.BindRemoteUrlOpener	BindRemoteUrlOpener	374558976	465634144	726621097
remoting.mojom.ChromotingSessionServices.BindWebAuthnProxy	BindWebAuthnProxy	1219581934	1078840860	1359761722
remoting.mojom.DesktopProcessControl.ReconnectNetworkChannel	ReconnectNetworkChannel	1469657855	1313369021	1901749984
remoting.mojom.DesktopSessionAgent.Start	Start	1284713943	515453581	4620252
remoting.mojom.DesktopSessionControl.BeginFileRead	BeginFileRead	274072634	253992503	804155769
remoting.mojom.DesktopSessionControl.BeginFileWrite	BeginFileWrite	1143915851	1676715918	593944601
remoting.mojom.DesktopSessionControl.CreateVideoCapturer	CreateVideoCapturer	1994116906	50870914	1867395356
remoting.mojom.DesktopSessionControl.InjectClipboardEvent	InjectClipboardEvent	1269520276	1385730887	396471790
remoting.mojom.DesktopSessionControl.InjectKeyEvent	InjectKeyEvent	1799813337	1081276921	1260566051
remoting.mojom.DesktopSessionControl.InjectMouseEvent	InjectMouseEvent	1624952897	1753944653	1536860104
remoting.mojom.DesktopSessionControl.InjectSendAttentionSequence	InjectSendAttentionSequence	156261397	226162532	130753315
remoting.mojom.DesktopSessionControl.InjectTextEvent	InjectTextEvent	149133753	1908744467	2080282715
remoting.mojom.DesktopSessionControl.InjectTouchEvent	InjectTouchEvent	1626728669	902152637	1651859233
remoting.mojom.DesktopSessionControl.LockWorkstation	LockWorkstation	839068225	1959402968	557122343
remoting.mojom.DesktopSessionControl.SetAudioInjectorSampleInfo	SetAudioInjectorSampleInfo	2001164345	725262520	1066251112
remoting.mojom.DesktopSessionControl.SetHostCursorRenderedByClient	SetHostCursorRenderedByClient	675442422	1591002005	1066636600
remoting.mojom.DesktopSessionControl.SetScreenResolution	SetScreenResolution	355618945	500673930	768300367
remoting.mojom.DesktopSessionControl.SetUpUrlForwarder	SetUpUrlForwarder	419194291	1742633390	2057480843
remoting.mojom.DesktopSessionControl.SetVideoLayout	SetVideoLayout	1128906774	398941960	789205461
remoting.mojom.DesktopSessionControl.SignalWebAuthnExtension	SignalWebAuthnExtension	1657622998	276174389	707801405
remoting.mojom.DesktopSessionControl.StartAudioInjector	StartAudioInjector	1717754063	1131426369	979427749
remoting.mojom.DesktopSessionEventHandler.OnAudioPacket	OnAudioPacket	1523188004	190173576	1003745118
remoting.mojom.DesktopSessionEventHandler.OnClipboardEvent	OnClipboardEvent	1650370276	949789980	782508438
remoting.mojom.DesktopSessionEventHandler.OnDesktopDisplayChanged	OnDesktopDisplayChanged	1109854684	1573394529	1268209093
remoting.mojom.DesktopSessionEventHandler.OnKeyboardLayoutChanged	OnKeyboardLayoutChanged	200702073	1610074030	749430129
remoting.mojom.DesktopSessionEventHandler.OnLocalKeyboardInputDetected	OnLocalKeyboardInputDetected	1562424310	639015816	1997723653
remoting.mojom.DesktopSessionEventHandler.OnLocalMouseMoveDetected	OnLocalMouseMoveDetected	44538497	2122698104	2075462623
remoting.mojom.DesktopSessionEventHandler.OnMicrophoneControl	OnMicrophoneControl	1196830897	204628980	251174435
remoting.mojom.DesktopSessionEventHandler.OnMouseCursorChanged	OnMouseCursorChanged	1012899043	991397944	837044920
remoting.mojom.DesktopSessionEventHandler.OnMouseCursorFractionalPositionChanged	OnMouseCursorFractionalPositionChanged	1184844491	207961960	1144631916
remoting.mojom.DesktopSessionEventHandler.OnSecurityKeyConnection	OnSecurityKeyConnection	570276737	151839502	478209377
remoting.mojom.DesktopSessionEventHandler.OnUrlForwarderStateChange	OnUrlForwarderStateChange	12283480	1998792384	2005791043
remoting.mojom.DesktopSessionRequestHandler.ConnectDesktopChannel	ConnectDesktopChannel	2064898088	1642150185	305895565
remoting.mojom.DesktopSessionRequestHandler.CrashNetworkProcess	CrashNetworkProcess	1019338495	1800256476	1419912258
remoting.mojom.DesktopSessionRequestHandler.InjectSecureAttentionSequence	InjectSecureAttentionSequence	789860574	1208446483	2068904881
remoting.mojom.DesktopSessionStateHandler.DisconnectSession	DisconnectSession	2070572013	116614226	1152302466
remoting.mojom.FileReader.ReadChunk	ReadChunk	815698512	2073305837	1028187148
remoting.mojom.FileWriter.CloseFile	CloseFile	1833840977	1182018896	2043765193
remoting.mojom.FileWriter.WriteChunk	WriteChunk	162817501	5301771	672463410
remoting.mojom.IceConfigFetcher.GetIceConfig	GetIceConfig	1876664502	733514658	480789068
remoting.mojom.LoginSessionService.IsRunningInCrdSession	IsRunningInCrdSession	1050062352	2012169424	1125894762
remoting.mojom.PairingRequester.RequestPairing	RequestPairing	1695972444	1995827119	1017240917
remoting.mojom.RemoteUrlOpener.OpenUrl	OpenUrl	1129588892	1932873599	1778562385
remoting.mojom.SecurityKeyForwarder.OnSecurityKeyRequest	OnSecurityKeyRequest	1541403732	36472629	1342605853
remoting.mojom.SupportHostObserver.OnHostStateConnected	OnHostStateConnected	1358404444	1199585574	4
remoting.mojom.SupportHostObserver.OnHostStateConnecting	OnHostStateConnecting	733923521	993006990	3
remoting.mojom.SupportHostObserver.OnHostStateDisconnected	OnHostStateDisconnected	1382545210	1918377089	6
remoting.mojom.SupportHostObserver.OnHostStateError	OnHostStateError	1933620335	1233775283	8
remoting.mojom.SupportHostObserver.OnHostStateReceivedAccessCode	OnHostStateReceivedAccessCode	171294719	785830148	2
remoting.mojom.SupportHostObserver.OnHostStateRequestedAccessCode	OnHostStateRequestedAccessCode	1963585284	1957810261	1
remoting.mojom.SupportHostObserver.OnHostStateStarting	OnHostStateStarting	239650927	62533980	0
remoting.mojom.SupportHostObserver.OnInvalidDomainError	OnInvalidDomainError	117269155	888274792	10
remoting.mojom.SupportHostObserver.OnNatPolicyChanged	OnNatPolicyChanged	1968981827	1746241244	7
remoting.mojom.SupportHostObserver.OnPolicyError	OnPolicyError	1358842478	839170075	9
remoting.mojom.VideoCapturer.BoostCaptureRate	BoostCaptureRate	2121825686	413410785	1841181733
remoting.mojom.VideoCapturer.Pause	Pause	948110021	1330676258	900616545
remoting.mojom.VideoCapturer.SetComposeEnabled	SetComposeEnabled	1051831160	2042065329	1131830272
remoting.mojom.VideoCapturer.SetMaxFrameRate	SetMaxFrameRate	2074442376	857837370	241341349
remoting.mojom.VideoCapturer.Start	Start	1284713943	1864965560	419598059
remoting.mojom.VideoCapturerEventHandler.OnCaptureResult	OnCaptureResult	59912411	2097292617	652765390
remoting.mojom.VideoCapturerEventHandler.OnFrameCaptureStart	OnFrameCaptureStart	579302107	1233359351	1430563914
remoting.mojom.VideoCapturerEventHandler.OnSharedMemoryRegionCreated	OnSharedMemoryRegionCreated	2029708332	1291034482	156280793
remoting.mojom.VideoCapturerEventHandler.OnSharedMemoryRegionReleased	OnSharedMemoryRegionReleased	832928501	2115067648	377276010
remoting.mojom.WebAuthnProxy.Create	Create	838289373	336383758	848988368
remoting.mojom.WebAuthnProxy.Get	Get	641652835	1529108640	880453785
remoting.mojom.WebAuthnProxy.IsUserVerifyingPlatformAuthenticatorAvailable	IsUserVerifyingPlatformAuthenticatorAvailable	741576990	128714746	183352135
remoting.mojom.WebAuthnRequestCanceller.Cancel	Cancel	1287471363	943026777	1493661736
remoting.mojom.WorkerProcessControl.CrashProcess	CrashProcess	689622405	2029063481	9844756
request_header_integrity.mojom.ChromeCompanero.GetHeaderNameAndValue	GetHeaderNameAndValue	1913347291	1482187659	359065690
safe_browsing.mojom.ExtensionWebRequestReporter.Clone	Clone	1269621972	1114837600	1234158121
safe_browsing.mojom.ExtensionWebRequestReporter.SendWebRequestData	SendWebRequestData	1820836958	592629154	635682091
safe_browsing.mojom.PhishingModelSetterTestObserver.PhishingModelUpdated	PhishingModelUpdated	1925371417	122936587	1168604670
safe_browsing.mojom.SafeBrowsing.Clone	Clone	1269621972	1480236820	1708623799
safe_browsing.mojom.SafeBrowsing.CreateCheckerAndCheck	CreateCheckerAndCheck	974389831	327271910	1218122520
safe_browsing.mojom.SafeBrowsingUrlChecker.CheckUrl	CheckUrl	1142131446	377699808	1523151052
safe_browsing.mojom.ThreatReporter.GetThreatDOMDetails	GetThreatDOMDetails	1068967105	765776667	1727037538
sandbox.mac.mojom.TraitsTestService.EchoSeatbeltExtensionToken	EchoSeatbeltExtensionToken	1988866608	736941661	1123085111
screen_ai.mojom.MainContentExtractionService.BindMainContentExtractor	BindMainContentExtractor	101150250	1178920391	1132535021
screen_ai.mojom.OCRService.BindAnnotator	BindAnnotator	1630191084	799493294	1816942880
screen_ai.mojom.Screen2xMainContentExtractor.ExtractMainContent	ExtractMainContent	1121257946	12805351	883052528
screen_ai.mojom.Screen2xMainContentExtractor.ExtractMainNode	ExtractMainNode	1141517291	263421637	2062489335
screen_ai.mojom.Screen2xMainContentExtractor.IdentifyMainNode	IdentifyMainNode	1955870046	1469956470	789317492
screen_ai.mojom.Screen2xMainContentExtractor.SetClientType	SetClientType	822701386	1510613846	1494219840
screen_ai.mojom.ScreenAIAnnotator.GetMaxImageDimension	GetMaxImageDimension	487267230	1968930279	1957728661
screen_ai.mojom.ScreenAIAnnotator.IsOCRBusy	IsOCRBusy	551538288	1695918692	2039660031
screen_ai.mojom.ScreenAIAnnotator.PerformOcrAndReturnAnnotation	PerformOcrAndReturnAnnotation	1686342886	1664780862	579706695
screen_ai.mojom.ScreenAIAnnotator.SetClientType	SetClientType	822701386	2063764509	221120267
screen_ai.mojom.ScreenAIAnnotator.SetOCRLightMode	SetOCRLightMode	1188698146	1789643826	646535341
screen_ai.mojom.ScreenAIServiceFactory.BindShutdownHandler	BindShutdownHandler	1266266046	470546523	1829421162
screen_ai.mojom.ScreenAIServiceFactory.InitializeMainContentExtraction	InitializeMainContentExtraction	1012968264	357706088	324899634
screen_ai.mojom.ScreenAIServiceFactory.InitializeOCR	InitializeOCR	380891109	386825392	171696854
screen_ai.mojom.ScreenAIServiceShutdownHandler.ShuttingDownOnIdle	ShuttingDownOnIdle	813910406	1827140521	1853044232
search.mojom.EmbeddedSearch.DeleteMostVisitedItem	DeleteMostVisitedItem	1259661160	1785246548	147767565
search.mojom.EmbeddedSearch.FocusOmnibox	FocusOmnibox	2102296347	1329559766	1364822773
search.mojom.EmbeddedSearch.UndoAllMostVisitedDeletions	UndoAllMostVisitedDeletions	1832283422	354133845	1807909982
search.mojom.EmbeddedSearch.UndoMostVisitedDeletion	UndoMostVisitedDeletion	370013650	253087338	1265231074
search.mojom.EmbeddedSearchClient.FocusChanged	FocusChanged	78238629	112347312	736223302
search.mojom.EmbeddedSearchClient.MostVisitedInfoChanged	MostVisitedInfoChanged	348958182	1665223479	58333340
search.mojom.EmbeddedSearchClient.SetInputInProgress	SetInputInProgress	32630649	1134090129	1803592153
search.mojom.EmbeddedSearchClient.SetPageSequenceNumber	SetPageSequenceNumber	1342219794	165175728	20218480
search.mojom.EmbeddedSearchClient.ThemeChanged	ThemeChanged	411576972	56301420	1758018397
search.mojom.EmbeddedSearchConnector.Connect	Connect	161123025	1855191925	1501024148
search_engine_choice.mojom.PageHandler.DisplayDialog	DisplayDialog	365666801	155693094	2074422509
search_engine_choice.mojom.PageHandler.HandleLearnMoreLinkClicked	HandleLearnMoreLinkClicked	1418702495	2096613120	252371155
search_engine_choice.mojom.PageHandler.HandleMoreButtonClicked	HandleMoreButtonClicked	711494723	714686020	978676253
search_engine_choice.mojom.PageHandler.HandleSearchEngineChoiceSelected	HandleSearchEngineChoiceSelected	196002803	1771653528	1260698065
search_engine_choice.mojom.PageHandler.RecordScrollState	RecordScrollState	783698744	1591342574	160316634
search_engine_choice.mojom.PageHandlerFactory.CreatePageHandler	CreatePageHandler	1491630672	1552139532	1049712340
searchbox.mojom.Page.AddFileContext	AddFileContext	40015877	302359156	280754129
searchbox.mojom.Page.AutocompleteResultChanged	AutocompleteResultChanged	320253946	1890457710	1408499727
searchbox.mojom.Page.OnContextualInputStatusChanged	OnContextualInputStatusChanged	1611460873	408407182	1904348676
searchbox.mojom.Page.OnInputStateChanged	OnInputStateChanged	1898159507	1614330204	1144481711
searchbox.mojom.Page.OnPermissionPromptChanged	OnPermissionPromptChanged	703972691	1480579067	594207824
searchbox.mojom.Page.OnScreenshotMenuClosed	OnScreenshotMenuClosed	767730427	1175332266	1199580168
searchbox.mojom.Page.OnTabStripChanged	OnTabStripChanged	1042904905	518665268	227611458
searchbox.mojom.Page.OpenCurrentSelection	OpenCurrentSelection	349379318	1226466651	1046016221
searchbox.mojom.Page.SetAimButtonConfig	SetAimButtonConfig	777946640	590547811	1912817704
searchbox.mojom.Page.SetAimButtonVisible	SetAimButtonVisible	1420308376	119358447	1120442167
searchbox.mojom.Page.SetAimThreadRestoredTabs	SetAimThreadRestoredTabs	1984096976	1522410761	150379866
searchbox.mojom.Page.SetAvailableKeywordModels	SetAvailableKeywordModels	1980320635	1061995853	1987404497
searchbox.mojom.Page.SetFreState	SetFreState	531112155	1008376256	214405140
searchbox.mojom.Page.SetInputText	SetInputText	764343012	486506752	530891996
searchbox.mojom.Page.SetKeywordSpaceTriggeringEnabled	SetKeywordSpaceTriggeringEnabled	569668961	1910332940	1928641487
searchbox.mojom.Page.SetRestoredTabIds	SetRestoredTabIds	1873742728	1635853980	762381778
searchbox.mojom.Page.SetThumbnail	SetThumbnail	1284026749	1122954451	1427108606
searchbox.mojom.Page.StepSelection	StepSelection	2045627679	1088529297	1934265607
searchbox.mojom.Page.UpdateAimPopupEligibility	UpdateAimPopupEligibility	836782304	734698687	1109782555
searchbox.mojom.Page.UpdateAutoSuggestedTabContext	UpdateAutoSuggestedTabContext	829396042	1949613583	2063801377
searchbox.mojom.Page.UpdateContentSharingPolicy	UpdateContentSharingPolicy	1241209289	1498386612	458331131
searchbox.mojom.Page.UpdateLensSearchEligibility	UpdateLensSearchEligibility	1691676325	1126422112	33096994
searchbox.mojom.Page.UpdateProfileInfo	UpdateProfileInfo	1846462941	831633573	1209539637
searchbox.mojom.Page.UpdateSelection	UpdateSelection	990650504	1700324207	1672043667
searchbox.mojom.Page.UpdateSmartTabSharingActive	UpdateSmartTabSharingActive	1890166452	712564627	831873413
searchbox.mojom.PageHandler.ActivateKeyword	ActivateKeyword	958622539	1153026938	576514537
searchbox.mojom.PageHandler.ActivateMetricsFunnel	ActivateMetricsFunnel	306277165	890302405	1787525872
searchbox.mojom.PageHandler.AddFileContext	AddFileContext	40015877	1841897543	1441338643
searchbox.mojom.PageHandler.AddTabContext	AddTabContext	405510288	484719688	619992512
searchbox.mojom.PageHandler.CaptureRegionScreenshot	CaptureRegionScreenshot	1239678945	1940923276	1311118201
searchbox.mojom.PageHandler.ClearFiles	ClearFiles	1576091605	1292182054	885177250
searchbox.mojom.PageHandler.DeleteAutocompleteMatch	DeleteAutocompleteMatch	386981107	720738099	1030440014
searchbox.mojom.PageHandler.DeleteContext	DeleteContext	151201669	2078793091	814209281
searchbox.mojom.PageHandler.DeleteTabContext	DeleteTabContext	1397904214	1764252255	1477216060
searchbox.mojom.PageHandler.DismissFre	DismissFre	1490733804	1305720036	1166960612
searchbox.mojom.PageHandler.ExecuteAction	ExecuteAction	25450752	872292391	703401204
searchbox.mojom.PageHandler.GetCyclingPlaceholderConfig	GetCyclingPlaceholderConfig	590414203	171101825	1398728236
searchbox.mojom.PageHandler.GetDriveDisclaimerStatus	GetDriveDisclaimerStatus	1041225602	1757338196	170196652
searchbox.mojom.PageHandler.GetInputState	GetInputState	1453999440	393729016	1872147519
searchbox.mojom.PageHandler.GetPageClassification	GetPageClassification	958431970	2136986168	589051149
searchbox.mojom.PageHandler.GetRecentTabs	GetRecentTabs	1646445554	180288497	1109170374
searchbox.mojom.PageHandler.GetSmartTabSharingActive	GetSmartTabSharingActive	1920555527	1067802648	100857404
searchbox.mojom.PageHandler.GetTabPreview	GetTabPreview	1944623308	1469767	176590812
searchbox.mojom.PageHandler.NotifySessionAbandoned	NotifySessionAbandoned	1665448498	1797031015	860298833
searchbox.mojom.PageHandler.NotifySessionStarted	NotifySessionStarted	1260262229	1391508210	503066160
searchbox.mojom.PageHandler.OnDriveDisclaimerAccepted	OnDriveDisclaimerAccepted	1882829388	1559386101	1088042268
searchbox.mojom.PageHandler.OnDriveUploadClicked	OnDriveUploadClicked	1022288868	1205150515	2109469195
searchbox.mojom.PageHandler.OnEscapePressed	OnEscapePressed	1197549871	1940002312	1434472835
searchbox.mojom.PageHandler.OnFocusChanged	OnFocusChanged	1612054302	1143620191	2074422509
searchbox.mojom.PageHandler.OnNavigationLikely	OnNavigationLikely	1507697620	1652763547	1558420783
searchbox.mojom.PageHandler.OnThumbnailRemoved	OnThumbnailRemoved	1985036066	389824339	527806321
searchbox.mojom.PageHandler.OpenAutocompleteMatch	OpenAutocompleteMatch	869663800	517686795	978676253
searchbox.mojom.PageHandler.OpenHotkeySettings	OpenHotkeySettings	1300336004	1378697213	1848427320
searchbox.mojom.PageHandler.OpenLensSearch	OpenLensSearch	989695561	461480946	2066750974
searchbox.mojom.PageHandler.OpenPopupSelection	OpenPopupSelection	1880898453	1554463341	477874547
searchbox.mojom.PageHandler.OpenProfilePicker	OpenProfilePicker	1773961970	125654563	1110733308
searchbox.mojom.PageHandler.QueryAutocomplete	QueryAutocomplete	1688701247	1548592768	1260698065
searchbox.mojom.PageHandler.RecordModelSelectionAction	RecordModelSelectionAction	1345054223	2017340019	735254221
searchbox.mojom.PageHandler.RecordToolSelectionAction	RecordToolSelectionAction	1147855660	1655214139	2031927237
searchbox.mojom.PageHandler.SetActiveModelMode	SetActiveModelMode	1149138997	1658083629	101302558
searchbox.mojom.PageHandler.SetActiveToolMode	SetActiveToolMode	1756759554	137757677	77638566
searchbox.mojom.PageHandler.SetPopupSelection	SetPopupSelection	2118102927	652135466	1215762890
searchbox.mojom.PageHandler.SetSmartComposeStats	SetSmartComposeStats	1635310915	391283342	160316634
searchbox.mojom.PageHandler.SetSmartTabSharingActive	SetSmartTabSharingActive	1927025507	100989572	604052694
searchbox.mojom.PageHandler.ShowHotkeyDropdown	ShowHotkeyDropdown	407065411	345107418	1363357819
searchbox.mojom.PageHandler.ShowScreenshotMenu	ShowScreenshotMenu	1564696867	1375215118	1138516872
searchbox.mojom.PageHandler.StartScreenshare	StartScreenshare	555376076	1358707299	535309947
searchbox.mojom.PageHandler.StopAutocomplete	StopAutocomplete	734780073	225183886	252371155
searchbox.mojom.PageHandler.SubmitQuery	SubmitQuery	3192575	1302253007	1919670021
searchbox.mojom.PageHandler.WaitForTabFaviconLoad	WaitForTabFaviconLoad	1672507080	2049847031	1530853526
searchbox.mojom.PageHandlerFactory.CreatePageHandler	CreatePageHandler	1491630672	552171754	1049712340
security_interstitials.mojom.InterstitialCommands.DoReport	DoReport	694400240	1610290191	998158698
security_interstitials.mojom.InterstitialCommands.DontProceed	DontProceed	1134650202	37609229	2059720381
security_interstitials.mojom.InterstitialCommands.DontReport	DontReport	1948395718	2136228193	2027857271
security_interstitials.mojom.InterstitialCommands.OpenDateSettings	OpenDateSettings	1103873614	502776153	1281122938
security_interstitials.mojom.InterstitialCommands.OpenDiagnostic	OpenDiagnostic	1932843744	398226967	1014161488
security_interstitials.mojom.InterstitialCommands.OpenDiagnosticInNewTab	OpenDiagnosticInNewTab	135033202	1311087717	360984272
security_interstitials.mojom.InterstitialCommands.OpenEnhancedProtectionSettings	OpenEnhancedProtectionSettings	1667037953	245323108	611817300
security_interstitials.mojom.InterstitialCommands.OpenHelpCenter	OpenHelpCenter	474845475	1773217018	1694778074
security_interstitials.mojom.InterstitialCommands.OpenHelpCenterInNewTab	OpenHelpCenterInNewTab	324888449	1896407436	1349799820
security_interstitials.mojom.InterstitialCommands.OpenLogin	OpenLogin	1994149616	1276950791	107702581
security_interstitials.mojom.InterstitialCommands.OpenReportingPrivacy	OpenReportingPrivacy	1427871279	1506857678	1321317464
security_interstitials.mojom.InterstitialCommands.OpenReportingPrivacyInNewTab	OpenReportingPrivacyInNewTab	1906292229	1942798312	1301320934
security_interstitials.mojom.InterstitialCommands.OpenWhitepaper	OpenWhitepaper	419913642	965776589	1162121325
security_interstitials.mojom.InterstitialCommands.OpenWhitepaperInNewTab	OpenWhitepaperInNewTab	75899756	711146859	2141498413
security_interstitials.mojom.InterstitialCommands.Proceed	Proceed	1678016293	1914763984	902537633
security_interstitials.mojom.InterstitialCommands.Reload	Reload	706543090	571456077	414702506
security_interstitials.mojom.InterstitialCommands.ReportPhishingError	ReportPhishingError	1842781283	671011970	607894398
security_interstitials.mojom.InterstitialCommands.ReportPhishingErrorInNewTab	ReportPhishingErrorInNewTab	2140455105	1364597348	1056777559
security_interstitials.mojom.InterstitialCommands.ShowCertificateViewer	ShowCertificateViewer	79262509	2038923360	1054324247
security_interstitials.mojom.InterstitialCommands.ShowMoreSection	ShowMoreSection	987119770	1545200245	85274685
segmentation_internals.mojom.Page.OnClientInfoAvailable	OnClientInfoAvailable	289053956	877297137	1408499727
segmentation_internals.mojom.Page.OnServiceStatusChanged	OnServiceStatusChanged	491553827	57761618	214405140
segmentation_internals.mojom.PageHandler.ExecuteModel	ExecuteModel	94464437	1717838432	1260698065
segmentation_internals.mojom.PageHandler.GetServiceStatus	GetServiceStatus	1143690382	1601988519	2074422509
segmentation_internals.mojom.PageHandler.OverwriteResult	OverwriteResult	1315869863	1050462676	252371155
segmentation_internals.mojom.PageHandler.SetSelected	SetSelected	1487060796	1858997606	978676253
segmentation_internals.mojom.PageHandlerFactory.CreatePageHandler	CreatePageHandler	1491630672	1577988124	1049712340
sensor.mojom.PageHandler.StartRecordingUpdate	StartRecordingUpdate	135964463	479412971	2074422509
sensor.mojom.PageHandler.StopRecordingUpdate	StopRecordingUpdate	1927237081	1174391883	1260698065
sensor.mojom.PageHandlerFactory.CreatePageHandler	CreatePageHandler	1491630672	2023984406	1049712340
service_manager.mojom.Connector.BindInterface	BindInterface	1456547049	1519309312	713909482
service_manager.mojom.Connector.Clone	Clone	1269621972	200076592	346255725
service_manager.mojom.Connector.QueryService	QueryService	152425420	293773990	721473505
service_manager.mojom.Connector.RegisterServiceInstance	RegisterServiceInstance	943279874	1906662985	982434427
service_manager.mojom.Connector.WarmService	WarmService	272962083	707919259	1963301773
service_manager.mojom.InterfaceProvider.GetInterface	GetInterface	94357180	986124481	689501300
service_manager.mojom.ProcessMetadata.SetPID	SetPID	1187254806	1412503510	966578587
service_manager.mojom.Service.CreatePackagedServiceInstance	CreatePackagedServiceInstance	1902067123	444130310	31911933
service_manager.mojom.Service.OnBindInterface	OnBindInterface	1715450236	2121013864	1144942650
service_manager.mojom.Service.OnStart	OnStart	44450838	1903828265	1497312837
service_manager.mojom.ServiceControl.RequestQuit	RequestQuit	2022507909	230120381	1583720342
service_manager.mojom.ServiceManager.AddListener	AddListener	1080606642	960156219	725086912
service_manager.mojom.ServiceManagerListener.OnInit	OnInit	1956064336	319189513	582355317
service_manager.mojom.ServiceManagerListener.OnServiceCreated	OnServiceCreated	1921191349	1952533861	1330772904
service_manager.mojom.ServiceManagerListener.OnServiceFailedToStart	OnServiceFailedToStart	702874857	374933093	182467778
service_manager.mojom.ServiceManagerListener.OnServicePIDReceived	OnServicePIDReceived	579516703	1725483520	785534864
service_manager.mojom.ServiceManagerListener.OnServiceStarted	OnServiceStarted	1775231430	409280383	1706942361
service_manager.mojom.ServiceManagerListener.OnServiceStopped	OnServiceStopped	721954518	990546130	62663490
shape_detection.mojom.BarcodeDetection.Detect	Detect	625664872	609983457	652896406
shape_detection.mojom.BarcodeDetectionProvider.CreateBarcodeDetection	CreateBarcodeDetection	1804131596	1026072531	1147503074
shape_detection.mojom.BarcodeDetectionProvider.EnumerateSupportedFormats	EnumerateSupportedFormats	677998835	1308809541	1324727198
shape_detection.mojom.FaceDetection.Detect	Detect	625664872	564945947	1292462700
shape_detection.mojom.FaceDetectionProvider.CreateFaceDetection	CreateFaceDetection	1076459203	1389402949	2057430980
shape_detection.mojom.ShapeDetectionService.BindBarcodeDetectionProvider	BindBarcodeDetectionProvider	1065739506	321922335	1883841387
shape_detection.mojom.ShapeDetectionService.BindFaceDetectionProvider	BindFaceDetectionProvider	1692570447	1054764657	1531300275
shape_detection.mojom.ShapeDetectionService.BindTextDetection	BindTextDetection	440660074	2055981167	251983460
shape_detection.mojom.TextDetection.Detect	Detect	625664872	1071089963	174446210
sharing.mojom.FirewallHoleFactory.OpenFirewallHole	OpenFirewallHole	1679942159	1927793090	1617565140
sharing.mojom.IceConfigFetcher.GetIceServers	GetIceServers	1001545364	1343208675	480789068
sharing.mojom.IncomingMessagesListener.OnComplete	OnComplete	1536573259	1534264374	544082553
sharing.mojom.IncomingMessagesListener.OnMessage	OnMessage	1164768219	967000737	477617336
sharing.mojom.MdnsManager.AddObserver	AddObserver	2130361764	553252418	898328121
sharing.mojom.MdnsManager.StartDiscoverySession	StartDiscoverySession	38686317	889776192	1697977807
sharing.mojom.MdnsManager.StopDiscoverySession	StopDiscoverySession	919547867	1077482336	1943061151
sharing.mojom.MdnsObserver.ServiceFound	ServiceFound	1958280666	2095750212	962568353
sharing.mojom.MdnsObserver.ServiceLost	ServiceLost	184560560	1235981682	1837912076
sharing.mojom.MdnsResponderFactory.CreateMdnsResponder	CreateMdnsResponder	544987687	670758981	861738529
sharing.mojom.NearbySharingDecoder.DecodeAdvertisement	DecodeAdvertisement	1169570422	1728772954	583707975
sharing.mojom.NearbySharingDecoder.DecodeFrame	DecodeFrame	2038529182	2140169324	1371458724
sharing.mojom.ReceiveMessagesSession.StopReceivingMessages	StopReceivingMessages	1596229757	1755447859	1291255995
sharing.mojom.Sharing.Connect	Connect	161123025	131384091	1869399601
sharing.mojom.Sharing.ShutDown	ShutDown	1262812967	1068638464	893038224
sharing.mojom.TcpSocketFactory.CreateTCPConnectedSocket	CreateTCPConnectedSocket	1895400056	259860645	99013964
sharing.mojom.TcpSocketFactory.CreateTCPServerSocket	CreateTCPServerSocket	1793891276	462240084	457330548
sharing.mojom.WebRtcSignalingMessenger.SendMessage	SendMessage	725928752	1696691269	1863972817
sharing.mojom.WebRtcSignalingMessenger.StartReceivingMessages	StartReceivingMessages	766129415	273692048	984605079
shopping_service.mojom.ShoppingServiceHandler.GetPriceInsightsInfoForCurrentUrl	GetPriceInsightsInfoForCurrentUrl	1011874204	622191851	740527674
shopping_service.mojom.ShoppingServiceHandler.GetPriceInsightsInfoForUrl	GetPriceInsightsInfoForUrl	909199977	217817536	796301389
shopping_service.mojom.ShoppingServiceHandler.GetPriceTrackingStatusForCurrentUrl	GetPriceTrackingStatusForCurrentUrl	199846618	1888159214	577468540
shopping_service.mojom.ShoppingServiceHandler.GetProductInfoForCurrentUrl	GetProductInfoForCurrentUrl	1362841951	229516673	1511594271
shopping_service.mojom.ShoppingServiceHandler.GetProductInfoForUrl	GetProductInfoForUrl	689384500	107421508	901152818
shopping_service.mojom.ShoppingServiceHandler.GetProductInfoForUrls	GetProductInfoForUrls	1668978095	2141155276	390782529
shopping_service.mojom.ShoppingServiceHandler.GetUrlInfosForProductTabs	GetUrlInfosForProductTabs	1841359159	1393932956	471652501
shopping_service.mojom.ShoppingServiceHandler.GetUrlInfosForRecentlyViewedTabs	GetUrlInfosForRecentlyViewedTabs	804412654	2013415957	1027613985
shopping_service.mojom.ShoppingServiceHandler.IsShoppingListEligible	IsShoppingListEligible	1746506170	1281004132	1640328925
shopping_service.mojom.ShoppingServiceHandler.OpenUrlInNewTab	OpenUrlInNewTab	1357491542	2056365501	1344229088
shopping_service.mojom.ShoppingServiceHandler.SwitchToOrOpenTab	SwitchToOrOpenTab	1557194758	1644435197	1042309568
shopping_service.mojom.ShoppingServiceHandlerFactory.CreateShoppingServiceHandler	CreateShoppingServiceHandler	2145543742	1082140256	1397660837
side_panel.customize_chrome.mojom.CustomizeToolbarClient.NotifyActionsUpdated	NotifyActionsUpdated	1725518228	2121555354	584735291
side_panel.customize_chrome.mojom.CustomizeToolbarClient.SetActionPinned	SetActionPinned	1796234067	1114642519	1711650022
side_panel.customize_chrome.mojom.CustomizeToolbarHandler.GetIsCustomized	GetIsCustomized	376046600	1651166297	77883931
side_panel.customize_chrome.mojom.CustomizeToolbarHandler.ListActions	ListActions	2035324878	1234220267	359887687
side_panel.customize_chrome.mojom.CustomizeToolbarHandler.ListCategories	ListCategories	2118954393	712797428	511483057
side_panel.customize_chrome.mojom.CustomizeToolbarHandler.PinAction	PinAction	30334868	1523397971	1641705217
side_panel.customize_chrome.mojom.CustomizeToolbarHandler.ResetToDefault	ResetToDefault	1995274124	554069853	2083556825
side_panel.customize_chrome.mojom.CustomizeToolbarHandlerFactory.CreateCustomizeToolbarHandler	CreateCustomizeToolbarHandler	1609092929	2046664174	55078040
side_panel.customize_chrome.mojom.WallpaperSearchClient.SetHistory	SetHistory	760721925	1692465602	1711434670
side_panel.customize_chrome.mojom.WallpaperSearchHandler.GetDescriptors	GetDescriptors	1766574551	1007885610	1483135086
side_panel.customize_chrome.mojom.WallpaperSearchHandler.GetInspirations	GetInspirations	351777724	297828331	1385127604
side_panel.customize_chrome.mojom.WallpaperSearchHandler.GetWallpaperSearchResults	GetWallpaperSearchResults	1043869947	178741712	1358575865
side_panel.customize_chrome.mojom.WallpaperSearchHandler.LaunchHatsSurvey	LaunchHatsSurvey	906473748	386170123	325979699
side_panel.customize_chrome.mojom.WallpaperSearchHandler.OpenHelpArticle	OpenHelpArticle	973746350	1666422473	838654854
side_panel.customize_chrome.mojom.WallpaperSearchHandler.SetBackgroundToHistoryImage	SetBackgroundToHistoryImage	930617891	748009871	1643710574
side_panel.customize_chrome.mojom.WallpaperSearchHandler.SetBackgroundToInspirationImage	SetBackgroundToInspirationImage	719537535	336477754	1409227894
side_panel.customize_chrome.mojom.WallpaperSearchHandler.SetBackgroundToWallpaperSearchResult	SetBackgroundToWallpaperSearchResult	252842233	1999251228	124354317
side_panel.customize_chrome.mojom.WallpaperSearchHandler.SetResultRenderTime	SetResultRenderTime	1871109639	159202141	1017333475
side_panel.customize_chrome.mojom.WallpaperSearchHandler.SetUserFeedback	SetUserFeedback	1318941203	948401343	401337202
side_panel.customize_chrome.mojom.WallpaperSearchHandler.UpdateHistory	UpdateHistory	505773378	323261845	1245136577
side_panel.customize_chrome.mojom.WallpaperSearchHandlerFactory.CreateWallpaperSearchHandler	CreateWallpaperSearchHandler	979402115	1934993794	1964885695
side_panel.mojom.BookmarksPage.OnBookmarkNodeAdded	OnBookmarkNodeAdded	1526005284	1329988103	2076291835
side_panel.mojom.BookmarksPage.OnBookmarkNodeChanged	OnBookmarkNodeChanged	714193222	841746984	1884892870
side_panel.mojom.BookmarksPage.OnBookmarkNodeMoved	OnBookmarkNodeMoved	1479043911	492780216	2030186205
side_panel.mojom.BookmarksPage.OnBookmarkNodesRemoved	OnBookmarkNodesRemoved	489894599	1071438364	51117406
side_panel.mojom.BookmarksPage.OnBookmarkParentFolderChildrenReordered	OnBookmarkParentFolderChildrenReordered	1547998435	1837193997	1202114695
side_panel.mojom.BookmarksPageHandler.BookmarkCurrentTabInFolder	BookmarkCurrentTabInFolder	1945824388	1832829778	484542836
side_panel.mojom.BookmarksPageHandler.CreateFolder	CreateFolder	229540577	1008224317	1939150777
side_panel.mojom.BookmarksPageHandler.DropBookmarks	DropBookmarks	767937101	781621309	1495436616
side_panel.mojom.BookmarksPageHandler.ExecuteAddToBookmarksBarCommand	ExecuteAddToBookmarksBarCommand	1722711749	795169029	1998300220
side_panel.mojom.BookmarksPageHandler.ExecuteDeleteCommand	ExecuteDeleteCommand	836322318	852590155	1579729962
side_panel.mojom.BookmarksPageHandler.ExecuteEditCommand	ExecuteEditCommand	1202113365	1237326300	741050015
side_panel.mojom.BookmarksPageHandler.ExecuteMoveCommand	ExecuteMoveCommand	559423972	488294849	1839635420
side_panel.mojom.BookmarksPageHandler.ExecuteOpenInNewTabCommand	ExecuteOpenInNewTabCommand	1793022427	1694071656	206624651
side_panel.mojom.BookmarksPageHandler.ExecuteOpenInNewTabGroupCommand	ExecuteOpenInNewTabGroupCommand	1849198040	1853087313	882190384
side_panel.mojom.BookmarksPageHandler.ExecuteOpenInNewWindowCommand	ExecuteOpenInNewWindowCommand	414299370	1544403799	261531960
side_panel.mojom.BookmarksPageHandler.ExecuteOpenInOffTheRecordWindowCommand	ExecuteOpenInOffTheRecordWindowCommand	1148637951	488445508	1184260467
side_panel.mojom.BookmarksPageHandler.ExecuteOpenInSplitViewCommand	ExecuteOpenInSplitViewCommand	370907965	548259880	1979268695
side_panel.mojom.BookmarksPageHandler.ExecuteRemoveFromBookmarksBarCommand	ExecuteRemoveFromBookmarksBarCommand	1649714215	1259138791	66427414
side_panel.mojom.BookmarksPageHandler.GetAllBookmarks	GetAllBookmarks	2115031731	1758691479	497779661
side_panel.mojom.BookmarksPageHandler.GetIncognitoAvailableCount	GetIncognitoAvailableCount	1132488701	1320573126	1283782113
side_panel.mojom.BookmarksPageHandler.OpenBookmark	OpenBookmark	1893505429	1363213916	152871223
side_panel.mojom.BookmarksPageHandler.RemoveBookmarks	RemoveBookmarks	1000475388	2050407649	1072960640
side_panel.mojom.BookmarksPageHandler.RenameBookmark	RenameBookmark	1117208627	2003649972	622717869
side_panel.mojom.BookmarksPageHandler.SetSortOrder	SetSortOrder	1139799857	73222175	1555221757
side_panel.mojom.BookmarksPageHandler.SetViewType	SetViewType	746259888	910588339	193372862
side_panel.mojom.BookmarksPageHandler.ShowContextMenu	ShowContextMenu	162958950	1184908776	1365364317
side_panel.mojom.BookmarksPageHandler.ShowUI	ShowUI	1522616332	548956005	430264567
side_panel.mojom.BookmarksPageHandler.Undo	Undo	725987923	94083192	1023074347
side_panel.mojom.BookmarksPageHandlerFactory.CreateBookmarksPageHandler	CreateBookmarksPageHandler	971966311	1552896287	1979396691
side_panel.mojom.CustomizeChromePage.AttachedTabStateUpdated	AttachedTabStateUpdated	1638586706	288537222	924102605
side_panel.mojom.CustomizeChromePage.NtpManagedByNameUpdated	NtpManagedByNameUpdated	144843487	1715577218	147291468
side_panel.mojom.CustomizeChromePage.ScrollToSection	ScrollToSection	2038746386	2025519180	977812019
side_panel.mojom.CustomizeChromePage.SetFooterSettings	SetFooterSettings	1866925965	1941264733	214320151
side_panel.mojom.CustomizeChromePage.SetModulesSettings	SetModulesSettings	100797461	2118849649	1141223085
side_panel.mojom.CustomizeChromePage.SetMostVisitedSettings	SetMostVisitedSettings	746298607	1449139364	1215341385
side_panel.mojom.CustomizeChromePage.SetTheme	SetTheme	1390713734	1498502985	1370815908
side_panel.mojom.CustomizeChromePage.SetThemeEditable	SetThemeEditable	976284838	749635789	784995809
side_panel.mojom.CustomizeChromePage.SetToolsSettings	SetToolsSettings	1389703771	495108398	147436413
side_panel.mojom.CustomizeChromePageHandler.ChooseLocalCustomBackground	ChooseLocalCustomBackground	2138793422	979662003	1460845990
side_panel.mojom.CustomizeChromePageHandler.GetBackgroundCollections	GetBackgroundCollections	242393742	1541878517	84244689
side_panel.mojom.CustomizeChromePageHandler.GetBackgroundImages	GetBackgroundImages	1373090813	609225978	921599387
side_panel.mojom.CustomizeChromePageHandler.GetReplacementCollectionPreviewImage	GetReplacementCollectionPreviewImage	1702075774	1374571480	1024487340
side_panel.mojom.CustomizeChromePageHandler.OpenChromeWebStore	OpenChromeWebStore	1657015622	1780878323	1150902773
side_panel.mojom.CustomizeChromePageHandler.OpenChromeWebStoreCategoryPage	OpenChromeWebStoreCategoryPage	895673291	1441300114	1224174314
side_panel.mojom.CustomizeChromePageHandler.OpenChromeWebStoreCollectionPage	OpenChromeWebStoreCollectionPage	1648880083	676402586	1622013827
side_panel.mojom.CustomizeChromePageHandler.OpenChromeWebStoreHomePage	OpenChromeWebStoreHomePage	1241795242	483118751	1197288625
side_panel.mojom.CustomizeChromePageHandler.OpenNtpManagedByPage	OpenNtpManagedByPage	1025074834	719891683	591771894
side_panel.mojom.CustomizeChromePageHandler.OpenThirdPartyThemePage	OpenThirdPartyThemePage	1476159898	285186508	1974194119
side_panel.mojom.CustomizeChromePageHandler.RemoveBackgroundImage	RemoveBackgroundImage	1026992716	1853910949	1456861855
side_panel.mojom.CustomizeChromePageHandler.SetBackgroundImage	SetBackgroundImage	1766772118	1836803481	2010497631
side_panel.mojom.CustomizeChromePageHandler.SetDailyRefreshCollectionId	SetDailyRefreshCollectionId	1069974956	1403042094	1099957041
side_panel.mojom.CustomizeChromePageHandler.SetDefaultColor	SetDefaultColor	1148705211	1456068776	652030022
side_panel.mojom.CustomizeChromePageHandler.SetFollowDeviceTheme	SetFollowDeviceTheme	1412881209	1412929086	1584446962
side_panel.mojom.CustomizeChromePageHandler.SetFooterVisible	SetFooterVisible	2096952156	1946232641	1553220919
side_panel.mojom.CustomizeChromePageHandler.SetModuleDisabled	SetModuleDisabled	1322656239	1536523791	898732443
side_panel.mojom.CustomizeChromePageHandler.SetModulesVisible	SetModulesVisible	1904174020	1536007461	2073244366
side_panel.mojom.CustomizeChromePageHandler.SetMostVisitedSettings	SetMostVisitedSettings	746298607	844349900	1364289179
side_panel.mojom.CustomizeChromePageHandler.SetToolChipsVisible	SetToolChipsVisible	154706020	227081613	625115226
side_panel.mojom.CustomizeChromePageHandler.UpdateAttachedTabState	UpdateAttachedTabState	485304914	900335595	729831815
side_panel.mojom.CustomizeChromePageHandler.UpdateFooterSettings	UpdateFooterSettings	843670572	1535222413	525490433
side_panel.mojom.CustomizeChromePageHandler.UpdateModulesSettings	UpdateModulesSettings	1046066402	2013110683	776432026
side_panel.mojom.CustomizeChromePageHandler.UpdateMostVisitedSettings	UpdateMostVisitedSettings	2136333344	402172629	876607721
side_panel.mojom.CustomizeChromePageHandler.UpdateNtpManagedByName	UpdateNtpManagedByName	488953261	2095587462	132475478
side_panel.mojom.CustomizeChromePageHandler.UpdateScrollToSection	UpdateScrollToSection	191239271	524165064	1519812379
side_panel.mojom.CustomizeChromePageHandler.UpdateTheme	UpdateTheme	1543602317	1263845070	830019192
side_panel.mojom.CustomizeChromePageHandler.UpdateThemeEditable	UpdateThemeEditable	1069426461	1483420342	840324116
side_panel.mojom.CustomizeChromePageHandler.UpdateToolChipsSettings	UpdateToolChipsSettings	2065592330	78544867	272277403
side_panel.mojom.CustomizeChromePageHandlerFactory.CreatePageHandler	CreatePageHandler	1491630672	361789930	619285260
signin.mojom.SigninPageHandler.RecordSigninOffered	RecordSigninOffered	1963565469	756557546	556112248
signin.mojom.SigninPageHandler.RecordSigninPendingOffered	RecordSigninPendingOffered	1127980890	1386317802	1237116509
signin.mojom.SigninPageHandler.SigninWithAccount	SigninWithAccount	1055203144	217184650	124149742
signin.mojom.SigninPageHandler.StartSignin	StartSignin	525730217	838494050	792805122
signin.mojom.SigninPageHandlerFactory.CreateSigninPageHandler	CreateSigninPageHandler	978748922	463190008	2121583727
signout_confirmation.mojom.Page.SendSignoutConfirmationData	SendSignoutConfirmationData	1065772491	931875782	214405140
signout_confirmation.mojom.PageHandler.Accept	Accept	1991217713	180286644	1260698065
signout_confirmation.mojom.PageHandler.Cancel	Cancel	1287471363	947560526	252371155
signout_confirmation.mojom.PageHandler.Close	Close	1454175847	1072978734	160316634
signout_confirmation.mojom.PageHandler.PerformReauth	PerformReauth	1306047049	1678402180	978676253
signout_confirmation.mojom.PageHandler.UpdateViewHeight	UpdateViewHeight	1754478448	826315260	2074422509
signout_confirmation.mojom.PageHandlerFactory.CreateSignoutConfirmationHandler	CreateSignoutConfirmationHandler	526606747	196142855	1049712340
site_engagement.mojom.SiteEngagementDetailsProvider.GetSiteEngagementDetails	GetSiteEngagementDetails	1910911735	439996007	1841560714
site_engagement.mojom.SiteEngagementDetailsProvider.SetSiteEngagementBaseScoreForUrl	SetSiteEngagementBaseScoreForUrl	1722046714	1647315137	815508207
skills.mojom.DialogHandler.CloseDialog	CloseDialog	1718537155	428879948	1421404174
skills.mojom.DialogHandler.DeleteSkill	DeleteSkill	849909067	2087593375	135939600
skills.mojom.DialogHandler.GenerateNameAndEmoji	GenerateNameAndEmoji	865302510	713477916	1426360285
skills.mojom.DialogHandler.GetInitialState	GetInitialState	1264056472	1449521383	928431832
skills.mojom.DialogHandler.GetSignedInEmail	GetSignedInEmail	640750866	2045472556	900587335
skills.mojom.DialogHandler.RefineSkill	RefineSkill	1669427357	1817861875	1892459579
skills.mojom.DialogHandler.ShowEmojiPicker	ShowEmojiPicker	1005983682	411845715	1271451255
skills.mojom.DialogHandler.SubmitSkill	SubmitSkill	144959524	1836164799	1844347371
skills.mojom.PageHandler.DeleteSkill	DeleteSkill	849909067	1592919658	160316634
skills.mojom.PageHandler.GetInitial1PSkills	GetInitial1PSkills	1874799004	593860528	252371155
skills.mojom.PageHandler.GetInitialUserSkills	GetInitialUserSkills	1995121546	1034714095	1260698065
skills.mojom.PageHandler.MaybeSave1PSkill	MaybeSave1PSkill	753533118	1984604743	1215762890
skills.mojom.PageHandler.OpenSkillsDialog	OpenSkillsDialog	771047711	1906014273	2074422509
skills.mojom.PageHandler.RecordSkillsManagementAction	RecordSkillsManagementAction	1062393511	757415490	477874547
skills.mojom.PageHandler.Request1PSkills	Request1PSkills	1747077825	1685792107	978676253
skills.mojom.PageHandlerFactory.CreateDialogHandler	CreateDialogHandler	1251671383	2644374	634528819
skills.mojom.PageHandlerFactory.CreatePageHandler	CreatePageHandler	1491630672	2044932837	1049712340
skills.mojom.SkillsPage.RemoveSkill	RemoveSkill	2010970384	1882447469	1393334979
skills.mojom.SkillsPage.SetSkillsEnabled	SetSkillsEnabled	2057171116	844001624	1363649715
skills.mojom.SkillsPage.Update1PSkills	Update1PSkills	648108063	949724819	397928257
skills.mojom.SkillsPage.UpdateSkills	UpdateSkills	2074719044	1438602107	435759842
skills.mojom.SkillsPageHandler.CloseDialog	CloseDialog	1718537155	1781833459	1518318498
skills.mojom.SkillsPageHandler.GetPendingEditorData	GetPendingEditorData	871719587	326699657	676056414
skills.mojom.SkillsPageHandler.GetProvidedSkill	GetProvidedSkill	2135786353	872812419	2091769405
skills.mojom.SkillsPageHandler.GetProvidedSkills	GetProvidedSkills	1476782736	983678421	125964699
skills.mojom.SkillsPageHandler.InvokeSkill	InvokeSkill	1814270028	1813440559	58103267
skills.mojom.SkillsPageHandler.SendPrompt	SendPrompt	1583339933	555010216	127368085
skills.mojom.SkillsPageHandler.SetPage	SetPage	191756658	1620630251	216829612
skills.mojom.SkillsPageHandler.ShowDeleteToast	ShowDeleteToast	125280424	403450909	972992197
skills.mojom.SkillsPageHandler.ShowSaveAndInvokeToast	ShowSaveAndInvokeToast	2008866877	2058572666	251553282
skills.mojom.SkillsPageHandler.ShowSaveToast	ShowSaveToast	653390914	1721916140	679865383
skills.mojom.SkillsPageHandler.SignIn	SignIn	1924261223	252561225	7461751
skills.mojom.SkillsPageHandler.SyncCookies	SyncCookies	1592542477	1943360285	2023610727
skills.mojom.SkillsPageV2.LoadProvidedSkills	LoadProvidedSkills	192428994	49782185	958404622
skills.mojom.SkillsPageV2.OnUserSkillsUpdated	OnUserSkillsUpdated	279838882	214928372	37780992
smbfs.mojom.SmbFs.DeleteRecursively	DeleteRecursively	37364821	455818623	1985675244
smbfs.mojom.SmbFs.RemoveSavedCredentials	RemoveSavedCredentials	1816814456	536819913	491629905
smbfs.mojom.SmbFsBootstrap.MountShare	MountShare	453991777	1689973090	120125295
smbfs.mojom.SmbFsDelegate.RequestCredentials	RequestCredentials	1829993698	896205301	471915390
spellcheck.mojom.SpellCheckHost.NotifyChecked	NotifyChecked	1203231033	707739570	1989793496
spellcheck.mojom.SpellCheckInitializationHost.RequestDictionary	RequestDictionary	439587532	1962552119	675143037
spellcheck.mojom.SpellCheckPanel.AdvanceToNextMisspelling	AdvanceToNextMisspelling	92037140	657456981	313038107
spellcheck.mojom.SpellCheckPanel.ToggleSpellPanel	ToggleSpellPanel	529656269	1110636438	1465262785
spellcheck.mojom.SpellCheckPanelHost.ShowSpellingPanel	ShowSpellingPanel	946705710	1140012693	555253018
spellcheck.mojom.SpellCheckPanelHost.UpdateSpellingPanelWithMisspelledWord	UpdateSpellingPanelWithMisspelledWord	1386629504	150847069	1007385009
spellcheck.mojom.SpellChecker.CustomDictionaryChanged	CustomDictionaryChanged	144918876	797252292	32022594
spellcheck.mojom.SpellChecker.Initialize	Initialize	164710295	1274998341	79203986
storage.mojom.BlobDataItemReader.Read	Read	2085465649	791773734	1022559861
storage.mojom.BlobDataItemReader.ReadSideData	ReadSideData	805707136	1222348529	283709922
storage.mojom.BlobStorageContext.Clone	Clone	1269621972	1443042552	1155070880
storage.mojom.BlobStorageContext.RegisterFromDataItem	RegisterFromDataItem	342055703	1139814369	829532378
storage.mojom.BlobStorageContext.RegisterFromMemory	RegisterFromMemory	845615755	143608095	6006162
storage.mojom.BlobStorageContext.WriteBlobToFile	WriteBlobToFile	1904049082	816523447	1110911952
storage.mojom.CacheStorageControl.AddObserver	AddObserver	2130361764	1958384348	38160024
storage.mojom.CacheStorageControl.AddReceiver	AddReceiver	1396354717	1106868217	1537042362
storage.mojom.CacheStorageControl.ApplyPolicyUpdates	ApplyPolicyUpdates	862752281	114031230	613845292
storage.mojom.CacheStorageObserver.OnCacheContentChanged	OnCacheContentChanged	1009908945	1160539471	1585229257
storage.mojom.CacheStorageObserver.OnCacheListChanged	OnCacheListChanged	710978940	1880778933	803199112
storage.mojom.Directory.Clone	Clone	1269621972	429511700	371180019
storage.mojom.Directory.CreateDirectory	CreateDirectory	627896810	803822451	601877722
storage.mojom.Directory.DeleteFile	DeleteFile	435955822	827551219	1583040616
storage.mojom.Directory.GetEntries	GetEntries	463200213	110403003	236128809
storage.mojom.Directory.GetFileInfo	GetFileInfo	495884649	1341873701	905626149
storage.mojom.Directory.GetPathAccess	GetPathAccess	16135212	1581251675	843627249
storage.mojom.Directory.LockFile	LockFile	1197483482	2009420156	1403155516
storage.mojom.Directory.OpenFile	OpenFile	1095998031	354108835	1954248140
storage.mojom.Directory.PathExists	PathExists	808197544	1428954861	161701029
storage.mojom.Directory.RenameFile	RenameFile	1637040513	565662774	1396865828
storage.mojom.FileLock.Release	Release	1751719196	1667645689	663334339
storage.mojom.FileSystemAccessContext.Clone	Clone	1269621972	793512646	1754146130
storage.mojom.FileSystemAccessContext.DeserializeHandle	DeserializeHandle	1227636596	1025590174	595407707
storage.mojom.FileSystemAccessContext.SerializeHandle	SerializeHandle	2111613455	990823041	8591019
storage.mojom.IdbInternalsHandler.DownloadBucketData	DownloadBucketData	1006344235	1091631263	418087505
storage.mojom.IdbInternalsHandler.ForceClose	ForceClose	1599907250	362022376	2026035661
storage.mojom.IdbInternalsHandler.GetAllBucketsAcrossAllStorageKeys	GetAllBucketsAcrossAllStorageKeys	2051323482	654226804	1268564869
storage.mojom.IdbInternalsHandler.InspectClient	InspectClient	1158934214	1482310290	1103217375
storage.mojom.IdbInternalsHandler.StartMetadataRecording	StartMetadataRecording	2074349801	196230449	289690174
storage.mojom.IdbInternalsHandler.StopMetadataRecording	StopMetadataRecording	1053011987	1684594256	1649981657
storage.mojom.IndexedDBControl.AddObserver	AddObserver	2130361764	240342836	1599220154
storage.mojom.IndexedDBControl.ApplyPolicyUpdates	ApplyPolicyUpdates	862752281	61912530	1988455613
storage.mojom.IndexedDBControl.BindIndexedDB	BindIndexedDB	1129366257	1841445474	933471273
storage.mojom.IndexedDBControl.BindTestInterfaceForTesting	BindTestInterfaceForTesting	494585650	1671358330	554114678
storage.mojom.IndexedDBControl.DownloadBucketData	DownloadBucketData	1006344235	358259602	1053595836
storage.mojom.IndexedDBControl.ForceClose	ForceClose	1599907250	1387497039	568474494
storage.mojom.IndexedDBControl.GetAllBucketsDetails	GetAllBucketsDetails	681823877	1393783310	423958546
storage.mojom.IndexedDBControl.SetForceKeepSessionState	SetForceKeepSessionState	1757653608	1364246794	1015659271
storage.mojom.IndexedDBControl.StartMetadataRecording	StartMetadataRecording	2074349801	182609804	1927640128
storage.mojom.IndexedDBControl.StopMetadataRecording	StopMetadataRecording	1053011987	256530669	1484906900
storage.mojom.IndexedDBControlTest.BindMockFailureSingletonForTesting	BindMockFailureSingletonForTesting	1459433284	728413412	499616435
storage.mojom.IndexedDBControlTest.FlushBackingStoreForTesting	FlushBackingStoreForTesting	1354898708	937632616	1271339251
storage.mojom.IndexedDBControlTest.FlushBucketSequenceForTesting	FlushBucketSequenceForTesting	467585091	1358240229	1496158334
storage.mojom.IndexedDBControlTest.ForceInitializeFromFilesForTesting	ForceInitializeFromFilesForTesting	1910081906	489632128	482796766
storage.mojom.IndexedDBControlTest.GetBaseDataPathForTesting	GetBaseDataPathForTesting	978647870	1927452343	150116304
storage.mojom.IndexedDBControlTest.GetFilePathForTesting	GetFilePathForTesting	1352972679	753916266	1908246113
storage.mojom.IndexedDBControlTest.GetPathForBlobForTesting	GetPathForBlobForTesting	870483745	792907778	1191432060
storage.mojom.IndexedDBControlTest.GetUsageForTesting	GetUsageForTesting	1228983131	569422854	595932165
storage.mojom.IndexedDBControlTest.PerformAndVerifySqliteMigrationForTesting	PerformAndVerifySqliteMigrationForTesting	1652661543	1595035097	1589111062
storage.mojom.IndexedDBControlTest.ResetCachesForTesting	ResetCachesForTesting	1538964532	880055016	2041420256
storage.mojom.IndexedDBObserver.OnIndexedDBContentChanged	OnIndexedDBContentChanged	1176457118	247757107	309404285
storage.mojom.IndexedDBObserver.OnIndexedDBListChanged	OnIndexedDBListChanged	931775433	856501478	1948665493
storage.mojom.LocalStorageControl.ApplyPolicyUpdates	ApplyPolicyUpdates	862752281	1529271351	2122821571
storage.mojom.LocalStorageControl.BindStorageArea	BindStorageArea	582999568	1258067205	1425448407
storage.mojom.LocalStorageControl.CleanUpStorage	CleanUpStorage	308147302	835547431	1440746832
storage.mojom.LocalStorageControl.DeleteStorage	DeleteStorage	1040121271	1415947485	845415197
storage.mojom.LocalStorageControl.Flush	Flush	729528193	2007593802	1760965264
storage.mojom.LocalStorageControl.ForceKeepSessionState	ForceKeepSessionState	185021918	1809652835	839085297
storage.mojom.LocalStorageControl.GetUsage	GetUsage	2064737828	1666218022	732764833
storage.mojom.LocalStorageControl.PurgeMemory	PurgeMemory	508079975	541093076	1202407677
storage.mojom.MockFailureInjector.FailOperation	FailOperation	923823400	1855119259	49967113
storage.mojom.QuotaClient.DeleteBucketData	DeleteBucketData	246629622	1849390097	953769271
storage.mojom.QuotaClient.GetBucketUsage	GetBucketUsage	1860996902	2011928296	277384730
storage.mojom.QuotaClient.GetDefaultStorageKeys	GetDefaultStorageKeys	1231901957	640370358	1251312593
storage.mojom.QuotaClient.PerformStorageCleanup	PerformStorageCleanup	1702861973	1188956156	1440686959
storage.mojom.QuotaInternalsHandler.GetDiskAvailabilityAndTempPoolSize	GetDiskAvailabilityAndTempPoolSize	721973211	191487624	647137255
storage.mojom.QuotaInternalsHandler.GetGlobalUsageForInternals	GetGlobalUsageForInternals	893755306	2033778248	540709463
storage.mojom.QuotaInternalsHandler.GetStatistics	GetStatistics	1007697634	1001677670	2052869099
storage.mojom.QuotaInternalsHandler.IsSimulateStoragePressureAvailable	IsSimulateStoragePressureAvailable	1878263320	1202681328	157847240
storage.mojom.QuotaInternalsHandler.RetrieveBucketsTable	RetrieveBucketsTable	2117966642	1908998663	1014541335
storage.mojom.QuotaInternalsHandler.SimulateStoragePressure	SimulateStoragePressure	1924545603	173615945	597353139
storage.mojom.QuotaManagerObserver.OnCreateOrUpdateBucket	OnCreateOrUpdateBucket	29094732	186495775	1036207948
storage.mojom.QuotaManagerObserver.OnDeleteBucket	OnDeleteBucket	1052101581	422984114	1601388624
storage.mojom.ServiceWorkerResourceMetadataWriter.WriteMetadata	WriteMetadata	1776689581	970896714	1165205292
storage.mojom.ServiceWorkerResourceReader.PrepareReadData	PrepareReadData	781674310	939644398	2012833749
storage.mojom.ServiceWorkerResourceReader.ReadData	ReadData	1527233673	1865586831	1651625690
storage.mojom.ServiceWorkerResourceReader.ReadResponseHead	ReadResponseHead	341058726	779224079	378396109
storage.mojom.ServiceWorkerResourceWriter.WriteData	WriteData	641038886	446567714	1216701971
storage.mojom.ServiceWorkerResourceWriter.WriteResponseHead	WriteResponseHead	1636415553	711730250	1288045937
storage.mojom.ServiceWorkerStorageControl.ApplyPolicyUpdates	ApplyPolicyUpdates	862752281	1249457031	1392732010
storage.mojom.ServiceWorkerStorageControl.ClearUserData	ClearUserData	574027417	1668708969	412594766
storage.mojom.ServiceWorkerStorageControl.ClearUserDataByKeyPrefixes	ClearUserDataByKeyPrefixes	375006111	308527479	2098537932
storage.mojom.ServiceWorkerStorageControl.ClearUserDataForAllRegistrationsByKeyPrefix	ClearUserDataForAllRegistrationsByKeyPrefix	582919481	853843153	1125444771
storage.mojom.ServiceWorkerStorageControl.CreateResourceMetadataWriter	CreateResourceMetadataWriter	218988091	437410978	807230911
storage.mojom.ServiceWorkerStorageControl.CreateResourceReader	CreateResourceReader	462778036	854376620	1605992280
storage.mojom.ServiceWorkerStorageControl.CreateResourceWriter	CreateResourceWriter	769320756	98069492	1294572449
storage.mojom.ServiceWorkerStorageControl.Delete	Delete	1835819124	709015065	13112798
storage.mojom.ServiceWorkerStorageControl.DeleteRegistration	DeleteRegistration	1635486159	1866575531	627002382
storage.mojom.ServiceWorkerStorageControl.Disable	Disable	1985539211	1113230874	227760531
storage.mojom.ServiceWorkerStorageControl.DoomUncommittedResources	DoomUncommittedResources	1096585994	616235747	469330231
storage.mojom.ServiceWorkerStorageControl.FindRegistrationForClientUrl	FindRegistrationForClientUrl	1728025864	650791133	629305160
storage.mojom.ServiceWorkerStorageControl.FindRegistrationForId	FindRegistrationForId	1875540767	278735084	1418634678
storage.mojom.ServiceWorkerStorageControl.FindRegistrationForScope	FindRegistrationForScope	1862129628	529391124	1466371153
storage.mojom.ServiceWorkerStorageControl.GetAllRegistrationsDeprecated	GetAllRegistrationsDeprecated	1861824053	1642517359	2027073107
storage.mojom.ServiceWorkerStorageControl.GetNewRegistrationId	GetNewRegistrationId	902350119	1659034629	1521462652
storage.mojom.ServiceWorkerStorageControl.GetNewResourceId	GetNewResourceId	1422696816	237563746	1689890070
storage.mojom.ServiceWorkerStorageControl.GetNewVersionId	GetNewVersionId	294276606	1290353810	2054801683
storage.mojom.ServiceWorkerStorageControl.GetPurgeableResourceIdsForTest	GetPurgeableResourceIdsForTest	1966880711	654764370	1020873205
storage.mojom.ServiceWorkerStorageControl.GetPurgingResourceIdsForLiveVersionForTest	GetPurgingResourceIdsForLiveVersionForTest	104268417	148557009	388172750
storage.mojom.ServiceWorkerStorageControl.GetPurgingResourceIdsForTest	GetPurgingResourceIdsForTest	1483995594	76524771	1827418487
storage.mojom.ServiceWorkerStorageControl.GetRegisteredStorageKeys	GetRegisteredStorageKeys	1214412718	333496359	358510145
storage.mojom.ServiceWorkerStorageControl.GetRegistrationsForStorageKey	GetRegistrationsForStorageKey	334226560	461800713	1390134302
storage.mojom.ServiceWorkerStorageControl.GetUncommittedResourceIdsForTest	GetUncommittedResourceIdsForTest	1628258083	107805510	584818885
storage.mojom.ServiceWorkerStorageControl.GetUsageForStorageKey	GetUsageForStorageKey	1121856373	1307629202	2085794776
storage.mojom.ServiceWorkerStorageControl.GetUserData	GetUserData	1640446754	2115667064	1759296925
storage.mojom.ServiceWorkerStorageControl.GetUserDataByKeyPrefix	GetUserDataByKeyPrefix	1707754510	265019531	1766727011
storage.mojom.ServiceWorkerStorageControl.GetUserDataForAllRegistrations	GetUserDataForAllRegistrations	810661918	73396091	789472758
storage.mojom.ServiceWorkerStorageControl.GetUserDataForAllRegistrationsByKeyPrefix	GetUserDataForAllRegistrationsByKeyPrefix	2085413066	1764133063	563979187
storage.mojom.ServiceWorkerStorageControl.GetUserKeysAndDataByKeyPrefix	GetUserKeysAndDataByKeyPrefix	1631172803	178436898	909436345
storage.mojom.ServiceWorkerStorageControl.PerformStorageCleanup	PerformStorageCleanup	1702861973	59115852	1039560871
storage.mojom.ServiceWorkerStorageControl.Recover	Recover	1743176407	1195555464	246985522
storage.mojom.ServiceWorkerStorageControl.SetPurgingCompleteCallbackForTest	SetPurgingCompleteCallbackForTest	859915534	1312011301	1020652387
storage.mojom.ServiceWorkerStorageControl.StoreRegistration	StoreRegistration	925767795	1526564631	1403888066
storage.mojom.ServiceWorkerStorageControl.StoreUncommittedResourceId	StoreUncommittedResourceId	1478172694	535900814	1427554621
storage.mojom.ServiceWorkerStorageControl.StoreUserData	StoreUserData	1463717905	2131166945	1759886785
storage.mojom.ServiceWorkerStorageControl.UpdateFetchHandlerType	UpdateFetchHandlerType	430029486	1034967651	77636347
storage.mojom.ServiceWorkerStorageControl.UpdateLastUpdateCheckTime	UpdateLastUpdateCheckTime	445789732	678121972	1150009911
storage.mojom.ServiceWorkerStorageControl.UpdateNavigationPreloadEnabled	UpdateNavigationPreloadEnabled	272542702	1367846581	1738813973
storage.mojom.ServiceWorkerStorageControl.UpdateNavigationPreloadHeader	UpdateNavigationPreloadHeader	1250717580	408435156	1857693439
storage.mojom.ServiceWorkerStorageControl.UpdateResourceSha256Checksums	UpdateResourceSha256Checksums	1035442981	462193322	391496434
storage.mojom.ServiceWorkerStorageControl.UpdateToActiveState	UpdateToActiveState	1750850922	95381757	833633373
storage.mojom.SessionStorageControl.BindNamespace	BindNamespace	1614119149	1381960981	1335586329
storage.mojom.SessionStorageControl.BindStorageArea	BindStorageArea	582999568	1574186015	1334949941
storage.mojom.SessionStorageControl.CleanUpStorage	CleanUpStorage	308147302	132627610	1708394692
storage.mojom.SessionStorageControl.CloneNamespace	CloneNamespace	1344306241	1912677163	1059413684
storage.mojom.SessionStorageControl.CreateNamespace	CreateNamespace	1331972350	166655763	1702109683
storage.mojom.SessionStorageControl.DeleteNamespace	DeleteNamespace	1017665313	348494864	1230932055
storage.mojom.SessionStorageControl.DeleteStorage	DeleteStorage	1040121271	596584685	1176093582
storage.mojom.SessionStorageControl.Flush	Flush	729528193	1451089437	1877718965
storage.mojom.SessionStorageControl.GetUsage	GetUsage	2064737828	845952915	1390463833
storage.mojom.SessionStorageControl.PurgeMemory	PurgeMemory	508079975	2112604559	1106496131
storage.mojom.SessionStorageControl.ScavengeUnusedNamespaces	ScavengeUnusedNamespaces	348036177	1657826911	44074926
storage.mojom.StorageService.BindLocalStorageControl	BindLocalStorageControl	245053799	518131610	1807626826
storage.mojom.StorageService.BindSessionStorageControl	BindSessionStorageControl	2087887618	328498564	369570373
storage.mojom.StorageService.BindTestApi	BindTestApi	403459388	89499400	898338987
storage.mojom.StorageService.EnableAggressiveDomStorageFlushing	EnableAggressiveDomStorageFlushing	41062377	285680273	1416916138
storage.mojom.StorageService.SetDataDirectory	SetDataDirectory	1063774104	1667765939	629380121
subresource_filter.mojom.SubresourceFilterAgent.ActivateForNextCommittedLoad	ActivateForNextCommittedLoad	352534842	1903305413	1935832423
subresource_filter.mojom.SubresourceFilterHost.AdScriptDidCreateFencedFrame	AdScriptDidCreateFencedFrame	1173643382	1719292585	290011773
subresource_filter.mojom.SubresourceFilterHost.DidDisallowFirstSubresource	DidDisallowFirstSubresource	1735531303	241818221	1218364903
subresource_filter.mojom.SubresourceFilterHost.FrameIsAd	FrameIsAd	1903387219	444043569	997854845
subresource_filter.mojom.SubresourceFilterHost.FrameWasCreatedByAdScript	FrameWasCreatedByAdScript	149145336	706288792	661270190
subresource_filter.mojom.SubresourceFilterHost.OnAdsViolationTriggered	OnAdsViolationTriggered	1445756184	1396483225	182042196
subresource_filter.mojom.SubresourceFilterHost.SetDocumentLoadStatistics	SetDocumentLoadStatistics	34000849	1090400831	692308040
subresource_filter.mojom.SubresourceFilterInternalsHandler.GetInternalsPageSettings	GetInternalsPageSettings	1378444089	633170879	1358862453
subresource_filter.mojom.SubresourceFilterInternalsHandler.ObserveInternalsPageSettings	ObserveInternalsPageSettings	1317288761	277108068	1072952759
subresource_filter.mojom.SubresourceFilterInternalsHandler.SetInternalsPageSettings	SetInternalsPageSettings	2089106261	2020182731	990765051
subresource_filter.mojom.SubresourceFilterInternalsObserver.OnInternalsPageSettingsChanged	OnInternalsPageSettingsChanged	748907674	1169259416	57864667
subresource_filter.mojom.SubresourceFilterRulesetObserver.SetRulesetForProcess	SetRulesetForProcess	917093043	1004734211	506997799
suggest_internals.mojom.Page.OnRequestCompleted	OnRequestCompleted	165792240	231764956	1672043667
suggest_internals.mojom.Page.OnRequestCreated	OnRequestCreated	2023383259	1874177521	214405140
suggest_internals.mojom.Page.OnRequestStarted	OnRequestStarted	1288113100	1152330344	1408499727
suggest_internals.mojom.PageHandler.HardcodeResponse	HardcodeResponse	1551772348	955543520	1260698065
suggest_internals.mojom.PageHandler.SetPage	SetPage	191756658	369415185	2074422509
supervised_user.mojom.SupervisedUserCommands.GoBack	GoBack	803836246	796660388	1263190049
supervised_user.mojom.SupervisedUserCommands.RequestUrlAccessLocal	RequestUrlAccessLocal	1934486794	2117093818	1810185115
supervised_user.mojom.SupervisedUserCommands.RequestUrlAccessRemote	RequestUrlAccessRemote	469840223	1278052243	1340191251
surface_embed.mojom.SurfaceEmbed.AdvanceFocusFromEmbedElement	AdvanceFocusFromEmbedElement	707553606	1698328852	894037116
surface_embed.mojom.SurfaceEmbed.ChildProcessGone	ChildProcessGone	1537031113	1488356269	449557416
surface_embed.mojom.SurfaceEmbed.RequestFocusOnEmbedElement	RequestFocusOnEmbedElement	1915697342	357880788	1260022722
surface_embed.mojom.SurfaceEmbed.SetFrameSinkId	SetFrameSinkId	974533896	467005923	1634315326
surface_embed.mojom.SurfaceEmbed.UpdateLocalSurfaceIdFromChild	UpdateLocalSurfaceIdFromChild	326123251	1941280764	922268343
surface_embed.mojom.SurfaceEmbedHost.AttachConnector	AttachConnector	2123373943	469660650	1458280439
surface_embed.mojom.SurfaceEmbedHost.OnEmbedElementFocused	OnEmbedElementFocused	1037368066	862542087	1413740481
surface_embed.mojom.SurfaceEmbedHost.OnEmbedElementThrottlingStatusChanged	OnEmbedElementThrottlingStatusChanged	644824184	1394977011	525721166
surface_embed.mojom.SurfaceEmbedHost.SetParentAccessibilityInfo	SetParentAccessibilityInfo	554100769	310713731	78511136
surface_embed.mojom.SurfaceEmbedHost.SetSurfaceEmbed	SetSurfaceEmbed	329279643	1841085575	2125958080
surface_embed.mojom.SurfaceEmbedHost.SynchronizeVisualProperties	SynchronizeVisualProperties	1538728838	1187062377	1415462881
system_media_controls.mojom.SystemMediaControls.ClearMetadata	ClearMetadata	754386903	1435180564	131785060
system_media_controls.mojom.SystemMediaControls.ClearPosition	ClearPosition	706056417	1277014938	886600699
system_media_controls.mojom.SystemMediaControls.SetAlbum	SetAlbum	1197464932	96119695	1664572623
system_media_controls.mojom.SystemMediaControls.SetArtist	SetArtist	2023480938	807488405	982868835
system_media_controls.mojom.SystemMediaControls.SetIsNextEnabled	SetIsNextEnabled	265038035	578341408	879986060
system_media_controls.mojom.SystemMediaControls.SetIsPlayPauseEnabled	SetIsPlayPauseEnabled	1454162304	728873397	1201188291
system_media_controls.mojom.SystemMediaControls.SetIsPreviousEnabled	SetIsPreviousEnabled	1181708979	1751346700	1485063213
system_media_controls.mojom.SystemMediaControls.SetIsSeekToEnabled	SetIsSeekToEnabled	47205275	344893640	318198309
system_media_controls.mojom.SystemMediaControls.SetIsStopEnabled	SetIsStopEnabled	757293498	1066821479	1217769849
system_media_controls.mojom.SystemMediaControls.SetPlaybackStatus	SetPlaybackStatus	2027298642	935898942	163102800
system_media_controls.mojom.SystemMediaControls.SetPosition	SetPosition	2104665102	205073980	133810057
system_media_controls.mojom.SystemMediaControls.SetThumbnail	SetThumbnail	1284026749	405497212	1205839284
system_media_controls.mojom.SystemMediaControls.SetTitle	SetTitle	1726526579	53049264	1559127440
system_media_controls.mojom.SystemMediaControlsObserver.OnBridgeCreatedForTesting	OnBridgeCreatedForTesting	637910468	849304039	1549243167
system_media_controls.mojom.SystemMediaControlsObserver.OnMetadataClearedForTesting	OnMetadataClearedForTesting	443965384	935916435	1396422279
system_media_controls.mojom.SystemMediaControlsObserver.OnNext	OnNext	1853516493	564863076	58063208
system_media_controls.mojom.SystemMediaControlsObserver.OnPause	OnPause	819025988	1444598887	1745677019
system_media_controls.mojom.SystemMediaControlsObserver.OnPlay	OnPlay	992270348	1577573263	6484106
system_media_controls.mojom.SystemMediaControlsObserver.OnPlayPause	OnPlayPause	1218237370	898230665	1149810206
system_media_controls.mojom.SystemMediaControlsObserver.OnPrevious	OnPrevious	1014241973	1918844156	1432700589
system_media_controls.mojom.SystemMediaControlsObserver.OnSeekTo	OnSeekTo	1597793613	1122794795	851635988
system_media_controls.mojom.SystemMediaControlsObserver.OnStop	OnStop	814571286	1642938781	1518775587
tab_search.mojom.Page.HostWindowChanged	HostWindowChanged	93364765	687756177	214405140
tab_search.mojom.Page.TabUnsplit	TabUnsplit	765880609	1901200495	1046016221
tab_search.mojom.Page.TabUpdated	TabUpdated	1969505339	107894946	1672043667
tab_search.mojom.Page.TabsChanged	TabsChanged	1050203775	1291734265	1408499727
tab_search.mojom.Page.TabsRemoved	TabsRemoved	1492498087	214588030	1934265607
tab_search.mojom.PageHandler.CloseTab	CloseTab	255587268	1978830546	2074422509
tab_search.mojom.PageHandler.CloseTabs	CloseTabs	1063304703	195685244	1260698065
tab_search.mojom.PageHandler.CloseWebUiTab	CloseWebUiTab	1337777618	383670628	252371155
tab_search.mojom.PageHandler.GetIsSplit	GetIsSplit	266178485	19093527	160316634
tab_search.mojom.PageHandler.GetProfileData	GetProfileData	585786750	1735616626	978676253
tab_search.mojom.PageHandler.MaybeShowUI	MaybeShowUI	983532850	1759113444	703401204
tab_search.mojom.PageHandler.OpenRecentlyClosedEntry	OpenRecentlyClosedEntry	1697577703	870536459	477874547
tab_search.mojom.PageHandler.ReplaceActiveSplitTab	ReplaceActiveSplitTab	1143005864	1371839896	1558420783
tab_search.mojom.PageHandler.SaveRecentlyClosedExpandedPref	SaveRecentlyClosedExpandedPref	1322689706	1625957714	1030440014
tab_search.mojom.PageHandler.StartTabGroupTutorial	StartTabGroupTutorial	806935315	1509161331	576514537
tab_search.mojom.PageHandler.SwitchToTab	SwitchToTab	1914045587	29619782	1215762890
tab_search.mojom.PageHandlerFactory.CreatePageHandler	CreatePageHandler	1491630672	302515525	1049712340
tab_search.mojom.SearchHandler.GetRangesIgnoringCaseAndAccents	GetRangesIgnoringCaseAndAccents	1060602746	5965411	1413983856
tab_strip_internals.mojom.Page.OnTabStripUpdated	OnTabStripUpdated	627223520	388384606	214405140
tab_strip_internals.mojom.PageHandler.GetTabStripData	GetTabStripData	947163906	348603090	2074422509
tab_strip_internals.mojom.PageHandlerFactory.CreatePageHandler	CreatePageHandler	1491630672	1906291316	1049712340
tabs_api.mojom.DropTarget.OnDrag	OnDrag	1092301372	283606970	978196462
tabs_api.mojom.DropTarget.OnDragCancelled	OnDragCancelled	1606656245	1273108547	1178010489
tabs_api.mojom.DropTarget.OnDragEntered	OnDragEntered	10835889	520415497	68881092
tabs_api.mojom.DropTarget.OnDragLeave	OnDragLeave	1762615577	1389916679	916406308
tabs_api.mojom.DropTarget.OnDrop	OnDrop	1058746181	1707263737	540706083
tabs_api.mojom.DropTargetRegistration.OnBoundsChanged	OnBoundsChanged	1890890923	64371086	108936227
tabs_api.mojom.TabDragService.RegisterDropTarget	RegisterDropTarget	456278798	834414595	814456580
tabs_api.mojom.TabDragService.StartDrag	StartDrag	1563224225	63135532	471115977
tabs_api.mojom.TabStripExperimentService.GetAllTabsForProfile	GetAllTabsForProfile	1494432172	1920440283	252197439
tabs_api.mojom.TabStripExperimentService.ReplaceTabInSplit	ReplaceTabInSplit	1901168591	728347141	669016412
tabs_api.mojom.TabStripService.ActivateTab	ActivateTab	1557102707	990998991	585264564
tabs_api.mojom.TabStripService.CloseNodes	CloseNodes	1777141310	1045051639	1502736462
tabs_api.mojom.TabStripService.CreateTabAt	CreateTabAt	1523697161	574367686	36402024
tabs_api.mojom.TabStripService.GetTab	GetTab	1592503872	594235326	1399991595
tabs_api.mojom.TabStripService.GetTabs	GetTabs	755191475	334590179	1706647498
tabs_api.mojom.TabStripService.MoveNode	MoveNode	446321782	2076349919	1563541350
tabs_api.mojom.TabStripService.SetSelectedTabs	SetSelectedTabs	764463376	575684936	1627626892
tabs_api.mojom.TabStripService.Update	Update	379933338	1539252923	2111934956
tabs_api.mojom.TabStripUIController.ShowTabContextMenu	ShowTabContextMenu	1338246341	1629340656	416304597
tabs_api.mojom.TabsObserver.OnTabEvents	OnTabEvents	484849136	7349519	1025710871
test.mojom.Bar.GetBar	GetBar	856657490	109372049	1006309289
test.mojom.Baz.GetBaz	GetBaz	856657498	952516801	1927859337
test.mojom.Foo.GetFoo	GetFoo	1092132585	1091232175	941280749
test.mojom.MojoFileSystemAccessTest.ResolveTransferToken	ResolveTransferToken	1011502293	1582617434	1893303396
theme_color_picker.mojom.ThemeColorPickerClient.SetTheme	SetTheme	1390713734	288016680	1449665918
theme_color_picker.mojom.ThemeColorPickerHandler.GetChromeColors	GetChromeColors	1801373517	327625235	1017119888
theme_color_picker.mojom.ThemeColorPickerHandler.RemoveBackgroundImage	RemoveBackgroundImage	1026992716	550695989	283544889
theme_color_picker.mojom.ThemeColorPickerHandler.SetDefaultColor	SetDefaultColor	1148705211	284249816	1823654563
theme_color_picker.mojom.ThemeColorPickerHandler.SetGreyDefaultColor	SetGreyDefaultColor	1489275182	578095599	848435182
theme_color_picker.mojom.ThemeColorPickerHandler.SetSeedColor	SetSeedColor	1916950977	2083628849	1908493226
theme_color_picker.mojom.ThemeColorPickerHandler.SetSeedColorFromHue	SetSeedColorFromHue	1382732021	1914794886	203966664
theme_color_picker.mojom.ThemeColorPickerHandler.UpdateTheme	UpdateTheme	1543602317	1142233630	279068892
theme_color_picker.mojom.ThemeColorPickerHandlerFactory.CreateThemeColorPickerHandler	CreateThemeColorPickerHandler	1987626753	1626078730	1439278650
toolbar_ui_api.mojom.ToolbarUIObserver.OnFocusRequested	OnFocusRequested	950006166	2112139085	222938388
toolbar_ui_api.mojom.ToolbarUIObserver.OnNavigationControlsStateChanged	OnNavigationControlsStateChanged	833162199	1875988588	680056558
toolbar_ui_api.mojom.ToolbarUIObserver.ShowSplitTabsContextMenu	ShowSplitTabsContextMenu	263857698	2051097063	1857540893
toolbar_ui_api.mojom.ToolbarUIService.AdjustOmniboxTextForCopy	AdjustOmniboxTextForCopy	998528703	1130722922	1288902292
toolbar_ui_api.mojom.ToolbarUIService.Bind	Bind	714694664	776157253	280982516
toolbar_ui_api.mojom.ToolbarUIService.ExecuteExtensionAction	ExecuteExtensionAction	1524069675	211575004	1941707593
toolbar_ui_api.mojom.ToolbarUIService.InvokePinnedToolbarAction	InvokePinnedToolbarAction	897465762	65940089	2137312513
toolbar_ui_api.mojom.ToolbarUIService.MoveExtensionAction	MoveExtensionAction	779135143	787246124	30129389
toolbar_ui_api.mojom.ToolbarUIService.MoveExtensionActionBy	MoveExtensionActionBy	434266268	930018977	1650005089
toolbar_ui_api.mojom.ToolbarUIService.MovePinnedToolbarAction	MovePinnedToolbarAction	1480208899	1992940412	813048563
toolbar_ui_api.mojom.ToolbarUIService.MovePinnedToolbarActionBy	MovePinnedToolbarActionBy	62544216	1412934699	434276773
toolbar_ui_api.mojom.ToolbarUIService.OnAppMenuFocusChanged	OnAppMenuFocusChanged	1833655570	1320362352	874187960
toolbar_ui_api.mojom.ToolbarUIService.OnAvatarButtonMousePressed	OnAvatarButtonMousePressed	1429498532	1848408952	432938851
toolbar_ui_api.mojom.ToolbarUIService.OnContentSettingImageAnimationEnded	OnContentSettingImageAnimationEnded	646938440	1497242510	830149080
toolbar_ui_api.mojom.ToolbarUIService.OnContentSettingImagePointerDown	OnContentSettingImagePointerDown	1684482017	81310921	1688219395
toolbar_ui_api.mojom.ToolbarUIService.OnExtensionActionPointerDown	OnExtensionActionPointerDown	350504682	313247149	201823638
toolbar_ui_api.mojom.ToolbarUIService.OnHomeButtonDropFile	OnHomeButtonDropFile	1061307482	1693032746	901773937
toolbar_ui_api.mojom.ToolbarUIService.OnHomeButtonDropUrl	OnHomeButtonDropUrl	2004526355	970430900	1106051152
toolbar_ui_api.mojom.ToolbarUIService.OnLhsChipClicked	OnLhsChipClicked	678049042	308920557	2067233154
toolbar_ui_api.mojom.ToolbarUIService.OnLhsChipCollapseAnimationEnded	OnLhsChipCollapseAnimationEnded	257068000	419818762	1609149449
toolbar_ui_api.mojom.ToolbarUIService.OnLhsChipDrag	OnLhsChipDrag	439120713	2131679593	1116346055
toolbar_ui_api.mojom.ToolbarUIService.OnLhsChipExpandAnimationEnded	OnLhsChipExpandAnimationEnded	679060125	474203391	1967822536
toolbar_ui_api.mojom.ToolbarUIService.OnLhsChipMousePressed	OnLhsChipMousePressed	507720982	1981858546	290327058
toolbar_ui_api.mojom.ToolbarUIService.OnLhsChipPointerEntered	OnLhsChipPointerEntered	489426327	586286529	2057211247
toolbar_ui_api.mojom.ToolbarUIService.OnLhsChipPointerExited	OnLhsChipPointerExited	518943545	2048380601	892887522
toolbar_ui_api.mojom.ToolbarUIService.OnLocationBarFocusWithinChanged	OnLocationBarFocusWithinChanged	1606176861	729798761	930131351
toolbar_ui_api.mojom.ToolbarUIService.OnMediaButtonClicked	OnMediaButtonClicked	1504135761	1759309871	1007555531
toolbar_ui_api.mojom.ToolbarUIService.OnMediaButtonMousePressed	OnMediaButtonMousePressed	1064803595	1508342647	1949218840
toolbar_ui_api.mojom.ToolbarUIService.OnOmniboxAction	OnOmniboxAction	1791758370	1035618599	1908457131
toolbar_ui_api.mojom.ToolbarUIService.OnPageActionChipShowingChanged	OnPageActionChipShowingChanged	1861515076	1954297379	438694190
toolbar_ui_api.mojom.ToolbarUIService.OnPageActionClick	OnPageActionClick	876850119	463509141	684447218
toolbar_ui_api.mojom.ToolbarUIService.OnPageActionPointerDown	OnPageActionPointerDown	1600504428	1972855028	64095452
toolbar_ui_api.mojom.ToolbarUIService.OnPageInitialized	OnPageInitialized	854033315	1105062251	340492133
toolbar_ui_api.mojom.ToolbarUIService.OnPerformanceInterventionButtonClicked	OnPerformanceInterventionButtonClicked	1186850182	659742146	229280282
toolbar_ui_api.mojom.ToolbarUIService.OnPerformanceInterventionButtonMousePressed	OnPerformanceInterventionButtonMousePressed	1534402242	164994864	638532606
toolbar_ui_api.mojom.ToolbarUIService.OnToolbarDropFile	OnToolbarDropFile	552770490	714171332	755205383
toolbar_ui_api.mojom.ToolbarUIService.SetAvatarButtonFocused	SetAvatarButtonFocused	660390563	2146661824	2051159061
toolbar_ui_api.mojom.ToolbarUIService.SetAvatarButtonHovered	SetAvatarButtonHovered	440787985	1749685738	584606870
toolbar_ui_api.mojom.ToolbarUIService.SetAvatarButtonIphPromoShowing	SetAvatarButtonIphPromoShowing	1415766815	1532191080	694623622
toolbar_ui_api.mojom.ToolbarUIService.ShowAvatarMenu	ShowAvatarMenu	1556791708	1319612223	876705906
toolbar_ui_api.mojom.ToolbarUIService.ShowContentSettingsBubble	ShowContentSettingsBubble	2135227232	476153871	535639828
toolbar_ui_api.mojom.ToolbarUIService.ShowContextMenu	ShowContextMenu	162958950	1624634519	931675884
toolbar_ui_api.mojom.ToolbarUIService.ShowExtensionContextMenu	ShowExtensionContextMenu	1845224415	1736826923	110652562
toolbar_ui_api.mojom.ToolbarUIService.ShowOverflowMenu	ShowOverflowMenu	171888501	1491224626	650584494
traces_internals.mojom.Page.OnTraceComplete	OnTraceComplete	967592812	908863696	214405140
traces_internals.mojom.PageHandler.CloneTraceSession	CloneTraceSession	1151022805	1321217517	1260698065
traces_internals.mojom.PageHandler.DeleteAllTraces	DeleteAllTraces	1171598631	910302104	1558420783
traces_internals.mojom.PageHandler.DeleteSingleTrace	DeleteSingleTrace	1460242555	1704726427	477874547
traces_internals.mojom.PageHandler.DownloadTrace	DownloadTrace	1905565376	31119911	576514537
traces_internals.mojom.PageHandler.GetAllScenarios	GetAllScenarios	618036281	1302877063	703401204
traces_internals.mojom.PageHandler.GetAllTraceReports	GetAllTraceReports	1970863764	545225888	1215762890
traces_internals.mojom.PageHandler.GetBufferUsage	GetBufferUsage	982134506	1590121821	160316634
traces_internals.mojom.PageHandler.GetPrivacyFilterEnabled	GetPrivacyFilterEnabled	1075718970	1687351615	176590812
traces_internals.mojom.PageHandler.GetTrackEventCategories	GetTrackEventCategories	630638668	2034466479	978676253
traces_internals.mojom.PageHandler.SetEnabledScenarios	SetEnabledScenarios	1128279559	1629134170	527806321
traces_internals.mojom.PageHandler.SetPrivacyFilterEnabled	SetPrivacyFilterEnabled	1223361358	2099841055	1530853526
traces_internals.mojom.PageHandler.SetScenariosConfigFromBuffer	SetScenariosConfigFromBuffer	414499904	903067707	1109170374
traces_internals.mojom.PageHandler.SetScenariosConfigFromString	SetScenariosConfigFromString	1867923837	641375569	1398728236
traces_internals.mojom.PageHandler.StartTraceSession	StartTraceSession	540040934	1788429997	2074422509
traces_internals.mojom.PageHandler.StopTraceSession	StopTraceSession	1045904624	805727233	252371155
traces_internals.mojom.PageHandler.UserUploadSingleTrace	UserUploadSingleTrace	2059524934	62046144	1030440014
traces_internals.mojom.TracesInternalsHandlerFactory.CreatePageHandler	CreatePageHandler	1491630672	634437695	1929283509
tracing.mojom.BackgroundTracingAgent.ClearUMACallback	ClearUMACallback	247671474	2053938051	2082172188
tracing.mojom.BackgroundTracingAgent.SetUMACallback	SetUMACallback	280741287	244247917	986949062
tracing.mojom.BackgroundTracingAgentClient.OnInitialized	OnInitialized	436923652	1309046369	1225925806
tracing.mojom.BackgroundTracingAgentClient.OnTriggerBackgroundTrace	OnTriggerBackgroundTrace	1124123613	557115512	1245133950
tracing.mojom.BackgroundTracingAgentProvider.Create	Create	838289373	1523835184	1795869742
tracing.mojom.ConsumerHost.CloneSession	CloneSession	1375057608	298517724	1740331397
tracing.mojom.ConsumerHost.EnableTracing	EnableTracing	15162438	1774668414	1646865075
tracing.mojom.ConsumerHost.QueryServiceState	QueryServiceState	134036579	170001371	2073523685
tracing.mojom.PerfettoService.ConnectToProducerHost	ConnectToProducerHost	972460726	225069531	1549221649
tracing.mojom.ProducerClient.ClearIncrementalState	ClearIncrementalState	1664367407	1972595009	245870169
tracing.mojom.ProducerClient.Flush	Flush	729528193	1266491654	1924026713
tracing.mojom.ProducerClient.OnTracingStart	OnTracingStart	1327135748	781018230	260577143
tracing.mojom.ProducerClient.SetupDataSource	SetupDataSource	1798306959	199114365	1415448410
tracing.mojom.ProducerClient.StartDataSource	StartDataSource	1502867384	1590732650	433171959
tracing.mojom.ProducerClient.StopDataSource	StopDataSource	391024174	1807163434	1625589078
tracing.mojom.ProducerHost.CommitData	CommitData	69670226	232989836	878731917
tracing.mojom.ProducerHost.RegisterDataSource	RegisterDataSource	1122995941	770850183	165722893
tracing.mojom.ProducerHost.RegisterTraceWriter	RegisterTraceWriter	565110432	599300395	485991785
tracing.mojom.ProducerHost.UnregisterTraceWriter	UnregisterTraceWriter	247278903	2093995359	854845559
tracing.mojom.ProducerHost.UpdateDataSource	UpdateDataSource	401301041	1343142211	97200081
tracing.mojom.SystemTracingService.OpenProducerSocket	OpenProducerSocket	1039431084	1785656992	428181853
tracing.mojom.TracedProcess.ConnectToTracingService	ConnectToTracingService	948976189	601919681	907400441
tracing.mojom.TracingService.AddClient	AddClient	1616160899	1995723055	1835888878
tracing.mojom.TracingService.Initialize	Initialize	164710295	1332647058	164676671
tracing.mojom.TracingSessionClient.OnTracingDisabled	OnTracingDisabled	604030184	1114949652	33651378
tracing.mojom.TracingSessionClient.OnTracingEnabled	OnTracingEnabled	957663307	961155311	709196123
tracing.mojom.TracingSessionHost.ChangeTraceConfig	ChangeTraceConfig	1844903274	1875319763	522241815
tracing.mojom.TracingSessionHost.DisableTracing	DisableTracing	1819306023	299572476	574273540
tracing.mojom.TracingSessionHost.DisableTracingAndEmitJson	DisableTracingAndEmitJson	1410623077	2014452529	1467967342
tracing.mojom.TracingSessionHost.ReadBuffers	ReadBuffers	360090026	1659824895	1406324935
tracing.mojom.TracingSessionHost.RequestBufferUsage	RequestBufferUsage	312690663	1325019736	1152478760
tracked_element.mojom.TrackedElementHandler.SetManager	SetManager	685522052	1608540580	1151631556
tracked_element.mojom.TrackedElementHandler.TrackedElementActivated	TrackedElementActivated	1904593800	1349268223	647139570
tracked_element.mojom.TrackedElementHandler.TrackedElementCanHighlightChanged	TrackedElementCanHighlightChanged	2052629291	1593074886	1339915303
tracked_element.mojom.TrackedElementHandler.TrackedElementCustomEvent	TrackedElementCustomEvent	1561899522	2108680298	904208976
tracked_element.mojom.TrackedElementHandler.TrackedElementVisibilityChanged	TrackedElementVisibilityChanged	1036740413	1755008400	2016437840
tracked_element.mojom.TrackedElementManager.ClickElement	ClickElement	1205275921	95850067	735163267
tracked_element.mojom.TrackedElementManager.Confirm	Confirm	121278579	703574245	337604265
tracked_element.mojom.TrackedElementManager.EnterText	EnterText	1551350676	985134180	1912172246
tracked_element.mojom.TrackedElementManager.FocusElement	FocusElement	1793976657	1103875539	1747367021
tracked_element.mojom.TrackedElementManager.OnElementHighlightChanged	OnElementHighlightChanged	761324190	232586110	1054362539
tracked_element.mojom.TrackedElementManager.SelectDropdownItem	SelectDropdownItem	1706572687	1987509202	1630523238
tracked_element.mojom.TrackedElementManager.SelectTab	SelectTab	1138211074	356060821	845178396
translate.mojom.ContentTranslateDriver.RegisterPage	RegisterPage	2188067	1757460396	37640185
translate.mojom.TranslateAgent.RevertTranslation	RevertTranslation	1369152808	1550033290	674135765
translate.mojom.TranslateAgent.TranslateFrame	TranslateFrame	1156967548	37505020	1511825122
ui.mojom.IMEStructTraitsTest.EchoTextInputType	EchoTextInputType	1218780385	378634847	1541858295
ui.mojom.ScenicGpuHost.AttachSurfaceToWindow	AttachSurfaceToWindow	469939308	1029893145	695128551
ui.mojom.ScenicGpuService.Initialize	Initialize	164710295	1354643445	1101539092
ui.ozone.mojom.DeviceCursor.MoveCursor	MoveCursor	1143877356	1250534489	1624789249
ui.ozone.mojom.DeviceCursor.SetCursor	SetCursor	1848551189	397990856	2092896408
ui.ozone.mojom.DrmDevice.AddGraphicsDevice	AddGraphicsDevice	460408551	1091071624	350920416
ui.ozone.mojom.DrmDevice.ConfigureNativeDisplays	ConfigureNativeDisplays	599284375	71277773	1481144213
ui.ozone.mojom.DrmDevice.CreateWindow	CreateWindow	308911949	1672419431	914435646
ui.ozone.mojom.DrmDevice.DestroyWindow	DestroyWindow	1962591797	1498890499	149255489
ui.ozone.mojom.DrmDevice.GetDeviceCursor	GetDeviceCursor	2008450471	1252728061	1818017644
ui.ozone.mojom.DrmDevice.GetHDCPState	GetHDCPState	398382521	1695685467	539649253
ui.ozone.mojom.DrmDevice.GetSeamlessRefreshRates	GetSeamlessRefreshRates	358240880	2084973068	1258725524
ui.ozone.mojom.DrmDevice.RefreshNativeDisplays	RefreshNativeDisplays	861294286	344324117	2141715444
ui.ozone.mojom.DrmDevice.RelinquishDisplayControl	RelinquishDisplayControl	236468390	1231791597	1458562296
ui.ozone.mojom.DrmDevice.RemoveGraphicsDevice	RemoveGraphicsDevice	282243496	1904945064	228176475
ui.ozone.mojom.DrmDevice.SetColorCalibration	SetColorCalibration	1516329380	568837706	2018015404
ui.ozone.mojom.DrmDevice.SetColorTemperatureAdjustment	SetColorTemperatureAdjustment	643670755	2109079422	773035146
ui.ozone.mojom.DrmDevice.SetGammaAdjustment	SetGammaAdjustment	402959227	2000418342	865776730
ui.ozone.mojom.DrmDevice.SetHDCPState	SetHDCPState	1298360517	650613463	14040932
ui.ozone.mojom.DrmDevice.SetHdcpKeyProp	SetHdcpKeyProp	2105995924	1843333864	581062829
ui.ozone.mojom.DrmDevice.SetPrivacyScreen	SetPrivacyScreen	805375721	436249343	947921387
ui.ozone.mojom.DrmDevice.SetWindowBounds	SetWindowBounds	1750618272	466918572	2045823743
ui.ozone.mojom.DrmDevice.ShouldDisplayEventTriggerConfiguration	ShouldDisplayEventTriggerConfiguration	174752820	299343689	2024069694
ui.ozone.mojom.DrmDevice.TakeDisplayControl	TakeDisplayControl	1919730237	1411121888	1590802865
ui.ozone.mojom.GesturePropertiesService.GetProperty	GetProperty	295458972	1554421226	525446714
ui.ozone.mojom.GesturePropertiesService.ListDevices	ListDevices	896837246	142386998	1406541418
ui.ozone.mojom.GesturePropertiesService.ListProperties	ListProperties	799291018	139029783	1303715999
ui.ozone.mojom.GesturePropertiesService.SetProperty	SetProperty	1083935512	1353117262	668193713
ui.ozone.mojom.WaylandBufferManagerGpu.Initialize	Initialize	164710295	1243830492	1791793257
ui.ozone.mojom.WaylandBufferManagerGpu.OnPresentation	OnPresentation	1765138154	592130313	296037025
ui.ozone.mojom.WaylandBufferManagerGpu.OnSubmission	OnSubmission	740381554	1294473890	105142007
ui.ozone.mojom.WaylandBufferManagerHost.CommitOverlays	CommitOverlays	846797421	795837108	1907004243
ui.ozone.mojom.WaylandBufferManagerHost.CreateDmabufBasedBuffer	CreateDmabufBasedBuffer	911540795	1336320966	755807188
ui.ozone.mojom.WaylandBufferManagerHost.CreateShmBasedBuffer	CreateShmBasedBuffer	121705016	58404900	539023482
ui.ozone.mojom.WaylandBufferManagerHost.CreateSinglePixelBuffer	CreateSinglePixelBuffer	1378031017	1201926005	597002710
ui.ozone.mojom.WaylandBufferManagerHost.DestroyBuffer	DestroyBuffer	205700295	2122062243	784073503
ui.ozone.mojom.WaylandBufferManagerHost.SetWaylandBufferManagerGpu	SetWaylandBufferManagerGpu	1093653492	905351134	1431187496
ukm.mojom.SingularUkmInterface.Submit	Submit	382074269	2045647837	1152410847
ukm.mojom.UkmRecorderClientInterface.SetParameters	SetParameters	1479089507	1736401091	1012369834
ukm.mojom.UkmRecorderFactory.CreateUkmRecorder	CreateUkmRecorder	42691576	1904501636	339770697
ukm.mojom.UkmRecorderInterface.AddEntry	AddEntry	806933670	311602549	1152844188
ukm.mojom.UkmRecorderInterface.UpdateSourceURL	UpdateSourceURL	2015087708	1111612658	989803063
unexportable_keys.mojom.UnexportableKeyService.Certify	Certify	235259695	1024777501	2103636508
unexportable_keys.mojom.UnexportableKeyService.DeleteAllKeys	DeleteAllKeys	1445425517	2060109553	376460212
unexportable_keys.mojom.UnexportableKeyService.DeleteKeys	DeleteKeys	1561338264	1950762432	1442639131
unexportable_keys.mojom.UnexportableKeyService.FromWrappedAttestationKey	FromWrappedAttestationKey	513352791	1829474906	359260497
unexportable_keys.mojom.UnexportableKeyService.FromWrappedSigningKey	FromWrappedSigningKey	1970533458	2046126668	209522074
unexportable_keys.mojom.UnexportableKeyService.GenerateAttestationKey	GenerateAttestationKey	2106853823	853489450	457159462
unexportable_keys.mojom.UnexportableKeyService.GenerateSigningKey	GenerateSigningKey	1586123466	1459134480	77134826
unexportable_keys.mojom.UnexportableKeyService.GetAllKeysForGarbageCollection	GetAllKeysForGarbageCollection	1727717130	1413891188	1139355740
unexportable_keys.mojom.UnexportableKeyService.Sign	Sign	159988510	415612247	1708525084
unexportable_keys_internals.mojom.PageHandler.DeleteKey	DeleteKey	1945826633	998505590	1260698065
unexportable_keys_internals.mojom.PageHandler.GetUnexportableKeysInfo	GetUnexportableKeysInfo	365746236	1297257716	2074422509
unexportable_keys_internals.mojom.PageHandlerFactory.CreateUnexportableKeysInternalsHandler	CreateUnexportableKeysInternalsHandler	698630020	302768892	1049712340
unzip.mojom.UnzipFilter.ShouldUnzipFile	ShouldUnzipFile	1408886240	7336044	1825027471
unzip.mojom.UnzipListener.OnProgress	OnProgress	851729159	1269832006	915423096
unzip.mojom.Unzipper.DecodeXz	DecodeXz	1941496569	1938032151	1175768117
unzip.mojom.Unzipper.DetectEncoding	DetectEncoding	2116493623	1952914787	151682824
unzip.mojom.Unzipper.GetExtractedInfo	GetExtractedInfo	1105633229	880304918	1892494678
unzip.mojom.Unzipper.Unzip	Unzip	2006854213	1107273636	1605121254
updater.mojom.FetchService.DownloadToStream	DownloadToStream	586225042	676183392	1273770379
updater.mojom.FetchService.PostRequest	PostRequest	1477052066	208013751	186626939
updater.mojom.FileDownloadObserver.OnDownloadComplete	OnDownloadComplete	1931799963	973298694	981262812
updater.mojom.FileDownloadObserver.OnResponseStarted	OnResponseStarted	880494770	1773418752	1350507278
updater.mojom.PostRequestObserver.OnProgress	OnProgress	851729159	1527527690	1154146790
updater.mojom.PostRequestObserver.OnRequestComplete	OnRequestComplete	1869634716	43185200	1022286910
updater.mojom.PostRequestObserver.OnResponseStarted	OnResponseStarted	880494770	2081766617	1967931897
updater.mojom.StateChangeObserver.OnComplete	OnComplete	1536573259	1216986077	1
updater.mojom.StateChangeObserver.OnStateChange	OnStateChange	100363945	1428499514	0
updater.mojom.UpdateService.CancelInstalls	CancelInstalls	919137583	187889648	8
updater.mojom.UpdateService.CheckForUpdate	CheckForUpdate	349458551	1747788244	10
updater.mojom.UpdateService.FetchPolicies	FetchPolicies	1556684833	1804183400	1
updater.mojom.UpdateService.GetAppStates	GetAppStates	1387780830	255822547	3
updater.mojom.UpdateService.GetPoliciesJson	GetPoliciesJson	1571536283	1314214022	12
updater.mojom.UpdateService.GetUpdaterState	GetUpdaterState	1561934801	172173617	11
updater.mojom.UpdateService.GetVersion	GetVersion	130288465	1134593194	0
updater.mojom.UpdateService.Install	Install	1403029442	735204535	7
updater.mojom.UpdateService.RegisterApp	RegisterApp	73971051	424385575	2
updater.mojom.UpdateService.RunInstaller	RunInstaller	2030718712	312432676	9
updater.mojom.UpdateService.RunPeriodicTasks	RunPeriodicTasks	424526203	399840487	4
updater.mojom.UpdateService.Update	Update	379933338	822490680	6
updater.mojom.UpdateService.UpdateAll	UpdateAll	1995446063	754681878	5
updater.mojom.UpdateServiceInternal.Hello	Hello	925285703	2037865912	773194097
updater.mojom.UpdateServiceInternal.Run	Run	706938760	2069514373	529023553
updater_ui.mojom.PageHandler.GetAllUpdaterEvents	GetAllUpdaterEvents	823321648	521796740	2074422509
updater_ui.mojom.PageHandler.GetAppStates	GetAppStates	1387780830	2085185469	978676253
updater_ui.mojom.PageHandler.GetEnterpriseCompanionState	GetEnterpriseCompanionState	1895785031	1068956638	252371155
updater_ui.mojom.PageHandler.GetUpdaterStates	GetUpdaterStates	1605970544	981236523	1260698065
updater_ui.mojom.PageHandler.RecordFilterChange	RecordFilterChange	1880541048	161208129	1215762890
updater_ui.mojom.PageHandler.ShowDirectory	ShowDirectory	1037796811	394404725	160316634
updater_ui.mojom.PageHandler.UnzipUpdaterHistoryFiles	UnzipUpdaterHistoryFiles	150790737	642333496	477874547
updater_ui.mojom.PageHandlerFactory.CreatePageHandler	CreatePageHandler	1491630672	998402766	1049712340
url.mojom.UrlTest.BounceOrigin	BounceOrigin	1952518579	150724024	1182871590
url.mojom.UrlTest.BounceUrl	BounceUrl	991834192	1434639825	894351932
url_rewrite.mojom.UrlRequestRulesReceiver.OnRulesUpdated	OnRulesUpdated	1420624856	160621619	2089728875
user_data_importer.mojom.BookmarkHtmlParser.Parse	Parse	948845558	603031549	1327373278
user_education.mojom.UserEducationMixedTrustHandler.MaybeShowFeaturePromo	MaybeShowFeaturePromo	1071874043	795857434	1749780616
user_education.mojom.UserEducationMixedTrustHandler.MaybeShowNewBadgeFor	MaybeShowNewBadgeFor	1675648300	1032526384	1781494308
user_education.mojom.UserEducationMixedTrustHandler.NotifyAdditionalConditionEvent	NotifyAdditionalConditionEvent	1469535824	685271852	1034990820
user_education.mojom.UserEducationMixedTrustHandler.NotifyFeaturePromoFeatureUsed	NotifyFeaturePromoFeatureUsed	1479402170	1933417895	2021007595
user_education.mojom.UserEducationMixedTrustHandler.NotifyNewBadgeFeatureUsed	NotifyNewBadgeFeatureUsed	1640305126	203701158	976315466
user_education.mojom.UserEducationMixedTrustHandlerFactory.CreateUserEducationMixedTrustHandler	CreateUserEducationMixedTrustHandler	454720121	517155617	759930925
video_capture.mojom.Device.GetPhotoState	GetPhotoState	1442589000	70534222	475632153
video_capture.mojom.Device.InvalidateBuffers	InvalidateBuffers	2070771551	645234558	1442651429
video_capture.mojom.Device.MaybeSuspend	MaybeSuspend	1835599457	2045033372	369591954
video_capture.mojom.Device.ProcessFeedback	ProcessFeedback	92062481	1092294143	1542326499
video_capture.mojom.Device.RequestRefreshFrame	RequestRefreshFrame	1096119344	1809047199	952949007
video_capture.mojom.Device.Resume	Resume	1161860812	947068379	323825865
video_capture.mojom.Device.SetPhotoOptions	SetPhotoOptions	522184301	1635813488	931755362
video_capture.mojom.Device.Start	Start	1284713943	1179753246	386728718
video_capture.mojom.Device.TakePhoto	TakePhoto	659196288	1145314456	2048335365
video_capture.mojom.DevicesChangedObserver.OnDevicesChanged	OnDevicesChanged	1357412929	821235031	1433120973
video_capture.mojom.GpuMemoryBufferVirtualDevice.OnBufferRetired	OnBufferRetired	1880643671	838624038	685389565
video_capture.mojom.GpuMemoryBufferVirtualDevice.OnFrameAccessHandlerReady	OnFrameAccessHandlerReady	260220498	905565485	211963423
video_capture.mojom.GpuMemoryBufferVirtualDevice.OnFrameReadyInBuffer	OnFrameReadyInBuffer	1629166497	191671869	533353534
video_capture.mojom.GpuMemoryBufferVirtualDevice.OnNewGpuMemoryBufferHandle	OnNewGpuMemoryBufferHandle	1910688415	9243013	473335637
video_capture.mojom.Producer.OnBufferRetired	OnBufferRetired	1880643671	1316221000	1018273732
video_capture.mojom.Producer.OnNewBuffer	OnNewBuffer	94990538	31157457	108388774
video_capture.mojom.PushVideoStreamSubscription.Activate	Activate	687916062	504596179	1577368273
video_capture.mojom.PushVideoStreamSubscription.Close	Close	1454175847	1272962072	1126473346
video_capture.mojom.PushVideoStreamSubscription.GetPhotoState	GetPhotoState	1442589000	1118356796	2132287548
video_capture.mojom.PushVideoStreamSubscription.InvalidateBuffers	InvalidateBuffers	2070771551	1407770176	9111794
video_capture.mojom.PushVideoStreamSubscription.ProcessFeedback	ProcessFeedback	92062481	1467443033	1618713397
video_capture.mojom.PushVideoStreamSubscription.Resume	Resume	1161860812	1601580989	1238100125
video_capture.mojom.PushVideoStreamSubscription.SetPhotoOptions	SetPhotoOptions	522184301	1185906774	1951416990
video_capture.mojom.PushVideoStreamSubscription.Suspend	Suspend	862068935	435716184	539165399
video_capture.mojom.PushVideoStreamSubscription.TakePhoto	TakePhoto	659196288	1380902250	119375354
video_capture.mojom.SharedMemoryVirtualDevice.OnFrameReadyInBuffer	OnFrameReadyInBuffer	1629166497	818052652	244732407
video_capture.mojom.SharedMemoryVirtualDevice.RequestFrameBuffer	RequestFrameBuffer	694744209	188007815	532110307
video_capture.mojom.TestingControls.Crash	Crash	903525670	1819567523	1486432210
video_capture.mojom.TextureVirtualDevice.OnBufferRetired	OnBufferRetired	1880643671	373331346	1961488755
video_capture.mojom.TextureVirtualDevice.OnFrameAccessHandlerReady	OnFrameAccessHandlerReady	260220498	2047369745	1172552420
video_capture.mojom.TextureVirtualDevice.OnFrameReadyInBuffer	OnFrameReadyInBuffer	1629166497	692377833	2057977495
video_capture.mojom.TextureVirtualDevice.OnNewSharedImageBufferHandle	OnNewSharedImageBufferHandle	1149355490	2033111596	1408074435
video_capture.mojom.VideoCaptureService.BindControlsForTesting	BindControlsForTesting	592010021	1115599817	522663159
video_capture.mojom.VideoCaptureService.ConnectToVideoSourceProvider	ConnectToVideoSourceProvider	500740383	1985652434	1882064060
video_capture.mojom.VideoFrameAccessHandler.OnFinishedConsumingBuffer	OnFinishedConsumingBuffer	76682153	1312731176	763670648
video_capture.mojom.VideoFrameHandler.OnBufferRetired	OnBufferRetired	1880643671	1275186688	2023407360
video_capture.mojom.VideoFrameHandler.OnCaptureConfigurationChanged	OnCaptureConfigurationChanged	1650663754	1723398225	300049435
video_capture.mojom.VideoFrameHandler.OnError	OnError	1669973012	741359465	1071812675
video_capture.mojom.VideoFrameHandler.OnFrameAccessHandlerReady	OnFrameAccessHandlerReady	260220498	600959915	906395214
video_capture.mojom.VideoFrameHandler.OnFrameDropped	OnFrameDropped	1307533565	1955330188	1221005087
video_capture.mojom.VideoFrameHandler.OnFrameReadyInBuffer	OnFrameReadyInBuffer	1629166497	51764234	877345938
video_capture.mojom.VideoFrameHandler.OnFrameWithEmptyRegionCapture	OnFrameWithEmptyRegionCapture	205764034	1183506329	1226130692
video_capture.mojom.VideoFrameHandler.OnLog	OnLog	406324144	1702344424	699068302
video_capture.mojom.VideoFrameHandler.OnNewBuffer	OnNewBuffer	94990538	1676464169	516832974
video_capture.mojom.VideoFrameHandler.OnNewCaptureVersion	OnNewCaptureVersion	1273406862	902983466	749616502
video_capture.mojom.VideoFrameHandler.OnStarted	OnStarted	1137746721	1824224888	1609854055
video_capture.mojom.VideoFrameHandler.OnStartedUsingGpuDecode	OnStartedUsingGpuDecode	2110829349	529659220	12531612
video_capture.mojom.VideoFrameHandler.OnStopped	OnStopped	1378010093	1671216524	336367944
video_capture.mojom.VideoSource.CreatePushSubscription	CreatePushSubscription	1670146834	1835288988	708983371
video_capture.mojom.VideoSourceProvider.AddSharedMemoryVirtualDevice	AddSharedMemoryVirtualDevice	2007986099	1270108639	2016193989
video_capture.mojom.VideoSourceProvider.AddTextureVirtualDevice	AddTextureVirtualDevice	2012186858	685150685	954304155
video_capture.mojom.VideoSourceProvider.Close	Close	1454175847	1733030933	324097885
video_capture.mojom.VideoSourceProvider.GetSourceInfos	GetSourceInfos	1680052619	2008459655	180362881
video_capture.mojom.VideoSourceProvider.GetVideoSource	GetVideoSource	1078436463	1702619273	1870285779
video_capture.mojom.VideoSourceProvider.RegisterDevicesChangedObserver	RegisterDevicesChangedObserver	984789759	1229276508	1778460700
video_capture.mojom.VideoSourceProvider.RegisterVirtualDevicesChangedObserver	RegisterVirtualDevicesChangedObserver	903018742	1571076225	657233425
visitedlink.mojom.VisitedLinkNotificationSink.AddVisitedLinks	AddVisitedLinks	1912778827	1070534377	1841248847
visitedlink.mojom.VisitedLinkNotificationSink.ResetVisitedLinks	ResetVisitedLinks	155552087	472008376	1328338271
visitedlink.mojom.VisitedLinkNotificationSink.UpdateOriginSalts	UpdateOriginSalts	1014258067	1028467654	746469094
visitedlink.mojom.VisitedLinkNotificationSink.UpdateVisitedLinks	UpdateVisitedLinks	644624087	535558938	664839298
visual_guided_setter.mojom.Page.SetDockedSettingsBounds	SetDockedSettingsBounds	999330253	802615660	1408499727
visual_guided_setter.mojom.Page.SetErrorState	SetErrorState	1682600342	1487991531	214405140
visual_guided_setter.mojom.PageHandler.OpenSettings	OpenSettings	1178162138	1342573705	1260698065
visual_guided_setter.mojom.PageHandler.SetAnchorRect	SetAnchorRect	1100970614	911236701	2074422509
visual_guided_setter.mojom.PageHandlerFactory.CreatePageHandler	CreatePageHandler	1491630672	831305578	1049712340
viz.mojom.BeginFrameObserver.OnStandaloneBeginFrame	OnStandaloneBeginFrame	430017753	908388344	783510567
viz.mojom.CompositingModeReporter.AddCompositingModeWatcher	AddCompositingModeWatcher	2067262145	927317761	38611788
viz.mojom.CompositingModeWatcher.CompositingModeFallbackToSoftware	CompositingModeFallbackToSoftware	408911060	18217657	1221089750
viz.mojom.CompositorFrameSink.BindLayerContext	BindLayerContext	651547052	693722611	503613639
viz.mojom.CompositorFrameSink.DidNotProduceFrame	DidNotProduceFrame	1934331868	329870728	1104451908
viz.mojom.CompositorFrameSink.NotifyNewLocalSurfaceIdExpectedWhilePaused	NotifyNewLocalSurfaceIdExpectedWhilePaused	1861512686	1149094287	1774672799
viz.mojom.CompositorFrameSink.SetNeedsBeginFrame	SetNeedsBeginFrame	1980720156	742492397	714776777
viz.mojom.CompositorFrameSink.SetParams	SetParams	687641153	853219511	300783619
viz.mojom.CompositorFrameSink.SubmitCompositorFrame	SubmitCompositorFrame	512423689	1441658279	215146327
viz.mojom.CompositorFrameSinkClient.DidReceiveCompositorFrameAck	DidReceiveCompositorFrameAck	80896410	1606963914	86224425
viz.mojom.CompositorFrameSinkClient.OnBeginFrame	OnBeginFrame	737653020	318564473	623004440
viz.mojom.CompositorFrameSinkClient.OnBeginFramePausedChanged	OnBeginFramePausedChanged	677996478	1359947040	1545616267
viz.mojom.CompositorFrameSinkClient.OnCompositorFrameTransitionDirectiveProcessed	OnCompositorFrameTransitionDirectiveProcessed	1500115300	2078216413	1029407489
viz.mojom.CompositorFrameSinkClient.OnSurfaceEvicted	OnSurfaceEvicted	1831140185	1588604974	2119027214
viz.mojom.CompositorFrameSinkClient.ReclaimResources	ReclaimResources	644379137	1453395199	1334410843
viz.mojom.CopyOutputResultSender.SendResult	SendResult	805473896	184144691	332358968
viz.mojom.DisplayPrivate.AddVSyncParameterObserver	AddVSyncParameterObserver	1648434104	1948250950	2066143509
viz.mojom.DisplayPrivate.ForceImmediateDrawAndSwapIfPossible	ForceImmediateDrawAndSwapIfPossible	2077674439	378960644	1859704149
viz.mojom.DisplayPrivate.Resize	Resize	777947117	231042237	902499299
viz.mojom.DisplayPrivate.SetDelegatedInkPointRenderer	SetDelegatedInkPointRenderer	2070337225	657734194	851704042
viz.mojom.DisplayPrivate.SetDisplayColorMatrix	SetDisplayColorMatrix	1073409675	1084967842	477420589
viz.mojom.DisplayPrivate.SetDisplayColorSpaces	SetDisplayColorSpaces	1151147837	1884976012	1600225620
viz.mojom.DisplayPrivate.SetDisplayVSyncParameters	SetDisplayVSyncParameters	63552674	1181216329	2102965364
viz.mojom.DisplayPrivate.SetDisplayVisible	SetDisplayVisible	1948358251	2019333284	1150077297
viz.mojom.DisplayPrivate.SetMaxVSyncAndVrr	SetMaxVSyncAndVrr	461576741	1060860411	2040680952
viz.mojom.DisplayPrivate.SetOutputIsSecure	SetOutputIsSecure	1487770255	784179772	459899552
viz.mojom.DisplayPrivate.SetStandaloneBeginFrameObserver	SetStandaloneBeginFrameObserver	936971150	1511958158	596150808
viz.mojom.ExternalBeginFrameController.IssueExternalBeginFrame	IssueExternalBeginFrame	108348141	780293340	619415138
viz.mojom.ExternalBeginFrameControllerClient.NeedsBeginFrameWithId	NeedsBeginFrameWithId	321912421	1919595682	253002977
viz.mojom.ExternalBeginFrameControllerClient.SetNeedsBeginFrame	SetNeedsBeginFrame	1980720156	40749052	1483881380
viz.mojom.ExternalBeginFrameControllerClient.SetPreferredInterval	SetPreferredInterval	567346937	593037716	894687144
viz.mojom.FrameSinkBundle.SetNeedsBeginFrame	SetNeedsBeginFrame	1980720156	579219891	968054237
viz.mojom.FrameSinkBundle.Submit	Submit	382074269	1616147861	338573827
viz.mojom.FrameSinkBundleClient.FlushNotifications	FlushNotifications	510283519	1681896359	1885904581
viz.mojom.FrameSinkBundleClient.OnBeginFramePausedChanged	OnBeginFramePausedChanged	677996478	1117057658	1379682875
viz.mojom.FrameSinkBundleClient.OnCompositorFrameTransitionDirectiveProcessed	OnCompositorFrameTransitionDirectiveProcessed	1500115300	1874410523	23468324
viz.mojom.FrameSinkManager.AddVideoDetectorObserver	AddVideoDetectorObserver	1554689743	67631470	838173814
viz.mojom.FrameSinkManager.ClearUnclaimedViewTransitionResources	ClearUnclaimedViewTransitionResources	2109629425	141429158	518410480
viz.mojom.FrameSinkManager.CreateCompositorFrameSink	CreateCompositorFrameSink	2049720300	1968792965	234125242
viz.mojom.FrameSinkManager.CreateFrameSinkBundle	CreateFrameSinkBundle	294283461	32694403	2026813400
viz.mojom.FrameSinkManager.CreateMetricsRecorderForTest	CreateMetricsRecorderForTest	1754094119	1131821348	1648499000
viz.mojom.FrameSinkManager.CreateRootCompositorFrameSink	CreateRootCompositorFrameSink	138001512	1808089308	127848818
viz.mojom.FrameSinkManager.CreateVideoCapturer	CreateVideoCapturer	1994116906	1933141639	242662567
viz.mojom.FrameSinkManager.DestroyCompositorFrameSink	DestroyCompositorFrameSink	119723460	349105776	748265802
viz.mojom.FrameSinkManager.EnableFrameSinkManagerTestApi	EnableFrameSinkManagerTestApi	1486224329	1745468631	728324502
viz.mojom.FrameSinkManager.EvictSurfaces	EvictSurfaces	1011113700	1756156278	923964582
viz.mojom.FrameSinkManager.InvalidateFrameSinkId	InvalidateFrameSinkId	183529931	1344466253	143573847
viz.mojom.FrameSinkManager.NotifyRendererBlockStateChanged	NotifyRendererBlockStateChanged	1468765075	320625430	651873247
viz.mojom.FrameSinkManager.RegisterFrameSinkHierarchy	RegisterFrameSinkHierarchy	2114549365	1629441118	1627193942
viz.mojom.FrameSinkManager.RegisterFrameSinkId	RegisterFrameSinkId	253139995	2142121249	1881555872
viz.mojom.FrameSinkManager.RequestCopyOfOutput	RequestCopyOfOutput	1488366991	133112472	1420360256
viz.mojom.FrameSinkManager.RequestInputBack	RequestInputBack	732112725	1787434862	480479663
viz.mojom.FrameSinkManager.SetFrameSinkDebugLabel	SetFrameSinkDebugLabel	851265658	163757603	1971959888
viz.mojom.FrameSinkManager.SetupRendererInputRouterDelegateRegistry	SetupRendererInputRouterDelegateRegistry	1155693132	1845165169	610505621
viz.mojom.FrameSinkManager.StartThrottlingAllFrameSinks	StartThrottlingAllFrameSinks	842566206	1436915392	1533713177
viz.mojom.FrameSinkManager.StopThrottlingAllFrameSinks	StopThrottlingAllFrameSinks	939490208	1289443737	1364121283
viz.mojom.FrameSinkManager.Throttle	Throttle	535185165	1783172447	609786957
viz.mojom.FrameSinkManager.UnregisterFrameSinkHierarchy	UnregisterFrameSinkHierarchy	1647747332	715918755	998222744
viz.mojom.FrameSinkManager.UpdateDebugRendererSettings	UpdateDebugRendererSettings	911885445	819488925	1858743655
viz.mojom.FrameSinkManagerClient.OnAggregatedHitTestRegionListUpdated	OnAggregatedHitTestRegionListUpdated	462772317	2129233613	483843682
viz.mojom.FrameSinkManagerClient.OnFirstSurfaceActivation	OnFirstSurfaceActivation	43784353	1810951494	162862690
viz.mojom.FrameSinkManagerClient.OnFrameTokenChanged	OnFrameTokenChanged	739936484	1934551353	1458093492
viz.mojom.FrameSinkManagerClient.OnScreenshotCaptured	OnScreenshotCaptured	732630520	738287399	1590386532
viz.mojom.FrameSinkManagerClient.OnViewTransitionResourcesCaptured	OnViewTransitionResourcesCaptured	719251601	1560850561	1995052547
viz.mojom.FrameSinkManagerClient.OnVizTouchStateAvailable	OnVizTouchStateAvailable	1737753950	887182532	1061019432
viz.mojom.FrameSinkManagerTestApi.GetForceEnableZoomState	GetForceEnableZoomState	197007375	1244549807	262129748
viz.mojom.FrameSinkManagerTestApi.HasUnclaimedViewTransitionResources	HasUnclaimedViewTransitionResources	1466554682	1296406097	1047926047
viz.mojom.FrameSinkManagerTestApi.SetSameDocNavigationScreenshotSize	SetSameDocNavigationScreenshotSize	311173876	1953343506	524704763
viz.mojom.FrameSinkManagerTestApi.WaitForSurfaceAnimationManager	WaitForSurfaceAnimationManager	672848307	19191507	482486947
viz.mojom.FrameSinkVideoCaptureOverlay.OnCapturedMouseEvent	OnCapturedMouseEvent	235873143	1637778130	662842533
viz.mojom.FrameSinkVideoCaptureOverlay.SetBounds	SetBounds	1215393496	300576629	2072929574
viz.mojom.FrameSinkVideoCaptureOverlay.SetImageAndBounds	SetImageAndBounds	93996946	1358779366	1648547157
viz.mojom.FrameSinkVideoCapturer.ChangeTarget	ChangeTarget	2061143210	2012399263	1612184027
viz.mojom.FrameSinkVideoCapturer.CreateOverlay	CreateOverlay	1702676511	853491507	907229891
viz.mojom.FrameSinkVideoCapturer.InvalidateBuffers	InvalidateBuffers	2070771551	1277959280	1498381348
viz.mojom.FrameSinkVideoCapturer.RequestRefreshFrame	RequestRefreshFrame	1096119344	2047712797	564745821
viz.mojom.FrameSinkVideoCapturer.SetAnimationFpsLockIn	SetAnimationFpsLockIn	1047166356	221115975	838252423
viz.mojom.FrameSinkVideoCapturer.SetAutoThrottlingEnabled	SetAutoThrottlingEnabled	1591744738	257769503	458607249
viz.mojom.FrameSinkVideoCapturer.SetFormat	SetFormat	1286593702	540814160	1006312877
viz.mojom.FrameSinkVideoCapturer.SetMinCapturePeriod	SetMinCapturePeriod	1116011258	1348436468	1100721409
viz.mojom.FrameSinkVideoCapturer.SetMinSizeChangePeriod	SetMinSizeChangePeriod	1630107289	1240843293	1669519108
viz.mojom.FrameSinkVideoCapturer.SetResolutionConstraints	SetResolutionConstraints	366362807	1681145136	632291445
viz.mojom.FrameSinkVideoCapturer.Start	Start	1284713943	1239192300	951005309
viz.mojom.FrameSinkVideoCapturer.Stop	Stop	294650813	907388330	420383931
viz.mojom.FrameSinkVideoConsumer.OnFrameCaptured	OnFrameCaptured	121603063	1475763240	2093914466
viz.mojom.FrameSinkVideoConsumer.OnFrameWithEmptyRegionCapture	OnFrameWithEmptyRegionCapture	205764034	1056684743	898016340
viz.mojom.FrameSinkVideoConsumer.OnLog	OnLog	406324144	92684818	1365131047
viz.mojom.FrameSinkVideoConsumer.OnNewCaptureVersion	OnNewCaptureVersion	1273406862	1894078412	2013027796
viz.mojom.FrameSinkVideoConsumer.OnStopped	OnStopped	1378010093	599490014	1676710986
viz.mojom.FrameSinkVideoConsumerFrameCallbacks.Done	Done	1366836265	1097369967	1704452237
viz.mojom.FrameSinkVideoConsumerFrameCallbacks.ProvideFeedback	ProvideFeedback	1929851797	536196860	516235398
viz.mojom.FrameSinksMetricsRecorder.StartFrameCounting	StartFrameCounting	90632025	1304500677	494562926
viz.mojom.FrameSinksMetricsRecorder.StartOverdrawTracking	StartOverdrawTracking	448156780	103727624	1693508190
viz.mojom.FrameSinksMetricsRecorder.StopFrameCounting	StopFrameCounting	406544839	570112872	1592587709
viz.mojom.FrameSinksMetricsRecorder.StopOverdrawTracking	StopOverdrawTracking	609754386	463279472	984522468
viz.mojom.Gpu.CreateVideoEncodeAcceleratorProvider	CreateVideoEncodeAcceleratorProvider	478758018	1073826564	1386427803
viz.mojom.Gpu.EstablishGpuChannel	EstablishGpuChannel	1618160077	1032915891	97067194
viz.mojom.GpuHost.ClearGrShaderDiskCache	ClearGrShaderDiskCache	40987783	426222215	1192483270
viz.mojom.GpuHost.DidCreateContextSuccessfully	DidCreateContextSuccessfully	1011334510	867884028	762697909
viz.mojom.GpuHost.DidCreateOffscreenContext	DidCreateOffscreenContext	1522475176	1156790823	1195309475
viz.mojom.GpuHost.DidDestroyAllChannels	DidDestroyAllChannels	1581472087	2006263745	1749978039
viz.mojom.GpuHost.DidDestroyChannel	DidDestroyChannel	1036072123	750236369	1762666004
viz.mojom.GpuHost.DidDestroyOffscreenContext	DidDestroyOffscreenContext	783830402	1452021375	1115137958
viz.mojom.GpuHost.DidFailInitialize	DidFailInitialize	727891562	854892554	516517859
viz.mojom.GpuHost.DidInitialize	DidInitialize	1388496382	1782880910	1920153843
viz.mojom.GpuHost.DidLoseContext	DidLoseContext	42269108	213551998	950271563
viz.mojom.GpuHost.DidUpdateGPUInfo	DidUpdateGPUInfo	1492512071	751513408	258504291
viz.mojom.GpuHost.DisableGpuCompositing	DisableGpuCompositing	1086136561	1943336563	486829494
viz.mojom.GpuHost.GetIsolationKey	GetIsolationKey	1797402390	1369823294	2143441685
viz.mojom.GpuHost.StoreBlobToDisk	StoreBlobToDisk	2108152801	1633311025	2102996415
viz.mojom.GpuLogging.RecordLogMessage	RecordLogMessage	1256171097	706451932	114603629
viz.mojom.GpuService.BindWebNNContextProvider	BindWebNNContextProvider	19506612	141927391	659078670
viz.mojom.GpuService.BindWebNNServiceIntrospection	BindWebNNServiceIntrospection	852938568	618517583	556007644
viz.mojom.GpuService.CloseChannel	CloseChannel	1040196620	1595283665	1074316401
viz.mojom.GpuService.Crash	Crash	903525670	1934099875	771716802
viz.mojom.GpuService.CreateVideoEncodeAcceleratorProvider	CreateVideoEncodeAcceleratorProvider	478758018	1746775849	661144846
viz.mojom.GpuService.DestroyAllChannels	DestroyAllChannels	2086567934	90253927	1738871377
viz.mojom.GpuService.DisplayAdded	DisplayAdded	234695889	1331379682	322232993
viz.mojom.GpuService.DisplayMetricsChanged	DisplayMetricsChanged	585761348	281334493	852531165
viz.mojom.GpuService.DisplayRemoved	DisplayRemoved	756595663	1113710120	1280712530
viz.mojom.GpuService.EstablishGpuChannel	EstablishGpuChannel	1618160077	1085826595	828430986
viz.mojom.GpuService.GetDawnInfo	GetDawnInfo	2102691437	1196341576	332047550
viz.mojom.GpuService.GetPeakMemoryUsage	GetPeakMemoryUsage	1156051380	1584256230	1938056016
viz.mojom.GpuService.GetVideoMemoryUsageStats	GetVideoMemoryUsageStats	1658407587	2028310915	1481429879
viz.mojom.GpuService.Hang	Hang	1025254577	1290458918	1417654221
viz.mojom.GpuService.InduceMemoryInvalidAccess	InduceMemoryInvalidAccess	1647324511	1848380072	680629549
viz.mojom.GpuService.LoadedBlob	LoadedBlob	1154948751	1092244266	1249993019
viz.mojom.GpuService.OnBackgroundCleanup	OnBackgroundCleanup	1881978998	323267523	892083833
viz.mojom.GpuService.OnBackgrounded	OnBackgrounded	2124011497	1736013810	1180728949
viz.mojom.GpuService.OnDiskCacheHandleDestoyed	OnDiskCacheHandleDestoyed	134789924	1704051967	509406518
viz.mojom.GpuService.OnForegrounded	OnForegrounded	776418514	443344435	1128459710
viz.mojom.GpuService.SetChannelClientPid	SetChannelClientPid	922372628	2023384133	331683194
viz.mojom.GpuService.SetChannelDiskCacheHandle	SetChannelDiskCacheHandle	1444853053	1537264440	1401890766
viz.mojom.GpuService.SetChannelPersistentCachePendingBackend	SetChannelPersistentCachePendingBackend	1805173568	1595005900	1921171632
viz.mojom.GpuService.StartPeakMemoryMonitor	StartPeakMemoryMonitor	2067469659	950716499	191344498
viz.mojom.GpuService.ThrowJavaException	ThrowJavaException	1263503598	692803011	1706400285
viz.mojom.GpuService.WakeUpGpu	WakeUpGpu	643821088	1480683233	144313165
viz.mojom.InputTargetClient.FrameSinkIdAt	FrameSinkIdAt	532924509	206026810	837808913
viz.mojom.LayerContext.DismissUnboundedFrameSink	DismissUnboundedFrameSink	1854515209	103086359	394046400
viz.mojom.LayerContext.SetTargetLocalSurfaceId	SetTargetLocalSurfaceId	104473825	258736338	1834674022
viz.mojom.LayerContext.SetUnboundedFrameSinkId	SetUnboundedFrameSinkId	1802519354	1041256470	800948594
viz.mojom.LayerContext.SetUnboundedLocalSurfaceId	SetUnboundedLocalSurfaceId	640838996	1644103309	544382750
viz.mojom.LayerContext.SetVisible	SetVisible	484482171	1433487	828561267
viz.mojom.LayerContext.UpdateDisplayTiling	UpdateDisplayTiling	559660401	2113789562	1448726614
viz.mojom.LayerContext.UpdateDisplayTree	UpdateDisplayTree	1431261668	2145639608	2064143237
viz.mojom.LayerContextClient.OnRequestCommitForFrame	OnRequestCommitForFrame	2056524162	1568801636	777720471
viz.mojom.LayerContextClient.OnTilingsReadyForCleanup	OnTilingsReadyForCleanup	403494636	1747225838	354959945
viz.mojom.LayeredWindowUpdater.Draw	Draw	1418007695	1018494468	178928669
viz.mojom.LayeredWindowUpdater.OnAllocatedSharedMemory	OnAllocatedSharedMemory	1892158123	618617007	216939170
viz.mojom.RendererInputRouterDelegateRegistry.SetupRenderInputRouterDelegateConnection	SetupRenderInputRouterDelegateConnection	1854232878	1711511225	1218233183
viz.mojom.TextureReleaser.Release	Release	1751719196	1615150043	714898103
viz.mojom.VSyncParameterObserver.OnUpdateVSyncParameters	OnUpdateVSyncParameters	1395990740	456371610	236466807
viz.mojom.VideoDetectorObserver.OnVideoActivityEnded	OnVideoActivityEnded	1848475540	341234987	1292520891
viz.mojom.VideoDetectorObserver.OnVideoActivityStarted	OnVideoActivityStarted	321470703	1704394166	538310733
viz.mojom.VizMain.CreateFrameSinkManager	CreateFrameSinkManager	1459569994	1452338135	531445124
viz.mojom.VizMain.CreateGpuService	CreateGpuService	2021733718	1174836170	1707306272
viz.mojom.VizMain.SetRenderParams	SetRenderParams	548365321	1109226167	2146778369
vrp_flags.mojom.VrpFlags.GetReadPrefix	GetReadPrefix	1013313119	1991222058	756178761
vrp_flags.mojom.VrpFlags.GetWriteLocations	GetWriteLocations	1755995796	589195639	380540868
vrp_flags.mojom.VrpFlags.ReadAttempted	ReadAttempted	88962027	1861516182	666921892
vrp_flags.mojom.VrpFlags.WriteAttempted	WriteAttempted	2105920682	1042641738	2107265758
vrp_flags.mojom.VrpFlagsFactory.BindBrowserVrpFlags	BindBrowserVrpFlags	1920218753	834632973	492804729
vrp_flags.mojom.VrpFlagsFactory.BindGpuVrpFlags	BindGpuVrpFlags	1349313887	403448159	368902054
vrp_flags.mojom.VrpFlagsFactory.BindNetworkVrpFlags	BindNetworkVrpFlags	935865095	834338039	865043592
vrp_flags.mojom.VrpFlagsFactory.StartRendererForVrpFlags	StartRendererForVrpFlags	95870686	1318026727	607416644
wallet.mojom.BoardingPassExtractor.ExtractBoardingPass	ExtractBoardingPass	317823679	685901114	362619515
wallet.mojom.ImageExtractor.ExtractImages	ExtractImages	749775786	1496957024	890161689
watermark.mojom.PageHandler.SetWatermarkSettings	SetWatermarkSettings	596125204	529689748	2074422509
watermark.mojom.PageHandler.ShowNotificationToast	ShowNotificationToast	1578293956	994409714	1260698065
watermark.mojom.PageHandlerFactory.CreatePageHandler	CreatePageHandler	1491630672	775703636	1049712340
web.mojom.WebUsageController.SetWebUsageEnabled	SetWebUsageEnabled	518385719	652914339	1582509579
web_cache.mojom.WebCache.ClearCache	ClearCache	1655526126	973627690	1958498426
web_package.mojom.BundleDataSource.Close	Close	1454175847	1941860996	92306193
web_package.mojom.BundleDataSource.IsRandomAccessContext	IsRandomAccessContext	678127827	966101600	326733506
web_package.mojom.BundleDataSource.Length	Length	2059585173	309916473	1428738280
web_package.mojom.BundleDataSource.Read	Read	2085465649	370808140	488062106
web_package.mojom.WebBundleParser.Close	Close	1454175847	1321612016	1234646826
web_package.mojom.WebBundleParser.ParseIntegrityBlock	ParseIntegrityBlock	247655970	639916758	185816103
web_package.mojom.WebBundleParser.ParseMetadata	ParseMetadata	630915021	1301169134	1629106269
web_package.mojom.WebBundleParser.ParseResponse	ParseResponse	1237104951	1229595479	1778943485
web_package.mojom.WebBundleParserFactory.BindFileDataSource	BindFileDataSource	95657425	743104579	1038227103
web_package.mojom.WebBundleParserFactory.GetParserForDataSource	GetParserForDataSource	1864853664	1237172360	2146765597
web_ui_test.mojom.TestRunner.TestComplete	TestComplete	220703752	357150449	1259704340
webapps.mojom.WebPageMetadataAgent.GetWebPageMetadata	GetWebPageMetadata	2012796425	40560236	1187183759
webnn.mojom.WebNNBrowserHost.CreateWeightsFile	CreateWeightsFile	1834734818	528579222	1020623793
webnn.mojom.WebNNCompilerContext.CreateGraphBuilder	CreateGraphBuilder	2105764688	1921530469	329786447
webnn.mojom.WebNNCompilerService.CreateCompilerContext	CreateCompilerContext	1148822407	295336156	2080903383
webnn.mojom.WebNNContext.CreateGraphBuilder	CreateGraphBuilder	2105764688	1496381630	1732372020
webnn.mojom.WebNNContext.CreateTensor	CreateTensor	1637126554	899934647	948148580
webnn.mojom.WebNNContext.CreateTensorFromMailbox	CreateTensorFromMailbox	1234773602	925130951	1890391410
webnn.mojom.WebNNContext.DestroyGraph	DestroyGraph	1594647151	373241487	823272536
webnn.mojom.WebNNContext.Dispatch	Dispatch	1863216151	1035841323	1712571512
webnn.mojom.WebNNContext.RequestCompilerContext	RequestCompilerContext	359679684	1017193821	309981440
webnn.mojom.WebNNContextProvider.CreateWebNNContext	CreateWebNNContext	1962937490	1478392552	1542492148
webnn.mojom.WebNNGraphBuilder.CreateGraph	CreateGraph	1117295767	1428474763	1811501571
webnn.mojom.WebNNGraphBuilder.CreatePendingConstant	CreatePendingConstant	951006634	1614850338	1005984764
webnn.mojom.WebNNGraphBuilder.IsValidGraphForTesting	IsValidGraphForTesting	389991636	1426576910	1321765136
webnn.mojom.WebNNModelLoader.LoadCompiledGraph	LoadCompiledGraph	322969732	740744018	487946203
webnn.mojom.WebNNServiceIntrospection.GetAvailableExecutionProvidersDetails	GetAvailableExecutionProvidersDetails	777135174	1794005154	124771036
webnn.mojom.WebNNServiceIntrospection.GetExistingContextsDetails	GetExistingContextsDetails	314004082	1075721293	1759416968
webnn.mojom.WebNNServiceIntrospection.SetClient	SetClient	309516842	1596466802	955771312
webnn.mojom.WebNNServiceIntrospectionClient.OnUpdateAvailableExecutionProvidersDetails	OnUpdateAvailableExecutionProvidersDetails	1801336368	2102397411	1570173709
webnn.mojom.WebNNServiceIntrospectionClient.OnUpdateExistingContextDetails	OnUpdateExistingContextDetails	2139791531	1200675695	1330813083
webnn.mojom.WebNNTensor.ExportTensor	ExportTensor	1887854820	1756044756	466857314
webnn.mojom.WebNNTensor.ExportTensorSync	ExportTensorSync	1137168373	1305267641	1896549503
webnn.mojom.WebNNTensor.ImportTensor	ImportTensor	1747713949	184487754	2083385804
webnn.mojom.WebNNTensor.ReadTensor	ReadTensor	520833822	273416969	303071783
webnn.mojom.WebNNTensor.WriteTensor	WriteTensor	112249145	1508249945	1789752996
webnn.mojom.WebNNWeightsFileCreator.OpenWeightsFile	OpenWeightsFile	261301574	1162938679	926545627
webnn.mojom.WeightsFileSession.Finalize	Finalize	821115679	237116140	355587787
webnn.mojom.WeightsFileSession.RequestCapacityChange	RequestCapacityChange	1138408860	782202666	352276310
webnn_internals.mojom.Page.OnUpdateAvailableExecutionProvidersDetails	OnUpdateAvailableExecutionProvidersDetails	1801336368	824657518	1408499727
webnn_internals.mojom.Page.OnUpdateExistingContextDetails	OnUpdateExistingContextDetails	2139791531	1622585116	214405140
webnn_internals.mojom.PageHandler.RequestAvailableExecutionProvidersDetails	RequestAvailableExecutionProvidersDetails	81094169	1882865349	1260698065
webnn_internals.mojom.PageHandler.RequestExistingContextsDetails	RequestExistingContextsDetails	1738326239	548282282	2074422509
webnn_internals.mojom.PageHandlerFactory.CreatePageHandler	CreatePageHandler	1491630672	327323704	1049712340
webui_browser.mojom.GuestHandler.CanGoBack	CanGoBack	1573867330	1803964220	1768790780
webui_browser.mojom.GuestHandler.CanGoForward	CanGoForward	1555720434	901285150	86805440
webui_browser.mojom.GuestHandler.GetSecurityIcon	GetSecurityIcon	521371138	1724061281	1186996214
webui_browser.mojom.GuestHandler.GoBack	GoBack	803836246	1302991894	884514780
webui_browser.mojom.GuestHandler.GoForward	GoForward	1582586622	1743255268	993635277
webui_browser.mojom.GuestHandler.Navigate	Navigate	59666724	1097112815	770741959
webui_browser.mojom.GuestHandler.OpenPageInfoMenu	OpenPageInfoMenu	1748372601	1008280671	913497083
webui_browser.mojom.GuestHandler.Reload	Reload	706543090	638196062	379475073
webui_browser.mojom.GuestHandler.StopLoading	StopLoading	984808675	875042123	1278565387
webui_browser.mojom.Page.CloseSidePanel	CloseSidePanel	1255083476	139206549	1934265607
webui_browser.mojom.Page.OnFullscreenModeChanged	OnFullscreenModeChanged	878524228	641505492	1046016221
webui_browser.mojom.Page.OnPaintAsActiveChanged	OnPaintAsActiveChanged	232328864	1534902069	1120442167
webui_browser.mojom.Page.SetFocusToLocationBar	SetFocusToLocationBar	1865136974	361644739	214405140
webui_browser.mojom.Page.SetReloadStopState	SetReloadStopState	477047971	1050877408	1408499727
webui_browser.mojom.Page.ShowSidePanel	ShowSidePanel	3238123	87287834	1672043667
webui_browser.mojom.PageHandler.Close	Close	1454175847	1845071266	703401204
webui_browser.mojom.PageHandler.GetGuestIdForTabId	GetGuestIdForTabId	4612151	1947035096	2074422509
webui_browser.mojom.PageHandler.GetTabStripInset	GetTabStripInset	1951748037	1818419594	1398728236
webui_browser.mojom.PageHandler.LaunchDevToolsForBrowser	LaunchDevToolsForBrowser	631991421	195799796	1215762890
webui_browser.mojom.PageHandler.LoadTabSearch	LoadTabSearch	333239802	441704610	1260698065
webui_browser.mojom.PageHandler.Maximize	Maximize	76618607	265506250	1030440014
webui_browser.mojom.PageHandler.Minimize	Minimize	1181744245	2009861356	1558420783
webui_browser.mojom.PageHandler.OnSidePanelClosed	OnSidePanelClosed	1498023987	657024838	477874547
webui_browser.mojom.PageHandler.OpenAppMenu	OpenAppMenu	1249288275	1738829398	978676253
webui_browser.mojom.PageHandler.OpenProfileMenu	OpenProfileMenu	1330805905	1098451072	160316634
webui_browser.mojom.PageHandler.Restore	Restore	1244740061	968054228	576514537
webui_browser.mojom.PageHandler.ShowBackForwardMenu	ShowBackForwardMenu	2128755627	1203773882	527806321
webui_browser.mojom.PageHandler.ShowTabSearchBubble	ShowTabSearchBubble	1738704477	1073613891	252371155
webui_browser.mojom.PageHandlerFactory.CreatePageHandler	CreatePageHandler	1491630672	1492991496	1049712340
webui_examples.mojom.PageHandler.GoBack	GoBack	803836246	1162245281	1260698065
webui_examples.mojom.PageHandler.GoForward	GoForward	1582586622	1234081707	252371155
webui_examples.mojom.PageHandler.Navigate	Navigate	59666724	546428984	2074422509
webui_examples.mojom.PageHandlerFactory.CreatePageHandler	CreatePageHandler	1491630672	965568854	1049712340
webxr.mojom.WebXrInternalsHandler.GetActiveRuntimes	GetActiveRuntimes	101837486	1016939973	2034650248
webxr.mojom.WebXrInternalsHandler.GetDeviceInfo	GetDeviceInfo	105638241	471051325	1529074628
webxr.mojom.WebXrInternalsHandler.SubscribeToEvents	SubscribeToEvents	759801371	588665636	1389289893
webxr.mojom.XRInternalsSessionListener.LogConsoleMessages	LogConsoleMessages	80918400	76127399	1999529282
webxr.mojom.XRInternalsSessionListener.LogFrameData	LogFrameData	458105044	927879000	43963162
webxr.mojom.XRInternalsSessionListener.LogXrRuntimeAdded	LogXrRuntimeAdded	1282253669	8764455	1047381411
webxr.mojom.XRInternalsSessionListener.LogXrRuntimeRemoved	LogXrRuntimeRemoved	2136672339	2108331228	2103518836
webxr.mojom.XRInternalsSessionListener.LogXrSessionRejected	LogXrSessionRejected	59277207	1023849272	1012485208
webxr.mojom.XRInternalsSessionListener.LogXrSessionRequested	LogXrSessionRequested	1524642419	589829902	486938988
webxr.mojom.XRInternalsSessionListener.LogXrSessionStarted	LogXrSessionStarted	1147634540	1828312226	836199417
webxr.mojom.XRInternalsSessionListener.LogXrSessionStopped	LogXrSessionStopped	1127246940	285463714	1754216556
whats_new.mojom.PageHandler.GetServerUrl	GetServerUrl	1137896117	427275656	2074422509
whats_new.mojom.PageHandler.RecordBrowserCommandExecuted	RecordBrowserCommandExecuted	981834266	714317838	176590812
whats_new.mojom.PageHandler.RecordCarouselScrollButtonClick	RecordCarouselScrollButtonClick	596252861	620466513	860298833
whats_new.mojom.PageHandler.RecordCtaClick	RecordCtaClick	1682765832	732403140	619992512
whats_new.mojom.PageHandler.RecordEditionPageLoaded	RecordEditionPageLoaded	254702290	457581511	978676253
whats_new.mojom.PageHandler.RecordExpandMediaToggled	RecordExpandMediaToggled	1499061518	321835089	1441338643
whats_new.mojom.PageHandler.RecordExploreMoreToggled	RecordExploreMoreToggled	1601920124	1243346156	1215762890
whats_new.mojom.PageHandler.RecordFeatureTileNavigation	RecordFeatureTileNavigation	1053095114	1765680024	503066160
whats_new.mojom.PageHandler.RecordModuleImpression	RecordModuleImpression	1251379077	890158282	160316634
whats_new.mojom.PageHandler.RecordModuleLinkClicked	RecordModuleLinkClicked	800534889	1702750956	1030440014
whats_new.mojom.PageHandler.RecordModulePauseClicked	RecordModulePauseClicked	1555546271	1556375576	1398728236
whats_new.mojom.PageHandler.RecordModulePlayClicked	RecordModulePlayClicked	323661303	1823697570	527806321
whats_new.mojom.PageHandler.RecordModuleRestartClicked	RecordModuleRestartClicked	509623514	476321279	1109170374
whats_new.mojom.PageHandler.RecordModuleVideoEnded	RecordModuleVideoEnded	300544277	49011790	703401204
whats_new.mojom.PageHandler.RecordModuleVideoStarted	RecordModuleVideoStarted	957271822	1875038075	576514537
whats_new.mojom.PageHandler.RecordNavClick	RecordNavClick	2066209779	344770521	1872147519
whats_new.mojom.PageHandler.RecordNextButtonClick	RecordNextButtonClick	1293430567	329738035	814209281
whats_new.mojom.PageHandler.RecordQrCodeToggled	RecordQrCodeToggled	159831156	1740067298	1530853526
whats_new.mojom.PageHandler.RecordScrollDepth	RecordScrollDepth	574161184	909718857	477874547
whats_new.mojom.PageHandler.RecordTimeOnPage	RecordTimeOnPage	580483499	322336184	1558420783
whats_new.mojom.PageHandler.RecordTimeToLoadContent	RecordTimeToLoadContent	332870265	1496177007	1260698065
whats_new.mojom.PageHandler.RecordVersionPageLoaded	RecordVersionPageLoaded	2137961196	2001453094	252371155
whats_new.mojom.PageHandlerFactory.CreatePageHandler	CreatePageHandler	1491630672	1737129312	1049712340
wl.mojom.ConfigTraitsTestService.EchoTransform	EchoTransform	145052202	55758566	1834830563
zero_state_promo.mojom.PageHandler.LaunchWebStoreLink	LaunchWebStoreLink	216096953	393545194	2074422509
zero_state_promo.mojom.PageHandlerFactory.CreatePageHandler	CreatePageHandler	1491630672	790468718	1049712340
