address	state	executing
959202844	run	true
37679234	run	true
2074422509	run	true
1260698065	run	true
1049712340	run	true
562328083	run	true
426179484	run	true
369193179	run	true
765129201	run	true
2131498827	run	true
214405140	run	true
388437144	run	true
2146543810	run	true
1569654105	run	true
1467482693	run	true
457088810	run	true
913126809	run	true
2011248454	run	true
266026569	run	true
1114207153	run	true
287945362	run	true
48922713	run	true
1470512167	run	true
817440613	run	true
195119554	run	true
1937121117	run	true
1191798101	run	true
539745039	run	true
479715086	run	true
230030978	run	true
1184068005	run	true
206686785	run	true
1456957601	run	true
422856827	run	true
1856500620	run	true
1387103463	run	true
438165711	run	true
891699335	run	true
963960699	run	true
575956985	run	true
22400968	run	true
613575023	run	true
1197402197	run	true
772335172	run	true
1460211186	run	true
1732941262	run	true
941695527	run	true
1112988324	run	true
112727658	run	true
2066528250	run	true
1120033694	run	true
1937177179	run	true
1377317701	run	true
348479381	run	true
1245224633	run	true
1899775715	run	true
530891996	run	true
1928641487	run	true
1120442167	run	true
1912817704	run	true
1672043667	run	true
1934265607	run	true
1046016221	run	true
1408499727	run	true
160316634	run	true
252371155	run	true
978676253	run	true
1558420783	run	true
477874547	run	true
527806321	run	true
576514537	run	true
703401204	run	true
1215762890	run	true
1030440014	run	true
1398728236	run	true
1087015743	run	true
21755759	run	true
391421434	run	true
153303356	run	true
984578542	run	true
352307538	run	true
846734821	run	true
1965898620	run	true
302181006	run	true
344750155	run	true
1961363425	run	true
777000610	run	true
1872147519	run	true
503066160	run	true
176590812	run	true
1109170374	run	true
1530853526	run	true
1	run	true
2	run	true
0	run	true
11	run	true
20	run	true
15	run	true
19	run	true
14	run	true
7	run	true
8	run	true
13	run	true
9	run	true
10	run	true
3	run	true
4	run	true
18	run	true
17	run	true
5	run	true
6	run	true
16	run	true
33	run	true
41	run	true
35	run	true
26	run	true
36	run	true
23	run	true
37	run	true
21	run	true
34	run	true
24	run	true
38	run	true
39	run	true
27	run	true
30	run	true
28	run	true
43	run	true
25	run	true
32	run	true
42	run	true
40	run	true
127	run	true
158	run	true
100	run	true
149	run	true
145	run	true
174	run	true
171	run	true
115	run	true
106	run	true
138	run	true
113	run	true
125	run	true
151	run	true
170	run	true
161	run	true
112	run	true
156	run	true
144	run	true
122	run	true
172	run	true
119	run	true
159	run	true
110	run	true
143	run	true
111	run	true
168	run	true
152	run	true
175	run	true
148	run	true
164	run	true
116	run	true
135	run	true
163	run	true
108	run	true
102	run	true
120	run	true
133	run	true
173	run	true
155	run	true
146	run	true
114	run	true
103	run	true
150	run	true
166	run	true
104	run	true
140	run	true
157	run	true
169	run	true
167	run	true
128	run	true
123	run	true
139	run	true
107	run	true
131	run	true
142	run	true
124	run	true
162	run	true
12	run	true
31	run	true
48	run	true
47	run	true
44	run	true
22	run	true
60	run	true
76	run	true
51	run	true
45	run	true
52	run	true
75	run	true
53	run	true
29	run	true
63	run	true
65	run	true
74	run	true
62	run	true
55	run	true
58	run	true
57	run	true
70	run	true
73	run	true
72	run	true
71	run	true
54	run	true
46	run	true
64	run	true
66	run	true
50	run	true
67	run	true
69	run	true
68	run	true
61	run	true
59	run	true
56	run	true
49	run	true
1048495670	run	true
2009808879	run	true
552962686	run	true
608617920	run	true
1436446370	run	true
1946648912	run	true
1686358996	run	true
1297582063	run	true
1051235729	run	true
752301913	run	true
141483273	run	true
1060916931	run	true
213923412	run	true
1677564079	run	true
328048719	run	true
1983529062	run	true
1604562425	run	true
1220279988	run	true
868347593	run	true
1507106729	run	true
1573324843	run	true
1330249741	run	true
1103414927	run	true
2108577516	run	true
47037103	run	true
2087808404	run	true
976697948	run	true
811672820	run	true
216167346	run	true
511444571	run	true
33922801	run	true
1464902194	run	true
403463418	run	true
123602119	run	true
142555668	run	true
463551535	run	true
421672028	run	true
1940480051	run	true
88545582	run	true
1315714911	run	true
1191868278	run	true
997452183	run	true
835876871	run	true
1167919727	run	true
82284243	run	true
2136613742	run	true
1192743055	run	true
1731756449	run	true
441581357	run	true
793027831	run	true
278439435	run	true
1172778403	run	true
600299346	run	true
408518959	run	true
955617491	run	true
1031101266	run	true
530408781	run	true
1205664936	run	true
487949254	run	true
2086395453	run	true
799579510	run	true
2002455635	run	true
1453598566	run	true
1414961526	run	true
1748034376	run	true
595207604	run	true
1991205357	run	true
1244354341	run	true
2038096071	run	true
1577994210	run	true
829294081	run	true
660952248	run	true
526701953	run	true
1987404497	run	true
2031927237	run	true
885177250	run	true
860298833	run	true
814209281	run	true
101302558	run	true
2066750974	run	true
1477216060	run	true
619992512	run	true
1441338643	run	true
1919670021	run	true
1787525872	run	true
77638566	run	true
1226273161	run	true
506228438	run	true
893517190	run	true
1302300733	run	true
1877356300	run	true
667342829	run	true
1670697252	run	true
35055285	run	true
1161780600	run	true
235216697	run	true
1063365428	run	true
1339485116	run	true
98032551	run	true
1178396534	run	true
1285340262	run	true
1662429581	run	true
1555653307	run	true
995324755	run	true
1576619784	run	true
136646697	run	true
1895225237	run	true
1190717137	run	true
337290154	run	true
1303397198	run	true
737376558	run	true
1813119388	run	true
1400026813	run	true
1077898343	run	true
970295077	run	true
1059241019	run	true
1073271105	run	true
1649929318	run	true
1789179333	run	true
275625241	run	true
1295971270	run	true
444339849	run	true
1639411352	run	true
324489744	run	true
2132840844	run	true
561989990	run	true
1920363564	run	true
1450945524	run	true
528014941	run	true
1209790398	run	true
787213910	run	true
1755425499	run	true
673701053	run	true
57458814	run	true
347236268	run	true
519093443	run	true
1590062004	run	true
726895164	run	true
25901804	run	true
1399310232	run	true
2116951075	run	true
1203383460	run	true
1424160833	run	true
87182792	run	true
1198213092	run	true
1850331176	run	true
36010594	run	true
2039025281	run	true
12844124	run	true
353771226	run	true
1479162050	run	true
27877965	run	true
1595493561	run	true
197774821	run	true
1075797630	run	true
1071997680	run	true
1612833461	run	true
384347323	run	true
1013604874	run	true
170907184	run	true
723090095	run	true
1319592214	run	true
43551205	run	true
1555066060	run	true
176248336	run	true
880192051	run	true
2125166681	run	true
285547285	run	true
1666176112	run	true
816339247	run	true
44832702	run	true
1779426064	run	true
432435883	run	true
1120852274	run	true
1407214126	run	true
1478952872	run	true
1299598575	run	true
269247378	run	true
1356938892	run	true
864532629	run	true
1865419260	run	true
674891375	run	true
565507153	run	true
1621526186	run	true
13444181	run	true
23216883	run	true
1928356350	run	true
1986506094	run	true
189135364	run	true
1377765425	run	true
950031549	run	true
1736677017	run	true
4231658	run	true
1375889058	run	true
1015302685	run	true
1322094192	run	true
335392425	run	true
971184537	run	true
115666054	run	true
621452749	run	true
96301714	run	true
1870191952	run	true
1046601306	run	true
1087937672	run	true
761231822	run	true
1232467787	run	true
292172573	run	true
279398584	run	true
722182104	run	true
1226047398	run	true
129750791	run	true
88119220	run	true
329406881	run	true
29003735	run	true
1517477154	run	true
2147327509	run	true
825655934	run	true
2052078540	run	true
2097698449	run	true
1592969690	run	true
2119807958	run	true
591740076	run	true
949611615	run	true
609196423	run	true
1872401212	run	true
1581795682	run	true
1036648215	run	true
1536049101	run	true
97206662	run	true
623877855	run	true
406306213	run	true
1309471155	run	true
1972639838	run	true
656266634	run	true
548621197	run	true
1147226036	run	true
928159111	run	true
1003764820	run	true
2131054849	run	true
1507184388	run	true
200806197	run	true
1936222721	run	true
910395016	run	true
1683049475	run	true
140629248	run	true
868612872	run	true
1979857035	run	true
1281298716	run	true
1709111229	run	true
88944353	run	true
122903028	run	true
70899133	run	true
479237559	run	true
1548909154	run	true
761537005	run	true
452556444	run	true
475431819	run	true
1213426193	run	true
123069387	run	true
1729390156	run	true
2039989143	run	true
898099308	run	true
32773663	run	true
2025260482	run	true
1296654612	run	true
1842607377	run	true
381180106	run	true
2089142129	run	true
1498991422	run	true
989560832	run	true
536618827	run	true
2141529217	run	true
1846341492	run	true
1529149485	run	true
1796270613	run	true
1969442307	run	true
1756321840	run	true
313552967	run	true
876103689	run	true
29653	run	true
1292847316	run	true
320096301	run	true
1744509556	run	true
607327515	run	true
1528159324	run	true
1202912290	run	true
134230444	run	true
1919316497	run	true
72451953	run	true
1766151296	run	true
1314653892	run	true
1514683873	run	true
1681473395	run	true
794068715	run	true
564395553	run	true
311381432	run	true
1419041395	run	true
210921084	run	true
1245309947	run	true
1048018318	run	true
1152260432	run	true
632658421	run	true
1413983856	run	true
1443456958	run	true
1090196132	run	true
551451669	run	true
1292482988	run	true
1215815894	run	true
786330557	run	true
1068947831	run	true
1158329592	run	true
1392724506	run	true
1896774446	run	true
1920706316	run	true
1904104919	run	true
472973698	run	true
1394424880	run	true
1898744856	run	true
1878631230	run	true
1408801689	run	true
877764384	run	true
799216531	run	true
729404816	run	true
446474366	run	true
1616823686	run	true
215140891	run	true
1226010996	run	true
416939403	run	true
411057647	run	true
637797606	run	true
403049592	run	true
238142643	run	true
1683792733	run	true
243604351	run	true
1821910980	run	true
1451035097	run	true
13154752	run	true
765077656	run	true
604746656	run	true
1824935189	run	true
878546502	run	true
1407088907	run	true
1010649235	run	true
656547038	run	true
1295328284	run	true
128771465	run	true
1817844122	run	true
1308339893	run	true
820380514	run	true
190579551	run	true
993065084	run	true
202392106	run	true
1765063155	run	true
1930616531	run	true
2059761629	run	true
2085360384	run	true
226686543	run	true
706159915	run	true
898246737	run	true
1019462843	run	true
383117290	run	true
1903222418	run	true
1272493585	run	true
714846086	run	true
335396891	run	true
318378773	run	true
500451602	run	true
1037447932	run	true
1539965012	run	true
2099331081	run	true
1296695954	run	true
1242334139	run	true
1074365167	run	true
1570613900	run	true
1662877438	run	true
1741831649	run	true
1859931995	run	true
658739091	run	true
501422840	run	true
43153420	run	true
376010152	run	true
486419650	run	true
1770299801	run	true
712130263	run	true
732061559	run	true
277616335	run	true
1905680846	run	true
208745153	run	true
981396994	run	true
678953153	run	true
228694838	run	true
311461963	run	true
424923240	run	true
678618831	run	true
274130227	run	true
12449239	run	true
1156423110	run	true
1332433814	run	true
1561088402	run	true
1878734280	run	true
1456941740	run	true
274203759	run	true
702184442	run	true
1672087321	run	true
1121744498	run	true
412619050	run	true
2114772256	run	true
1753728661	run	true
1010791977	run	true
368442952	run	true
409800845	run	true
914264226	run	true
1800431426	run	true
211430454	run	true
1702613748	run	true
1705973050	run	true
546145657	run	true
1351806391	run	true
1063170477	run	true
769773647	run	true
220208490	run	true
950652136	run	true
1697314199	run	true
286576602	run	true
971775435	run	true
140094962	run	true
1327362869	run	true
68198758	run	true
181981753	run	true
196938756	run	true
1146247837	run	true
764604842	run	true
1984712693	run	true
1752435513	run	true
1200755287	run	true
1390999602	run	true
1607217268	run	true
599510947	run	true
1410592570	run	true
1984984896	run	true
122051043	run	true
1415656163	run	true
46651823	run	true
2013434886	run	true
1523951934	run	true
1296598634	run	true
331991150	run	true
1238909764	run	true
246518208	run	true
1764871818	run	true
523978828	run	true
1264539222	run	true
1421552148	run	true
1544571612	run	true
219776755	run	true
852376209	run	true
368946842	run	true
1175405164	run	true
1679823821	run	true
1550900342	run	true
428009620	run	true
918733900	run	true
162741824	run	true
343578741	run	true
1756902715	run	true
111596764	run	true
252139079	run	true
403835451	run	true
795223465	run	true
327153763	run	true
341319233	run	true
1291358428	run	true
7697435	run	true
1374313457	run	true
1995122000	run	true
1572502022	run	true
594125029	run	true
1816060520	run	true
1915262678	run	true
282160118	run	true
96263791	run	true
483430617	run	true
628342974	run	true
1284143458	run	true
341300403	run	true
476738207	run	true
1074212924	run	true
2107742222	run	true
1108636502	run	true
436878706	run	true
755289280	run	true
1733643925	run	true
2079281492	run	true
2072914219	run	true
903184700	run	true
769693397	run	true
532285823	run	true
135098312	run	true
1133381653	run	true
1704062683	run	true
1806701771	run	true
1463880635	run	true
1508319917	run	true
45124761	run	true
58067986	run	true
1578857992	run	true
1599398065	run	true
728605924	run	true
22617455	run	true
773818855	run	true
129321872	run	true
1157697431	run	true
1862340460	run	true
503651041	run	true
864697701	run	true
1681219698	run	true
827951881	run	true
1236951314	run	true
1426185154	run	true
1208047893	run	true
1724435055	run	true
1375817832	run	true
1845620833	run	true
901974134	run	true
1347340529	run	true
939756829	run	true
593598638	run	true
1657424696	run	true
816541811	run	true
668501573	run	true
1194896560	run	true
784079365	run	true
935212607	run	true
2065977461	run	true
1393319530	run	true
585745533	run	true
960300879	run	true
1257208218	run	true
85157617	run	true
1477654912	run	true
902080269	run	true
1783328908	run	true
1255147211	run	true
1556626494	run	true
2134126308	run	true
792699168	run	true
99457482	run	true
967838144	run	true
2034692786	run	true
1895158597	run	true
1337867592	run	true
994793117	run	true
1978894682	run	true
50277371	run	true
1432465168	run	true
870359683	run	true
1496811094	run	true
625212535	run	true
257505730	run	true
198855772	run	true
1915411385	run	true
845434521	run	true
1342432380	run	true
786625051	run	true
157746000	run	true
964974224	run	true
401986930	run	true
1592402271	run	true
809520287	run	true
2058054148	run	true
2046153160	run	true
1811219563	run	true
1918185598	run	true
1893028300	run	true
1989508566	run	true
62761516	run	true
1904329297	run	true
1157620024	run	true
1231913367	run	true
958034473	run	true
294019723	run	true
1202424028	run	true
519161305	run	true
105398329	run	true
364768342	run	true
914683370	run	true
1840584297	run	true
1026577202	run	true
481031414	run	true
1633470287	run	true
2083072505	run	true
1524806902	run	true
184336133	run	true
1376039355	run	true
179986785	run	true
1176384844	run	true
2056427961	run	true
880340535	run	true
602370993	run	true
105805182	run	true
1071098891	run	true
79698665	run	true
1438939474	run	true
1402117135	run	true
2104605885	run	true
297047770	run	true
1314982983	run	true
743393003	run	true
1544668559	run	true
2024836843	run	true
2086253895	run	true
1823792290	run	true
565764934	run	true
1918958257	run	true
443661124	run	true
1212692974	run	true
1672226404	run	true
1470459934	run	true
1076591857	run	true
6303741	run	true
234441107	run	true
942982897	run	true
647907816	run	true
1883312412	run	true
17553500	run	true
791377555	run	true
155990013	run	true
193857844	run	true
1359333303	run	true
985900158	run	true
309074770	run	true
283849903	run	true
2093263070	run	true
1767419646	run	true
208756584	run	true
2107492183	run	true
1769540258	run	true
1297590000	run	true
1474408149	run	true
726888466	run	true
1199413691	run	true
1711401274	run	true
391637309	run	true
991380838	run	true
1669936041	run	true
1560719997	run	true
70222790	run	true
1542375435	run	true
1457833263	run	true
492853787	run	true
27693136	run	true
1042216029	run	true
1770232446	run	true
1334608293	run	true
1645931756	run	true
1548555867	run	true
1611588439	run	true
411241858	run	true
2124867638	run	true
718157567	run	true
1193120073	run	true
1820806969	run	true
1777263397	run	true
2035870797	run	true
234369841	run	true
1045231600	run	true
1036742323	run	true
2091052648	run	true
2056570528	run	true
71786675	run	true
1770789522	run	true
1564599843	run	true
1975043337	run	true
681556051	run	true
1550506311	run	true
96504344	run	true
246998458	run	true
787691064	run	true
1136960562	run	true
1527916958	run	true
231370266	run	true
753643440	run	true
418458040	run	true
2067524003	run	true
1170979896	run	true
1487517230	run	true
1094389665	run	true
67570123	run	true
913394596	run	true
312502910	run	true
2045477755	run	true
85621385	run	true
1985542501	run	true
1647271411	run	true
283498349	run	true
2057774261	run	true
974149236	run	true
63491427	run	true
646308458	run	true
125363491	run	true
2041536716	run	true
2018867444	run	true
767139227	run	true
1226618949	run	true
434070238	run	true
449789430	run	true
290116621	run	true
1480327434	run	true
471389995	run	true
350365513	run	true
1217107875	run	true
1772094648	run	true
1938076803	run	true
1714124878	run	true
733228467	run	true
2012204583	run	true
144097230	run	true
1642454160	run	true
1945701154	run	true
1682926969	run	true
2011721677	run	true
1820549341	run	true
1389629264	run	true
1634462202	run	true
1770234149	run	true
1546185353	run	true
797076243	run	true
344550421	run	true
242698108	run	true
959618215	run	true
679846436	run	true
372622104	run	true
829057395	run	true
904659669	run	true
740069479	run	true
1734964043	run	true
1486538304	run	true
860445055	run	true
473557235	run	true
1719251920	run	true
423840972	run	true
2088973565	run	true
358142976	run	true
1428742326	run	true
510327466	run	true
333736003	run	true
1444558554	run	true
655718863	run	true
1030085368	run	true
227650178	run	true
412167888	run	true
369377056	run	true
1771275374	run	true
255808812	run	true
461919048	run	true
812135049	run	true
1509290096	run	true
1445433288	run	true
464146844	run	true
634820816	run	true
841232821	run	true
1897896185	run	true
29890285	run	true
790083784	run	true
1257743534	run	true
1994451306	run	true
514636000	run	true
1318273071	run	true
723288094	run	true
1439434413	run	true
1047158041	run	true
520456120	run	true
847049186	run	true
1082339402	run	true
1077911746	run	true
836925100	run	true
2009613151	run	true
1722570643	run	true
2142269624	run	true
1006268324	run	true
541874075	run	true
132197069	run	true
1402126788	run	true
1763502009	run	true
2096063091	run	true
1515739979	run	true
840991672	run	true
663792816	run	true
1032436964	run	true
1388040408	run	true
460904589	run	true
1659982757	run	true
1921830513	run	true
1731252516	run	true
924497989	run	true
1693833115	run	true
451592733	run	true
1655501418	run	true
199425089	run	true
497117185	run	true
1489499947	run	true
558166277	run	true
505162489	run	true
877753479	run	true
11936445	run	true
949928232	run	true
818206350	run	true
1934092805	run	true
644643036	run	true
218956691	run	true
918385843	run	true
1936012918	run	true
566558825	run	true
1973292407	run	true
56690344	run	true
1061335474	run	true
982286109	run	true
2009286914	run	true
361960570	run	true
1632140723	run	true
490129550	run	true
215710204	run	true
1845803635	run	true
696537948	run	true
665396313	run	true
1686249732	run	true
1388239160	run	true
139369172	run	true
1378210567	run	true
1080689992	run	true
1626195831	run	true
1526475525	run	true
1534052912	run	true
1424961240	run	true
682095959	run	true
819035849	run	true
1799586680	run	true
666932192	run	true
374670135	run	true
2092794805	run	true
1597605445	run	true
4505120	run	true
1656677386	run	true
1175345701	run	true
1108963852	run	true
75642414	run	true
21367312	run	true
1260897219	run	true
626055523	run	true
1357016217	run	true
1360454150	run	true
1990707376	run	true
158156657	run	true
1091322538	run	true
1047432595	run	true
2045482743	run	true
1696102782	run	true
2089710325	run	true
1067719700	run	true
1256394756	run	true
1418930412	run	true
1303913319	run	true
2055187148	run	true
215774999	run	true
1797994963	run	true
2047703229	run	true
1113518214	run	true
136566613	run	true
1964660299	run	true
526923371	run	true
826013730	run	true
12238320	run	true
2006217237	run	true
1749464416	run	true
493538240	run	true
149393136	run	true
1910952601	run	true
1436597855	run	true
362009639	run	true
1041959945	run	true
895890620	run	true
1606243123	run	true
344786858	run	true
707945112	run	true
747471922	run	true
2064364450	run	true
1811669579	run	true
1700129577	run	true
389266780	run	true
1574091598	run	true
977593075	run	true
1115222676	run	true
1014444201	run	true
156742298	run	true
417048842	run	true
1187975852	run	true
773891497	run	true
1568136726	run	true
1967808702	run	true
570356875	run	true
1705311857	run	true
543472244	run	true
791770949	run	true
690616760	run	true
547351224	run	true
860668061	run	true
331843680	run	true
1870693957	run	true
1185862192	run	true
1192907834	run	true
2126735583	run	true
469800416	run	true
1569661737	run	true
1251202434	run	true
646609200	run	true
1099520409	run	true
1146185326	run	true
1358379660	run	true
1478647895	run	true
472553712	run	true
1210667314	run	true
110970384	run	true
1755932773	run	true
2125554683	run	true
852271784	run	true
388619089	run	true
1134162429	run	true
1744168090	run	true
1210610809	run	true
1456833708	run	true
1441031366	run	true
438832276	run	true
1024903447	run	true
1262314247	run	true
238051002	run	true
989282434	run	true
1308476480	run	true
2088728086	run	true
34958058	run	true
420852823	run	true
125895649	run	true
486670605	run	true
884732239	run	true
1854834305	run	true
1529093961	run	true
32120306	run	true
331219422	run	true
1362846041	run	true
1407850151	run	true
923994509	run	true
122766802	run	true
625718395	run	true
1710288132	run	true
1638584085	run	true
579515430	run	true
117995493	run	true
1474022027	run	true
1614300795	run	true
1815337876	run	true
2016333128	run	true
2122588878	run	true
434871843	run	true
154655837	run	true
944903158	run	true
738205832	run	true
326966636	run	true
386122528	run	true
828800133	run	true
1217112210	run	true
980148502	run	true
1776139420	run	true
1777161620	run	true
1516602096	run	true
1667455483	run	true
1001776111	run	true
669190564	run	true
76355081	run	true
253179285	run	true
2134340845	run	true
1908930936	run	true
1364378947	run	true
1964393657	run	true
1989713050	run	true
1510641559	run	true
296154839	run	true
469597439	run	true
1949103822	run	true
1844594934	run	true
127064636	run	true
286626819	run	true
1327387237	run	true
27818455	run	true
1028874616	run	true
696090864	run	true
744998022	run	true
18418243	run	true
175286714	run	true
891594522	run	true
307652359	run	true
1114754908	run	true
343063882	run	true
1811912013	run	true
50299021	run	true
507948589	run	true
1565662182	run	true
1901338648	run	true
337524754	run	true
448674279	run	true
1006358584	run	true
1365258048	run	true
1975175123	run	true
1171720773	run	true
1715605681	run	true
1458602398	run	true
1132739564	run	true
1068587681	run	true
512176188	run	true
1472763073	run	true
1365829805	run	true
1800801432	run	true
1685469316	run	true
199210709	run	true
1119349442	run	true
612892086	run	true
1743070561	run	true
884554403	run	true
208788895	run	true
523805452	run	true
326014957	run	true
877375932	run	true
1367955023	run	true
680859490	run	true
910339261	run	true
1704098201	run	true
1394413664	run	true
1380793764	run	true
198205769	run	true
812911417	run	true
1434178105	run	true
632493115	run	true
1424868624	run	true
1488711757	run	true
717997771	run	true
439579489	run	true
1026479370	run	true
1661176721	run	true
2022029158	run	true
1627881473	run	true
1574601393	run	true
1726581826	run	true
387461505	run	true
1467843081	run	true
884746313	run	true
920880696	run	true
168223953	run	true
1165374421	run	true
1747463222	run	true
2022377031	run	true
1428988384	run	true
1935732930	run	true
2132904576	run	true
778751524	run	true
1148152457	run	true
1099756550	run	true
694331891	run	true
1665730864	run	true
1542219515	run	true
2074631613	run	true
1326104751	run	true
1795203166	run	true
2139225621	run	true
2007100631	run	true
464111428	run	true
1372605887	run	true
1982674603	run	true
1730473426	run	true
506624875	run	true
743758493	run	true
1052055667	run	true
1592210097	run	true
462092111	run	true
1490794160	run	true
1075707840	run	true
965646278	run	true
1081564910	run	true
1318367813	run	true
131441659	run	true
260854155	run	true
594151161	run	true
1895474059	run	true
1793182786	run	true
218199364	run	true
1593076224	run	true
557000135	run	true
987273245	run	true
694416666	run	true
1473832329	run	true
1735020103	run	true
1160293085	run	true
720133455	run	true
2024456044	run	true
1781203575	run	true
637531130	run	true
994727805	run	true
313761071	run	true
1180738093	run	true
385256709	run	true
358200399	run	true
1451726579	run	true
485127046	run	true
695527306	run	true
2078882029	run	true
1524051532	run	true
1875439582	run	true
667718288	run	true
376233339	run	true
1935911638	run	true
1546274412	run	true
1989859018	run	true
2121630738	run	true
1939984849	run	true
1237457371	run	true
1409936157	run	true
1161273445	run	true
239611085	run	true
630096875	run	true
1622168425	run	true
817380753	run	true
1777683502	run	true
2108583700	run	true
1783416154	run	true
9506145	run	true
703438032	run	true
1170448405	run	true
1847495566	run	true
1841541485	run	true
2138134054	run	true
1115760960	run	true
1670290548	run	true
1334835297	run	true
1905450297	run	true
233669317	run	true
1717512289	run	true
1918539274	run	true
519701994	run	true
1865214645	run	true
954195918	run	true
1711417748	run	true
1696038580	run	true
1372194354	run	true
968099519	run	true
310084379	run	true
28861476	run	true
1917335838	run	true
612894855	run	true
907271101	run	true
1865194717	run	true
1042981713	run	true
472445939	run	true
2052740147	run	true
265347892	run	true
1649994708	run	true
357999594	run	true
433649562	run	true
1118348666	run	true
2127715146	run	true
2094444243	run	true
346044751	run	true
1092503819	run	true
1126424856	run	true
145372524	run	true
1568332159	run	true
74250941	run	true
644583398	run	true
455363671	run	true
1587662160	run	true
1266574154	run	true
1794904848	run	true
1289675079	run	true
152612242	run	true
1053877154	run	true
305362903	run	true
959542700	run	true
1770198476	run	true
642621885	run	true
1305077724	run	true
1458554486	run	true
1883596944	run	true
1987383026	run	true
1368607318	run	true
219070564	run	true
1798610339	run	true
1881729747	run	true
226381849	run	true
1378046571	run	true
1865188422	run	true
1595989859	run	true
2019191552	run	true
1828535565	run	true
943019585	run	true
2112398663	run	true
103438675	run	true
604685120	run	true
2000308963	run	true
306098229	run	true
1093754608	run	true
524949027	run	true
820432536	run	true
2061934987	run	true
1741791156	run	true
1565270916	run	true
1098753264	run	true
222734458	run	true
1829665863	run	true
797336092	run	true
718173499	run	true
473963438	run	true
1864216034	run	true
558095078	run	true
715373179	run	true
1743675426	run	true
175571699	run	true
643578486	run	true
1675225999	run	true
1630974808	run	true
217901494	run	true
824587025	run	true
1943722810	run	true
1372485420	run	true
518959229	run	true
373709208	run	true
1249624721	run	true
217416072	run	true
567052276	run	true
1535239053	run	true
1416218536	run	true
846190071	run	true
2058386790	run	true
1163807831	run	true
2112433731	run	true
453940786	run	true
1935018235	run	true
1063945414	run	true
1271952705	run	true
1228772306	run	true
768357198	run	true
2004733561	run	true
93039339	run	true
1713939803	run	true
1263259252	run	true
1000569637	run	true
1976925113	run	true
552674594	run	true
354899534	run	true
621210726	run	true
1514257198	run	true
198020377	run	true
1973597308	run	true
2022902993	run	true
1577738401	run	true
1682203852	run	true
268023190	run	true
568833836	run	true
254435480	run	true
1775316538	run	true
1288078959	run	true
1157048677	run	true
1862893022	run	true
167668297	run	true
613823672	run	true
311728701	run	true
505711453	run	true
272039154	run	true
1922144270	run	true
1779026166	run	true
161371605	run	true
562470329	run	true
1642838187	run	true
1220363999	run	true
1672042166	run	true
1623379529	run	true
325900726	run	true
184262862	run	true
1325667342	run	true
631357990	run	true
22189836	run	true
867444486	run	true
1254955058	run	true
621596932	run	true
664475805	run	true
1768210515	run	true
662810547	run	true
1509478777	run	true
263087878	run	true
1316757421	run	true
90294902	run	true
1051583811	run	true
1580421121	run	true
1865996790	run	true
1640074381	run	true
2020371331	run	true
1764858656	run	true
999912862	run	true
91495871	run	true
429656594	run	true
1883620284	run	true
1616227188	run	true
87514426	run	true
742194614	run	true
1835230151	run	true
2008006704	run	true
1352442658	run	true
290755352	run	true
1487192655	run	true
384040550	run	true
1164986213	run	true
1377476245	run	true
2014745978	run	true
1459849597	run	true
354606567	run	true
340792988	run	true
1797155100	run	true
865482302	run	true
807398637	run	true
821442354	run	true
942573184	run	true
848507923	run	true
1679682452	run	true
1677043320	run	true
1819677873	run	true
1703467419	run	true
111887561	run	true
267513059	run	true
340566721	run	true
1086675256	run	true
1516781264	run	true
1662912110	run	true
1115143177	run	true
1990844956	run	true
905509568	run	true
1255207656	run	true
122860580	run	true
1783861158	run	true
1119945900	run	true
1174394312	run	true
302370193	run	true
324750820	run	true
1977932247	run	true
1035666186	run	true
629895569	run	true
2017750350	run	true
535029388	run	true
738686772	run	true
285559373	run	true
1103827651	run	true
1807835521	run	true
965678829	run	true
1117411101	run	true
119227852	run	true
789251021	run	true
1476492130	run	true
2138509140	run	true
671372500	run	true
1893957859	run	true
1712965545	run	true
594453927	run	true
837002353	run	true
1045522204	run	true
1119776177	run	true
849410313	run	true
1376945067	run	true
1673950932	run	true
501972510	run	true
189394270	run	true
1506193070	run	true
1294393422	run	true
521044991	run	true
1788975873	run	true
485634630	run	true
874784178	run	true
157879793	run	true
1439158810	run	true
1498185025	run	true
1289281615	run	true
1520661972	run	true
1197457214	run	true
977096422	run	true
447493279	run	true
1653698779	run	true
896095162	run	true
1390816764	run	true
568631353	run	true
1650514757	run	true
1879793425	run	true
345649116	run	true
2036229433	run	true
711636969	run	true
2136444469	run	true
1445676455	run	true
1821756586	run	true
367472818	run	true
1657374304	run	true
282215178	run	true
934849312	run	true
356468672	run	true
1011087712	run	true
1122433763	run	true
728984553	run	true
1954541984	run	true
1107599646	run	true
1824370188	run	true
521034000	run	true
1613566190	run	true
630269612	run	true
182335107	run	true
901674209	run	true
1413109304	run	true
1537795930	run	true
1274777750	run	true
731183785	run	true
200394925	run	true
1239337859	run	true
304006449	run	true
1461627526	run	true
1138906758	run	true
648544542	run	true
1200420447	run	true
1939453911	run	true
978775573	run	true
1651428165	run	true
1607076777	run	true
201401561	run	true
1756435046	run	true
1753295497	run	true
382661427	run	true
1292142777	run	true
1594836296	run	true
1634472144	run	true
720998884	run	true
1731115836	run	true
601280147	run	true
516872435	run	true
554135171	run	true
1896288739	run	true
1132805497	run	true
1995491441	run	true
1220513377	run	true
403242490	run	true
1094324104	run	true
276087503	run	true
540549160	run	true
1591961329	run	true
744904314	run	true
132899590	run	true
1416475345	run	true
1641339604	run	true
1049516596	run	true
1596241077	run	true
1716625498	run	true
1604222302	run	true
1458101479	run	true
1032274359	run	true
42029985	run	true
1393183554	run	true
264703942	run	true
542070975	run	true
315183529	run	true
1330306944	run	true
1561487338	run	true
601695867	run	true
1716682116	run	true
805056778	run	true
663072896	run	true
1500867395	run	true
1624545666	run	true
636508536	run	true
2056318278	run	true
1786016468	run	true
50214988	run	true
1102116938	run	true
129468364	run	true
1336853872	run	true
1823749900	run	true
752704889	run	true
400321148	run	true
346756689	run	true
1757156725	run	true
1587422450	run	true
1836208687	run	true
124656618	run	true
960714330	run	true
260796391	run	true
1410231788	run	true
831065738	run	true
121213427	run	true
498042476	run	true
501419148	run	true
53387278	run	true
1174961576	run	true
689283831	run	true
1843070075	run	true
1278753790	run	true
2074658597	run	true
144517217	run	true
1894416304	run	true
2027016329	run	true
1077136575	run	true
1704216592	run	true
1881912203	run	true
775411855	run	true
368881484	run	true
357029560	run	true
1210300911	run	true
1894677903	run	true
797449421	run	true
1302135245	run	true
1006473214	run	true
1187780617	run	true
1710211687	run	true
1776577773	run	true
938071873	run	true
390740791	run	true
1532175785	run	true
1759810412	run	true
1742502357	run	true
1691628156	run	true
1185254972	run	true
928107652	run	true
300150511	run	true
460699776	run	true
1515815203	run	true
1449504952	run	true
1041481624	run	true
548325508	run	true
245494840	run	true
205932369	run	true
1754197643	run	true
1747318922	run	true
2088198150	run	true
1244277222	run	true
1884645783	run	true
2113424170	run	true
255431209	run	true
577378613	run	true
1363544137	run	true
1513789845	run	true
172079089	run	true
1080384242	run	true
1115489475	run	true
1510531815	run	true
1734956877	run	true
1942356918	run	true
20070071	run	true
75835573	run	true
1592923622	run	true
112256307	run	true
629513722	run	true
1687967917	run	true
1688170125	run	true
1380267638	run	true
498455284	run	true
1481259600	run	true
591283475	run	true
2108489862	run	true
1665390555	run	true
199770216	run	true
894792156	run	true
1627629870	run	true
1290232620	run	true
833521866	run	true
2120197991	run	true
179257024	run	true
1751402304	run	true
1084485776	run	true
1472062877	run	true
1009817147	run	true
532721157	run	true
697366327	run	true
1212285403	run	true
1848789174	run	true
1185879317	run	true
1014693151	run	true
931612225	run	true
1048343641	run	true
1467066217	run	true
465453814	run	true
589361670	run	true
1405638564	run	true
1007341701	run	true
1784199364	run	true
675643027	run	true
825924847	run	true
91081187	run	true
867502704	run	true
1553396083	run	true
207732233	run	true
299459256	run	true
74818047	run	true
2044184316	run	true
29467247	run	true
1107426181	run	true
590639460	run	true
53136866	run	true
1960423866	run	true
1805889807	run	true
1878660647	run	true
1376057571	run	true
1426807751	run	true
1042451550	run	true
1539512082	run	true
1860663688	run	true
199959359	run	true
1409857627	run	true
363543379	run	true
1003418458	run	true
802747806	run	true
1543748224	run	true
160960181	run	true
2022296892	run	true
1711376600	run	true
1951760791	run	true
1086245909	run	true
917244306	run	true
683085987	run	true
744663982	run	true
1895893428	run	true
137396755	run	true
1897224899	run	true
1805352217	run	true
121160271	run	true
1514097068	run	true
1117461158	run	true
205072714	run	true
467847368	run	true
144014023	run	true
640685304	run	true
485767441	run	true
2123895210	run	true
1932988626	run	true
1124330835	run	true
974375870	run	true
648933783	run	true
980051274	run	true
1624830653	run	true
528639730	run	true
528912657	run	true
1823421649	run	true
1799249797	run	true
1880621594	run	true
5031788	run	true
541855760	run	true
1594372621	run	true
2057035073	run	true
467421763	run	true
950831277	run	true
644582017	run	true
1151060857	run	true
1182135097	run	true
812770227	run	true
1968708626	run	true
1969724117	run	true
1082092418	run	true
957728797	run	true
92913723	run	true
482170806	run	true
1859237285	run	true
263159604	run	true
1140733065	run	true
1771561643	run	true
1062115367	run	true
1856354235	run	true
1287692548	run	true
1012944389	run	true
1274218910	run	true
1635403366	run	true
291899211	run	true
828147602	run	true
226363841	run	true
179161221	run	true
779246851	run	true
698390944	run	true
1649750884	run	true
1868589873	run	true
945105422	run	true
258292465	run	true
2108860412	run	true
365353739	run	true
123548395	run	true
2043388795	run	true
381599842	run	true
121290291	run	true
968957920	run	true
1895681722	run	true
244998899	run	true
846674169	run	true
1071330652	run	true
1528462994	run	true
1151833179	run	true
1712434062	run	true
1622384515	run	true
368316406	run	true
169584134	run	true
437398096	run	true
918054821	run	true
196472217	run	true
1162819506	run	true
1101856595	run	true
1724135681	run	true
621471195	run	true
2114331194	run	true
953957563	run	true
242356473	run	true
457200841	run	true
825934873	run	true
727809221	run	true
2099316900	run	true
1799384425	run	true
1224521658	run	true
1395911997	run	true
125234404	run	true
993691354	run	true
16159087	run	true
549297960	run	true
812067162	run	true
2086377446	run	true
1311150194	run	true
1503169914	run	true
387404716	run	true
1802826271	run	true
2035104031	run	true
913189051	run	true
1334549866	run	true
812771911	run	true
164079657	run	true
1319062494	run	true
499956718	run	true
391828084	run	true
186760381	run	true
1925227377	run	true
1086221838	run	true
996829266	run	true
213747514	run	true
1298574501	run	true
211971676	run	true
1995800642	run	true
792271645	run	true
235587907	run	true
1193949033	run	true
1836425937	run	true
391592381	run	true
1569468239	run	true
2094607319	run	true
359713574	run	true
551651394	run	true
1040267825	run	true
1178736540	run	true
1580426687	run	true
930840106	run	true
1674002423	run	true
115327697	run	true
719238420	run	true
496417114	run	true
600190738	run	true
1562513344	run	true
1834918378	run	true
2130612723	run	true
227796146	run	true
40758138	run	true
669494666	run	true
1558061778	run	true
1398819754	run	true
2106934064	run	true
132116717	run	true
1045190166	run	true
235079412	run	true
703274536	run	true
1607918172	run	true
738901878	run	true
8732522	run	true
384515722	run	true
1784189669	run	true
1720464562	run	true
487069203	run	true
598300570	run	true
228086835	run	true
247564737	run	true
456792275	run	true
1820957066	run	true
1736882146	run	true
1765929749	run	true
883053962	run	true
842476015	run	true
193194783	run	true
983701104	run	true
206825047	run	true
716650491	run	true
1574307069	run	true
2097798776	run	true
416459983	run	true
242012560	run	true
2056067487	run	true
2094538152	run	true
769850356	run	true
1275102355	run	true
98677596	run	true
1210411354	run	true
1814161272	run	true
1107549854	run	true
1339164934	run	true
1173084940	run	true
720922635	run	true
242148234	run	true
1443340595	run	true
414092373	run	true
1622058723	run	true
183530084	run	true
1270097991	run	true
303945921	run	true
1067851843	run	true
3418553	run	true
1610112992	run	true
1626402060	run	true
206681109	run	true
299349329	run	true
406229680	run	true
1336815820	run	true
980081225	run	true
903384181	run	true
1268748791	run	true
1991773290	run	true
20085204	run	true
685461737	run	true
1540521559	run	true
1842687580	run	true
730219933	run	true
779636503	run	true
1359103332	run	true
518582941	run	true
2069885499	run	true
1596522692	run	true
774870511	run	true
1950533790	run	true
1479416451	run	true
2124460203	run	true
938160983	run	true
2069693109	run	true
397892118	run	true
1099604589	run	true
57937205	run	true
355321928	run	true
479316276	run	true
343724366	run	true
1960902330	run	true
1965016004	run	true
173818259	run	true
1199814635	run	true
747296631	run	true
776608094	run	true
107805514	run	true
1111742350	run	true
2126827009	run	true
2055182001	run	true
106928824	run	true
1177886036	run	true
1357396170	run	true
1152342180	run	true
1907311526	run	true
273918390	run	true
1241155833	run	true
504192412	run	true
1368217287	run	true
824863725	run	true
1356814012	run	true
442983870	run	true
199473571	run	true
406253695	run	true
901693632	run	true
445623661	run	true
1842582457	run	true
1770074063	run	true
288870181	run	true
1986718216	run	true
2132720816	run	true
683194224	run	true
1132368876	run	true
1262441797	run	true
1965919109	run	true
2134001906	run	true
226037517	run	true
367833969	run	true
1214618474	run	true
710090217	run	true
424716174	run	true
1887405383	run	true
1199156033	run	true
1067653083	run	true
1829145789	run	true
1772487660	run	true
498620497	run	true
1265030288	run	true
875975276	run	true
747994331	run	true
1210456662	run	true
1700993824	run	true
441404872	run	true
2129278995	run	true
817871093	run	true
268065562	run	true
2115121293	run	true
703029487	run	true
93597970	run	true
848426895	run	true
930087083	run	true
1753666911	run	true
87803362	run	true
954408748	run	true
405953799	run	true
619547852	run	true
209445741	run	true
1282140445	run	true
1462779319	run	true
2002754275	run	true
286169189	run	true
926172071	run	true
1475483545	run	true
854180911	run	true
325381557	run	true
764575518	run	true
60497158	run	true
1588654932	run	true
1553201298	run	true
1816610100	run	true
1846585693	run	true
1918294850	run	true
554571511	run	true
1993136980	run	true
2059036117	run	true
1521665995	run	true
1570105178	run	true
95406201	run	true
354835566	run	true
265577626	run	true
517838098	run	true
632692637	run	true
1470286037	run	true
801212571	run	true
1457179985	run	true
1990312830	run	true
681666333	run	true
871128176	run	true
1525399482	run	true
970672304	run	true
1217129872	run	true
2039380000	run	true
1904119922	run	true
888969048	run	true
1582574581	run	true
2029215853	run	true
668763062	run	true
1170255834	run	true
1636147859	run	true
1342286336	run	true
170208382	run	true
606122732	run	true
963193813	run	true
79826389	run	true
374204060	run	true
570784590	run	true
801129256	run	true
729684076	run	true
1727253778	run	true
376820440	run	true
250475204	run	true
720491552	run	true
1870587412	run	true
859235615	run	true
180735030	run	true
1964856025	run	true
785266420	run	true
2129315972	run	true
1664001104	run	true
1554040327	run	true
1283884139	run	true
1459630237	run	true
119293441	run	true
1842699313	run	true
92457640	run	true
1005909261	run	true
1741726	run	true
767585196	run	true
644989811	run	true
685428015	run	true
1372768330	run	true
1684111114	run	true
806872537	run	true
1330030155	run	true
1086651043	run	true
1555171738	run	true
1782964344	run	true
1408254217	run	true
720057212	run	true
1406233195	run	true
1628291322	run	true
1718154728	run	true
221910470	run	true
255686192	run	true
1077421061	run	true
1906776711	run	true
1789049050	run	true
1941181613	run	true
27322948	run	true
930525878	run	true
515709275	run	true
1012322014	run	true
139333369	run	true
1073543033	run	true
393943416	run	true
693005946	run	true
304662929	run	true
215972870	run	true
1389701891	run	true
1123777427	run	true
1890604842	run	true
825997320	run	true
1828628695	run	true
1250120906	run	true
1063110394	run	true
844138588	run	true
509998479	run	true
1085750922	run	true
1562773337	run	true
591685969	run	true
1894827825	run	true
317256355	run	true
1543683200	run	true
1404458405	run	true
601730692	run	true
2093520412	run	true
1490313345	run	true
1974100485	run	true
509297160	run	true
1476636974	run	true
515849979	run	true
340662248	run	true
1263664037	run	true
1559053334	run	true
470424037	run	true
1472297111	run	true
163595401	run	true
1884042558	run	true
1567036357	run	true
379443879	run	true
557871236	run	true
1362146840	run	true
1590132365	run	true
1308135066	run	true
1659104538	run	true
434507980	run	true
83624878	run	true
1471323359	run	true
696709391	run	true
1372717658	run	true
1984292371	run	true
126507638	run	true
223174426	run	true
50144189	run	true
1192250427	run	true
994900746	run	true
1387061236	run	true
486323264	run	true
23161088	run	true
1451310640	run	true
1525032215	run	true
532202156	run	true
1580903797	run	true
1286743695	run	true
1762240103	run	true
1538169889	run	true
1608687944	run	true
1620228230	run	true
240265912	run	true
1440914599	run	true
1846573400	run	true
1605700991	run	true
2117240553	run	true
501867343	run	true
75387480	run	true
9764455	run	true
897301370	run	true
1320166917	run	true
932736546	run	true
1417566103	run	true
547504552	run	true
1804789957	run	true
298286851	run	true
835891575	run	true
112422698	run	true
1127580696	run	true
133395931	run	true
1946462288	run	true
1082280104	run	true
1825081280	run	true
86331804	run	true
844574254	run	true
1811808542	run	true
1461542055	run	true
1041912291	run	true
68270150	run	true
1002485399	run	true
1994527783	run	true
1338591415	run	true
628644602	run	true
958414746	run	true
1711829631	run	true
736765033	run	true
1080483276	run	true
573991202	run	true
290154351	run	true
361831254	run	true
1877929370	run	true
1484586289	run	true
761075088	run	true
1389792069	run	true
693890614	run	true
512642960	run	true
1343833130	run	true
2084797849	run	true
2018069613	run	true
1761368909	run	true
1208432052	run	true
623982149	run	true
1408466505	run	true
1930822985	run	true
920080245	run	true
2070310125	run	true
545370857	run	true
1602166019	run	true
192549671	run	true
976805711	run	true
397977918	run	true
139595064	run	true
887562783	run	true
2037159669	run	true
1385855811	run	true
297180833	run	true
261365149	run	true
1399500359	run	true
1545010017	run	true
1864640788	run	true
1163416503	run	true
49740832	run	true
315041484	run	true
1908768019	run	true
940334920	run	true
1978499118	run	true
78394766	run	true
430645734	run	true
599287292	run	true
975468108	run	true
44985961	run	true
1330143731	run	true
419613101	run	true
1533932686	run	true
1118759874	run	true
695428714	run	true
654327900	run	true
1127798986	run	true
408081356	run	true
153665319	run	true
1980832396	run	true
675713344	run	true
517780272	run	true
1436964818	run	true
1818035932	run	true
937148975	run	true
1841388078	run	true
921284419	run	true
618739454	run	true
614123855	run	true
1102371912	run	true
1966270644	run	true
1551864155	run	true
811651843	run	true
2070798760	run	true
765920038	run	true
827701289	run	true
408811613	run	true
169522156	run	true
89684859	run	true
361093589	run	true
5745887	run	true
2040687224	run	true
180011968	run	true
1972824368	run	true
525439194	run	true
620755985	run	true
1227863755	run	true
479789254	run	true
873003727	run	true
1284410123	run	true
1344629366	run	true
1435264107	run	true
1536261028	run	true
2083747345	run	true
6268263	run	true
545631406	run	true
605685785	run	true
2815164	run	true
1159794942	run	true
622553609	run	true
184740975	run	true
1278532281	run	true
1710763387	run	true
366278255	run	true
1942777808	run	true
386550386	run	true
489378008	run	true
809213297	run	true
1183221359	run	true
386728718	run	true
475632153	run	true
1542326499	run	true
369591954	run	true
323825865	run	true
931755362	run	true
952949007	run	true
2048335365	run	true
1442651429	run	true
1912265266	run	true
1876930456	run	true
1277853494	run	true
1379079315	run	true
349913045	run	true
1595467050	run	true
899873970	run	true
1137604540	run	true
1942458063	run	true
1359003020	run	true
363842967	run	true
295718118	run	true
109316639	run	true
1951285083	run	true
409102062	run	true
2047542924	run	true
523621147	run	true
1003319593	run	true
259856194	run	true
1190846094	run	true
459937740	run	true
1173177822	run	true
1970341466	run	true
1747824572	run	true
2010644319	run	true
1130258695	run	true
1057305900	run	true
1459084935	run	true
1791627759	run	true
1887424588	run	true
1326295353	run	true
1957817372	run	true
1875766955	run	true
1653485360	run	true
314473641	run	true
288302941	run	true
899894219	run	true
552430771	run	true
679149996	run	true
808339887	run	true
1783667040	run	true
1608101414	run	true
1296906767	run	true
1195378615	run	true
1724220302	run	true
705125105	run	true
1838500043	run	true
735254221	run	true
1088042268	run	true
2109469195	run	true
170196652	run	true
2076606503	run	true
712086097	run	true
51705949	run	true
752419276	run	true
850574242	run	true
111529230	run	true
114633002	run	true
1412176234	run	true
1868102508	run	true
1965699752	run	true
16395014	run	true
374987457	run	true
1573920557	run	true
733326383	run	true
447078654	run	true
751686457	run	true
1503952702	run	true
423790707	run	true
15962878	run	true
1169296845	run	true
625647669	run	true
826520420	run	true
1450277196	run	true
946500114	run	true
1378238958	run	true
1011509394	run	true
791020989	run	true
487851547	run	true
151087834	run	true
1127264801	run	true
510117519	run	true
1082139621	run	true
1560641244	run	true
1809324482	run	true
1132647691	run	true
718706932	run	true
1641269560	run	true
1112748164	run	true
208087919	run	true
1318087048	run	true
994092145	run	true
2073286347	run	true
1603781306	run	true
751375262	run	true
1848355543	run	true
1185470539	run	true
2031349763	run	true
1526084193	run	true
950947299	run	true
93198115	run	true
798404831	run	true
1065814043	run	true
775393569	run	true
48900218	run	true
328037863	run	true
359505883	run	true
1834198640	run	true
822697426	run	true
1672014911	run	true
721013970	run	true
1304341550	run	true
1221456620	run	true
617017117	run	true
135952582	run	true
462064914	run	true
4109392	run	true
172621121	run	true
1633271580	run	true
692509991	run	true
1671156530	run	true
1041429303	run	true
1568224264	run	true
1978291936	run	true
255770103	run	true
956569869	run	true
1923217104	run	true
1089183307	run	true
1866800917	run	true
377311619	run	true
54565295	run	true
818583397	run	true
1328652789	run	true
938139001	run	true
1939357528	run	true
582501322	run	true
824975518	run	true
770052575	run	true
405719727	run	true
128150342	run	true
1815160753	run	true
1206788570	run	true
1258384385	run	true
1572295476	run	true
1405006093	run	true
1908051973	run	true
522445469	run	true
1441721827	run	true
1981327320	run	true
2078505569	run	true
1632437994	run	true
213973967	run	true
515338605	run	true
294000678	run	true
76494289	run	true
1026556857	run	true
761227847	run	true
1221879483	run	true
1115685754	run	true
285696587	run	true
659380279	run	true
529994265	run	true
199281670	run	true
1550201728	run	true
1056244946	run	true
2071216313	run	true
1746403927	run	true
1506160656	run	true
1752736589	run	true
539764335	run	true
148182515	run	true
1851523858	run	true
718600715	run	true
432434468	run	true
469721958	run	true
1202447640	run	true
1595632373	run	true
422494770	run	true
1466108209	run	true
533581952	run	true
465333394	run	true
696030057	run	true
1192554590	run	true
582564962	run	true
1768700989	run	true
1196189078	run	true
1556017505	run	true
959897451	run	true
2015077545	run	true
937378473	run	true
1494692037	run	true
926698276	run	true
1309828702	run	true
338722577	run	true
1733053924	run	true
955652932	run	true
1249323499	run	true
753514987	run	true
1778997769	run	true
569513426	run	true
1271074882	run	true
822207739	run	true
197254715	run	true
432078058	run	true
1425060334	run	true
419093433	run	true
1702483919	run	true
1692539238	run	true
945803886	run	true
1476033347	run	true
1287363424	run	true
1880416359	run	true
1103182832	run	true
416142807	run	true
1840936299	run	true
203607478	run	true
1226602196	run	true
765151496	run	true
1519662769	run	true
700726272	run	true
2025019018	run	true
1970325520	run	true
1156083513	run	true
137808824	run	true
735813461	run	true
1253764829	run	true
2000920896	run	true
488638197	run	true
994134042	run	true
887296966	run	true
663603414	run	true
595668630	run	true
1556445249	run	true
1709586557	run	true
823361474	run	true
2126935429	run	true
417187674	run	true
619178517	run	true
1777732355	run	true
797842387	run	true
1512209198	run	true
1407247587	run	true
1141935155	run	true
982240618	run	true
338243550	run	true
166497276	run	true
1816467026	run	true
932844954	run	true
290752961	run	true
1624997793	run	true
209572159	run	true
1675711321	run	true
562601668	run	true
99836388	run	true
538450721	run	true
1524018699	run	true
1889745967	run	true
592084925	run	true
1387519740	run	true
410132873	run	true
168918032	run	true
1840732030	run	true
916104168	run	true
1113187823	run	true
1024112704	run	true
1569828543	run	true
1760734469	run	true
122753034	run	true
2098715469	run	true
1308760602	run	true
1023714895	run	true
1338031512	run	true
1836030957	run	true
760194255	run	true
641074058	run	true
582287696	run	true
645986093	run	true
307306680	run	true
1846770736	run	true
553014489	run	true
2138414646	run	true
981413202	run	true
302495039	run	true
308459673	run	true
173259604	run	true
971567180	run	true
771154774	run	true
1264083756	run	true
2051652613	run	true
912524653	run	true
1116468112	run	true
2097615062	run	true
1478442857	run	true
1696869121	run	true
1862956237	run	true
1835586362	run	true
464163699	run	true
1753317872	run	true
1839559839	run	true
481300605	run	true
613765502	run	true
959929344	run	true
463532782	run	true
1477487733	run	true
1252469200	run	true
955294439	run	true
442801998	run	true
1349627105	run	true
1131745558	run	true
1996885220	run	true
1869863566	run	true
613985876	run	true
1040706488	run	true
1477943487	run	true
408069928	run	true
878159651	run	true
1113752349	run	true
1499837749	run	true
358462297	run	true
1833354090	run	true
986291744	run	true
1578533539	run	true
1304403164	run	true
825190274	run	true
2074822365	run	true
2103061004	run	true
1326534438	run	true
1329180001	run	true
1978876181	run	true
1101239475	run	true
1321066541	run	true
1286998670	run	true
997541664	run	true
1308653003	run	true
631839703	run	true
2089380921	run	true
908220444	run	true
1631164397	run	true
1764876116	run	true
621116828	run	true
658959034	run	true
1151029934	run	true
151676548	run	true
622490424	run	true
1446778463	run	true
1614244996	run	true
1838138365	run	true
2023859215	run	true
1024750381	run	true
936359116	run	true
1813725438	run	true
110237498	run	true
454543877	run	true
1773848115	run	true
1464559251	run	true
1467398053	run	true
471396532	run	true
1700631775	run	true
2136807529	run	true
896847803	run	true
48248937	run	true
1856763383	run	true
1759151204	run	true
2048768297	run	true
132470315	run	true
456764061	run	true
73840659	run	true
1500252798	run	true
136672366	run	true
1650405007	run	true
216947922	run	true
366432903	run	true
1852914470	run	true
856327733	run	true
968056958	run	true
1308682992	run	true
579741483	run	true
1725192667	run	true
1586201885	run	true
2043289491	run	true
678691138	run	true
1617846684	run	true
1343492509	run	true
2144379655	run	true
128530376	run	true
1054558670	run	true
1193202316	run	true
721248350	run	true
228508953	run	true
771139204	run	true
1343154950	run	true
183600040	run	true
143285965	run	true
263655656	run	true
1089020167	run	true
297588174	run	true
1114809813	run	true
1833964015	run	true
1277895318	run	true
819022895	run	true
2034962652	run	true
805170311	run	true
1620876166	run	true
1455438382	run	true
1444937246	run	true
373960355	run	true
2143166489	run	true
634142353	run	true
123385477	run	true
398991155	run	true
2131985233	run	true
1329869745	run	true
512953368	run	true
350076773	run	true
1010442192	run	true
527041115	run	true
441666870	run	true
1947612756	run	true
1946547840	run	true
1102992358	run	true
1177347777	run	true
1666975386	run	true
1093426890	run	true
1664935490	run	true
1064384031	run	true
1742747981	run	true
1729082314	run	true
502570514	run	true
391492348	run	true
550022448	run	true
1587033864	run	true
1189083867	run	true
251653648	run	true
1800855617	run	true
1246940830	run	true
1598501140	run	true
1682413561	run	true
57915992	run	true
1577085854	run	true
1141276524	run	true
789406523	run	true
1810489268	run	true
1727282765	run	true
795091014	run	true
1691798530	run	true
2097700185	run	true
23973260	run	true
1051538749	run	true
966960878	run	true
55217994	run	true
949421873	run	true
1724791462	run	true
1609670493	run	true
876564760	run	true
778736765	run	true
94969449	run	true
386241114	run	true
1294155272	run	true
1218643989	run	true
636262520	run	true
554514458	run	true
457923661	run	true
1564150329	run	true
293175465	run	true
1477218730	run	true
156567517	run	true
1858392928	run	true
61383577	run	true
509850777	run	true
602956542	run	true
1665831430	run	true
1813078972	run	true
2109913619	run	true
978601082	run	true
1317789421	run	true
394862111	run	true
186096427	run	true
1543347012	run	true
1278946760	run	true
1248357410	run	true
380373259	run	true
1453713860	run	true
248515802	run	true
1575894266	run	true
1257252674	run	true
1497799131	run	true
1546723970	run	true
1569928808	run	true
1747707043	run	true
1364019353	run	true
843264435	run	true
787406729	run	true
1935770392	run	true
550289635	run	true
838474972	run	true
660714739	run	true
175545631	run	true
1876495676	run	true
1011423423	run	true
1328094966	run	true
856703220	run	true
1535156621	run	true
1384549367	run	true
814348661	run	true
410798692	run	true
268096616	run	true
2101158010	run	true
817720447	run	true
853496158	run	true
412980176	run	true
1684120097	run	true
964840660	run	true
353909637	run	true
2014842246	run	true
1386075133	run	true
1284849832	run	true
1101618997	run	true
21915965	run	true
984366039	run	true
842013447	run	true
1451194760	run	true
80785504	run	true
1091349750	run	true
1515235778	run	true
971356459	run	true
683738739	run	true
1632982839	run	true
288067692	run	true
2077623363	run	true
1373497985	run	true
746129395	run	true
1793833448	run	true
1088911317	run	true
714201052	run	true
1544112841	run	true
847421537	run	true
200105371	run	true
1641239036	run	true
710143108	run	true
1902014781	run	true
22561042	run	true
1283662411	run	true
1341453758	run	true
962407761	run	true
795616559	run	true
1867439343	run	true
353703552	run	true
1837917156	run	true
1230581376	run	true
1996675723	run	true
1228727178	run	true
1002951108	run	true
325996457	run	true
1429303313	run	true
1248307379	run	true
1916492724	run	true
1970447573	run	true
1357565838	run	true
221069264	run	true
1240533431	run	true
1959761814	run	true
331622578	run	true
1286297483	run	true
1247996777	run	true
1811742300	run	true
228216582	run	true
22991588	run	true
63358087	run	true
1305712452	run	true
1789534072	run	true
1101893905	run	true
601869718	run	true
1819084565	run	true
881029157	run	true
915103051	run	true
1262527111	run	true
1367801299	run	true
573713475	run	true
910137025	run	true
708185353	run	true
176863125	run	true
913380868	run	true
310599634	run	true
323570089	run	true
540358895	run	true
238178767	run	true
917651422	run	true
1733015303	run	true
1866074496	run	true
1803431418	run	true
406985837	run	true
607862026	run	true
71996608	run	true
1332227346	run	true
1944644310	run	true
1455593366	run	true
1492936007	run	true
508811374	run	true
62487346	run	true
647154997	run	true
1257437542	run	true
628892498	run	true
395974340	run	true
1655060802	run	true
1722344935	run	true
1698919496	run	true
472618146	run	true
415268739	run	true
1755718854	run	true
691474169	run	true
2111812224	run	true
1494796410	run	true
753734953	run	true
1714434300	run	true
513877661	run	true
2076980527	run	true
592337780	run	true
1853770526	run	true
375530527	run	true
48071726	run	true
199697500	run	true
1386607262	run	true
898499321	run	true
1948715358	run	true
1122389113	run	true
810899671	run	true
485258328	run	true
1219385285	run	true
1345273071	run	true
770428567	run	true
1863333856	run	true
534666446	run	true
1814589543	run	true
492441064	run	true
342486741	run	true
1309156388	run	true
125668966	run	true
1500432727	run	true
893724981	run	true
245923216	run	true
785682461	run	true
1845981780	run	true
1139461538	run	true
876040824	run	true
1133724086	run	true
1066845887	run	true
800858711	run	true
60088819	run	true
404938796	run	true
1639883537	run	true
643716288	run	true
490350198	run	true
1512844828	run	true
1404692844	run	true
1402471063	run	true
887172986	run	true
1008006323	run	true
2093444551	run	true
865377589	run	true
877191927	run	true
499880509	run	true
1518087803	run	true
451049991	run	true
929729794	run	true
1403280590	run	true
299922099	run	true
1680462554	run	true
1632142663	run	true
1983343558	run	true
1066641287	run	true
621728552	run	true
1037775831	run	true
1055973805	run	true
1130910989	run	true
604222996	run	true
1458810131	run	true
1141780208	run	true
415104200	run	true
801077062	run	true
1836905595	run	true
1460202677	run	true
1921754225	run	true
278730742	run	true
660825250	run	true
467745833	run	true
167063069	run	true
1566293966	run	true
1836826885	run	true
42097189	run	true
729603790	run	true
420285405	run	true
1180466942	run	true
46991327	run	true
1954446604	run	true
993460703	run	true
966981823	run	true
1915015519	run	true
1169001017	run	true
97948325	run	true
1391916467	run	true
197146314	run	true
1199234891	run	true
1732409948	run	true
275183658	run	true
396348846	run	true
1593669772	run	true
786133842	run	true
1680274853	run	true
317463988	run	true
1413859284	run	true
403907948	run	true
140033397	run	true
1335008897	run	true
1832620009	run	true
778931001	run	true
392122348	run	true
1010234169	run	true
739549502	run	true
260970980	run	true
1191822396	run	true
1567045830	run	true
89764177	run	true
153995361	run	true
582834453	run	true
1315794167	run	true
646175659	run	true
67029849	run	true
878520491	run	true
219440984	run	true
58256534	run	true
1449131774	run	true
1965804109	run	true
216227464	run	true
1867073797	run	true
770683101	run	true
1752111218	run	true
1336351323	run	true
411483635	run	true
178240182	run	true
812468095	run	true
1980841442	run	true
1095735126	run	true
786403153	run	true
627521116	run	true
624239704	run	true
1840703486	run	true
1627633704	run	true
1028706916	run	true
142892775	run	true
2113723649	run	true
380345268	run	true
1076849268	run	true
1514449705	run	true
1989616330	run	true
1026363543	run	true
1833358481	run	true
448980356	run	true
1356074030	run	true
1308916109	run	true
430170888	run	true
1105380132	run	true
1921247324	run	true
1112188435	run	true
9983855	run	true
1597239714	run	true
814503984	run	true
90764180	run	true
522030007	run	true
1364316662	run	true
1123474488	run	true
1793830020	run	true
328477360	run	true
416860923	run	true
36649824	run	true
2040253526	run	true
193800760	run	true
1469354867	run	true
1972901205	run	true
1178715820	run	true
249928465	run	true
1526981048	run	true
1495066766	run	true
1624025398	run	true
1472829911	run	true
1819133079	run	true
1418564508	run	true
1060230313	run	true
1427108606	run	true
1904348676	run	true
831873413	run	true
227611458	run	true
150379866	run	true
33096994	run	true
458331131	run	true
748144022	run	true
2032275369	run	true
280754129	run	true
1144481711	run	true
158411803	run	true
1129213468	run	true
2063801377	run	true
1209539637	run	true
1109782555	run	true
594207824	run	true
699040849	run	true
1545564870	run	true
28774622	run	true
1199580168	run	true
762381778	run	true
1138516872	run	true
1110733308	run	true
2030288758	run	true
1441624849	run	true
1267330215	run	true
2077816450	run	true
29332894	run	true
1660798638	run	true
211786861	run	true
1097742948	run	true
296961098	run	true
878860912	run	true
848052506	run	true
1031918032	run	true
411144340	run	true
1403372879	run	true
2121251147	run	true
1003617223	run	true
1040722805	run	true
1526650657	run	true
791987643	run	true
1356424010	run	true
1562941010	run	true
791632466	run	true
1457371369	run	true
2006323076	run	true
385555023	run	true
1661762940	run	true
725597158	run	true
1110625782	run	true
1934330241	run	true
166555761	run	true
859552955	run	true
1987451498	run	true
100745323	run	true
576279269	run	true
1687412482	run	true
810197015	run	true
1454076145	run	true
513716548	run	true
661855428	run	true
1988042810	run	true
2112422400	run	true
1090620871	run	true
150023806	run	true
300873690	run	true
925323324	run	true
2050954989	run	true
662834696	run	true
400182017	run	true
732641537	run	true
46770270	run	true
1490505264	run	true
1697589710	run	true
2147176877	run	true
575687160	run	true
598573712	run	true
839285200	run	true
338287747	run	true
1924527971	run	true
1336934964	run	true
1784866802	run	true
121217287	run	true
1092066146	run	true
1143883004	run	true
645568694	run	true
608092652	run	true
1550607631	run	true
1650728852	run	true
304473652	run	true
697686212	run	true
1637707614	run	true
302567443	run	true
533136626	run	true
1464315448	run	true
1232786735	run	true
1522003771	run	true
907238707	run	true
717821864	run	true
1418500344	run	true
896613151	run	true
1615875691	run	true
543819991	run	true
435162345	run	true
1300389193	run	true
155398799	run	true
1731685026	run	true
1369459370	run	true
854797399	run	true
1069932972	run	true
1157244663	run	true
1858302749	run	true
1667172694	run	true
525900678	run	true
2133558186	run	true
849947539	run	true
94572210	run	true
1863849996	run	true
1083607342	run	true
1776005886	run	true
389732360	run	true
1829190605	run	true
608155542	run	true
1933714836	run	true
1795071314	run	true
1888291527	run	true
1555616608	run	true
67725951	run	true
328851868	run	true
275446829	run	true
1729058581	run	true
2091861542	run	true
912298599	run	true
119684403	run	true
1886313815	run	true
1014820722	run	true
2069961847	run	true
1078180680	run	true
892255012	run	true
1463707763	run	true
788705132	run	true
898320868	run	true
881796585	run	true
1206095633	run	true
713737133	run	true
251347057	run	true
126980848	run	true
1489773132	run	true
1096454284	run	true
1836211100	run	true
1998102662	run	true
1327730306	run	true
1277065476	run	true
1784868461	run	true
1628537388	run	true
51938926	run	true
102671568	run	true
189347176	run	true
720574850	run	true
1367893076	run	true
1730003259	run	true
288895155	run	true
1725663701	run	true
162906203	run	true
1082827720	run	true
682713970	run	true
1571893579	run	true
1021849589	run	true
154798567	run	true
1424757702	run	true
1269925978	run	true
581451160	run	true
335541968	run	true
1632834386	run	true
131439864	run	true
1193281889	run	true
923373195	run	true
1103476692	run	true
1805096281	run	true
1997930848	run	true
1429339103	run	true
1483428168	run	true
349483756	run	true
75231007	run	true
853644902	run	true
481148991	run	true
1354448463	run	true
65885089	run	true
531577611	run	true
267807742	run	true
122631271	run	true
332817736	run	true
884255034	run	true
44745639	run	true
1529943603	run	true
92265153	run	true
410254573	run	true
20482521	run	true
111457927	run	true
120841973	run	true
1052672423	run	true
947527670	run	true
1129605751	run	true
318089169	run	true
931750514	run	true
1508479461	run	true
1635857394	run	true
1282079219	run	true
971409352	run	true
1427021468	run	true
111837515	run	true
551415999	run	true
1935017916	run	true
372300007	run	true
1243216122	run	true
390675621	run	true
643009982	run	true
1083856266	run	true
1305861781	run	true
1771177418	run	true
1683415322	run	true
874618002	run	true
1933967288	run	true
1006922771	run	true
1757876483	run	true
4938169	run	true
1057391293	run	true
1640977326	run	true
1169140957	run	true
1679623687	run	true
1640296487	run	true
151806977	run	true
46465739	run	true
2003359222	run	true
351613566	run	true
1135182014	run	true
2036574667	run	true
1915519458	run	true
1999324114	run	true
955805760	run	true
1404334391	run	true
2012463029	run	true
2064591663	run	true
1098009561	run	true
1590750112	run	true
1957771108	run	true
1557384926	run	true
1678608187	run	true
847993718	run	true
993129454	run	true
1324530281	run	true
4016779	run	true
97048953	run	true
1260509391	run	true
1692493608	run	true
1260270538	run	true
1001208105	run	true
1140005935	run	true
637988635	run	true
1445145079	run	true
2014406826	run	true
1405355275	run	true
2136594289	run	true
1094608149	run	true
351892128	run	true
907903548	run	true
374311063	run	true
2056922169	run	true
369694447	run	true
758242084	run	true
310867491	run	true
2094304838	run	true
794840304	run	true
243525417	run	true
1022701616	run	true
1199858038	run	true
478603896	run	true
314331332	run	true
1834250133	run	true
877899371	run	true
1270825740	run	true
2057849720	run	true
195500553	run	true
193663032	run	true
1492141407	run	true
720950592	run	true
1149563016	run	true
1484023342	run	true
1640886751	run	true
496756434	run	true
2059060969	run	true
1538616866	run	true
1197829427	run	true
862815744	run	true
1687932613	run	true
2131549039	run	true
2046423478	run	true
1267707399	run	true
2025250278	run	true
1873004594	run	true
468783613	run	true
301013792	run	true
1743735064	run	true
369360904	run	true
1625114061	run	true
519327893	run	true
743473108	run	true
1431567755	run	true
562993935	run	true
1189238921	run	true
664594000	run	true
1542017758	run	true
2010044098	run	true
1907774001	run	true
1597941313	run	true
16774314	run	true
331384374	run	true
9976773	run	true
1210037329	run	true
2023188845	run	true
170418358	run	true
81940635	run	true
411446521	run	true
807325299	run	true
1406821758	run	true
1423485051	run	true
1460621888	run	true
511250018	run	true
1833323314	run	true
1306136248	run	true
1360461076	run	true
696788824	run	true
939563183	run	true
2005105015	run	true
604050202	run	true
138154398	run	true
204673861	run	true
692118480	run	true
825659259	run	true
723266679	run	true
1188141138	run	true
429065586	run	true
724884738	run	true
2034301160	run	true
1877411342	run	true
1180839645	run	true
922983668	run	true
1652085619	run	true
1502920436	run	true
711989815	run	true
1343221702	run	true
1480071402	run	true
894755693	run	true
864394115	run	true
2144521229	run	true
954131561	run	true
1747222365	run	true
245055969	run	true
597433299	run	true
140338464	run	true
1205029906	run	true
1949548123	run	true
191824609	run	true
586010085	run	true
2074273418	run	true
316992324	run	true
2094807867	run	true
253130129	run	true
132094293	run	true
603128013	run	true
1023735310	run	true
394878230	run	true
1069769143	run	true
15512851	run	true
1131788544	run	true
1579915793	run	true
1854047011	run	true
1110858225	run	true
1523742286	run	true
158415977	run	true
369951175	run	true
596258278	run	true
979506470	run	true
1199921882	run	true
1769455814	run	true
1726829182	run	true
288863853	run	true
1363177893	run	true
1221771214	run	true
532289177	run	true
916635814	run	true
360460247	run	true
1795668971	run	true
445333905	run	true
1969053903	run	true
1740647090	run	true
1472322254	run	true
1994070143	run	true
307629772	run	true
934244414	run	true
1668097857	run	true
1727978692	run	true
2051624689	run	true
1818160190	run	true
408357871	run	true
128872175	run	true
105979310	run	true
404139041	run	true
2009189043	run	true
2137873763	run	true
1482930844	run	true
498325680	run	true
272693742	run	true
1363943923	run	true
25236093	run	true
739248511	run	true
660376210	run	true
86481221	run	true
554968956	run	true
777672294	run	true
954791278	run	true
2020110409	run	true
1278766338	run	true
911280290	run	true
2048297240	run	true
2077069393	run	true
552671819	run	true
1899370800	run	true
1511755803	run	true
2011534261	run	true
220014714	run	true
329228533	run	true
280395222	run	true
18947632	run	true
1221023373	run	true
1069023767	run	true
2074197749	run	true
349984204	run	true
1690250768	run	true
1688424490	run	true
1838397782	run	true
1298431780	run	true
211603047	run	true
1874685429	run	true
576845835	run	true
640573634	run	true
160516643	run	true
1785123287	run	true
1283500088	run	true
732983283	run	true
1502072542	run	true
934621287	run	true
1434605662	run	true
815254042	run	true
974948328	run	true
1122766509	run	true
2592569	run	true
568318427	run	true
1529189607	run	true
1848577363	run	true
566433804	run	true
356429835	run	true
505356194	run	true
859683626	run	true
782246615	run	true
1540842500	run	true
1072113968	run	true
711063032	run	true
1284339466	run	true
860987349	run	true
1562754573	run	true
6929568	run	true
1892319749	run	true
1950540677	run	true
1320555652	run	true
72325384	run	true
1112033658	run	true
1642953665	run	true
2031400669	run	true
1672651082	run	true
630830140	run	true
220234732	run	true
1422949302	run	true
2031737894	run	true
1612758271	run	true
1819494622	run	true
12226355	run	true
1304843167	run	true
338816291	run	true
1125387724	run	true
639425717	run	true
761738625	run	true
966894555	run	true
943030571	run	true
1130331991	run	true
347335749	run	true
2054091225	run	true
435502622	run	true
144086753	run	true
841624516	run	true
686141763	run	true
150475551	run	true
905626149	run	true
843627249	run	true
1403155516	run	true
1396865828	run	true
1954248140	run	true
161701029	run	true
236128809	run	true
371180019	run	true
962981299	run	true
601877722	run	true
1583040616	run	true
1646836142	run	true
625126906	run	true
789385299	run	true
2055309319	run	true
631948373	run	true
1269213299	run	true
2043539736	run	true
1377240522	run	true
1454801821	run	true
1432868489	run	true
1601007589	run	true
782586369	run	true
444448740	run	true
521644851	run	true
190956203	run	true
1378451653	run	true
1347914296	run	true
419352929	run	true
274291692	run	true
1800463431	run	true
1676291624	run	true
1262802645	run	true
2063985801	run	true
1510589941	run	true
2086929647	run	true
73767520	run	true
1155994321	run	true
664179656	run	true
37350247	run	true
445259728	run	true
1094096621	run	true
183765817	run	true
1735282087	run	true
219727716	run	true
185936354	run	true
1458054643	run	true
855682444	run	true
1123085111	run	true
1211517537	run	true
1745017230	run	true
125519087	run	true
371685753	run	true
948002490	run	true
257368940	run	true
1149932468	run	true
211114662	run	true
742161729	run	true
540577706	run	true
1783954011	run	true
836905661	run	true
1451205593	run	true
1257194698	run	true
1077986577	run	true
1856600557	run	true
1577073304	run	true
1080068670	run	true
1405496622	run	true
763359656	run	true
1470258926	run	true
1934091920	run	true
1843116174	run	true
1265556578	run	true
449893844	run	true
1602282964	run	true
1105669397	run	true
956409129	run	true
510034499	run	true
1928894927	run	true
1447642403	run	true
1130184186	run	true
270729029	run	true
794478553	run	true
2119020787	run	true
706512120	run	true
694404313	run	true
433489615	run	true
1615820529	run	true
306504171	run	true
1457644109	run	true
319243212	run	true
145295196	run	true
1355486307	run	true
1124503340	run	true
372835615	run	true
956126067	run	true
1396326404	run	true
1028935121	run	true
594549401	run	true
1765134432	run	true
1019622002	run	true
460371804	run	true
1870072871	run	true
1430670056	run	true
1773678742	run	true
1456983100	run	true
158250944	run	true
54751723	run	true
1810763717	run	true
129869087	run	true
165418028	run	true
541311301	run	true
304436603	run	true
995320100	run	true
1208943579	run	true
1679993873	run	true
1049017735	run	true
1498522221	run	true
1905636352	run	true
1170689419	run	true
982522707	run	true
1979275408	run	true
980652215	run	true
705355635	run	true
1346342118	run	true
369951385	run	true
852709224	run	true
1704653109	run	true
1241107190	run	true
1938555522	run	true
1215427572	run	true
1646334277	run	true
2032437118	run	true
440442462	run	true
243321136	run	true
1969483960	run	true
763346493	run	true
1826922389	run	true
228303207	run	true
1369940991	run	true
281572221	run	true
1899562348	run	true
1903024048	run	true
997004999	run	true
110744651	run	true
1075608280	run	true
1688724618	run	true
1796256578	run	true
1777232207	run	true
1579930790	run	true
2097008939	run	true
656898734	run	true
1536211767	run	true
1086924612	run	true
1770965122	run	true
1673621282	run	true
1098501148	run	true
1395792746	run	true
418514736	run	true
1536352240	run	true
174420512	run	true
1226865107	run	true
941013721	run	true
181474978	run	true
1579848868	run	true
2071103493	run	true
1211481121	run	true
1429789386	run	true
1246691648	run	true
2076600509	run	true
1308997231	run	true
1048494378	run	true
2076336216	run	true
352897970	run	true
1885114520	run	true
1278619398	run	true
1736783429	run	true
594496875	run	true
2008571080	run	true
115085051	run	true
886983414	run	true
1755883647	run	true
355599629	run	true
448495964	run	true
210771097	run	true
800028413	run	true
1436534443	run	true
1396367387	run	true
1566726218	run	true
154109354	run	true
2085287493	run	true
883400345	run	true
1917303031	run	true
417154351	run	true
1771025857	run	true
2094750092	run	true
1252546419	run	true
1273930896	run	true
277426677	run	true
1673321426	run	true
452381198	run	true
1095394609	run	true
1700580092	run	true
171787199	run	true
214842569	run	true
53379067	run	true
1356099943	run	true
1546956586	run	true
1391469012	run	true
1186699513	run	true
1756472368	run	true
307550136	run	true
1845647898	run	true
256550612	run	true
1299566542	run	true
1830865773	run	true
1460999205	run	true
301669268	run	true
2096931796	run	true
45063737	run	true
860048271	run	true
806363740	run	true
493305117	run	true
506685189	run	true
1652715927	run	true
1044091165	run	true
1757602396	run	true
42132131	run	true
11437845	run	true
2089527382	run	true
109323772	run	true
1555116359	run	true
1367888903	run	true
1270116120	run	true
2076238419	run	true
1015812372	run	true
791138739	run	true
2012612015	run	true
1558488839	run	true
369796592	run	true
1698802365	run	true
1109267022	run	true
1267522266	run	true
892749692	run	true
676627240	run	true
674480498	run	true
1262416395	run	true
153984706	run	true
191883166	run	true
379487567	run	true
1238251621	run	true
2013034378	run	true
286754645	run	true
1451178719	run	true
896777018	run	true
1994967398	run	true
1588985595	run	true
1550728746	run	true
727644448	run	true
1793587787	run	true
1511406349	run	true
662255773	run	true
1704531758	run	true
914942717	run	true
993146157	run	true
1744269840	run	true
1039199109	run	true
231213497	run	true
973541220	run	true
1241006211	run	true
1079368465	run	true
1089580421	run	true
1412032232	run	true
127201704	run	true
581383418	run	true
2117629363	run	true
421598391	run	true
1203169868	run	true
1240820781	run	true
435543068	run	true
489568762	run	true
325537804	run	true
232145651	run	true
617147334	run	true
1064258316	run	true
1136674525	run	true
688070644	run	true
1644702877	run	true
1547925609	run	true
871213150	run	true
827978207	run	true
671726367	run	true
1722111662	run	true
1412197083	run	true
72081741	run	true
315971367	run	true
1526406967	run	true
1825386780	run	true
1852850706	run	true
1885627230	run	true
1039841871	run	true
1757768107	run	true
615122904	run	true
1104954010	run	true
281774323	run	true
454631514	run	true
1285193412	run	true
1494881564	run	true
1638068553	run	true
642079139	run	true
1174762125	run	true
246799480	run	true
1663026111	run	true
9463711	run	true
1254300042	run	true
1702531497	run	true
227497310	run	true
481760110	run	true
1246181709	run	true
1266930224	run	true
1409740205	run	true
1971034575	run	true
177336589	run	true
1330182447	run	true
2012577938	run	true
478478688	run	true
206576497	run	true
1716171698	run	true
1332555258	run	true
869446903	run	true
2010851502	run	true
2068341353	run	true
1630215023	run	true
1406618121	run	true
1615100331	run	true
2114742415	run	true
1072664895	run	true
590742866	run	true
1512578980	run	true
2134758824	run	true
714801335	run	true
1415900309	run	true
1461703653	run	true
1170798681	run	true
1646506090	run	true
211501990	run	true
1757713050	run	true
1005072897	run	true
1644081749	run	true
1352240572	run	true
1087126714	run	true
1300664490	run	true
896313975	run	true
978919336	run	true
2041219430	run	true
908247387	run	true
313472475	run	true
819867391	run	true
1890449846	run	true
655032134	run	true
1171631579	run	true
2137979721	run	true
849201030	run	true
331430174	run	true
432761239	run	true
1451788109	run	true
1714199433	run	true
1049058706	run	true
2002824708	run	true
1130966647	run	true
1630216115	run	true
1809573272	run	true
290734018	run	true
187700404	run	true
303852473	run	true
1723371430	run	true
1410837849	run	true
373550191	run	true
857721685	run	true
1778704295	run	true
1621000566	run	true
688238902	run	true
1191915797	run	true
252584999	run	true
486111790	run	true
1159642640	run	true
364891560	run	true
1155962750	run	true
1472624417	run	true
2008893201	run	true
2009151651	run	true
866039026	run	true
1743402462	run	true
1997630568	run	true
765495943	run	true
1704694969	run	true
471403441	run	true
536820704	run	true
800381889	run	true
1981282939	run	true
565935446	run	true
393758750	run	true
134443489	run	true
1503150929	run	true
2108422067	run	true
1594051985	run	true
854476920	run	true
1459992446	run	true
1068208189	run	true
94002217	run	true
94418886	run	true
1061552765	run	true
316099520	run	true
1859486534	run	true
1374827597	run	true
1650735785	run	true
21478440	run	true
392571138	run	true
93279536	run	true
594212450	run	true
101181281	run	true
439724456	run	true
986909167	run	true
1525673563	run	true
1280863831	run	true
806284980	run	true
900311578	run	true
472054044	run	true
2075514478	run	true
1438574819	run	true
449695891	run	true
1208046126	run	true
1694271556	run	true
1935046475	run	true
1773388278	run	true
1610303096	run	true
223142111	run	true
1191421260	run	true
176836326	run	true
771041592	run	true
191567911	run	true
2046766376	run	true
1053179778	run	true
1122990188	run	true
1800177904	run	true
1198675668	run	true
1822192494	run	true
942403236	run	true
1186400484	run	true
1659996035	run	true
1805876517	run	true
1015143774	run	true
1881752845	run	true
810881980	run	true
1884040141	run	true
112793371	run	true
1080061413	run	true
1047091186	run	true
1688090447	run	true
209654921	run	true
1352792429	run	true
1053250174	run	true
1416459896	run	true
42363392	run	true
484295770	run	true
2065566572	run	true
1866421063	run	true
2065376349	run	true
1560118376	run	true
1987253600	run	true
332031678	run	true
221018072	run	true
109544326	run	true
1292531845	run	true
155376487	run	true
53693055	run	true
1881688133	run	true
1128372619	run	true
665989661	run	true
396565088	run	true
276553102	run	true
1851383857	run	true
413435726	run	true
1583733293	run	true
1413504809	run	true
641098890	run	true
2067462610	run	true
1249613201	run	true
1575636664	run	true
2036120755	run	true
1748548747	run	true
472838945	run	true
795645981	run	true
1920122679	run	true
1810411297	run	true
593689118	run	true
2138013560	run	true
1048903062	run	true
1149025209	run	true
790299454	run	true
958280177	run	true
1423714070	run	true
1935397911	run	true
1485385216	run	true
136337517	run	true
1427459984	run	true
2133210895	run	true
1631279086	run	true
210890671	run	true
1080556720	run	true
1330401576	run	true
259980930	run	true
21159829	run	true
122762597	run	true
573222185	run	true
620380406	run	true
1870162345	run	true
715666852	run	true
347085914	run	true
1585531998	run	true
487529120	run	true
419257158	run	true
29055374	run	true
1552329714	run	true
527253339	run	true
283203582	run	true
456694145	run	true
1022203477	run	true
1189638526	run	true
50255054	run	true
592467096	run	true
1334095215	run	true
2071031550	run	true
1875312084	run	true
1863791425	run	true
2010349155	run	true
1890864561	run	true
1626625983	run	true
671061960	run	true
721436292	run	true
1615202787	run	true
706784872	run	true
716278810	run	true
225142845	run	true
1889231366	run	true
559571199	run	true
1050707169	run	true
1279075200	run	true
1802313625	run	true
370426801	run	true
1927311256	run	true
26272101	run	true
1006118156	run	true
1499543650	run	true
1749988688	run	true
1174873935	run	true
1565387293	run	true
1242956049	run	true
1656077610	run	true
1104801146	run	true
864506486	run	true
1389157402	run	true
1050549802	run	true
511575687	run	true
1783611027	run	true
315986526	run	true
1020282541	run	true
2087980547	run	true
824473705	run	true
1715707516	run	true
438729763	run	true
484014517	run	true
2076505547	run	true
296773012	run	true
1747474217	run	true
718430911	run	true
553552826	run	true
1111980174	run	true
968736180	run	true
762454821	run	true
1680935570	run	true
198219865	run	true
625536307	run	true
565378037	run	true
544267599	run	true
679504620	run	true
986944479	run	true
768780982	run	true
922219954	run	true
849863792	run	true
638655784	run	true
1516555075	run	true
186974415	run	true
1793732172	run	true
1058112792	run	true
917413158	run	true
760823526	run	true
973046644	run	true
1901863540	run	true
1318812494	run	true
1978309252	run	true
370694189	run	true
1340290365	run	true
1374413717	run	true
362214096	run	true
1022054231	run	true
1094199412	run	true
2055073927	run	true
1637271304	run	true
2137848762	run	true
663969589	run	true
1816228606	run	true
2062764844	run	true
115887189	run	true
1421688659	run	true
1592256789	run	true
178356599	run	true
107380001	run	true
2022830530	run	true
1752716203	run	true
1606069671	run	true
1503691627	run	true
1139266783	run	true
449401470	run	true
59146979	run	true
358494660	run	true
59805539	run	true
1968895224	run	true
852902684	run	true
2029469179	run	true
1325430055	run	true
1610755192	run	true
284695289	run	true
1334657506	run	true
1078378186	run	true
2006462861	run	true
1020764614	run	true
363575150	run	true
1816472304	run	true
366619253	run	true
445179499	run	true
1314650971	run	true
562561844	run	true
279765891	run	true
1105713282	run	true
273377667	run	true
1215766286	run	true
471366241	run	true
529497167	run	true
1126424376	run	true
2065340601	run	true
201352145	run	true
499025348	run	true
1448787347	run	true
318922878	run	true
1400417	run	true
1191983543	run	true
19827069	run	true
460075486	run	true
1786851361	run	true
1978762143	run	true
1283996130	run	true
1819059748	run	true
97765201	run	true
930404589	run	true
405271472	run	true
579211341	run	true
1082200570	run	true
1384957553	run	true
2040972422	run	true
805721991	run	true
132622877	run	true
2117025253	run	true
604179315	run	true
844316565	run	true
1360383512	run	true
359944806	run	true
173449853	run	true
978027758	run	true
1701512999	run	true
1771311774	run	true
636621758	run	true
426676588	run	true
1232355454	run	true
1208808554	run	true
1946341512	run	true
1925838172	run	true
402194896	run	true
2132582496	run	true
1853722650	run	true
1839933157	run	true
75294304	run	true
145897153	run	true
1735677372	run	true
1923543422	run	true
1918363507	run	true
689087402	run	true
786711547	run	true
1818448296	run	true
455522068	run	true
319458670	run	true
739733086	run	true
398887335	run	true
947577865	run	true
1699575463	run	true
1195957568	run	true
405117359	run	true
682024263	run	true
97047362	run	true
268555201	run	true
2061003053	run	true
874104037	run	true
829706354	run	true
751944075	run	true
1335647829	run	true
819076152	run	true
801464004	run	true
1238975323	run	true
763137263	run	true
995957153	run	true
2027782513	run	true
607381468	run	true
1820454811	run	true
1367168440	run	true
645953797	run	true
1428941974	run	true
206038920	run	true
118004827	run	true
147526446	run	true
1282527180	run	true
1805174874	run	true
702507778	run	true
2040308558	run	true
86291378	run	true
1024096149	run	true
1907306667	run	true
1425535555	run	true
1273008427	run	true
1178577499	run	true
1495352572	run	true
884597813	run	true
535451870	run	true
1466237351	run	true
655381434	run	true
1710829504	run	true
668657835	run	true
720328016	run	true
1071778050	run	true
1769860229	run	true
1789278781	run	true
1429556264	run	true
912989771	run	true
194326488	run	true
1762367738	run	true
288735163	run	true
1349331882	run	true
2009689455	run	true
226592492	run	true
1912340755	run	true
631088332	run	true
123147898	run	true
916162945	run	true
1672606189	run	true
1851185178	run	true
232081386	run	true
1854446772	run	true
1058232834	run	true
1796026366	run	true
1529828558	run	true
1248562982	run	true
989215630	run	true
1144694505	run	true
161113188	run	true
265669445	run	true
652890387	run	true
1365069148	run	true
1954543315	run	true
1979098793	run	true
1217507413	run	true
346836507	run	true
1404673384	run	true
639927374	run	true
137111198	run	true
1464034977	run	true
1994276265	run	true
570131563	run	true
1594581506	run	true
867401680	run	true
1247295128	run	true
1682700762	run	true
860522655	run	true
1524561509	run	true
1222594404	run	true
1135272399	run	true
1422320357	run	true
1774082285	run	true
491542910	run	true
1528177284	run	true
1538163779	run	true
70029084	run	true
1826706770	run	true
306969423	run	true
2112604347	run	true
452870063	run	true
1898058393	run	true
520792788	run	true
685926324	run	true
551481102	run	true
1141097560	run	true
452095947	run	true
1562598871	run	true
1019329295	run	true
2131887098	run	true
1188644396	run	true
1374747188	run	true
1845922609	run	true
461198445	run	true
1637872480	run	true
1608080542	run	true
218318368	run	true
2012234090	run	true
1380512115	run	true
954455737	run	true
33882479	run	true
1193358771	run	true
1245478646	run	true
26009834	run	true
1795404168	run	true
443703001	run	true
1345141511	run	true
993477668	run	true
1497917717	run	true
2144954033	run	true
1805088842	run	true
755385996	run	true
1276666014	run	true
1636893987	run	true
1325957180	run	true
1297258940	run	true
88168480	run	true
600796010	run	true
1841742997	run	true
811345834	run	true
109744317	run	true
799157876	run	true
2011825730	run	true
1905413857	run	true
645812477	run	true
1845318062	run	true
668399213	run	true
328932	run	true
1480163770	run	true
1730405165	run	true
1612870555	run	true
271338095	run	true
632424770	run	true
1956835808	run	true
1595805883	run	true
1208586073	run	true
1791212060	run	true
669820933	run	true
1327243598	run	true
1371751893	run	true
460547524	run	true
527274024	run	true
1156011280	run	true
44429114	run	true
1768264977	run	true
66966738	run	true
1675549913	run	true
2058964024	run	true
968300511	run	true
641862839	run	true
323801177	run	true
730321837	run	true
1844808426	run	true
1587330934	run	true
74459945	run	true
1597551776	run	true
448872805	run	true
1979224282	run	true
1289191532	run	true
1730166072	run	true
134554517	run	true
1062181542	run	true
1404331859	run	true
942717988	run	true
1723742583	run	true
412040885	run	true
331385065	run	true
1676713595	run	true
1084825687	run	true
1289420681	run	true
536241556	run	true
483788240	run	true
858811410	run	true
1336763086	run	true
1598564637	run	true
2065469087	run	true
972390593	run	true
576610509	run	true
1965319050	run	true
1421304745	run	true
1436818004	run	true
911611731	run	true
370576927	run	true
1137571128	run	true
1149716646	run	true
1694353598	run	true
335598202	run	true
1488418044	run	true
976642220	run	true
1896622537	run	true
599602106	run	true
454144522	run	true
1687653409	run	true
1829005210	run	true
644542916	run	true
820016858	run	true
1257314872	run	true
1057975036	run	true
1542945818	run	true
1840667276	run	true
284517868	run	true
285855599	run	true
760647111	run	true
218671348	run	true
976862550	run	true
1200391854	run	true
1741099177	run	true
1564860731	run	true
215716879	run	true
2131151902	run	true
1288967254	run	true
1658782546	run	true
1463803319	run	true
1812522129	run	true
1964516398	run	true
1377774777	run	true
128967602	run	true
1410847482	run	true
1173757212	run	true
1615187656	run	true
432934539	run	true
49143852	run	true
111041408	run	true
1078103879	run	true
1233490681	run	true
1353792659	run	true
618598990	run	true
1196010686	run	true
6296893	run	true
597805441	run	true
931440439	run	true
1531322146	run	true
963139285	run	true
1516165537	run	true
19773123	run	true
526581853	run	true
1093836839	run	true
294450869	run	true
1921029624	run	true
137008091	run	true
495656776	run	true
380836654	run	true
261890742	run	true
1106045560	run	true
421605366	run	true
1945595392	run	true
1077754827	run	true
1068795317	run	true
1288278047	run	true
772462386	run	true
819368957	run	true
1811888946	run	true
930645020	run	true
1273326102	run	true
1262363235	run	true
1618299960	run	true
1915182000	run	true
1944563011	run	true
196842965	run	true
277248127	run	true
403773252	run	true
403943263	run	true
1439908767	run	true
1169747286	run	true
280280024	run	true
1562628820	run	true
209909614	run	true
2127515626	run	true
1785371747	run	true
1351003517	run	true
204212864	run	true
1058893223	run	true
1604326199	run	true
1034342683	run	true
1318853825	run	true
555657543	run	true
2064101074	run	true
1638990686	run	true
955005659	run	true
1330780160	run	true
890026653	run	true
759068077	run	true
176188424	run	true
1019327374	run	true
1326304461	run	true
326580201	run	true
1316091126	run	true
898914641	run	true
1035284677	run	true
697272789	run	true
223683207	run	true
1630636008	run	true
93730006	run	true
1837678631	run	true
1559935681	run	true
978014576	run	true
75332085	run	true
1460220708	run	true
283688020	run	true
1244917617	run	true
1309955047	run	true
255244824	run	true
1174598886	run	true
1615297976	run	true
2054521457	run	true
1284899737	run	true
149850451	run	true
1475626968	run	true
234070973	run	true
1727590707	run	true
907447449	run	true
31077915	run	true
1581723956	run	true
653547625	run	true
1614919024	run	true
1862238881	run	true
792172991	run	true
500045662	run	true
1711728562	run	true
423283058	run	true
114543409	run	true
1735907906	run	true
97395933	run	true
1399309823	run	true
1745501028	run	true
316905900	run	true
466092199	run	true
2087184984	run	true
1582235556	run	true
868704644	run	true
1648386602	run	true
2007584820	run	true
40795975	run	true
823680277	run	true
1047286272	run	true
169396560	run	true
1739002860	run	true
1684356611	run	true
805602183	run	true
709782259	run	true
1280890544	run	true
1946966898	run	true
346153577	run	true
1710520682	run	true
325349580	run	true
1968490707	run	true
1414012864	run	true
2064614580	run	true
1993560049	run	true
1403446080	run	true
457479438	run	true
356665107	run	true
807799689	run	true
591906301	run	true
1902554421	run	true
1317708330	run	true
449016518	run	true
1038753780	run	true
15398734	run	true
1953511194	run	true
1373925461	run	true
214645085	run	true
692737751	run	true
2089681178	run	true
1166002632	run	true
1353847333	run	true
1078984055	run	true
555861768	run	true
1619210326	run	true
1371507001	run	true
1562921338	run	true
1272635820	run	true
1692582861	run	true
1525293424	run	true
1250284261	run	true
231841527	run	true
1867391205	run	true
996065725	run	true
32199217	run	true
800520621	run	true
1279537810	run	true
1331505336	run	true
276875237	run	true
402356677	run	true
709561097	run	true
168774937	run	true
79675236	run	true
1499389874	run	true
179989059	run	true
371015409	run	true
1291122420	run	true
2090873926	run	true
767538539	run	true
1686574240	run	true
58437581	run	true
174412362	run	true
441098161	run	true
707239019	run	true
1494561223	run	true
1662921087	run	true
376447660	run	true
1145243017	run	true
1904033640	run	true
131213766	run	true
1863706060	run	true
1666121133	run	true
1592914417	run	true
425534123	run	true
885814707	run	true
956739136	run	true
2128119175	run	true
44666047	run	true
1360739514	run	true
468460564	run	true
1351203110	run	true
510813772	run	true
1695848283	run	true
1262970317	run	true
1029870277	run	true
1919582780	run	true
1735201256	run	true
1397227063	run	true
773518505	run	true
826696660	run	true
1467825195	run	true
1618065086	run	true
1517546719	run	true
1001945762	run	true
684873412	run	true
382593284	run	true
1279642646	run	true
673249142	run	true
50806645	run	true
723680142	run	true
2056394602	run	true
1213099010	run	true
201206238	run	true
1151194003	run	true
1304296788	run	true
2141051052	run	true
1666158588	run	true
90561982	run	true
312478581	run	true
1817535858	run	true
484678422	run	true
994321559	run	true
1572409889	run	true
40195668	run	true
522930586	run	true
1219095136	run	true
1804709983	run	true
226387131	run	true
489007934	run	true
1373576967	run	true
499741482	run	true
748542792	run	true
2012879331	run	true
1470266259	run	true
272464118	run	true
928342262	run	true
163600821	run	true
62249299	run	true
971434409	run	true
1196116870	run	true
1625789332	run	true
1732480219	run	true
467970538	run	true
61893248	run	true
2016454670	run	true
1068623297	run	true
924088586	run	true
1746624539	run	true
1067606253	run	true
1212470256	run	true
1350009495	run	true
132261976	run	true
583137687	run	true
353560619	run	true
1764496333	run	true
1605278733	run	true
2109117539	run	true
147865334	run	true
1562813055	run	true
1754030393	run	true
1674713946	run	true
1684144090	run	true
260737317	run	true
669462515	run	true
459035455	run	true
131038315	run	true
2036072495	run	true
1783629768	run	true
1764161785	run	true
896562504	run	true
2061875594	run	true
1197830898	run	true
648902890	run	true
1130709916	run	true
1522060620	run	true
2023821143	run	true
1620957922	run	true
506750338	run	true
504780799	run	true
847111863	run	true
1053302226	run	true
212806441	run	true
1749921585	run	true
1017155397	run	true
1332608926	run	true
207402631	run	true
1701186261	run	true
958311660	run	true
1508600610	run	true
1957256323	run	true
1605274545	run	true
2101639333	run	true
1612475626	run	true
704067635	run	true
532868492	run	true
534777939	run	true
507010560	run	true
1337265135	run	true
1614448401	run	true
504842883	run	true
2126304980	run	true
419846654	run	true
1120839905	run	true
289579240	run	true
1985974529	run	true
870538802	run	true
1738171306	run	true
1232052439	run	true
1328508485	run	true
1170349643	run	true
669647656	run	true
1779599322	run	true
1047257013	run	true
1352111185	run	true
290846053	run	true
1280672294	run	true
2048005296	run	true
551112129	run	true
1745101915	run	true
1752403524	run	true
1675403969	run	true
559163707	run	true
1481808716	run	true
1558666045	run	true
648749473	run	true
40186712	run	true
1036240901	run	true
1008299706	run	true
1509485886	run	true
847399023	run	true
1257732813	run	true
2129136742	run	true
63660464	run	true
1852026787	run	true
132448111	run	true
1513640903	run	true
1782864997	run	true
713902154	run	true
1394692057	run	true
939988821	run	true
1646612074	run	true
741097808	run	true
1748211273	run	true
2065703734	run	true
723406873	run	true
1183842139	run	true
1701180645	run	true
699581915	run	true
336744176	run	true
835452784	run	true
1438022150	run	true
947874177	run	true
1934733313	run	true
1699972691	run	true
1076719059	run	true
1624650623	run	true
1340058052	run	true
1514496083	run	true
503456025	run	true
164156194	run	true
1234796628	run	true
1435320708	run	true
380015704	run	true
1655481887	run	true
85602193	run	true
1632317018	run	true
1400617012	run	true
1858955727	run	true
246172297	run	true
1113191746	run	true
221905185	run	true
1492949034	run	true
624075490	run	true
693537913	run	true
973464527	run	true
1273180075	run	true
408889978	run	true
1997367251	run	true
1401145624	run	true
1933852819	run	true
1219743928	run	true
850656433	run	true
139048884	run	true
285071390	run	true
995113514	run	true
168044514	run	true
1376848505	run	true
1443725576	run	true
1351371130	run	true
1150322060	run	true
143471423	run	true
57943217	run	true
875329869	run	true
365785289	run	true
808175565	run	true
335193378	run	true
350479828	run	true
444800672	run	true
1408353951	run	true
1989665024	run	true
515182564	run	true
1209718655	run	true
1685430978	run	true
1851875014	run	true
12418485	run	true
1974067796	run	true
1560095256	run	true
1786793068	run	true
1101414059	run	true
1675640192	run	true
144595639	run	true
2102814143	run	true
1404488320	run	true
1762483565	run	true
2081548803	run	true
1322762586	run	true
170906931	run	true
696438335	run	true
1145222190	run	true
304322367	run	true
1237697808	run	true
1535104896	run	true
393847637	run	true
1122687991	run	true
1956832761	run	true
625255424	run	true
1232871480	run	true
414320353	run	true
1165741074	run	true
638792035	run	true
1066602724	run	true
1548005235	run	true
1698811131	run	true
924471590	run	true
1205015515	run	true
1378753313	run	true
2116918850	run	true
1838171646	run	true
1585022967	run	true
370225833	run	true
1448211558	run	true
38880436	run	true
1577447418	run	true
1794895711	run	true
2052755900	run	true
763021025	run	true
897759784	run	true
357804117	run	true
1034418800	run	true
654711018	run	true
1992995831	run	true
1728776881	run	true
84258078	run	true
1760149416	run	true
743597070	run	true
778831356	run	true
650523535	run	true
1744351364	run	true
1498796302	run	true
1269963863	run	true
1718129849	run	true
1381883589	run	true
1564757008	run	true
349394242	run	true
345579655	run	true
1138487428	run	true
1004258963	run	true
1339009644	run	true
1354966877	run	true
1511212442	run	true
335490474	run	true
1632593922	run	true
1156236265	run	true
1146101590	run	true
946610263	run	true
915276337	run	true
2056465869	run	true
571660519	run	true
699769740	run	true
1587864109	run	true
73736232	run	true
1510727568	run	true
1340624917	run	true
786340974	run	true
1011202154	run	true
527090554	run	true
1539870931	run	true
1790358424	run	true
1305934669	run	true
1039873917	run	true
963821694	run	true
567670161	run	true
233748119	run	true
1573992844	run	true
1571650145	run	true
842600806	run	true
1646796974	run	true
1312604242	run	true
1461648475	run	true
2095206364	run	true
2072746698	run	true
153035763	run	true
1177699100	run	true
1453240831	run	true
654021369	run	true
1147100978	run	true
174574912	run	true
2098750721	run	true
1279398128	run	true
1988062952	run	true
513063899	run	true
1148066462	run	true
1388106818	run	true
1160468934	run	true
973378970	run	true
410349722	run	true
1868794172	run	true
1800196297	run	true
102254196	run	true
509630120	run	true
1139315608	run	true
1116365541	run	true
1247651443	run	true
634528819	run	true
1340593456	run	true
394414586	run	true
1008986190	run	true
2054030762	run	true
1298444675	run	true
450794975	run	true
583433435	run	true
1857175141	run	true
1456296462	run	true
816471541	run	true
403185506	run	true
1085234200	run	true
1817835066	run	true
1282636789	run	true
763392371	run	true
129720405	run	true
1197251100	run	true
1611233894	run	true
884166641	run	true
400223559	run	true
563072425	run	true
206016645	run	true
1933801598	run	true
723443405	run	true
1285784714	run	true
864678753	run	true
1687499455	run	true
209875331	run	true
686135403	run	true
1196764277	run	true
1145766027	run	true
1334210316	run	true
1368649526	run	true
1045968606	run	true
233029149	run	true
829304148	run	true
542370021	run	true
805621023	run	true
534809522	run	true
937173370	run	true
1906351311	run	true
1774950952	run	true
2027263390	run	true
301677122	run	true
628991559	run	true
887932206	run	true
471117456	run	true
843846099	run	true
1090554441	run	true
482943539	run	true
955299353	run	true
311119536	run	true
1896008361	run	true
1805336611	run	true
1428202112	run	true
380803700	run	true
2052371536	run	true
1138249716	run	true
1939068018	run	true
1330289417	run	true
925452507	run	true
1970099470	run	true
1771532578	run	true
1349045372	run	true
614427591	run	true
329059341	run	true
2008480154	run	true
1726035908	run	true
1249854042	run	true
766671769	run	true
1552813184	run	true
1916568398	run	true
1699513431	run	true
2105363549	run	true
785306938	run	true
536273381	run	true
1810636349	run	true
1511332427	run	true
208937053	run	true
1525754120	run	true
127604143	run	true
941369532	run	true
1733743036	run	true
144308427	run	true
1702304452	run	true
604991513	run	true
1626719792	run	true
764466596	run	true
839673233	run	true
1289795822	run	true
1732110012	run	true
12132859	run	true
583965997	run	true
1385543758	run	true
1653281444	run	true
416033722	run	true
556062655	run	true
176122786	run	true
1522752770	run	true
935288174	run	true
1655593319	run	true
500120604	run	true
1694843057	run	true
1366208529	run	true
82786601	run	true
388300470	run	true
751105358	run	true
698989004	run	true
1772688756	run	true
211423968	run	true
1930904775	run	true
562591315	run	true
1867319422	run	true
127715841	run	true
1440535350	run	true
59692399	run	true
2086298744	run	true
983371743	run	true
664431186	run	true
29675530	run	true
91945878	run	true
211911108	run	true
646630368	run	true
497355153	run	true
1712291233	run	true
1217037248	run	true
324960285	run	true
655486142	run	true
1206363321	run	true
737191133	run	true
1113273023	run	true
922440863	run	true
1269122236	run	true
492575726	run	true
1059284140	run	true
612034415	run	true
1255612206	run	true
720261706	run	true
1888937873	run	true
356001826	run	true
1068962799	run	true
17145978	run	true
438315367	run	true
341966724	run	true
748958828	run	true
807994502	run	true
1579336681	run	true
524566092	run	true
1011383224	run	true
1183043676	run	true
1642355180	run	true
315494039	run	true
817974457	run	true
230707283	run	true
1623375207	run	true
322874691	run	true
1686147123	run	true
160102885	run	true
1102212818	run	true
1138276369	run	true
1011610238	run	true
16170317	run	true
230885524	run	true
1562989617	run	true
564115069	run	true
882141667	run	true
1160448968	run	true
743014582	run	true
188058488	run	true
1734182002	run	true
447777982	run	true
1212247497	run	true
1910905765	run	true
397229906	run	true
1245992574	run	true
1191804433	run	true
1245325817	run	true
975628904	run	true
1529680058	run	true
1157897928	run	true
546551339	run	true
1147634482	run	true
696979673	run	true
738918051	run	true
847962084	run	true
80236121	run	true
1235199836	run	true
524751356	run	true
537601221	run	true
955791415	run	true
1429451328	run	true
1855793354	run	true
1261389751	run	true
1369185169	run	true
2104329777	run	true
575639152	run	true
1265227983	run	true
1457608002	run	true
1472998494	run	true
992484256	run	true
1051923335	run	true
1171076023	run	true
2105496548	run	true
787058316	run	true
1036778823	run	true
405846475	run	true
902863310	run	true
524326365	run	true
453401367	run	true
566832360	run	true
19389459	run	true
721434635	run	true
1334585463	run	true
45277157	run	true
219804957	run	true
1825121738	run	true
764633644	run	true
663491913	run	true
2117842596	run	true
1767886088	run	true
1992654387	run	true
2097172181	run	true
1069139321	run	true
921816079	run	true
1542078068	run	true
2099515240	run	true
1002477505	run	true
24193841	run	true
135221405	run	true
1908372315	run	true
596301958	run	true
647362165	run	true
1256372546	run	true
118362713	run	true
1560203569	run	true
571214542	run	true
182073977	run	true
1492530919	run	true
632145344	run	true
15084343	run	true
89825363	run	true
1468751093	run	true
1550757780	run	true
1170160210	run	true
974604778	run	true
827678774	run	true
1966558056	run	true
1492515131	run	true
1510136287	run	true
616408970	run	true
237062456	run	true
1731548667	run	true
831845443	run	true
1782595224	run	true
1697148139	run	true
2034072846	run	true
239774016	run	true
574557345	run	true
1761405172	run	true
1808960594	run	true
1886777284	run	true
942069829	run	true
1344521796	run	true
1261294593	run	true
939509698	run	true
1344667893	run	true
1904384647	run	true
1105500191	run	true
344110371	run	true
54871740	run	true
1146852280	run	true
2005066362	run	true
929235013	run	true
997505656	run	true
1828707269	run	true
260724273	run	true
1090290890	run	true
594234979	run	true
1618921727	run	true
2103956894	run	true
854473056	run	true
235008172	run	true
579402941	run	true
575360219	run	true
1378205777	run	true
847395530	run	true
818145796	run	true
504634041	run	true
1808607707	run	true
1678797307	run	true
1861397029	run	true
1210338345	run	true
829620038	run	true
1904031987	run	true
44199296	run	true
1979287449	run	true
794877566	run	true
1722136745	run	true
1775972975	run	true
1820779773	run	true
288299704	run	true
1282505242	run	true
815757523	run	true
1100579667	run	true
799377418	run	true
1535838740	run	true
1161709245	run	true
2145528466	run	true
180825416	run	true
2132445387	run	true
265766847	run	true
1603526338	run	true
904493726	run	true
1125966128	run	true
2144160628	run	true
70470882	run	true
1915656243	run	true
1636549518	run	true
730596388	run	true
1010653673	run	true
1957462752	run	true
231929201	run	true
2124621578	run	true
1592866932	run	true
1111148974	run	true
695954273	run	true
119907602	run	true
1416330898	run	true
532182268	run	true
1494654136	run	true
462994196	run	true
64095272	run	true
2056486837	run	true
2130450924	run	true
481966764	run	true
2092065598	run	true
2094315480	run	true
1424662318	run	true
1092553156	run	true
526940156	run	true
1979108838	run	true
142980606	run	true
705017038	run	true
1484415914	run	true
482999749	run	true
1803378462	run	true
1619120176	run	true
1272448626	run	true
102927102	run	true
228108408	run	true
602295326	run	true
1032830196	run	true
1172073451	run	true
1970464691	run	true
2113278913	run	true
1999499778	run	true
436304848	run	true
483514208	run	true
219142073	run	true
458451243	run	true
479771046	run	true
1225847270	run	true
988723172	run	true
1249481116	run	true
866038443	run	true
10100713	run	true
1958423094	run	true
432374813	run	true
1354084223	run	true
1131670596	run	true
1528665293	run	true
91774214	run	true
1642184806	run	true
30976088	run	true
1280800051	run	true
821020245	run	true
1449822708	run	true
409026865	run	true
1572183816	run	true
1849060740	run	true
615341480	run	true
2124340837	run	true
378961973	run	true
1612705173	run	true
739436529	run	true
1832664460	run	true
1562171437	run	true
2043191365	run	true
1721214167	run	true
1409545169	run	true
1001863727	run	true
2043155485	run	true
1585794299	run	true
150416624	run	true
1152164495	run	true
284805316	run	true
1547919152	run	true
1327359631	run	true
653687530	run	true
2084068096	run	true
1825550213	run	true
187596286	run	true
1231637557	run	true
1878154548	run	true
1430766128	run	true
1333624408	run	true
224567277	run	true
66310916	run	true
6579726	run	true
784144032	run	true
300173241	run	true
1986731854	run	true
2121485069	run	true
2012615166	run	true
893485955	run	true
1452214019	run	true
1942368698	run	true
1253215265	run	true
2088204688	run	true
1136930839	run	true
939519410	run	true
1736396313	run	true
2112741095	run	true
705829689	run	true
1077939407	run	true
915909175	run	true
1280570008	run	true
440367383	run	true
1076608580	run	true
1702911794	run	true
1271142658	run	true
123046876	run	true
1748864030	run	true
1823555074	run	true
1273165273	run	true
1625464012	run	true
1052769632	run	true
1451665664	run	true
899208521	run	true
83134525	run	true
246937920	run	true
989037866	run	true
349120154	run	true
545599831	run	true
1609044297	run	true
2055295758	run	true
1094102937	run	true
1385960231	run	true
793288713	run	true
530855375	run	true
1398692838	run	true
1725370758	run	true
805700277	run	true
1777454076	run	true
439375417	run	true
27609092	run	true
1415430490	run	true
1776473691	run	true
835320519	run	true
21878135	run	true
335622354	run	true
461459779	run	true
144757132	run	true
1918478015	run	true
706598732	run	true
81130312	run	true
662712401	run	true
701321758	run	true
398953464	run	true
2018143259	run	true
476688963	run	true
1287710845	run	true
703935245	run	true
800767062	run	true
440097641	run	true
204409208	run	true
451739546	run	true
607721509	run	true
1123371209	run	true
1559555194	run	true
982513377	run	true
1095149600	run	true
124826931	run	true
1202543666	run	true
30536605	run	true
2145182450	run	true
449680514	run	true
487573865	run	true
970149014	run	true
651318730	run	true
2005860277	run	true
867326632	run	true
711958443	run	true
1502665142	run	true
581689550	run	true
409349389	run	true
1182099444	run	true
1600370921	run	true
1526778833	run	true
936152226	run	true
1388123697	run	true
298885719	run	true
1130379064	run	true
517587495	run	true
1749737659	run	true
1338860193	run	true
1074158891	run	true
125868829	run	true
1166709748	run	true
1783861000	run	true
1256753388	run	true
496324643	run	true
409640987	run	true
13103992	run	true
726621097	run	true
1359761722	run	true
1901749984	run	true
4620252	run	true
804155769	run	true
593944601	run	true
1867395356	run	true
396471790	run	true
1260566051	run	true
1536860104	run	true
130753315	run	true
2080282715	run	true
1651859233	run	true
557122343	run	true
1066251112	run	true
1066636600	run	true
768300367	run	true
2057480843	run	true
789205461	run	true
707801405	run	true
979427749	run	true
1003745118	run	true
782508438	run	true
1268209093	run	true
749430129	run	true
1997723653	run	true
2075462623	run	true
251174435	run	true
837044920	run	true
1144631916	run	true
478209377	run	true
2005791043	run	true
305895565	run	true
1419912258	run	true
2068904881	run	true
1152302466	run	true
1028187148	run	true
2043765193	run	true
672463410	run	true
480789068	run	true
1125894762	run	true
1017240917	run	true
1778562385	run	true
1342605853	run	true
1841181733	run	true
900616545	run	true
1131830272	run	true
241341349	run	true
419598059	run	true
652765390	run	true
1430563914	run	true
156280793	run	true
377276010	run	true
848988368	run	true
880453785	run	true
183352135	run	true
1493661736	run	true
9844756	run	true
359065690	run	true
1234158121	run	true
635682091	run	true
1168604670	run	true
1708623799	run	true
1218122520	run	true
1523151052	run	true
1727037538	run	true
1132535021	run	true
1816942880	run	true
883052528	run	true
2062489335	run	true
789317492	run	true
1494219840	run	true
1957728661	run	true
2039660031	run	true
579706695	run	true
221120267	run	true
646535341	run	true
1829421162	run	true
324899634	run	true
171696854	run	true
1853044232	run	true
147767565	run	true
1364822773	run	true
1807909982	run	true
1265231074	run	true
736223302	run	true
58333340	run	true
1803592153	run	true
20218480	run	true
1758018397	run	true
1501024148	run	true
1311118201	run	true
1166960612	run	true
589051149	run	true
100857404	run	true
1434472835	run	true
1848427320	run	true
604052694	run	true
1363357819	run	true
535309947	run	true
998158698	run	true
2059720381	run	true
2027857271	run	true
1281122938	run	true
1014161488	run	true
360984272	run	true
611817300	run	true
1694778074	run	true
1349799820	run	true
107702581	run	true
1321317464	run	true
1301320934	run	true
1162121325	run	true
2141498413	run	true
902537633	run	true
414702506	run	true
607894398	run	true
1056777559	run	true
1054324247	run	true
85274685	run	true
713909482	run	true
346255725	run	true
721473505	run	true
982434427	run	true
1963301773	run	true
689501300	run	true
966578587	run	true
31911933	run	true
1144942650	run	true
1497312837	run	true
1583720342	run	true
725086912	run	true
582355317	run	true
1330772904	run	true
182467778	run	true
785534864	run	true
1706942361	run	true
62663490	run	true
652896406	run	true
1147503074	run	true
1324727198	run	true
1292462700	run	true
2057430980	run	true
1883841387	run	true
1531300275	run	true
251983460	run	true
174446210	run	true
1617565140	run	true
544082553	run	true
477617336	run	true
898328121	run	true
1697977807	run	true
1943061151	run	true
962568353	run	true
1837912076	run	true
861738529	run	true
583707975	run	true
1371458724	run	true
1291255995	run	true
1869399601	run	true
893038224	run	true
99013964	run	true
457330548	run	true
1863972817	run	true
984605079	run	true
740527674	run	true
796301389	run	true
577468540	run	true
1511594271	run	true
901152818	run	true
390782529	run	true
471652501	run	true
1027613985	run	true
1640328925	run	true
1344229088	run	true
1042309568	run	true
1397660837	run	true
584735291	run	true
1711650022	run	true
77883931	run	true
359887687	run	true
511483057	run	true
1641705217	run	true
2083556825	run	true
55078040	run	true
1711434670	run	true
1483135086	run	true
1385127604	run	true
1358575865	run	true
325979699	run	true
838654854	run	true
1643710574	run	true
1409227894	run	true
124354317	run	true
1017333475	run	true
401337202	run	true
1245136577	run	true
1964885695	run	true
2076291835	run	true
1884892870	run	true
2030186205	run	true
51117406	run	true
1202114695	run	true
484542836	run	true
1939150777	run	true
1495436616	run	true
1998300220	run	true
1579729962	run	true
741050015	run	true
1839635420	run	true
206624651	run	true
882190384	run	true
261531960	run	true
1184260467	run	true
1979268695	run	true
66427414	run	true
497779661	run	true
1283782113	run	true
152871223	run	true
1072960640	run	true
622717869	run	true
1555221757	run	true
193372862	run	true
1365364317	run	true
430264567	run	true
1023074347	run	true
1979396691	run	true
924102605	run	true
147291468	run	true
977812019	run	true
214320151	run	true
1141223085	run	true
1215341385	run	true
1370815908	run	true
784995809	run	true
147436413	run	true
1460845990	run	true
84244689	run	true
921599387	run	true
1024487340	run	true
1150902773	run	true
1224174314	run	true
1622013827	run	true
1197288625	run	true
591771894	run	true
1974194119	run	true
1456861855	run	true
2010497631	run	true
1099957041	run	true
652030022	run	true
1584446962	run	true
1553220919	run	true
898732443	run	true
2073244366	run	true
1364289179	run	true
625115226	run	true
729831815	run	true
525490433	run	true
776432026	run	true
876607721	run	true
132475478	run	true
1519812379	run	true
830019192	run	true
840324116	run	true
272277403	run	true
619285260	run	true
556112248	run	true
1237116509	run	true
124149742	run	true
792805122	run	true
2121583727	run	true
1841560714	run	true
815508207	run	true
1421404174	run	true
135939600	run	true
1426360285	run	true
928431832	run	true
900587335	run	true
1892459579	run	true
1271451255	run	true
1844347371	run	true
1393334979	run	true
1363649715	run	true
397928257	run	true
435759842	run	true
1518318498	run	true
676056414	run	true
2091769405	run	true
125964699	run	true
58103267	run	true
127368085	run	true
216829612	run	true
972992197	run	true
251553282	run	true
679865383	run	true
7461751	run	true
2023610727	run	true
958404622	run	true
37780992	run	true
1985675244	run	true
491629905	run	true
120125295	run	true
471915390	run	true
1989793496	run	true
675143037	run	true
313038107	run	true
1465262785	run	true
555253018	run	true
1007385009	run	true
32022594	run	true
79203986	run	true
1022559861	run	true
283709922	run	true
1155070880	run	true
829532378	run	true
6006162	run	true
1110911952	run	true
38160024	run	true
1537042362	run	true
613845292	run	true
1585229257	run	true
803199112	run	true
663334339	run	true
1754146130	run	true
595407707	run	true
8591019	run	true
418087505	run	true
2026035661	run	true
1268564869	run	true
1103217375	run	true
289690174	run	true
1649981657	run	true
1599220154	run	true
1988455613	run	true
933471273	run	true
554114678	run	true
1053595836	run	true
568474494	run	true
423958546	run	true
1015659271	run	true
1927640128	run	true
1484906900	run	true
499616435	run	true
1271339251	run	true
1496158334	run	true
482796766	run	true
150116304	run	true
1908246113	run	true
1191432060	run	true
595932165	run	true
1589111062	run	true
2041420256	run	true
309404285	run	true
1948665493	run	true
2122821571	run	true
1425448407	run	true
1440746832	run	true
845415197	run	true
1760965264	run	true
839085297	run	true
732764833	run	true
1202407677	run	true
49967113	run	true
953769271	run	true
277384730	run	true
1251312593	run	true
1440686959	run	true
647137255	run	true
540709463	run	true
2052869099	run	true
157847240	run	true
1014541335	run	true
597353139	run	true
1036207948	run	true
1601388624	run	true
1165205292	run	true
2012833749	run	true
1651625690	run	true
378396109	run	true
1216701971	run	true
1288045937	run	true
1392732010	run	true
412594766	run	true
2098537932	run	true
1125444771	run	true
807230911	run	true
1605992280	run	true
1294572449	run	true
13112798	run	true
627002382	run	true
227760531	run	true
469330231	run	true
629305160	run	true
1418634678	run	true
1466371153	run	true
2027073107	run	true
1521462652	run	true
1689890070	run	true
2054801683	run	true
1020873205	run	true
388172750	run	true
1827418487	run	true
358510145	run	true
1390134302	run	true
584818885	run	true
2085794776	run	true
1759296925	run	true
1766727011	run	true
789472758	run	true
563979187	run	true
909436345	run	true
1039560871	run	true
246985522	run	true
1020652387	run	true
1403888066	run	true
1427554621	run	true
1759886785	run	true
77636347	run	true
1150009911	run	true
1738813973	run	true
1857693439	run	true
391496434	run	true
833633373	run	true
1335586329	run	true
1334949941	run	true
1708394692	run	true
1059413684	run	true
1702109683	run	true
1230932055	run	true
1176093582	run	true
1877718965	run	true
1390463833	run	true
1106496131	run	true
44074926	run	true
1807626826	run	true
369570373	run	true
898338987	run	true
1416916138	run	true
629380121	run	true
1935832423	run	true
290011773	run	true
1218364903	run	true
997854845	run	true
661270190	run	true
182042196	run	true
692308040	run	true
1358862453	run	true
1072952759	run	true
990765051	run	true
57864667	run	true
506997799	run	true
1263190049	run	true
1810185115	run	true
1340191251	run	true
894037116	run	true
449557416	run	true
1260022722	run	true
1634315326	run	true
922268343	run	true
1458280439	run	true
1413740481	run	true
525721166	run	true
78511136	run	true
2125958080	run	true
1415462881	run	true
131785060	run	true
886600699	run	true
1664572623	run	true
982868835	run	true
879986060	run	true
1201188291	run	true
1485063213	run	true
318198309	run	true
1217769849	run	true
163102800	run	true
133810057	run	true
1205839284	run	true
1559127440	run	true
1549243167	run	true
1396422279	run	true
58063208	run	true
1745677019	run	true
6484106	run	true
1149810206	run	true
1432700589	run	true
851635988	run	true
1518775587	run	true
978196462	run	true
1178010489	run	true
68881092	run	true
916406308	run	true
540706083	run	true
108936227	run	true
814456580	run	true
471115977	run	true
252197439	run	true
669016412	run	true
585264564	run	true
1502736462	run	true
36402024	run	true
1399991595	run	true
1706647498	run	true
1563541350	run	true
1627626892	run	true
2111934956	run	true
416304597	run	true
1025710871	run	true
1006309289	run	true
1927859337	run	true
941280749	run	true
1893303396	run	true
1449665918	run	true
1017119888	run	true
283544889	run	true
1823654563	run	true
848435182	run	true
1908493226	run	true
203966664	run	true
279068892	run	true
1439278650	run	true
222938388	run	true
680056558	run	true
1857540893	run	true
1288902292	run	true
280982516	run	true
1941707593	run	true
2137312513	run	true
30129389	run	true
1650005089	run	true
813048563	run	true
434276773	run	true
874187960	run	true
432938851	run	true
830149080	run	true
1688219395	run	true
201823638	run	true
901773937	run	true
1106051152	run	true
2067233154	run	true
1609149449	run	true
1116346055	run	true
1967822536	run	true
290327058	run	true
2057211247	run	true
892887522	run	true
930131351	run	true
1007555531	run	true
1949218840	run	true
1908457131	run	true
438694190	run	true
684447218	run	true
64095452	run	true
340492133	run	true
229280282	run	true
638532606	run	true
755205383	run	true
2051159061	run	true
584606870	run	true
694623622	run	true
876705906	run	true
535639828	run	true
931675884	run	true
110652562	run	true
650584494	run	true
1929283509	run	true
2082172188	run	true
986949062	run	true
1225925806	run	true
1245133950	run	true
1795869742	run	true
1740331397	run	true
1646865075	run	true
2073523685	run	true
1549221649	run	true
245870169	run	true
1924026713	run	true
260577143	run	true
1415448410	run	true
433171959	run	true
1625589078	run	true
878731917	run	true
165722893	run	true
485991785	run	true
854845559	run	true
97200081	run	true
428181853	run	true
907400441	run	true
1835888878	run	true
164676671	run	true
33651378	run	true
709196123	run	true
522241815	run	true
574273540	run	true
1467967342	run	true
1406324935	run	true
1152478760	run	true
1151631556	run	true
647139570	run	true
1339915303	run	true
904208976	run	true
2016437840	run	true
735163267	run	true
337604265	run	true
1912172246	run	true
1747367021	run	true
1054362539	run	true
1630523238	run	true
845178396	run	true
37640185	run	true
674135765	run	true
1511825122	run	true
1541858295	run	true
695128551	run	true
1101539092	run	true
1624789249	run	true
2092896408	run	true
350920416	run	true
1481144213	run	true
914435646	run	true
149255489	run	true
1818017644	run	true
539649253	run	true
1258725524	run	true
2141715444	run	true
1458562296	run	true
228176475	run	true
2018015404	run	true
773035146	run	true
865776730	run	true
14040932	run	true
581062829	run	true
947921387	run	true
2045823743	run	true
2024069694	run	true
1590802865	run	true
525446714	run	true
1406541418	run	true
1303715999	run	true
668193713	run	true
1791793257	run	true
296037025	run	true
105142007	run	true
1907004243	run	true
755807188	run	true
539023482	run	true
597002710	run	true
784073503	run	true
1431187496	run	true
1152410847	run	true
1012369834	run	true
339770697	run	true
1152844188	run	true
989803063	run	true
2103636508	run	true
376460212	run	true
1442639131	run	true
359260497	run	true
209522074	run	true
457159462	run	true
77134826	run	true
1139355740	run	true
1708525084	run	true
1825027471	run	true
915423096	run	true
1175768117	run	true
151682824	run	true
1892494678	run	true
1605121254	run	true
1273770379	run	true
186626939	run	true
981262812	run	true
1350507278	run	true
1154146790	run	true
1022286910	run	true
1967931897	run	true
773194097	run	true
529023553	run	true
1182871590	run	true
894351932	run	true
2089728875	run	true
1327373278	run	true
1749780616	run	true
1781494308	run	true
1034990820	run	true
2021007595	run	true
976315466	run	true
759930925	run	true
1433120973	run	true
685389565	run	true
211963423	run	true
533353534	run	true
473335637	run	true
1018273732	run	true
108388774	run	true
1577368273	run	true
1126473346	run	true
2132287548	run	true
9111794	run	true
1618713397	run	true
1238100125	run	true
1951416990	run	true
539165399	run	true
119375354	run	true
244732407	run	true
532110307	run	true
1486432210	run	true
1961488755	run	true
1172552420	run	true
2057977495	run	true
1408074435	run	true
522663159	run	true
1882064060	run	true
763670648	run	true
2023407360	run	true
300049435	run	true
1071812675	run	true
906395214	run	true
1221005087	run	true
877345938	run	true
1226130692	run	true
699068302	run	true
516832974	run	true
749616502	run	true
1609854055	run	true
12531612	run	true
336367944	run	true
708983371	run	true
2016193989	run	true
954304155	run	true
324097885	run	true
180362881	run	true
1870285779	run	true
1778460700	run	true
657233425	run	true
1841248847	run	true
1328338271	run	true
746469094	run	true
664839298	run	true
783510567	run	true
38611788	run	true
1221089750	run	true
503613639	run	true
1104451908	run	true
1774672799	run	true
714776777	run	true
300783619	run	true
215146327	run	true
86224425	run	true
623004440	run	true
1545616267	run	true
1029407489	run	true
2119027214	run	true
1334410843	run	true
332358968	run	true
2066143509	run	true
1859704149	run	true
902499299	run	true
851704042	run	true
477420589	run	true
1600225620	run	true
2102965364	run	true
1150077297	run	true
2040680952	run	true
459899552	run	true
596150808	run	true
619415138	run	true
253002977	run	true
1483881380	run	true
894687144	run	true
968054237	run	true
338573827	run	true
1885904581	run	true
1379682875	run	true
23468324	run	true
838173814	run	true
518410480	run	true
234125242	run	true
2026813400	run	true
1648499000	run	true
127848818	run	true
242662567	run	true
748265802	run	true
728324502	run	true
923964582	run	true
143573847	run	true
651873247	run	true
1627193942	run	true
1881555872	run	true
1420360256	run	true
480479663	run	true
1971959888	run	true
610505621	run	true
1533713177	run	true
1364121283	run	true
609786957	run	true
998222744	run	true
1858743655	run	true
483843682	run	true
162862690	run	true
1458093492	run	true
1590386532	run	true
1995052547	run	true
1061019432	run	true
262129748	run	true
1047926047	run	true
524704763	run	true
482486947	run	true
662842533	run	true
2072929574	run	true
1648547157	run	true
1612184027	run	true
907229891	run	true
1498381348	run	true
564745821	run	true
838252423	run	true
458607249	run	true
1006312877	run	true
1100721409	run	true
1669519108	run	true
632291445	run	true
951005309	run	true
420383931	run	true
2093914466	run	true
898016340	run	true
1365131047	run	true
2013027796	run	true
1676710986	run	true
1704452237	run	true
516235398	run	true
494562926	run	true
1693508190	run	true
1592587709	run	true
984522468	run	true
1386427803	run	true
97067194	run	true
1192483270	run	true
762697909	run	true
1195309475	run	true
1749978039	run	true
1762666004	run	true
1115137958	run	true
516517859	run	true
1920153843	run	true
950271563	run	true
258504291	run	true
486829494	run	true
2143441685	run	true
2102996415	run	true
114603629	run	true
659078670	run	true
556007644	run	true
1074316401	run	true
771716802	run	true
661144846	run	true
1738871377	run	true
322232993	run	true
852531165	run	true
1280712530	run	true
828430986	run	true
332047550	run	true
1938056016	run	true
1481429879	run	true
1417654221	run	true
680629549	run	true
1249993019	run	true
892083833	run	true
1180728949	run	true
509406518	run	true
1128459710	run	true
331683194	run	true
1401890766	run	true
1921171632	run	true
191344498	run	true
1706400285	run	true
144313165	run	true
837808913	run	true
394046400	run	true
1834674022	run	true
800948594	run	true
544382750	run	true
828561267	run	true
1448726614	run	true
2064143237	run	true
777720471	run	true
354959945	run	true
178928669	run	true
216939170	run	true
1218233183	run	true
714898103	run	true
236466807	run	true
1292520891	run	true
538310733	run	true
531445124	run	true
1707306272	run	true
2146778369	run	true
756178761	run	true
380540868	run	true
666921892	run	true
2107265758	run	true
492804729	run	true
368902054	run	true
865043592	run	true
607416644	run	true
362619515	run	true
890161689	run	true
1582509579	run	true
1958498426	run	true
92306193	run	true
326733506	run	true
1428738280	run	true
488062106	run	true
1234646826	run	true
185816103	run	true
1629106269	run	true
1778943485	run	true
1038227103	run	true
2146765597	run	true
1259704340	run	true
1187183759	run	true
1020623793	run	true
329786447	run	true
2080903383	run	true
1732372020	run	true
948148580	run	true
1890391410	run	true
823272536	run	true
1712571512	run	true
309981440	run	true
1542492148	run	true
1811501571	run	true
1005984764	run	true
1321765136	run	true
487946203	run	true
124771036	run	true
1759416968	run	true
955771312	run	true
1570173709	run	true
1330813083	run	true
466857314	run	true
1896549503	run	true
2083385804	run	true
303071783	run	true
1789752996	run	true
926545627	run	true
355587787	run	true
352276310	run	true
1768790780	run	true
86805440	run	true
1186996214	run	true
884514780	run	true
993635277	run	true
770741959	run	true
913497083	run	true
379475073	run	true
1278565387	run	true
2034650248	run	true
1529074628	run	true
1389289893	run	true
1999529282	run	true
43963162	run	true
1047381411	run	true
2103518836	run	true
1012485208	run	true
486938988	run	true
836199417	run	true
1754216556	run	true
1834830563	run	true
