959202844	none	{"result":{"recorded":true,"address":959202844,"logSize":1}}
37679234	none	{"result":{"recorded":true,"address":37679234,"logSize":2}}
2074422509	none	{"result":{"recorded":true,"address":2074422509,"logSize":3}}
1260698065	none	{"result":{"recorded":true,"address":1260698065,"logSize":4}}
1049712340	none	{"result":{"recorded":true,"address":1049712340,"logSize":5}}
562328083	none	{"result":{"recorded":true,"address":562328083,"logSize":6}}
426179484	none	{"result":{"recorded":true,"address":426179484,"logSize":7}}
369193179	none	{"result":{"recorded":true,"address":369193179,"logSize":8}}
765129201	none	{"result":{"recorded":true,"address":765129201,"logSize":9}}
2131498827	none	{"result":{"recorded":true,"address":2131498827,"logSize":10}}
214405140	none	{"result":{"recorded":true,"address":214405140,"logSize":11}}
388437144	none	{"result":{"recorded":true,"address":388437144,"logSize":12}}
2146543810	none	{"result":{"recorded":true,"address":2146543810,"logSize":13}}
1569654105	none	{"result":{"recorded":true,"address":1569654105,"logSize":14}}
1467482693	none	{"result":{"recorded":true,"address":1467482693,"logSize":15}}
457088810	none	{"result":{"recorded":true,"address":457088810,"logSize":16}}
913126809	none	{"result":{"recorded":true,"address":913126809,"logSize":17}}
2011248454	none	{"result":{"recorded":true,"address":2011248454,"logSize":18}}
266026569	none	{"result":{"recorded":true,"address":266026569,"logSize":19}}
1114207153	none	{"result":{"recorded":true,"address":1114207153,"logSize":20}}
287945362	none	{"result":{"recorded":true,"address":287945362,"logSize":21}}
48922713	none	{"result":{"recorded":true,"address":48922713,"logSize":22}}
1470512167	none	{"result":{"recorded":true,"address":1470512167,"logSize":23}}
817440613	none	{"result":{"recorded":true,"address":817440613,"logSize":24}}
195119554	none	{"result":{"recorded":true,"address":195119554,"logSize":25}}
1937121117	none	{"result":{"recorded":true,"address":1937121117,"logSize":26}}
1191798101	none	{"result":{"recorded":true,"address":1191798101,"logSize":27}}
539745039	none	{"result":{"recorded":true,"address":539745039,"logSize":28}}
479715086	none	{"result":{"recorded":true,"address":479715086,"logSize":29}}
230030978	none	{"result":{"recorded":true,"address":230030978,"logSize":30}}
1184068005	none	{"result":{"recorded":true,"address":1184068005,"logSize":31}}
206686785	none	{"result":{"recorded":true,"address":206686785,"logSize":32}}
1456957601	none	{"result":{"recorded":true,"address":1456957601,"logSize":33}}
422856827	none	{"result":{"recorded":true,"address":422856827,"logSize":34}}
1856500620	none	{"result":{"recorded":true,"address":1856500620,"logSize":35}}
1387103463	none	{"result":{"recorded":true,"address":1387103463,"logSize":36}}
438165711	none	{"result":{"recorded":true,"address":438165711,"logSize":37}}
891699335	none	{"result":{"recorded":true,"address":891699335,"logSize":38}}
963960699	none	{"result":{"recorded":true,"address":963960699,"logSize":39}}
575956985	none	{"result":{"recorded":true,"address":575956985,"logSize":40}}
22400968	none	{"result":{"recorded":true,"address":22400968,"logSize":41}}
613575023	none	{"result":{"recorded":true,"address":613575023,"logSize":42}}
1197402197	none	{"result":{"recorded":true,"address":1197402197,"logSize":43}}
772335172	none	{"result":{"recorded":true,"address":772335172,"logSize":44}}
1460211186	none	{"result":{"recorded":true,"address":1460211186,"logSize":45}}
1732941262	none	{"result":{"recorded":true,"address":1732941262,"logSize":46}}
941695527	none	{"result":{"recorded":true,"address":941695527,"logSize":47}}
1112988324	none	{"result":{"recorded":true,"address":1112988324,"logSize":48}}
112727658	none	{"result":{"recorded":true,"address":112727658,"logSize":49}}
2066528250	none	{"result":{"recorded":true,"address":2066528250,"logSize":50}}
1120033694	none	{"result":{"recorded":true,"address":1120033694,"logSize":51}}
1937177179	none	{"result":{"recorded":true,"address":1937177179,"logSize":52}}
1377317701	none	{"result":{"recorded":true,"address":1377317701,"logSize":53}}
348479381	none	{"result":{"recorded":true,"address":348479381,"logSize":54}}
1245224633	none	{"result":{"recorded":true,"address":1245224633,"logSize":55}}
1899775715	none	{"result":{"recorded":true,"address":1899775715,"logSize":56}}
530891996	none	{"result":{"recorded":true,"address":530891996,"logSize":57}}
1928641487	none	{"result":{"recorded":true,"address":1928641487,"logSize":58}}
1120442167	none	{"result":{"recorded":true,"address":1120442167,"logSize":59}}
1912817704	none	{"result":{"recorded":true,"address":1912817704,"logSize":60}}
1672043667	none	{"result":{"recorded":true,"address":1672043667,"logSize":61}}
1934265607	none	{"result":{"recorded":true,"address":1934265607,"logSize":62}}
1046016221	none	{"result":{"recorded":true,"address":1046016221,"logSize":63}}
1408499727	none	{"result":{"recorded":true,"address":1408499727,"logSize":64}}
160316634	none	{"result":{"recorded":true,"address":160316634,"logSize":65}}
252371155	none	{"result":{"recorded":true,"address":252371155,"logSize":66}}
978676253	none	{"result":{"recorded":true,"address":978676253,"logSize":67}}
1558420783	none	{"result":{"recorded":true,"address":1558420783,"logSize":68}}
477874547	none	{"result":{"recorded":true,"address":477874547,"logSize":69}}
527806321	none	{"result":{"recorded":true,"address":527806321,"logSize":70}}
576514537	none	{"result":{"recorded":true,"address":576514537,"logSize":71}}
703401204	none	{"result":{"recorded":true,"address":703401204,"logSize":72}}
1215762890	none	{"result":{"recorded":true,"address":1215762890,"logSize":73}}
1030440014	none	{"result":{"recorded":true,"address":1030440014,"logSize":74}}
1398728236	none	{"result":{"recorded":true,"address":1398728236,"logSize":75}}
1087015743	none	{"result":{"recorded":true,"address":1087015743,"logSize":76}}
21755759	none	{"result":{"recorded":true,"address":21755759,"logSize":77}}
391421434	none	{"result":{"recorded":true,"address":391421434,"logSize":78}}
153303356	none	{"result":{"recorded":true,"address":153303356,"logSize":79}}
984578542	none	{"result":{"recorded":true,"address":984578542,"logSize":80}}
352307538	none	{"result":{"recorded":true,"address":352307538,"logSize":81}}
846734821	none	{"result":{"recorded":true,"address":846734821,"logSize":82}}
1965898620	none	{"result":{"recorded":true,"address":1965898620,"logSize":83}}
302181006	none	{"result":{"recorded":true,"address":302181006,"logSize":84}}
344750155	none	{"result":{"recorded":true,"address":344750155,"logSize":85}}
1961363425	none	{"result":{"recorded":true,"address":1961363425,"logSize":86}}
777000610	none	{"result":{"recorded":true,"address":777000610,"logSize":87}}
1872147519	none	{"result":{"recorded":true,"address":1872147519,"logSize":88}}
503066160	none	{"result":{"recorded":true,"address":503066160,"logSize":89}}
176590812	none	{"result":{"recorded":true,"address":176590812,"logSize":90}}
1109170374	none	{"result":{"recorded":true,"address":1109170374,"logSize":91}}
1530853526	none	{"result":{"recorded":true,"address":1530853526,"logSize":92}}
1	none	{"result":{"recorded":true,"address":1,"logSize":93}}
2	none	{"result":{"recorded":true,"address":2,"logSize":94}}
0	none	{"result":{"recorded":true,"address":0,"logSize":95}}
11	none	{"result":{"recorded":true,"address":11,"logSize":96}}
20	none	{"result":{"recorded":true,"address":20,"logSize":97}}
15	none	{"result":{"recorded":true,"address":15,"logSize":98}}
19	none	{"result":{"recorded":true,"address":19,"logSize":99}}
14	none	{"result":{"recorded":true,"address":14,"logSize":100}}
7	none	{"result":{"recorded":true,"address":7,"logSize":101}}
8	none	{"result":{"recorded":true,"address":8,"logSize":102}}
13	none	{"result":{"recorded":true,"address":13,"logSize":103}}
9	none	{"result":{"recorded":true,"address":9,"logSize":104}}
10	none	{"result":{"recorded":true,"address":10,"logSize":105}}
3	none	{"result":{"recorded":true,"address":3,"logSize":106}}
4	none	{"result":{"recorded":true,"address":4,"logSize":107}}
18	none	{"result":{"recorded":true,"address":18,"logSize":108}}
17	none	{"result":{"recorded":true,"address":17,"logSize":109}}
5	none	{"result":{"recorded":true,"address":5,"logSize":110}}
6	none	{"result":{"recorded":true,"address":6,"logSize":111}}
16	none	{"result":{"recorded":true,"address":16,"logSize":112}}
33	none	{"result":{"recorded":true,"address":33,"logSize":113}}
41	none	{"result":{"recorded":true,"address":41,"logSize":114}}
35	none	{"result":{"recorded":true,"address":35,"logSize":115}}
26	none	{"result":{"recorded":true,"address":26,"logSize":116}}
36	none	{"result":{"recorded":true,"address":36,"logSize":117}}
23	none	{"result":{"recorded":true,"address":23,"logSize":118}}
37	none	{"result":{"recorded":true,"address":37,"logSize":119}}
21	none	{"result":{"recorded":true,"address":21,"logSize":120}}
34	none	{"result":{"recorded":true,"address":34,"logSize":121}}
24	none	{"result":{"recorded":true,"address":24,"logSize":122}}
38	none	{"result":{"recorded":true,"address":38,"logSize":123}}
39	none	{"result":{"recorded":true,"address":39,"logSize":124}}
27	none	{"result":{"recorded":true,"address":27,"logSize":125}}
30	none	{"result":{"recorded":true,"address":30,"logSize":126}}
28	none	{"result":{"recorded":true,"address":28,"logSize":127}}
43	none	{"result":{"recorded":true,"address":43,"logSize":128}}
25	none	{"result":{"recorded":true,"address":25,"logSize":129}}
32	none	{"result":{"recorded":true,"address":32,"logSize":130}}
42	none	{"result":{"recorded":true,"address":42,"logSize":131}}
40	none	{"result":{"recorded":true,"address":40,"logSize":132}}
127	none	{"result":{"recorded":true,"address":127,"logSize":133}}
158	none	{"result":{"recorded":true,"address":158,"logSize":134}}
100	none	{"result":{"recorded":true,"address":100,"logSize":135}}
149	none	{"result":{"recorded":true,"address":149,"logSize":136}}
145	none	{"result":{"recorded":true,"address":145,"logSize":137}}
174	none	{"result":{"recorded":true,"address":174,"logSize":138}}
171	none	{"result":{"recorded":true,"address":171,"logSize":139}}
115	none	{"result":{"recorded":true,"address":115,"logSize":140}}
106	none	{"result":{"recorded":true,"address":106,"logSize":141}}
138	none	{"result":{"recorded":true,"address":138,"logSize":142}}
113	none	{"result":{"recorded":true,"address":113,"logSize":143}}
125	none	{"result":{"recorded":true,"address":125,"logSize":144}}
151	none	{"result":{"recorded":true,"address":151,"logSize":145}}
170	none	{"result":{"recorded":true,"address":170,"logSize":146}}
161	none	{"result":{"recorded":true,"address":161,"logSize":147}}
112	none	{"result":{"recorded":true,"address":112,"logSize":148}}
156	none	{"result":{"recorded":true,"address":156,"logSize":149}}
144	none	{"result":{"recorded":true,"address":144,"logSize":150}}
122	none	{"result":{"recorded":true,"address":122,"logSize":151}}
172	none	{"result":{"recorded":true,"address":172,"logSize":152}}
119	none	{"result":{"recorded":true,"address":119,"logSize":153}}
159	none	{"result":{"recorded":true,"address":159,"logSize":154}}
110	none	{"result":{"recorded":true,"address":110,"logSize":155}}
143	none	{"result":{"recorded":true,"address":143,"logSize":156}}
111	none	{"result":{"recorded":true,"address":111,"logSize":157}}
168	none	{"result":{"recorded":true,"address":168,"logSize":158}}
152	none	{"result":{"recorded":true,"address":152,"logSize":159}}
175	none	{"result":{"recorded":true,"address":175,"logSize":160}}
148	none	{"result":{"recorded":true,"address":148,"logSize":161}}
164	none	{"result":{"recorded":true,"address":164,"logSize":162}}
116	none	{"result":{"recorded":true,"address":116,"logSize":163}}
135	none	{"result":{"recorded":true,"address":135,"logSize":164}}
163	none	{"result":{"recorded":true,"address":163,"logSize":165}}
108	none	{"result":{"recorded":true,"address":108,"logSize":166}}
102	none	{"result":{"recorded":true,"address":102,"logSize":167}}
120	none	{"result":{"recorded":true,"address":120,"logSize":168}}
133	none	{"result":{"recorded":true,"address":133,"logSize":169}}
173	none	{"result":{"recorded":true,"address":173,"logSize":170}}
155	none	{"result":{"recorded":true,"address":155,"logSize":171}}
146	none	{"result":{"recorded":true,"address":146,"logSize":172}}
114	none	{"result":{"recorded":true,"address":114,"logSize":173}}
103	none	{"result":{"recorded":true,"address":103,"logSize":174}}
150	none	{"result":{"recorded":true,"address":150,"logSize":175}}
166	none	{"result":{"recorded":true,"address":166,"logSize":176}}
104	none	{"result":{"recorded":true,"address":104,"logSize":177}}
140	none	{"result":{"recorded":true,"address":140,"logSize":178}}
157	none	{"result":{"recorded":true,"address":157,"logSize":179}}
169	none	{"result":{"recorded":true,"address":169,"logSize":180}}
167	none	{"result":{"recorded":true,"address":167,"logSize":181}}
128	none	{"result":{"recorded":true,"address":128,"logSize":182}}
123	none	{"result":{"recorded":true,"address":123,"logSize":183}}
139	none	{"result":{"recorded":true,"address":139,"logSize":184}}
107	none	{"result":{"recorded":true,"address":107,"logSize":185}}
131	none	{"result":{"recorded":true,"address":131,"logSize":186}}
142	none	{"result":{"recorded":true,"address":142,"logSize":187}}
124	none	{"result":{"recorded":true,"address":124,"logSize":188}}
162	none	{"result":{"recorded":true,"address":162,"logSize":189}}
12	none	{"result":{"recorded":true,"address":12,"logSize":190}}
31	none	{"result":{"recorded":true,"address":31,"logSize":191}}
48	none	{"result":{"recorded":true,"address":48,"logSize":192}}
47	none	{"result":{"recorded":true,"address":47,"logSize":193}}
44	none	{"result":{"recorded":true,"address":44,"logSize":194}}
22	none	{"result":{"recorded":true,"address":22,"logSize":195}}
60	none	{"result":{"recorded":true,"address":60,"logSize":196}}
76	none	{"result":{"recorded":true,"address":76,"logSize":197}}
51	none	{"result":{"recorded":true,"address":51,"logSize":198}}
45	none	{"result":{"recorded":true,"address":45,"logSize":199}}
52	none	{"result":{"recorded":true,"address":52,"logSize":200}}
75	none	{"result":{"recorded":true,"address":75,"logSize":201}}
53	none	{"result":{"recorded":true,"address":53,"logSize":202}}
29	none	{"result":{"recorded":true,"address":29,"logSize":203}}
63	none	{"result":{"recorded":true,"address":63,"logSize":204}}
65	none	{"result":{"recorded":true,"address":65,"logSize":205}}
74	none	{"result":{"recorded":true,"address":74,"logSize":206}}
62	none	{"result":{"recorded":true,"address":62,"logSize":207}}
55	none	{"result":{"recorded":true,"address":55,"logSize":208}}
58	none	{"result":{"recorded":true,"address":58,"logSize":209}}
57	none	{"result":{"recorded":true,"address":57,"logSize":210}}
70	none	{"result":{"recorded":true,"address":70,"logSize":211}}
73	none	{"result":{"recorded":true,"address":73,"logSize":212}}
72	none	{"result":{"recorded":true,"address":72,"logSize":213}}
71	none	{"result":{"recorded":true,"address":71,"logSize":214}}
54	none	{"result":{"recorded":true,"address":54,"logSize":215}}
46	none	{"result":{"recorded":true,"address":46,"logSize":216}}
64	none	{"result":{"recorded":true,"address":64,"logSize":217}}
66	none	{"result":{"recorded":true,"address":66,"logSize":218}}
50	none	{"result":{"recorded":true,"address":50,"logSize":219}}
67	none	{"result":{"recorded":true,"address":67,"logSize":220}}
69	none	{"result":{"recorded":true,"address":69,"logSize":221}}
68	none	{"result":{"recorded":true,"address":68,"logSize":222}}
61	none	{"result":{"recorded":true,"address":61,"logSize":223}}
59	none	{"result":{"recorded":true,"address":59,"logSize":224}}
56	none	{"result":{"recorded":true,"address":56,"logSize":225}}
49	none	{"result":{"recorded":true,"address":49,"logSize":226}}
1048495670	none	{"result":{"recorded":true,"address":1048495670,"logSize":227}}
2009808879	none	{"result":{"recorded":true,"address":2009808879,"logSize":228}}
552962686	none	{"result":{"recorded":true,"address":552962686,"logSize":229}}
608617920	none	{"result":{"recorded":true,"address":608617920,"logSize":230}}
1436446370	none	{"result":{"recorded":true,"address":1436446370,"logSize":231}}
1946648912	none	{"result":{"recorded":true,"address":1946648912,"logSize":232}}
1686358996	none	{"result":{"recorded":true,"address":1686358996,"logSize":233}}
1297582063	none	{"result":{"recorded":true,"address":1297582063,"logSize":234}}
1051235729	none	{"result":{"recorded":true,"address":1051235729,"logSize":235}}
752301913	none	{"result":{"recorded":true,"address":752301913,"logSize":236}}
141483273	none	{"result":{"recorded":true,"address":141483273,"logSize":237}}
1060916931	none	{"result":{"recorded":true,"address":1060916931,"logSize":238}}
213923412	none	{"result":{"recorded":true,"address":213923412,"logSize":239}}
1677564079	none	{"result":{"recorded":true,"address":1677564079,"logSize":240}}
328048719	none	{"result":{"recorded":true,"address":328048719,"logSize":241}}
1983529062	none	{"result":{"recorded":true,"address":1983529062,"logSize":242}}
1604562425	none	{"result":{"recorded":true,"address":1604562425,"logSize":243}}
1220279988	none	{"result":{"recorded":true,"address":1220279988,"logSize":244}}
868347593	none	{"result":{"recorded":true,"address":868347593,"logSize":245}}
1507106729	none	{"result":{"recorded":true,"address":1507106729,"logSize":246}}
1573324843	none	{"result":{"recorded":true,"address":1573324843,"logSize":247}}
1330249741	none	{"result":{"recorded":true,"address":1330249741,"logSize":248}}
1103414927	none	{"result":{"recorded":true,"address":1103414927,"logSize":249}}
2108577516	none	{"result":{"recorded":true,"address":2108577516,"logSize":250}}
47037103	none	{"result":{"recorded":true,"address":47037103,"logSize":251}}
2087808404	none	{"result":{"recorded":true,"address":2087808404,"logSize":252}}
976697948	none	{"result":{"recorded":true,"address":976697948,"logSize":253}}
811672820	none	{"result":{"recorded":true,"address":811672820,"logSize":254}}
216167346	none	{"result":{"recorded":true,"address":216167346,"logSize":255}}
511444571	none	{"result":{"recorded":true,"address":511444571,"logSize":256}}
33922801	none	{"result":{"recorded":true,"address":33922801,"logSize":257}}
1464902194	none	{"result":{"recorded":true,"address":1464902194,"logSize":258}}
403463418	none	{"result":{"recorded":true,"address":403463418,"logSize":259}}
123602119	none	{"result":{"recorded":true,"address":123602119,"logSize":260}}
142555668	none	{"result":{"recorded":true,"address":142555668,"logSize":261}}
463551535	none	{"result":{"recorded":true,"address":463551535,"logSize":262}}
421672028	none	{"result":{"recorded":true,"address":421672028,"logSize":263}}
1940480051	none	{"result":{"recorded":true,"address":1940480051,"logSize":264}}
88545582	none	{"result":{"recorded":true,"address":88545582,"logSize":265}}
1315714911	none	{"result":{"recorded":true,"address":1315714911,"logSize":266}}
1191868278	none	{"result":{"recorded":true,"address":1191868278,"logSize":267}}
997452183	none	{"result":{"recorded":true,"address":997452183,"logSize":268}}
835876871	none	{"result":{"recorded":true,"address":835876871,"logSize":269}}
1167919727	none	{"result":{"recorded":true,"address":1167919727,"logSize":270}}
82284243	none	{"result":{"recorded":true,"address":82284243,"logSize":271}}
2136613742	none	{"result":{"recorded":true,"address":2136613742,"logSize":272}}
1192743055	none	{"result":{"recorded":true,"address":1192743055,"logSize":273}}
1731756449	none	{"result":{"recorded":true,"address":1731756449,"logSize":274}}
441581357	none	{"result":{"recorded":true,"address":441581357,"logSize":275}}
793027831	none	{"result":{"recorded":true,"address":793027831,"logSize":276}}
278439435	none	{"result":{"recorded":true,"address":278439435,"logSize":277}}
1172778403	none	{"result":{"recorded":true,"address":1172778403,"logSize":278}}
600299346	none	{"result":{"recorded":true,"address":600299346,"logSize":279}}
408518959	none	{"result":{"recorded":true,"address":408518959,"logSize":280}}
955617491	none	{"result":{"recorded":true,"address":955617491,"logSize":281}}
1031101266	none	{"result":{"recorded":true,"address":1031101266,"logSize":282}}
530408781	none	{"result":{"recorded":true,"address":530408781,"logSize":283}}
1205664936	none	{"result":{"recorded":true,"address":1205664936,"logSize":284}}
487949254	none	{"result":{"recorded":true,"address":487949254,"logSize":285}}
2086395453	none	{"result":{"recorded":true,"address":2086395453,"logSize":286}}
799579510	none	{"result":{"recorded":true,"address":799579510,"logSize":287}}
2002455635	none	{"result":{"recorded":true,"address":2002455635,"logSize":288}}
1453598566	none	{"result":{"recorded":true,"address":1453598566,"logSize":289}}
1414961526	none	{"result":{"recorded":true,"address":1414961526,"logSize":290}}
1748034376	none	{"result":{"recorded":true,"address":1748034376,"logSize":291}}
595207604	none	{"result":{"recorded":true,"address":595207604,"logSize":292}}
1991205357	none	{"result":{"recorded":true,"address":1991205357,"logSize":293}}
1244354341	none	{"result":{"recorded":true,"address":1244354341,"logSize":294}}
2038096071	none	{"result":{"recorded":true,"address":2038096071,"logSize":295}}
1577994210	none	{"result":{"recorded":true,"address":1577994210,"logSize":296}}
829294081	none	{"result":{"recorded":true,"address":829294081,"logSize":297}}
660952248	none	{"result":{"recorded":true,"address":660952248,"logSize":298}}
526701953	none	{"result":{"recorded":true,"address":526701953,"logSize":299}}
1987404497	none	{"result":{"recorded":true,"address":1987404497,"logSize":300}}
2031927237	none	{"result":{"recorded":true,"address":2031927237,"logSize":301}}
885177250	none	{"result":{"recorded":true,"address":885177250,"logSize":302}}
860298833	none	{"result":{"recorded":true,"address":860298833,"logSize":303}}
814209281	none	{"result":{"recorded":true,"address":814209281,"logSize":304}}
101302558	none	{"result":{"recorded":true,"address":101302558,"logSize":305}}
2066750974	none	{"result":{"recorded":true,"address":2066750974,"logSize":306}}
1477216060	none	{"result":{"recorded":true,"address":1477216060,"logSize":307}}
619992512	none	{"result":{"recorded":true,"address":619992512,"logSize":308}}
1441338643	none	{"result":{"recorded":true,"address":1441338643,"logSize":309}}
1919670021	none	{"result":{"recorded":true,"address":1919670021,"logSize":310}}
1787525872	none	{"result":{"recorded":true,"address":1787525872,"logSize":311}}
77638566	none	{"result":{"recorded":true,"address":77638566,"logSize":312}}
1226273161	none	{"result":{"recorded":true,"address":1226273161,"logSize":313}}
506228438	none	{"result":{"recorded":true,"address":506228438,"logSize":314}}
893517190	none	{"result":{"recorded":true,"address":893517190,"logSize":315}}
1302300733	none	{"result":{"recorded":true,"address":1302300733,"logSize":316}}
1877356300	none	{"result":{"recorded":true,"address":1877356300,"logSize":317}}
667342829	none	{"result":{"recorded":true,"address":667342829,"logSize":318}}
1670697252	none	{"result":{"recorded":true,"address":1670697252,"logSize":319}}
35055285	none	{"result":{"recorded":true,"address":35055285,"logSize":320}}
1161780600	none	{"result":{"recorded":true,"address":1161780600,"logSize":321}}
235216697	none	{"result":{"recorded":true,"address":235216697,"logSize":322}}
1063365428	none	{"result":{"recorded":true,"address":1063365428,"logSize":323}}
1339485116	none	{"result":{"recorded":true,"address":1339485116,"logSize":324}}
98032551	none	{"result":{"recorded":true,"address":98032551,"logSize":325}}
1178396534	none	{"result":{"recorded":true,"address":1178396534,"logSize":326}}
1285340262	none	{"result":{"recorded":true,"address":1285340262,"logSize":327}}
1662429581	none	{"result":{"recorded":true,"address":1662429581,"logSize":328}}
1555653307	none	{"result":{"recorded":true,"address":1555653307,"logSize":329}}
995324755	none	{"result":{"recorded":true,"address":995324755,"logSize":330}}
1576619784	none	{"result":{"recorded":true,"address":1576619784,"logSize":331}}
136646697	none	{"result":{"recorded":true,"address":136646697,"logSize":332}}
1895225237	none	{"result":{"recorded":true,"address":1895225237,"logSize":333}}
1190717137	none	{"result":{"recorded":true,"address":1190717137,"logSize":334}}
337290154	none	{"result":{"recorded":true,"address":337290154,"logSize":335}}
1303397198	none	{"result":{"recorded":true,"address":1303397198,"logSize":336}}
737376558	none	{"result":{"recorded":true,"address":737376558,"logSize":337}}
1813119388	none	{"result":{"recorded":true,"address":1813119388,"logSize":338}}
1400026813	none	{"result":{"recorded":true,"address":1400026813,"logSize":339}}
1077898343	none	{"result":{"recorded":true,"address":1077898343,"logSize":340}}
970295077	none	{"result":{"recorded":true,"address":970295077,"logSize":341}}
1059241019	none	{"result":{"recorded":true,"address":1059241019,"logSize":342}}
1073271105	none	{"result":{"recorded":true,"address":1073271105,"logSize":343}}
1649929318	none	{"result":{"recorded":true,"address":1649929318,"logSize":344}}
1789179333	none	{"result":{"recorded":true,"address":1789179333,"logSize":345}}
275625241	none	{"result":{"recorded":true,"address":275625241,"logSize":346}}
1295971270	none	{"result":{"recorded":true,"address":1295971270,"logSize":347}}
444339849	none	{"result":{"recorded":true,"address":444339849,"logSize":348}}
1639411352	none	{"result":{"recorded":true,"address":1639411352,"logSize":349}}
324489744	none	{"result":{"recorded":true,"address":324489744,"logSize":350}}
2132840844	none	{"result":{"recorded":true,"address":2132840844,"logSize":351}}
561989990	none	{"result":{"recorded":true,"address":561989990,"logSize":352}}
1920363564	none	{"result":{"recorded":true,"address":1920363564,"logSize":353}}
1450945524	none	{"result":{"recorded":true,"address":1450945524,"logSize":354}}
528014941	none	{"result":{"recorded":true,"address":528014941,"logSize":355}}
1209790398	none	{"result":{"recorded":true,"address":1209790398,"logSize":356}}
787213910	none	{"result":{"recorded":true,"address":787213910,"logSize":357}}
1755425499	none	{"result":{"recorded":true,"address":1755425499,"logSize":358}}
673701053	none	{"result":{"recorded":true,"address":673701053,"logSize":359}}
57458814	none	{"result":{"recorded":true,"address":57458814,"logSize":360}}
347236268	none	{"result":{"recorded":true,"address":347236268,"logSize":361}}
519093443	none	{"result":{"recorded":true,"address":519093443,"logSize":362}}
1590062004	none	{"result":{"recorded":true,"address":1590062004,"logSize":363}}
726895164	none	{"result":{"recorded":true,"address":726895164,"logSize":364}}
25901804	none	{"result":{"recorded":true,"address":25901804,"logSize":365}}
1399310232	none	{"result":{"recorded":true,"address":1399310232,"logSize":366}}
2116951075	none	{"result":{"recorded":true,"address":2116951075,"logSize":367}}
1203383460	none	{"result":{"recorded":true,"address":1203383460,"logSize":368}}
1424160833	none	{"result":{"recorded":true,"address":1424160833,"logSize":369}}
87182792	none	{"result":{"recorded":true,"address":87182792,"logSize":370}}
1198213092	none	{"result":{"recorded":true,"address":1198213092,"logSize":371}}
1850331176	none	{"result":{"recorded":true,"address":1850331176,"logSize":372}}
36010594	none	{"result":{"recorded":true,"address":36010594,"logSize":373}}
2039025281	none	{"result":{"recorded":true,"address":2039025281,"logSize":374}}
12844124	none	{"result":{"recorded":true,"address":12844124,"logSize":375}}
353771226	none	{"result":{"recorded":true,"address":353771226,"logSize":376}}
1479162050	none	{"result":{"recorded":true,"address":1479162050,"logSize":377}}
27877965	none	{"result":{"recorded":true,"address":27877965,"logSize":378}}
1595493561	none	{"result":{"recorded":true,"address":1595493561,"logSize":379}}
197774821	none	{"result":{"recorded":true,"address":197774821,"logSize":380}}
1075797630	none	{"result":{"recorded":true,"address":1075797630,"logSize":381}}
1071997680	none	{"result":{"recorded":true,"address":1071997680,"logSize":382}}
1612833461	none	{"result":{"recorded":true,"address":1612833461,"logSize":383}}
384347323	none	{"result":{"recorded":true,"address":384347323,"logSize":384}}
1013604874	none	{"result":{"recorded":true,"address":1013604874,"logSize":385}}
170907184	none	{"result":{"recorded":true,"address":170907184,"logSize":386}}
723090095	none	{"result":{"recorded":true,"address":723090095,"logSize":387}}
1319592214	none	{"result":{"recorded":true,"address":1319592214,"logSize":388}}
43551205	none	{"result":{"recorded":true,"address":43551205,"logSize":389}}
1555066060	none	{"result":{"recorded":true,"address":1555066060,"logSize":390}}
176248336	none	{"result":{"recorded":true,"address":176248336,"logSize":391}}
880192051	none	{"result":{"recorded":true,"address":880192051,"logSize":392}}
2125166681	none	{"result":{"recorded":true,"address":2125166681,"logSize":393}}
285547285	none	{"result":{"recorded":true,"address":285547285,"logSize":394}}
1666176112	none	{"result":{"recorded":true,"address":1666176112,"logSize":395}}
816339247	none	{"result":{"recorded":true,"address":816339247,"logSize":396}}
44832702	none	{"result":{"recorded":true,"address":44832702,"logSize":397}}
1779426064	none	{"result":{"recorded":true,"address":1779426064,"logSize":398}}
432435883	none	{"result":{"recorded":true,"address":432435883,"logSize":399}}
1120852274	none	{"result":{"recorded":true,"address":1120852274,"logSize":400}}
1407214126	none	{"result":{"recorded":true,"address":1407214126,"logSize":401}}
1478952872	none	{"result":{"recorded":true,"address":1478952872,"logSize":402}}
1299598575	none	{"result":{"recorded":true,"address":1299598575,"logSize":403}}
269247378	none	{"result":{"recorded":true,"address":269247378,"logSize":404}}
1356938892	none	{"result":{"recorded":true,"address":1356938892,"logSize":405}}
864532629	none	{"result":{"recorded":true,"address":864532629,"logSize":406}}
1865419260	none	{"result":{"recorded":true,"address":1865419260,"logSize":407}}
674891375	none	{"result":{"recorded":true,"address":674891375,"logSize":408}}
565507153	none	{"result":{"recorded":true,"address":565507153,"logSize":409}}
1621526186	none	{"result":{"recorded":true,"address":1621526186,"logSize":410}}
13444181	none	{"result":{"recorded":true,"address":13444181,"logSize":411}}
23216883	none	{"result":{"recorded":true,"address":23216883,"logSize":412}}
1928356350	none	{"result":{"recorded":true,"address":1928356350,"logSize":413}}
1986506094	none	{"result":{"recorded":true,"address":1986506094,"logSize":414}}
189135364	none	{"result":{"recorded":true,"address":189135364,"logSize":415}}
1377765425	none	{"result":{"recorded":true,"address":1377765425,"logSize":416}}
950031549	none	{"result":{"recorded":true,"address":950031549,"logSize":417}}
1736677017	none	{"result":{"recorded":true,"address":1736677017,"logSize":418}}
4231658	none	{"result":{"recorded":true,"address":4231658,"logSize":419}}
1375889058	none	{"result":{"recorded":true,"address":1375889058,"logSize":420}}
1015302685	none	{"result":{"recorded":true,"address":1015302685,"logSize":421}}
1322094192	none	{"result":{"recorded":true,"address":1322094192,"logSize":422}}
335392425	none	{"result":{"recorded":true,"address":335392425,"logSize":423}}
971184537	none	{"result":{"recorded":true,"address":971184537,"logSize":424}}
115666054	none	{"result":{"recorded":true,"address":115666054,"logSize":425}}
621452749	none	{"result":{"recorded":true,"address":621452749,"logSize":426}}
96301714	none	{"result":{"recorded":true,"address":96301714,"logSize":427}}
1870191952	none	{"result":{"recorded":true,"address":1870191952,"logSize":428}}
1046601306	none	{"result":{"recorded":true,"address":1046601306,"logSize":429}}
1087937672	none	{"result":{"recorded":true,"address":1087937672,"logSize":430}}
761231822	none	{"result":{"recorded":true,"address":761231822,"logSize":431}}
1232467787	none	{"result":{"recorded":true,"address":1232467787,"logSize":432}}
292172573	none	{"result":{"recorded":true,"address":292172573,"logSize":433}}
279398584	none	{"result":{"recorded":true,"address":279398584,"logSize":434}}
722182104	none	{"result":{"recorded":true,"address":722182104,"logSize":435}}
1226047398	none	{"result":{"recorded":true,"address":1226047398,"logSize":436}}
129750791	none	{"result":{"recorded":true,"address":129750791,"logSize":437}}
88119220	none	{"result":{"recorded":true,"address":88119220,"logSize":438}}
329406881	none	{"result":{"recorded":true,"address":329406881,"logSize":439}}
29003735	none	{"result":{"recorded":true,"address":29003735,"logSize":440}}
1517477154	none	{"result":{"recorded":true,"address":1517477154,"logSize":441}}
2147327509	none	{"result":{"recorded":true,"address":2147327509,"logSize":442}}
825655934	none	{"result":{"recorded":true,"address":825655934,"logSize":443}}
2052078540	none	{"result":{"recorded":true,"address":2052078540,"logSize":444}}
2097698449	none	{"result":{"recorded":true,"address":2097698449,"logSize":445}}
1592969690	none	{"result":{"recorded":true,"address":1592969690,"logSize":446}}
2119807958	none	{"result":{"recorded":true,"address":2119807958,"logSize":447}}
591740076	none	{"result":{"recorded":true,"address":591740076,"logSize":448}}
949611615	none	{"result":{"recorded":true,"address":949611615,"logSize":449}}
609196423	none	{"result":{"recorded":true,"address":609196423,"logSize":450}}
1872401212	none	{"result":{"recorded":true,"address":1872401212,"logSize":451}}
1581795682	none	{"result":{"recorded":true,"address":1581795682,"logSize":452}}
1036648215	none	{"result":{"recorded":true,"address":1036648215,"logSize":453}}
1536049101	none	{"result":{"recorded":true,"address":1536049101,"logSize":454}}
97206662	none	{"result":{"recorded":true,"address":97206662,"logSize":455}}
623877855	none	{"result":{"recorded":true,"address":623877855,"logSize":456}}
406306213	none	{"result":{"recorded":true,"address":406306213,"logSize":457}}
1309471155	none	{"result":{"recorded":true,"address":1309471155,"logSize":458}}
1972639838	none	{"result":{"recorded":true,"address":1972639838,"logSize":459}}
656266634	none	{"result":{"recorded":true,"address":656266634,"logSize":460}}
548621197	none	{"result":{"recorded":true,"address":548621197,"logSize":461}}
1147226036	none	{"result":{"recorded":true,"address":1147226036,"logSize":462}}
928159111	none	{"result":{"recorded":true,"address":928159111,"logSize":463}}
1003764820	none	{"result":{"recorded":true,"address":1003764820,"logSize":464}}
2131054849	none	{"result":{"recorded":true,"address":2131054849,"logSize":465}}
1507184388	none	{"result":{"recorded":true,"address":1507184388,"logSize":466}}
200806197	none	{"result":{"recorded":true,"address":200806197,"logSize":467}}
1936222721	none	{"result":{"recorded":true,"address":1936222721,"logSize":468}}
910395016	none	{"result":{"recorded":true,"address":910395016,"logSize":469}}
1683049475	none	{"result":{"recorded":true,"address":1683049475,"logSize":470}}
140629248	none	{"result":{"recorded":true,"address":140629248,"logSize":471}}
868612872	none	{"result":{"recorded":true,"address":868612872,"logSize":472}}
1979857035	none	{"result":{"recorded":true,"address":1979857035,"logSize":473}}
1281298716	none	{"result":{"recorded":true,"address":1281298716,"logSize":474}}
1709111229	none	{"result":{"recorded":true,"address":1709111229,"logSize":475}}
88944353	none	{"result":{"recorded":true,"address":88944353,"logSize":476}}
122903028	none	{"result":{"recorded":true,"address":122903028,"logSize":477}}
70899133	none	{"result":{"recorded":true,"address":70899133,"logSize":478}}
479237559	none	{"result":{"recorded":true,"address":479237559,"logSize":479}}
1548909154	none	{"result":{"recorded":true,"address":1548909154,"logSize":480}}
761537005	none	{"result":{"recorded":true,"address":761537005,"logSize":481}}
452556444	none	{"result":{"recorded":true,"address":452556444,"logSize":482}}
475431819	none	{"result":{"recorded":true,"address":475431819,"logSize":483}}
1213426193	none	{"result":{"recorded":true,"address":1213426193,"logSize":484}}
123069387	none	{"result":{"recorded":true,"address":123069387,"logSize":485}}
1729390156	none	{"result":{"recorded":true,"address":1729390156,"logSize":486}}
2039989143	none	{"result":{"recorded":true,"address":2039989143,"logSize":487}}
898099308	none	{"result":{"recorded":true,"address":898099308,"logSize":488}}
32773663	none	{"result":{"recorded":true,"address":32773663,"logSize":489}}
2025260482	none	{"result":{"recorded":true,"address":2025260482,"logSize":490}}
1296654612	none	{"result":{"recorded":true,"address":1296654612,"logSize":491}}
1842607377	none	{"result":{"recorded":true,"address":1842607377,"logSize":492}}
381180106	none	{"result":{"recorded":true,"address":381180106,"logSize":493}}
2089142129	none	{"result":{"recorded":true,"address":2089142129,"logSize":494}}
1498991422	none	{"result":{"recorded":true,"address":1498991422,"logSize":495}}
989560832	none	{"result":{"recorded":true,"address":989560832,"logSize":496}}
536618827	none	{"result":{"recorded":true,"address":536618827,"logSize":497}}
2141529217	none	{"result":{"recorded":true,"address":2141529217,"logSize":498}}
1846341492	none	{"result":{"recorded":true,"address":1846341492,"logSize":499}}
1529149485	none	{"result":{"recorded":true,"address":1529149485,"logSize":500}}
1796270613	none	{"result":{"recorded":true,"address":1796270613,"logSize":501}}
1969442307	none	{"result":{"recorded":true,"address":1969442307,"logSize":502}}
1756321840	none	{"result":{"recorded":true,"address":1756321840,"logSize":503}}
313552967	none	{"result":{"recorded":true,"address":313552967,"logSize":504}}
876103689	none	{"result":{"recorded":true,"address":876103689,"logSize":505}}
29653	none	{"result":{"recorded":true,"address":29653,"logSize":506}}
1292847316	none	{"result":{"recorded":true,"address":1292847316,"logSize":507}}
320096301	none	{"result":{"recorded":true,"address":320096301,"logSize":508}}
1744509556	none	{"result":{"recorded":true,"address":1744509556,"logSize":509}}
607327515	none	{"result":{"recorded":true,"address":607327515,"logSize":510}}
1528159324	none	{"result":{"recorded":true,"address":1528159324,"logSize":511}}
1202912290	none	{"result":{"recorded":true,"address":1202912290,"logSize":512}}
134230444	none	{"result":{"recorded":true,"address":134230444,"logSize":513}}
1919316497	none	{"result":{"recorded":true,"address":1919316497,"logSize":514}}
72451953	none	{"result":{"recorded":true,"address":72451953,"logSize":515}}
1766151296	none	{"result":{"recorded":true,"address":1766151296,"logSize":516}}
1314653892	none	{"result":{"recorded":true,"address":1314653892,"logSize":517}}
1514683873	none	{"result":{"recorded":true,"address":1514683873,"logSize":518}}
1681473395	none	{"result":{"recorded":true,"address":1681473395,"logSize":519}}
794068715	none	{"result":{"recorded":true,"address":794068715,"logSize":520}}
564395553	none	{"result":{"recorded":true,"address":564395553,"logSize":521}}
311381432	none	{"result":{"recorded":true,"address":311381432,"logSize":522}}
1419041395	none	{"result":{"recorded":true,"address":1419041395,"logSize":523}}
210921084	none	{"result":{"recorded":true,"address":210921084,"logSize":524}}
1245309947	none	{"result":{"recorded":true,"address":1245309947,"logSize":525}}
1048018318	none	{"result":{"recorded":true,"address":1048018318,"logSize":526}}
1152260432	none	{"result":{"recorded":true,"address":1152260432,"logSize":527}}
632658421	none	{"result":{"recorded":true,"address":632658421,"logSize":528}}
1413983856	none	{"result":{"recorded":true,"address":1413983856,"logSize":529}}
1443456958	none	{"result":{"recorded":true,"address":1443456958,"logSize":530}}
1090196132	none	{"result":{"recorded":true,"address":1090196132,"logSize":531}}
551451669	none	{"result":{"recorded":true,"address":551451669,"logSize":532}}
1292482988	none	{"result":{"recorded":true,"address":1292482988,"logSize":533}}
1215815894	none	{"result":{"recorded":true,"address":1215815894,"logSize":534}}
786330557	none	{"result":{"recorded":true,"address":786330557,"logSize":535}}
1068947831	none	{"result":{"recorded":true,"address":1068947831,"logSize":536}}
1158329592	none	{"result":{"recorded":true,"address":1158329592,"logSize":537}}
1392724506	none	{"result":{"recorded":true,"address":1392724506,"logSize":538}}
1896774446	none	{"result":{"recorded":true,"address":1896774446,"logSize":539}}
1920706316	none	{"result":{"recorded":true,"address":1920706316,"logSize":540}}
1904104919	none	{"result":{"recorded":true,"address":1904104919,"logSize":541}}
472973698	none	{"result":{"recorded":true,"address":472973698,"logSize":542}}
1394424880	none	{"result":{"recorded":true,"address":1394424880,"logSize":543}}
1898744856	none	{"result":{"recorded":true,"address":1898744856,"logSize":544}}
1878631230	none	{"result":{"recorded":true,"address":1878631230,"logSize":545}}
1408801689	none	{"result":{"recorded":true,"address":1408801689,"logSize":546}}
877764384	none	{"result":{"recorded":true,"address":877764384,"logSize":547}}
799216531	none	{"result":{"recorded":true,"address":799216531,"logSize":548}}
729404816	none	{"result":{"recorded":true,"address":729404816,"logSize":549}}
446474366	none	{"result":{"recorded":true,"address":446474366,"logSize":550}}
1616823686	none	{"result":{"recorded":true,"address":1616823686,"logSize":551}}
215140891	none	{"result":{"recorded":true,"address":215140891,"logSize":552}}
1226010996	none	{"result":{"recorded":true,"address":1226010996,"logSize":553}}
416939403	none	{"result":{"recorded":true,"address":416939403,"logSize":554}}
411057647	none	{"result":{"recorded":true,"address":411057647,"logSize":555}}
637797606	none	{"result":{"recorded":true,"address":637797606,"logSize":556}}
403049592	none	{"result":{"recorded":true,"address":403049592,"logSize":557}}
238142643	none	{"result":{"recorded":true,"address":238142643,"logSize":558}}
1683792733	none	{"result":{"recorded":true,"address":1683792733,"logSize":559}}
243604351	none	{"result":{"recorded":true,"address":243604351,"logSize":560}}
1821910980	none	{"result":{"recorded":true,"address":1821910980,"logSize":561}}
1451035097	none	{"result":{"recorded":true,"address":1451035097,"logSize":562}}
13154752	none	{"result":{"recorded":true,"address":13154752,"logSize":563}}
765077656	none	{"result":{"recorded":true,"address":765077656,"logSize":564}}
604746656	none	{"result":{"recorded":true,"address":604746656,"logSize":565}}
1824935189	none	{"result":{"recorded":true,"address":1824935189,"logSize":566}}
878546502	none	{"result":{"recorded":true,"address":878546502,"logSize":567}}
1407088907	none	{"result":{"recorded":true,"address":1407088907,"logSize":568}}
1010649235	none	{"result":{"recorded":true,"address":1010649235,"logSize":569}}
656547038	none	{"result":{"recorded":true,"address":656547038,"logSize":570}}
1295328284	none	{"result":{"recorded":true,"address":1295328284,"logSize":571}}
128771465	none	{"result":{"recorded":true,"address":128771465,"logSize":572}}
1817844122	none	{"result":{"recorded":true,"address":1817844122,"logSize":573}}
1308339893	none	{"result":{"recorded":true,"address":1308339893,"logSize":574}}
820380514	none	{"result":{"recorded":true,"address":820380514,"logSize":575}}
190579551	none	{"result":{"recorded":true,"address":190579551,"logSize":576}}
993065084	none	{"result":{"recorded":true,"address":993065084,"logSize":577}}
202392106	none	{"result":{"recorded":true,"address":202392106,"logSize":578}}
1765063155	none	{"result":{"recorded":true,"address":1765063155,"logSize":579}}
1930616531	none	{"result":{"recorded":true,"address":1930616531,"logSize":580}}
2059761629	none	{"result":{"recorded":true,"address":2059761629,"logSize":581}}
2085360384	none	{"result":{"recorded":true,"address":2085360384,"logSize":582}}
226686543	none	{"result":{"recorded":true,"address":226686543,"logSize":583}}
706159915	none	{"result":{"recorded":true,"address":706159915,"logSize":584}}
898246737	none	{"result":{"recorded":true,"address":898246737,"logSize":585}}
1019462843	none	{"result":{"recorded":true,"address":1019462843,"logSize":586}}
383117290	none	{"result":{"recorded":true,"address":383117290,"logSize":587}}
1903222418	none	{"result":{"recorded":true,"address":1903222418,"logSize":588}}
1272493585	none	{"result":{"recorded":true,"address":1272493585,"logSize":589}}
714846086	none	{"result":{"recorded":true,"address":714846086,"logSize":590}}
335396891	none	{"result":{"recorded":true,"address":335396891,"logSize":591}}
318378773	none	{"result":{"recorded":true,"address":318378773,"logSize":592}}
500451602	none	{"result":{"recorded":true,"address":500451602,"logSize":593}}
1037447932	none	{"result":{"recorded":true,"address":1037447932,"logSize":594}}
1539965012	none	{"result":{"recorded":true,"address":1539965012,"logSize":595}}
2099331081	none	{"result":{"recorded":true,"address":2099331081,"logSize":596}}
1296695954	none	{"result":{"recorded":true,"address":1296695954,"logSize":597}}
1242334139	none	{"result":{"recorded":true,"address":1242334139,"logSize":598}}
1074365167	none	{"result":{"recorded":true,"address":1074365167,"logSize":599}}
1570613900	none	{"result":{"recorded":true,"address":1570613900,"logSize":600}}
1662877438	none	{"result":{"recorded":true,"address":1662877438,"logSize":601}}
1741831649	none	{"result":{"recorded":true,"address":1741831649,"logSize":602}}
1859931995	none	{"result":{"recorded":true,"address":1859931995,"logSize":603}}
658739091	none	{"result":{"recorded":true,"address":658739091,"logSize":604}}
501422840	none	{"result":{"recorded":true,"address":501422840,"logSize":605}}
43153420	none	{"result":{"recorded":true,"address":43153420,"logSize":606}}
376010152	none	{"result":{"recorded":true,"address":376010152,"logSize":607}}
486419650	none	{"result":{"recorded":true,"address":486419650,"logSize":608}}
1770299801	none	{"result":{"recorded":true,"address":1770299801,"logSize":609}}
712130263	none	{"result":{"recorded":true,"address":712130263,"logSize":610}}
732061559	none	{"result":{"recorded":true,"address":732061559,"logSize":611}}
277616335	none	{"result":{"recorded":true,"address":277616335,"logSize":612}}
1905680846	none	{"result":{"recorded":true,"address":1905680846,"logSize":613}}
208745153	none	{"result":{"recorded":true,"address":208745153,"logSize":614}}
981396994	none	{"result":{"recorded":true,"address":981396994,"logSize":615}}
678953153	none	{"result":{"recorded":true,"address":678953153,"logSize":616}}
228694838	none	{"result":{"recorded":true,"address":228694838,"logSize":617}}
311461963	none	{"result":{"recorded":true,"address":311461963,"logSize":618}}
424923240	none	{"result":{"recorded":true,"address":424923240,"logSize":619}}
678618831	none	{"result":{"recorded":true,"address":678618831,"logSize":620}}
274130227	none	{"result":{"recorded":true,"address":274130227,"logSize":621}}
12449239	none	{"result":{"recorded":true,"address":12449239,"logSize":622}}
1156423110	none	{"result":{"recorded":true,"address":1156423110,"logSize":623}}
1332433814	none	{"result":{"recorded":true,"address":1332433814,"logSize":624}}
1561088402	none	{"result":{"recorded":true,"address":1561088402,"logSize":625}}
1878734280	none	{"result":{"recorded":true,"address":1878734280,"logSize":626}}
1456941740	none	{"result":{"recorded":true,"address":1456941740,"logSize":627}}
274203759	none	{"result":{"recorded":true,"address":274203759,"logSize":628}}
702184442	none	{"result":{"recorded":true,"address":702184442,"logSize":629}}
1672087321	none	{"result":{"recorded":true,"address":1672087321,"logSize":630}}
1121744498	none	{"result":{"recorded":true,"address":1121744498,"logSize":631}}
412619050	none	{"result":{"recorded":true,"address":412619050,"logSize":632}}
2114772256	none	{"result":{"recorded":true,"address":2114772256,"logSize":633}}
1753728661	none	{"result":{"recorded":true,"address":1753728661,"logSize":634}}
1010791977	none	{"result":{"recorded":true,"address":1010791977,"logSize":635}}
368442952	none	{"result":{"recorded":true,"address":368442952,"logSize":636}}
409800845	none	{"result":{"recorded":true,"address":409800845,"logSize":637}}
914264226	none	{"result":{"recorded":true,"address":914264226,"logSize":638}}
1800431426	none	{"result":{"recorded":true,"address":1800431426,"logSize":639}}
211430454	none	{"result":{"recorded":true,"address":211430454,"logSize":640}}
1702613748	none	{"result":{"recorded":true,"address":1702613748,"logSize":641}}
1705973050	none	{"result":{"recorded":true,"address":1705973050,"logSize":642}}
546145657	none	{"result":{"recorded":true,"address":546145657,"logSize":643}}
1351806391	none	{"result":{"recorded":true,"address":1351806391,"logSize":644}}
1063170477	none	{"result":{"recorded":true,"address":1063170477,"logSize":645}}
769773647	none	{"result":{"recorded":true,"address":769773647,"logSize":646}}
220208490	none	{"result":{"recorded":true,"address":220208490,"logSize":647}}
950652136	none	{"result":{"recorded":true,"address":950652136,"logSize":648}}
1697314199	none	{"result":{"recorded":true,"address":1697314199,"logSize":649}}
286576602	none	{"result":{"recorded":true,"address":286576602,"logSize":650}}
971775435	none	{"result":{"recorded":true,"address":971775435,"logSize":651}}
140094962	none	{"result":{"recorded":true,"address":140094962,"logSize":652}}
1327362869	none	{"result":{"recorded":true,"address":1327362869,"logSize":653}}
68198758	none	{"result":{"recorded":true,"address":68198758,"logSize":654}}
181981753	none	{"result":{"recorded":true,"address":181981753,"logSize":655}}
196938756	none	{"result":{"recorded":true,"address":196938756,"logSize":656}}
1146247837	none	{"result":{"recorded":true,"address":1146247837,"logSize":657}}
764604842	none	{"result":{"recorded":true,"address":764604842,"logSize":658}}
1984712693	none	{"result":{"recorded":true,"address":1984712693,"logSize":659}}
1752435513	none	{"result":{"recorded":true,"address":1752435513,"logSize":660}}
1200755287	none	{"result":{"recorded":true,"address":1200755287,"logSize":661}}
1390999602	none	{"result":{"recorded":true,"address":1390999602,"logSize":662}}
1607217268	none	{"result":{"recorded":true,"address":1607217268,"logSize":663}}
599510947	none	{"result":{"recorded":true,"address":599510947,"logSize":664}}
1410592570	none	{"result":{"recorded":true,"address":1410592570,"logSize":665}}
1984984896	none	{"result":{"recorded":true,"address":1984984896,"logSize":666}}
122051043	none	{"result":{"recorded":true,"address":122051043,"logSize":667}}
1415656163	none	{"result":{"recorded":true,"address":1415656163,"logSize":668}}
46651823	none	{"result":{"recorded":true,"address":46651823,"logSize":669}}
2013434886	none	{"result":{"recorded":true,"address":2013434886,"logSize":670}}
1523951934	none	{"result":{"recorded":true,"address":1523951934,"logSize":671}}
1296598634	none	{"result":{"recorded":true,"address":1296598634,"logSize":672}}
331991150	none	{"result":{"recorded":true,"address":331991150,"logSize":673}}
1238909764	none	{"result":{"recorded":true,"address":1238909764,"logSize":674}}
246518208	none	{"result":{"recorded":true,"address":246518208,"logSize":675}}
1764871818	none	{"result":{"recorded":true,"address":1764871818,"logSize":676}}
523978828	none	{"result":{"recorded":true,"address":523978828,"logSize":677}}
1264539222	none	{"result":{"recorded":true,"address":1264539222,"logSize":678}}
1421552148	none	{"result":{"recorded":true,"address":1421552148,"logSize":679}}
1544571612	none	{"result":{"recorded":true,"address":1544571612,"logSize":680}}
219776755	none	{"result":{"recorded":true,"address":219776755,"logSize":681}}
852376209	none	{"result":{"recorded":true,"address":852376209,"logSize":682}}
368946842	none	{"result":{"recorded":true,"address":368946842,"logSize":683}}
1175405164	none	{"result":{"recorded":true,"address":1175405164,"logSize":684}}
1679823821	none	{"result":{"recorded":true,"address":1679823821,"logSize":685}}
1550900342	none	{"result":{"recorded":true,"address":1550900342,"logSize":686}}
428009620	none	{"result":{"recorded":true,"address":428009620,"logSize":687}}
918733900	none	{"result":{"recorded":true,"address":918733900,"logSize":688}}
162741824	none	{"result":{"recorded":true,"address":162741824,"logSize":689}}
343578741	none	{"result":{"recorded":true,"address":343578741,"logSize":690}}
1756902715	none	{"result":{"recorded":true,"address":1756902715,"logSize":691}}
111596764	none	{"result":{"recorded":true,"address":111596764,"logSize":692}}
252139079	none	{"result":{"recorded":true,"address":252139079,"logSize":693}}
403835451	none	{"result":{"recorded":true,"address":403835451,"logSize":694}}
795223465	none	{"result":{"recorded":true,"address":795223465,"logSize":695}}
327153763	none	{"result":{"recorded":true,"address":327153763,"logSize":696}}
341319233	none	{"result":{"recorded":true,"address":341319233,"logSize":697}}
1291358428	none	{"result":{"recorded":true,"address":1291358428,"logSize":698}}
7697435	none	{"result":{"recorded":true,"address":7697435,"logSize":699}}
1374313457	none	{"result":{"recorded":true,"address":1374313457,"logSize":700}}
1995122000	none	{"result":{"recorded":true,"address":1995122000,"logSize":701}}
1572502022	none	{"result":{"recorded":true,"address":1572502022,"logSize":702}}
594125029	none	{"result":{"recorded":true,"address":594125029,"logSize":703}}
1816060520	none	{"result":{"recorded":true,"address":1816060520,"logSize":704}}
1915262678	none	{"result":{"recorded":true,"address":1915262678,"logSize":705}}
282160118	none	{"result":{"recorded":true,"address":282160118,"logSize":706}}
96263791	none	{"result":{"recorded":true,"address":96263791,"logSize":707}}
483430617	none	{"result":{"recorded":true,"address":483430617,"logSize":708}}
628342974	none	{"result":{"recorded":true,"address":628342974,"logSize":709}}
1284143458	none	{"result":{"recorded":true,"address":1284143458,"logSize":710}}
341300403	none	{"result":{"recorded":true,"address":341300403,"logSize":711}}
476738207	none	{"result":{"recorded":true,"address":476738207,"logSize":712}}
1074212924	none	{"result":{"recorded":true,"address":1074212924,"logSize":713}}
2107742222	none	{"result":{"recorded":true,"address":2107742222,"logSize":714}}
1108636502	none	{"result":{"recorded":true,"address":1108636502,"logSize":715}}
436878706	none	{"result":{"recorded":true,"address":436878706,"logSize":716}}
755289280	none	{"result":{"recorded":true,"address":755289280,"logSize":717}}
1733643925	none	{"result":{"recorded":true,"address":1733643925,"logSize":718}}
2079281492	none	{"result":{"recorded":true,"address":2079281492,"logSize":719}}
2072914219	none	{"result":{"recorded":true,"address":2072914219,"logSize":720}}
903184700	none	{"result":{"recorded":true,"address":903184700,"logSize":721}}
769693397	none	{"result":{"recorded":true,"address":769693397,"logSize":722}}
532285823	none	{"result":{"recorded":true,"address":532285823,"logSize":723}}
135098312	none	{"result":{"recorded":true,"address":135098312,"logSize":724}}
1133381653	none	{"result":{"recorded":true,"address":1133381653,"logSize":725}}
1704062683	none	{"result":{"recorded":true,"address":1704062683,"logSize":726}}
1806701771	none	{"result":{"recorded":true,"address":1806701771,"logSize":727}}
1463880635	none	{"result":{"recorded":true,"address":1463880635,"logSize":728}}
1508319917	none	{"result":{"recorded":true,"address":1508319917,"logSize":729}}
45124761	none	{"result":{"recorded":true,"address":45124761,"logSize":730}}
58067986	none	{"result":{"recorded":true,"address":58067986,"logSize":731}}
1578857992	none	{"result":{"recorded":true,"address":1578857992,"logSize":732}}
1599398065	none	{"result":{"recorded":true,"address":1599398065,"logSize":733}}
728605924	none	{"result":{"recorded":true,"address":728605924,"logSize":734}}
22617455	none	{"result":{"recorded":true,"address":22617455,"logSize":735}}
773818855	none	{"result":{"recorded":true,"address":773818855,"logSize":736}}
129321872	none	{"result":{"recorded":true,"address":129321872,"logSize":737}}
1157697431	none	{"result":{"recorded":true,"address":1157697431,"logSize":738}}
1862340460	none	{"result":{"recorded":true,"address":1862340460,"logSize":739}}
503651041	none	{"result":{"recorded":true,"address":503651041,"logSize":740}}
864697701	none	{"result":{"recorded":true,"address":864697701,"logSize":741}}
1681219698	none	{"result":{"recorded":true,"address":1681219698,"logSize":742}}
827951881	none	{"result":{"recorded":true,"address":827951881,"logSize":743}}
1236951314	none	{"result":{"recorded":true,"address":1236951314,"logSize":744}}
1426185154	none	{"result":{"recorded":true,"address":1426185154,"logSize":745}}
1208047893	none	{"result":{"recorded":true,"address":1208047893,"logSize":746}}
1724435055	none	{"result":{"recorded":true,"address":1724435055,"logSize":747}}
1375817832	none	{"result":{"recorded":true,"address":1375817832,"logSize":748}}
1845620833	none	{"result":{"recorded":true,"address":1845620833,"logSize":749}}
901974134	none	{"result":{"recorded":true,"address":901974134,"logSize":750}}
1347340529	none	{"result":{"recorded":true,"address":1347340529,"logSize":751}}
939756829	none	{"result":{"recorded":true,"address":939756829,"logSize":752}}
593598638	none	{"result":{"recorded":true,"address":593598638,"logSize":753}}
1657424696	none	{"result":{"recorded":true,"address":1657424696,"logSize":754}}
816541811	none	{"result":{"recorded":true,"address":816541811,"logSize":755}}
668501573	none	{"result":{"recorded":true,"address":668501573,"logSize":756}}
1194896560	none	{"result":{"recorded":true,"address":1194896560,"logSize":757}}
784079365	none	{"result":{"recorded":true,"address":784079365,"logSize":758}}
935212607	none	{"result":{"recorded":true,"address":935212607,"logSize":759}}
2065977461	none	{"result":{"recorded":true,"address":2065977461,"logSize":760}}
1393319530	none	{"result":{"recorded":true,"address":1393319530,"logSize":761}}
585745533	none	{"result":{"recorded":true,"address":585745533,"logSize":762}}
960300879	none	{"result":{"recorded":true,"address":960300879,"logSize":763}}
1257208218	none	{"result":{"recorded":true,"address":1257208218,"logSize":764}}
85157617	none	{"result":{"recorded":true,"address":85157617,"logSize":765}}
1477654912	none	{"result":{"recorded":true,"address":1477654912,"logSize":766}}
902080269	none	{"result":{"recorded":true,"address":902080269,"logSize":767}}
1783328908	none	{"result":{"recorded":true,"address":1783328908,"logSize":768}}
1255147211	none	{"result":{"recorded":true,"address":1255147211,"logSize":769}}
1556626494	none	{"result":{"recorded":true,"address":1556626494,"logSize":770}}
2134126308	none	{"result":{"recorded":true,"address":2134126308,"logSize":771}}
792699168	none	{"result":{"recorded":true,"address":792699168,"logSize":772}}
99457482	none	{"result":{"recorded":true,"address":99457482,"logSize":773}}
967838144	none	{"result":{"recorded":true,"address":967838144,"logSize":774}}
2034692786	none	{"result":{"recorded":true,"address":2034692786,"logSize":775}}
1895158597	none	{"result":{"recorded":true,"address":1895158597,"logSize":776}}
1337867592	none	{"result":{"recorded":true,"address":1337867592,"logSize":777}}
994793117	none	{"result":{"recorded":true,"address":994793117,"logSize":778}}
1978894682	none	{"result":{"recorded":true,"address":1978894682,"logSize":779}}
50277371	none	{"result":{"recorded":true,"address":50277371,"logSize":780}}
1432465168	none	{"result":{"recorded":true,"address":1432465168,"logSize":781}}
870359683	none	{"result":{"recorded":true,"address":870359683,"logSize":782}}
1496811094	none	{"result":{"recorded":true,"address":1496811094,"logSize":783}}
625212535	none	{"result":{"recorded":true,"address":625212535,"logSize":784}}
257505730	none	{"result":{"recorded":true,"address":257505730,"logSize":785}}
198855772	none	{"result":{"recorded":true,"address":198855772,"logSize":786}}
1915411385	none	{"result":{"recorded":true,"address":1915411385,"logSize":787}}
845434521	none	{"result":{"recorded":true,"address":845434521,"logSize":788}}
1342432380	none	{"result":{"recorded":true,"address":1342432380,"logSize":789}}
786625051	none	{"result":{"recorded":true,"address":786625051,"logSize":790}}
157746000	none	{"result":{"recorded":true,"address":157746000,"logSize":791}}
964974224	none	{"result":{"recorded":true,"address":964974224,"logSize":792}}
401986930	none	{"result":{"recorded":true,"address":401986930,"logSize":793}}
1592402271	none	{"result":{"recorded":true,"address":1592402271,"logSize":794}}
809520287	none	{"result":{"recorded":true,"address":809520287,"logSize":795}}
2058054148	none	{"result":{"recorded":true,"address":2058054148,"logSize":796}}
2046153160	none	{"result":{"recorded":true,"address":2046153160,"logSize":797}}
1811219563	none	{"result":{"recorded":true,"address":1811219563,"logSize":798}}
1918185598	none	{"result":{"recorded":true,"address":1918185598,"logSize":799}}
1893028300	none	{"result":{"recorded":true,"address":1893028300,"logSize":800}}
1989508566	none	{"result":{"recorded":true,"address":1989508566,"logSize":801}}
62761516	none	{"result":{"recorded":true,"address":62761516,"logSize":802}}
1904329297	none	{"result":{"recorded":true,"address":1904329297,"logSize":803}}
1157620024	none	{"result":{"recorded":true,"address":1157620024,"logSize":804}}
1231913367	none	{"result":{"recorded":true,"address":1231913367,"logSize":805}}
958034473	none	{"result":{"recorded":true,"address":958034473,"logSize":806}}
294019723	none	{"result":{"recorded":true,"address":294019723,"logSize":807}}
1202424028	none	{"result":{"recorded":true,"address":1202424028,"logSize":808}}
519161305	none	{"result":{"recorded":true,"address":519161305,"logSize":809}}
105398329	none	{"result":{"recorded":true,"address":105398329,"logSize":810}}
364768342	none	{"result":{"recorded":true,"address":364768342,"logSize":811}}
914683370	none	{"result":{"recorded":true,"address":914683370,"logSize":812}}
1840584297	none	{"result":{"recorded":true,"address":1840584297,"logSize":813}}
1026577202	none	{"result":{"recorded":true,"address":1026577202,"logSize":814}}
481031414	none	{"result":{"recorded":true,"address":481031414,"logSize":815}}
1633470287	none	{"result":{"recorded":true,"address":1633470287,"logSize":816}}
2083072505	none	{"result":{"recorded":true,"address":2083072505,"logSize":817}}
1524806902	none	{"result":{"recorded":true,"address":1524806902,"logSize":818}}
184336133	none	{"result":{"recorded":true,"address":184336133,"logSize":819}}
1376039355	none	{"result":{"recorded":true,"address":1376039355,"logSize":820}}
179986785	none	{"result":{"recorded":true,"address":179986785,"logSize":821}}
1176384844	none	{"result":{"recorded":true,"address":1176384844,"logSize":822}}
2056427961	none	{"result":{"recorded":true,"address":2056427961,"logSize":823}}
880340535	none	{"result":{"recorded":true,"address":880340535,"logSize":824}}
602370993	none	{"result":{"recorded":true,"address":602370993,"logSize":825}}
105805182	none	{"result":{"recorded":true,"address":105805182,"logSize":826}}
1071098891	none	{"result":{"recorded":true,"address":1071098891,"logSize":827}}
79698665	none	{"result":{"recorded":true,"address":79698665,"logSize":828}}
1438939474	none	{"result":{"recorded":true,"address":1438939474,"logSize":829}}
1402117135	none	{"result":{"recorded":true,"address":1402117135,"logSize":830}}
2104605885	none	{"result":{"recorded":true,"address":2104605885,"logSize":831}}
297047770	none	{"result":{"recorded":true,"address":297047770,"logSize":832}}
1314982983	none	{"result":{"recorded":true,"address":1314982983,"logSize":833}}
743393003	none	{"result":{"recorded":true,"address":743393003,"logSize":834}}
1544668559	none	{"result":{"recorded":true,"address":1544668559,"logSize":835}}
2024836843	none	{"result":{"recorded":true,"address":2024836843,"logSize":836}}
2086253895	none	{"result":{"recorded":true,"address":2086253895,"logSize":837}}
1823792290	none	{"result":{"recorded":true,"address":1823792290,"logSize":838}}
565764934	none	{"result":{"recorded":true,"address":565764934,"logSize":839}}
1918958257	none	{"result":{"recorded":true,"address":1918958257,"logSize":840}}
443661124	none	{"result":{"recorded":true,"address":443661124,"logSize":841}}
1212692974	none	{"result":{"recorded":true,"address":1212692974,"logSize":842}}
1672226404	none	{"result":{"recorded":true,"address":1672226404,"logSize":843}}
1470459934	none	{"result":{"recorded":true,"address":1470459934,"logSize":844}}
1076591857	none	{"result":{"recorded":true,"address":1076591857,"logSize":845}}
6303741	none	{"result":{"recorded":true,"address":6303741,"logSize":846}}
234441107	none	{"result":{"recorded":true,"address":234441107,"logSize":847}}
942982897	none	{"result":{"recorded":true,"address":942982897,"logSize":848}}
647907816	none	{"result":{"recorded":true,"address":647907816,"logSize":849}}
1883312412	none	{"result":{"recorded":true,"address":1883312412,"logSize":850}}
17553500	none	{"result":{"recorded":true,"address":17553500,"logSize":851}}
791377555	none	{"result":{"recorded":true,"address":791377555,"logSize":852}}
155990013	none	{"result":{"recorded":true,"address":155990013,"logSize":853}}
193857844	none	{"result":{"recorded":true,"address":193857844,"logSize":854}}
1359333303	none	{"result":{"recorded":true,"address":1359333303,"logSize":855}}
985900158	none	{"result":{"recorded":true,"address":985900158,"logSize":856}}
309074770	none	{"result":{"recorded":true,"address":309074770,"logSize":857}}
283849903	none	{"result":{"recorded":true,"address":283849903,"logSize":858}}
2093263070	none	{"result":{"recorded":true,"address":2093263070,"logSize":859}}
1767419646	none	{"result":{"recorded":true,"address":1767419646,"logSize":860}}
208756584	none	{"result":{"recorded":true,"address":208756584,"logSize":861}}
2107492183	none	{"result":{"recorded":true,"address":2107492183,"logSize":862}}
1769540258	none	{"result":{"recorded":true,"address":1769540258,"logSize":863}}
1297590000	none	{"result":{"recorded":true,"address":1297590000,"logSize":864}}
1474408149	none	{"result":{"recorded":true,"address":1474408149,"logSize":865}}
726888466	none	{"result":{"recorded":true,"address":726888466,"logSize":866}}
1199413691	none	{"result":{"recorded":true,"address":1199413691,"logSize":867}}
1711401274	none	{"result":{"recorded":true,"address":1711401274,"logSize":868}}
391637309	none	{"result":{"recorded":true,"address":391637309,"logSize":869}}
991380838	none	{"result":{"recorded":true,"address":991380838,"logSize":870}}
1669936041	none	{"result":{"recorded":true,"address":1669936041,"logSize":871}}
1560719997	none	{"result":{"recorded":true,"address":1560719997,"logSize":872}}
70222790	none	{"result":{"recorded":true,"address":70222790,"logSize":873}}
1542375435	none	{"result":{"recorded":true,"address":1542375435,"logSize":874}}
1457833263	none	{"result":{"recorded":true,"address":1457833263,"logSize":875}}
492853787	none	{"result":{"recorded":true,"address":492853787,"logSize":876}}
27693136	none	{"result":{"recorded":true,"address":27693136,"logSize":877}}
1042216029	none	{"result":{"recorded":true,"address":1042216029,"logSize":878}}
1770232446	none	{"result":{"recorded":true,"address":1770232446,"logSize":879}}
1334608293	none	{"result":{"recorded":true,"address":1334608293,"logSize":880}}
1645931756	none	{"result":{"recorded":true,"address":1645931756,"logSize":881}}
1548555867	none	{"result":{"recorded":true,"address":1548555867,"logSize":882}}
1611588439	none	{"result":{"recorded":true,"address":1611588439,"logSize":883}}
411241858	none	{"result":{"recorded":true,"address":411241858,"logSize":884}}
2124867638	none	{"result":{"recorded":true,"address":2124867638,"logSize":885}}
718157567	none	{"result":{"recorded":true,"address":718157567,"logSize":886}}
1193120073	none	{"result":{"recorded":true,"address":1193120073,"logSize":887}}
1820806969	none	{"result":{"recorded":true,"address":1820806969,"logSize":888}}
1777263397	none	{"result":{"recorded":true,"address":1777263397,"logSize":889}}
2035870797	none	{"result":{"recorded":true,"address":2035870797,"logSize":890}}
234369841	none	{"result":{"recorded":true,"address":234369841,"logSize":891}}
1045231600	none	{"result":{"recorded":true,"address":1045231600,"logSize":892}}
1036742323	none	{"result":{"recorded":true,"address":1036742323,"logSize":893}}
2091052648	none	{"result":{"recorded":true,"address":2091052648,"logSize":894}}
2056570528	none	{"result":{"recorded":true,"address":2056570528,"logSize":895}}
71786675	none	{"result":{"recorded":true,"address":71786675,"logSize":896}}
1770789522	none	{"result":{"recorded":true,"address":1770789522,"logSize":897}}
1564599843	none	{"result":{"recorded":true,"address":1564599843,"logSize":898}}
1975043337	none	{"result":{"recorded":true,"address":1975043337,"logSize":899}}
681556051	none	{"result":{"recorded":true,"address":681556051,"logSize":900}}
1550506311	none	{"result":{"recorded":true,"address":1550506311,"logSize":901}}
96504344	none	{"result":{"recorded":true,"address":96504344,"logSize":902}}
246998458	none	{"result":{"recorded":true,"address":246998458,"logSize":903}}
787691064	none	{"result":{"recorded":true,"address":787691064,"logSize":904}}
1136960562	none	{"result":{"recorded":true,"address":1136960562,"logSize":905}}
1527916958	none	{"result":{"recorded":true,"address":1527916958,"logSize":906}}
231370266	none	{"result":{"recorded":true,"address":231370266,"logSize":907}}
753643440	none	{"result":{"recorded":true,"address":753643440,"logSize":908}}
418458040	none	{"result":{"recorded":true,"address":418458040,"logSize":909}}
2067524003	none	{"result":{"recorded":true,"address":2067524003,"logSize":910}}
1170979896	none	{"result":{"recorded":true,"address":1170979896,"logSize":911}}
1487517230	none	{"result":{"recorded":true,"address":1487517230,"logSize":912}}
1094389665	none	{"result":{"recorded":true,"address":1094389665,"logSize":913}}
67570123	none	{"result":{"recorded":true,"address":67570123,"logSize":914}}
913394596	none	{"result":{"recorded":true,"address":913394596,"logSize":915}}
312502910	none	{"result":{"recorded":true,"address":312502910,"logSize":916}}
2045477755	none	{"result":{"recorded":true,"address":2045477755,"logSize":917}}
85621385	none	{"result":{"recorded":true,"address":85621385,"logSize":918}}
1985542501	none	{"result":{"recorded":true,"address":1985542501,"logSize":919}}
1647271411	none	{"result":{"recorded":true,"address":1647271411,"logSize":920}}
283498349	none	{"result":{"recorded":true,"address":283498349,"logSize":921}}
2057774261	none	{"result":{"recorded":true,"address":2057774261,"logSize":922}}
974149236	none	{"result":{"recorded":true,"address":974149236,"logSize":923}}
63491427	none	{"result":{"recorded":true,"address":63491427,"logSize":924}}
646308458	none	{"result":{"recorded":true,"address":646308458,"logSize":925}}
125363491	none	{"result":{"recorded":true,"address":125363491,"logSize":926}}
2041536716	none	{"result":{"recorded":true,"address":2041536716,"logSize":927}}
2018867444	none	{"result":{"recorded":true,"address":2018867444,"logSize":928}}
767139227	none	{"result":{"recorded":true,"address":767139227,"logSize":929}}
1226618949	none	{"result":{"recorded":true,"address":1226618949,"logSize":930}}
434070238	none	{"result":{"recorded":true,"address":434070238,"logSize":931}}
449789430	none	{"result":{"recorded":true,"address":449789430,"logSize":932}}
290116621	none	{"result":{"recorded":true,"address":290116621,"logSize":933}}
1480327434	none	{"result":{"recorded":true,"address":1480327434,"logSize":934}}
471389995	none	{"result":{"recorded":true,"address":471389995,"logSize":935}}
350365513	none	{"result":{"recorded":true,"address":350365513,"logSize":936}}
1217107875	none	{"result":{"recorded":true,"address":1217107875,"logSize":937}}
1772094648	none	{"result":{"recorded":true,"address":1772094648,"logSize":938}}
1938076803	none	{"result":{"recorded":true,"address":1938076803,"logSize":939}}
1714124878	none	{"result":{"recorded":true,"address":1714124878,"logSize":940}}
733228467	none	{"result":{"recorded":true,"address":733228467,"logSize":941}}
2012204583	none	{"result":{"recorded":true,"address":2012204583,"logSize":942}}
144097230	none	{"result":{"recorded":true,"address":144097230,"logSize":943}}
1642454160	none	{"result":{"recorded":true,"address":1642454160,"logSize":944}}
1945701154	none	{"result":{"recorded":true,"address":1945701154,"logSize":945}}
1682926969	none	{"result":{"recorded":true,"address":1682926969,"logSize":946}}
2011721677	none	{"result":{"recorded":true,"address":2011721677,"logSize":947}}
1820549341	none	{"result":{"recorded":true,"address":1820549341,"logSize":948}}
1389629264	none	{"result":{"recorded":true,"address":1389629264,"logSize":949}}
1634462202	none	{"result":{"recorded":true,"address":1634462202,"logSize":950}}
1770234149	none	{"result":{"recorded":true,"address":1770234149,"logSize":951}}
1546185353	none	{"result":{"recorded":true,"address":1546185353,"logSize":952}}
797076243	none	{"result":{"recorded":true,"address":797076243,"logSize":953}}
344550421	none	{"result":{"recorded":true,"address":344550421,"logSize":954}}
242698108	none	{"result":{"recorded":true,"address":242698108,"logSize":955}}
959618215	none	{"result":{"recorded":true,"address":959618215,"logSize":956}}
679846436	none	{"result":{"recorded":true,"address":679846436,"logSize":957}}
372622104	none	{"result":{"recorded":true,"address":372622104,"logSize":958}}
829057395	none	{"result":{"recorded":true,"address":829057395,"logSize":959}}
904659669	none	{"result":{"recorded":true,"address":904659669,"logSize":960}}
740069479	none	{"result":{"recorded":true,"address":740069479,"logSize":961}}
1734964043	none	{"result":{"recorded":true,"address":1734964043,"logSize":962}}
1486538304	none	{"result":{"recorded":true,"address":1486538304,"logSize":963}}
860445055	none	{"result":{"recorded":true,"address":860445055,"logSize":964}}
473557235	none	{"result":{"recorded":true,"address":473557235,"logSize":965}}
1719251920	none	{"result":{"recorded":true,"address":1719251920,"logSize":966}}
423840972	none	{"result":{"recorded":true,"address":423840972,"logSize":967}}
2088973565	none	{"result":{"recorded":true,"address":2088973565,"logSize":968}}
358142976	none	{"result":{"recorded":true,"address":358142976,"logSize":969}}
1428742326	none	{"result":{"recorded":true,"address":1428742326,"logSize":970}}
510327466	none	{"result":{"recorded":true,"address":510327466,"logSize":971}}
333736003	none	{"result":{"recorded":true,"address":333736003,"logSize":972}}
1444558554	none	{"result":{"recorded":true,"address":1444558554,"logSize":973}}
655718863	none	{"result":{"recorded":true,"address":655718863,"logSize":974}}
1030085368	none	{"result":{"recorded":true,"address":1030085368,"logSize":975}}
227650178	none	{"result":{"recorded":true,"address":227650178,"logSize":976}}
412167888	none	{"result":{"recorded":true,"address":412167888,"logSize":977}}
369377056	none	{"result":{"recorded":true,"address":369377056,"logSize":978}}
1771275374	none	{"result":{"recorded":true,"address":1771275374,"logSize":979}}
255808812	none	{"result":{"recorded":true,"address":255808812,"logSize":980}}
461919048	none	{"result":{"recorded":true,"address":461919048,"logSize":981}}
812135049	none	{"result":{"recorded":true,"address":812135049,"logSize":982}}
1509290096	none	{"result":{"recorded":true,"address":1509290096,"logSize":983}}
1445433288	none	{"result":{"recorded":true,"address":1445433288,"logSize":984}}
464146844	none	{"result":{"recorded":true,"address":464146844,"logSize":985}}
634820816	none	{"result":{"recorded":true,"address":634820816,"logSize":986}}
841232821	none	{"result":{"recorded":true,"address":841232821,"logSize":987}}
1897896185	none	{"result":{"recorded":true,"address":1897896185,"logSize":988}}
29890285	none	{"result":{"recorded":true,"address":29890285,"logSize":989}}
790083784	none	{"result":{"recorded":true,"address":790083784,"logSize":990}}
1257743534	none	{"result":{"recorded":true,"address":1257743534,"logSize":991}}
1994451306	none	{"result":{"recorded":true,"address":1994451306,"logSize":992}}
514636000	none	{"result":{"recorded":true,"address":514636000,"logSize":993}}
1318273071	none	{"result":{"recorded":true,"address":1318273071,"logSize":994}}
723288094	none	{"result":{"recorded":true,"address":723288094,"logSize":995}}
1439434413	none	{"result":{"recorded":true,"address":1439434413,"logSize":996}}
1047158041	none	{"result":{"recorded":true,"address":1047158041,"logSize":997}}
520456120	none	{"result":{"recorded":true,"address":520456120,"logSize":998}}
847049186	none	{"result":{"recorded":true,"address":847049186,"logSize":999}}
1082339402	none	{"result":{"recorded":true,"address":1082339402,"logSize":1000}}
1077911746	none	{"result":{"recorded":true,"address":1077911746,"logSize":1001}}
836925100	none	{"result":{"recorded":true,"address":836925100,"logSize":1002}}
2009613151	none	{"result":{"recorded":true,"address":2009613151,"logSize":1003}}
1722570643	none	{"result":{"recorded":true,"address":1722570643,"logSize":1004}}
2142269624	none	{"result":{"recorded":true,"address":2142269624,"logSize":1005}}
1006268324	none	{"result":{"recorded":true,"address":1006268324,"logSize":1006}}
541874075	none	{"result":{"recorded":true,"address":541874075,"logSize":1007}}
132197069	none	{"result":{"recorded":true,"address":132197069,"logSize":1008}}
1402126788	none	{"result":{"recorded":true,"address":1402126788,"logSize":1009}}
1763502009	none	{"result":{"recorded":true,"address":1763502009,"logSize":1010}}
2096063091	none	{"result":{"recorded":true,"address":2096063091,"logSize":1011}}
1515739979	none	{"result":{"recorded":true,"address":1515739979,"logSize":1012}}
840991672	none	{"result":{"recorded":true,"address":840991672,"logSize":1013}}
663792816	none	{"result":{"recorded":true,"address":663792816,"logSize":1014}}
1032436964	none	{"result":{"recorded":true,"address":1032436964,"logSize":1015}}
1388040408	none	{"result":{"recorded":true,"address":1388040408,"logSize":1016}}
460904589	none	{"result":{"recorded":true,"address":460904589,"logSize":1017}}
1659982757	none	{"result":{"recorded":true,"address":1659982757,"logSize":1018}}
1921830513	none	{"result":{"recorded":true,"address":1921830513,"logSize":1019}}
1731252516	none	{"result":{"recorded":true,"address":1731252516,"logSize":1020}}
924497989	none	{"result":{"recorded":true,"address":924497989,"logSize":1021}}
1693833115	none	{"result":{"recorded":true,"address":1693833115,"logSize":1022}}
451592733	none	{"result":{"recorded":true,"address":451592733,"logSize":1023}}
1655501418	none	{"result":{"recorded":true,"address":1655501418,"logSize":1024}}
199425089	none	{"result":{"recorded":true,"address":199425089,"logSize":1025}}
497117185	none	{"result":{"recorded":true,"address":497117185,"logSize":1026}}
1489499947	none	{"result":{"recorded":true,"address":1489499947,"logSize":1027}}
558166277	none	{"result":{"recorded":true,"address":558166277,"logSize":1028}}
505162489	none	{"result":{"recorded":true,"address":505162489,"logSize":1029}}
877753479	none	{"result":{"recorded":true,"address":877753479,"logSize":1030}}
11936445	none	{"result":{"recorded":true,"address":11936445,"logSize":1031}}
949928232	none	{"result":{"recorded":true,"address":949928232,"logSize":1032}}
818206350	none	{"result":{"recorded":true,"address":818206350,"logSize":1033}}
1934092805	none	{"result":{"recorded":true,"address":1934092805,"logSize":1034}}
644643036	none	{"result":{"recorded":true,"address":644643036,"logSize":1035}}
218956691	none	{"result":{"recorded":true,"address":218956691,"logSize":1036}}
918385843	none	{"result":{"recorded":true,"address":918385843,"logSize":1037}}
1936012918	none	{"result":{"recorded":true,"address":1936012918,"logSize":1038}}
566558825	none	{"result":{"recorded":true,"address":566558825,"logSize":1039}}
1973292407	none	{"result":{"recorded":true,"address":1973292407,"logSize":1040}}
56690344	none	{"result":{"recorded":true,"address":56690344,"logSize":1041}}
1061335474	none	{"result":{"recorded":true,"address":1061335474,"logSize":1042}}
982286109	none	{"result":{"recorded":true,"address":982286109,"logSize":1043}}
2009286914	none	{"result":{"recorded":true,"address":2009286914,"logSize":1044}}
361960570	none	{"result":{"recorded":true,"address":361960570,"logSize":1045}}
1632140723	none	{"result":{"recorded":true,"address":1632140723,"logSize":1046}}
490129550	none	{"result":{"recorded":true,"address":490129550,"logSize":1047}}
215710204	none	{"result":{"recorded":true,"address":215710204,"logSize":1048}}
1845803635	none	{"result":{"recorded":true,"address":1845803635,"logSize":1049}}
696537948	none	{"result":{"recorded":true,"address":696537948,"logSize":1050}}
665396313	none	{"result":{"recorded":true,"address":665396313,"logSize":1051}}
1686249732	none	{"result":{"recorded":true,"address":1686249732,"logSize":1052}}
1388239160	none	{"result":{"recorded":true,"address":1388239160,"logSize":1053}}
139369172	none	{"result":{"recorded":true,"address":139369172,"logSize":1054}}
1378210567	none	{"result":{"recorded":true,"address":1378210567,"logSize":1055}}
1080689992	none	{"result":{"recorded":true,"address":1080689992,"logSize":1056}}
1626195831	none	{"result":{"recorded":true,"address":1626195831,"logSize":1057}}
1526475525	none	{"result":{"recorded":true,"address":1526475525,"logSize":1058}}
1534052912	none	{"result":{"recorded":true,"address":1534052912,"logSize":1059}}
1424961240	none	{"result":{"recorded":true,"address":1424961240,"logSize":1060}}
682095959	none	{"result":{"recorded":true,"address":682095959,"logSize":1061}}
819035849	none	{"result":{"recorded":true,"address":819035849,"logSize":1062}}
1799586680	none	{"result":{"recorded":true,"address":1799586680,"logSize":1063}}
666932192	none	{"result":{"recorded":true,"address":666932192,"logSize":1064}}
374670135	none	{"result":{"recorded":true,"address":374670135,"logSize":1065}}
2092794805	none	{"result":{"recorded":true,"address":2092794805,"logSize":1066}}
1597605445	none	{"result":{"recorded":true,"address":1597605445,"logSize":1067}}
4505120	none	{"result":{"recorded":true,"address":4505120,"logSize":1068}}
1656677386	none	{"result":{"recorded":true,"address":1656677386,"logSize":1069}}
1175345701	none	{"result":{"recorded":true,"address":1175345701,"logSize":1070}}
1108963852	none	{"result":{"recorded":true,"address":1108963852,"logSize":1071}}
75642414	none	{"result":{"recorded":true,"address":75642414,"logSize":1072}}
21367312	none	{"result":{"recorded":true,"address":21367312,"logSize":1073}}
1260897219	none	{"result":{"recorded":true,"address":1260897219,"logSize":1074}}
626055523	none	{"result":{"recorded":true,"address":626055523,"logSize":1075}}
1357016217	none	{"result":{"recorded":true,"address":1357016217,"logSize":1076}}
1360454150	none	{"result":{"recorded":true,"address":1360454150,"logSize":1077}}
1990707376	none	{"result":{"recorded":true,"address":1990707376,"logSize":1078}}
158156657	none	{"result":{"recorded":true,"address":158156657,"logSize":1079}}
1091322538	none	{"result":{"recorded":true,"address":1091322538,"logSize":1080}}
1047432595	none	{"result":{"recorded":true,"address":1047432595,"logSize":1081}}
2045482743	none	{"result":{"recorded":true,"address":2045482743,"logSize":1082}}
1696102782	none	{"result":{"recorded":true,"address":1696102782,"logSize":1083}}
2089710325	none	{"result":{"recorded":true,"address":2089710325,"logSize":1084}}
1067719700	none	{"result":{"recorded":true,"address":1067719700,"logSize":1085}}
1256394756	none	{"result":{"recorded":true,"address":1256394756,"logSize":1086}}
1418930412	none	{"result":{"recorded":true,"address":1418930412,"logSize":1087}}
1303913319	none	{"result":{"recorded":true,"address":1303913319,"logSize":1088}}
2055187148	none	{"result":{"recorded":true,"address":2055187148,"logSize":1089}}
215774999	none	{"result":{"recorded":true,"address":215774999,"logSize":1090}}
1797994963	none	{"result":{"recorded":true,"address":1797994963,"logSize":1091}}
2047703229	none	{"result":{"recorded":true,"address":2047703229,"logSize":1092}}
1113518214	none	{"result":{"recorded":true,"address":1113518214,"logSize":1093}}
136566613	none	{"result":{"recorded":true,"address":136566613,"logSize":1094}}
1964660299	none	{"result":{"recorded":true,"address":1964660299,"logSize":1095}}
526923371	none	{"result":{"recorded":true,"address":526923371,"logSize":1096}}
826013730	none	{"result":{"recorded":true,"address":826013730,"logSize":1097}}
12238320	none	{"result":{"recorded":true,"address":12238320,"logSize":1098}}
2006217237	none	{"result":{"recorded":true,"address":2006217237,"logSize":1099}}
1749464416	none	{"result":{"recorded":true,"address":1749464416,"logSize":1100}}
493538240	none	{"result":{"recorded":true,"address":493538240,"logSize":1101}}
149393136	none	{"result":{"recorded":true,"address":149393136,"logSize":1102}}
1910952601	none	{"result":{"recorded":true,"address":1910952601,"logSize":1103}}
1436597855	none	{"result":{"recorded":true,"address":1436597855,"logSize":1104}}
362009639	none	{"result":{"recorded":true,"address":362009639,"logSize":1105}}
1041959945	none	{"result":{"recorded":true,"address":1041959945,"logSize":1106}}
895890620	none	{"result":{"recorded":true,"address":895890620,"logSize":1107}}
1606243123	none	{"result":{"recorded":true,"address":1606243123,"logSize":1108}}
344786858	none	{"result":{"recorded":true,"address":344786858,"logSize":1109}}
707945112	none	{"result":{"recorded":true,"address":707945112,"logSize":1110}}
747471922	none	{"result":{"recorded":true,"address":747471922,"logSize":1111}}
2064364450	none	{"result":{"recorded":true,"address":2064364450,"logSize":1112}}
1811669579	none	{"result":{"recorded":true,"address":1811669579,"logSize":1113}}
1700129577	none	{"result":{"recorded":true,"address":1700129577,"logSize":1114}}
389266780	none	{"result":{"recorded":true,"address":389266780,"logSize":1115}}
1574091598	none	{"result":{"recorded":true,"address":1574091598,"logSize":1116}}
977593075	none	{"result":{"recorded":true,"address":977593075,"logSize":1117}}
1115222676	none	{"result":{"recorded":true,"address":1115222676,"logSize":1118}}
1014444201	none	{"result":{"recorded":true,"address":1014444201,"logSize":1119}}
156742298	none	{"result":{"recorded":true,"address":156742298,"logSize":1120}}
417048842	none	{"result":{"recorded":true,"address":417048842,"logSize":1121}}
1187975852	none	{"result":{"recorded":true,"address":1187975852,"logSize":1122}}
773891497	none	{"result":{"recorded":true,"address":773891497,"logSize":1123}}
1568136726	none	{"result":{"recorded":true,"address":1568136726,"logSize":1124}}
1967808702	none	{"result":{"recorded":true,"address":1967808702,"logSize":1125}}
570356875	none	{"result":{"recorded":true,"address":570356875,"logSize":1126}}
1705311857	none	{"result":{"recorded":true,"address":1705311857,"logSize":1127}}
543472244	none	{"result":{"recorded":true,"address":543472244,"logSize":1128}}
791770949	none	{"result":{"recorded":true,"address":791770949,"logSize":1129}}
690616760	none	{"result":{"recorded":true,"address":690616760,"logSize":1130}}
547351224	none	{"result":{"recorded":true,"address":547351224,"logSize":1131}}
860668061	none	{"result":{"recorded":true,"address":860668061,"logSize":1132}}
331843680	none	{"result":{"recorded":true,"address":331843680,"logSize":1133}}
1870693957	none	{"result":{"recorded":true,"address":1870693957,"logSize":1134}}
1185862192	none	{"result":{"recorded":true,"address":1185862192,"logSize":1135}}
1192907834	none	{"result":{"recorded":true,"address":1192907834,"logSize":1136}}
2126735583	none	{"result":{"recorded":true,"address":2126735583,"logSize":1137}}
469800416	none	{"result":{"recorded":true,"address":469800416,"logSize":1138}}
1569661737	none	{"result":{"recorded":true,"address":1569661737,"logSize":1139}}
1251202434	none	{"result":{"recorded":true,"address":1251202434,"logSize":1140}}
646609200	none	{"result":{"recorded":true,"address":646609200,"logSize":1141}}
1099520409	none	{"result":{"recorded":true,"address":1099520409,"logSize":1142}}
1146185326	none	{"result":{"recorded":true,"address":1146185326,"logSize":1143}}
1358379660	none	{"result":{"recorded":true,"address":1358379660,"logSize":1144}}
1478647895	none	{"result":{"recorded":true,"address":1478647895,"logSize":1145}}
472553712	none	{"result":{"recorded":true,"address":472553712,"logSize":1146}}
1210667314	none	{"result":{"recorded":true,"address":1210667314,"logSize":1147}}
110970384	none	{"result":{"recorded":true,"address":110970384,"logSize":1148}}
1755932773	none	{"result":{"recorded":true,"address":1755932773,"logSize":1149}}
2125554683	none	{"result":{"recorded":true,"address":2125554683,"logSize":1150}}
852271784	none	{"result":{"recorded":true,"address":852271784,"logSize":1151}}
388619089	none	{"result":{"recorded":true,"address":388619089,"logSize":1152}}
1134162429	none	{"result":{"recorded":true,"address":1134162429,"logSize":1153}}
1744168090	none	{"result":{"recorded":true,"address":1744168090,"logSize":1154}}
1210610809	none	{"result":{"recorded":true,"address":1210610809,"logSize":1155}}
1456833708	none	{"result":{"recorded":true,"address":1456833708,"logSize":1156}}
1441031366	none	{"result":{"recorded":true,"address":1441031366,"logSize":1157}}
438832276	none	{"result":{"recorded":true,"address":438832276,"logSize":1158}}
1024903447	none	{"result":{"recorded":true,"address":1024903447,"logSize":1159}}
1262314247	none	{"result":{"recorded":true,"address":1262314247,"logSize":1160}}
238051002	none	{"result":{"recorded":true,"address":238051002,"logSize":1161}}
989282434	none	{"result":{"recorded":true,"address":989282434,"logSize":1162}}
1308476480	none	{"result":{"recorded":true,"address":1308476480,"logSize":1163}}
2088728086	none	{"result":{"recorded":true,"address":2088728086,"logSize":1164}}
34958058	none	{"result":{"recorded":true,"address":34958058,"logSize":1165}}
420852823	none	{"result":{"recorded":true,"address":420852823,"logSize":1166}}
125895649	none	{"result":{"recorded":true,"address":125895649,"logSize":1167}}
486670605	none	{"result":{"recorded":true,"address":486670605,"logSize":1168}}
884732239	none	{"result":{"recorded":true,"address":884732239,"logSize":1169}}
1854834305	none	{"result":{"recorded":true,"address":1854834305,"logSize":1170}}
1529093961	none	{"result":{"recorded":true,"address":1529093961,"logSize":1171}}
32120306	none	{"result":{"recorded":true,"address":32120306,"logSize":1172}}
331219422	none	{"result":{"recorded":true,"address":331219422,"logSize":1173}}
1362846041	none	{"result":{"recorded":true,"address":1362846041,"logSize":1174}}
1407850151	none	{"result":{"recorded":true,"address":1407850151,"logSize":1175}}
923994509	none	{"result":{"recorded":true,"address":923994509,"logSize":1176}}
122766802	none	{"result":{"recorded":true,"address":122766802,"logSize":1177}}
625718395	none	{"result":{"recorded":true,"address":625718395,"logSize":1178}}
1710288132	none	{"result":{"recorded":true,"address":1710288132,"logSize":1179}}
1638584085	none	{"result":{"recorded":true,"address":1638584085,"logSize":1180}}
579515430	none	{"result":{"recorded":true,"address":579515430,"logSize":1181}}
117995493	none	{"result":{"recorded":true,"address":117995493,"logSize":1182}}
1474022027	none	{"result":{"recorded":true,"address":1474022027,"logSize":1183}}
1614300795	none	{"result":{"recorded":true,"address":1614300795,"logSize":1184}}
1815337876	none	{"result":{"recorded":true,"address":1815337876,"logSize":1185}}
2016333128	none	{"result":{"recorded":true,"address":2016333128,"logSize":1186}}
2122588878	none	{"result":{"recorded":true,"address":2122588878,"logSize":1187}}
434871843	none	{"result":{"recorded":true,"address":434871843,"logSize":1188}}
154655837	none	{"result":{"recorded":true,"address":154655837,"logSize":1189}}
944903158	none	{"result":{"recorded":true,"address":944903158,"logSize":1190}}
738205832	none	{"result":{"recorded":true,"address":738205832,"logSize":1191}}
326966636	none	{"result":{"recorded":true,"address":326966636,"logSize":1192}}
386122528	none	{"result":{"recorded":true,"address":386122528,"logSize":1193}}
828800133	none	{"result":{"recorded":true,"address":828800133,"logSize":1194}}
1217112210	none	{"result":{"recorded":true,"address":1217112210,"logSize":1195}}
980148502	none	{"result":{"recorded":true,"address":980148502,"logSize":1196}}
1776139420	none	{"result":{"recorded":true,"address":1776139420,"logSize":1197}}
1777161620	none	{"result":{"recorded":true,"address":1777161620,"logSize":1198}}
1516602096	none	{"result":{"recorded":true,"address":1516602096,"logSize":1199}}
1667455483	none	{"result":{"recorded":true,"address":1667455483,"logSize":1200}}
1001776111	none	{"result":{"recorded":true,"address":1001776111,"logSize":1201}}
669190564	none	{"result":{"recorded":true,"address":669190564,"logSize":1202}}
76355081	none	{"result":{"recorded":true,"address":76355081,"logSize":1203}}
253179285	none	{"result":{"recorded":true,"address":253179285,"logSize":1204}}
2134340845	none	{"result":{"recorded":true,"address":2134340845,"logSize":1205}}
1908930936	none	{"result":{"recorded":true,"address":1908930936,"logSize":1206}}
1364378947	none	{"result":{"recorded":true,"address":1364378947,"logSize":1207}}
1964393657	none	{"result":{"recorded":true,"address":1964393657,"logSize":1208}}
1989713050	none	{"result":{"recorded":true,"address":1989713050,"logSize":1209}}
1510641559	none	{"result":{"recorded":true,"address":1510641559,"logSize":1210}}
296154839	none	{"result":{"recorded":true,"address":296154839,"logSize":1211}}
469597439	none	{"result":{"recorded":true,"address":469597439,"logSize":1212}}
1949103822	none	{"result":{"recorded":true,"address":1949103822,"logSize":1213}}
1844594934	none	{"result":{"recorded":true,"address":1844594934,"logSize":1214}}
127064636	none	{"result":{"recorded":true,"address":127064636,"logSize":1215}}
286626819	none	{"result":{"recorded":true,"address":286626819,"logSize":1216}}
1327387237	none	{"result":{"recorded":true,"address":1327387237,"logSize":1217}}
27818455	none	{"result":{"recorded":true,"address":27818455,"logSize":1218}}
1028874616	none	{"result":{"recorded":true,"address":1028874616,"logSize":1219}}
696090864	none	{"result":{"recorded":true,"address":696090864,"logSize":1220}}
744998022	none	{"result":{"recorded":true,"address":744998022,"logSize":1221}}
18418243	none	{"result":{"recorded":true,"address":18418243,"logSize":1222}}
175286714	none	{"result":{"recorded":true,"address":175286714,"logSize":1223}}
891594522	none	{"result":{"recorded":true,"address":891594522,"logSize":1224}}
307652359	none	{"result":{"recorded":true,"address":307652359,"logSize":1225}}
1114754908	none	{"result":{"recorded":true,"address":1114754908,"logSize":1226}}
343063882	none	{"result":{"recorded":true,"address":343063882,"logSize":1227}}
1811912013	none	{"result":{"recorded":true,"address":1811912013,"logSize":1228}}
50299021	none	{"result":{"recorded":true,"address":50299021,"logSize":1229}}
507948589	none	{"result":{"recorded":true,"address":507948589,"logSize":1230}}
1565662182	none	{"result":{"recorded":true,"address":1565662182,"logSize":1231}}
1901338648	none	{"result":{"recorded":true,"address":1901338648,"logSize":1232}}
337524754	none	{"result":{"recorded":true,"address":337524754,"logSize":1233}}
448674279	none	{"result":{"recorded":true,"address":448674279,"logSize":1234}}
1006358584	none	{"result":{"recorded":true,"address":1006358584,"logSize":1235}}
1365258048	none	{"result":{"recorded":true,"address":1365258048,"logSize":1236}}
1975175123	none	{"result":{"recorded":true,"address":1975175123,"logSize":1237}}
1171720773	none	{"result":{"recorded":true,"address":1171720773,"logSize":1238}}
1715605681	none	{"result":{"recorded":true,"address":1715605681,"logSize":1239}}
1458602398	none	{"result":{"recorded":true,"address":1458602398,"logSize":1240}}
1132739564	none	{"result":{"recorded":true,"address":1132739564,"logSize":1241}}
1068587681	none	{"result":{"recorded":true,"address":1068587681,"logSize":1242}}
512176188	none	{"result":{"recorded":true,"address":512176188,"logSize":1243}}
1472763073	none	{"result":{"recorded":true,"address":1472763073,"logSize":1244}}
1365829805	none	{"result":{"recorded":true,"address":1365829805,"logSize":1245}}
1800801432	none	{"result":{"recorded":true,"address":1800801432,"logSize":1246}}
1685469316	none	{"result":{"recorded":true,"address":1685469316,"logSize":1247}}
199210709	none	{"result":{"recorded":true,"address":199210709,"logSize":1248}}
1119349442	none	{"result":{"recorded":true,"address":1119349442,"logSize":1249}}
612892086	none	{"result":{"recorded":true,"address":612892086,"logSize":1250}}
1743070561	none	{"result":{"recorded":true,"address":1743070561,"logSize":1251}}
884554403	none	{"result":{"recorded":true,"address":884554403,"logSize":1252}}
208788895	none	{"result":{"recorded":true,"address":208788895,"logSize":1253}}
523805452	none	{"result":{"recorded":true,"address":523805452,"logSize":1254}}
326014957	none	{"result":{"recorded":true,"address":326014957,"logSize":1255}}
877375932	none	{"result":{"recorded":true,"address":877375932,"logSize":1256}}
1367955023	none	{"result":{"recorded":true,"address":1367955023,"logSize":1257}}
680859490	none	{"result":{"recorded":true,"address":680859490,"logSize":1258}}
910339261	none	{"result":{"recorded":true,"address":910339261,"logSize":1259}}
1704098201	none	{"result":{"recorded":true,"address":1704098201,"logSize":1260}}
1394413664	none	{"result":{"recorded":true,"address":1394413664,"logSize":1261}}
1380793764	none	{"result":{"recorded":true,"address":1380793764,"logSize":1262}}
198205769	none	{"result":{"recorded":true,"address":198205769,"logSize":1263}}
812911417	none	{"result":{"recorded":true,"address":812911417,"logSize":1264}}
1434178105	none	{"result":{"recorded":true,"address":1434178105,"logSize":1265}}
632493115	none	{"result":{"recorded":true,"address":632493115,"logSize":1266}}
1424868624	none	{"result":{"recorded":true,"address":1424868624,"logSize":1267}}
1488711757	none	{"result":{"recorded":true,"address":1488711757,"logSize":1268}}
717997771	none	{"result":{"recorded":true,"address":717997771,"logSize":1269}}
439579489	none	{"result":{"recorded":true,"address":439579489,"logSize":1270}}
1026479370	none	{"result":{"recorded":true,"address":1026479370,"logSize":1271}}
1661176721	none	{"result":{"recorded":true,"address":1661176721,"logSize":1272}}
2022029158	none	{"result":{"recorded":true,"address":2022029158,"logSize":1273}}
1627881473	none	{"result":{"recorded":true,"address":1627881473,"logSize":1274}}
1574601393	none	{"result":{"recorded":true,"address":1574601393,"logSize":1275}}
1726581826	none	{"result":{"recorded":true,"address":1726581826,"logSize":1276}}
387461505	none	{"result":{"recorded":true,"address":387461505,"logSize":1277}}
1467843081	none	{"result":{"recorded":true,"address":1467843081,"logSize":1278}}
884746313	none	{"result":{"recorded":true,"address":884746313,"logSize":1279}}
920880696	none	{"result":{"recorded":true,"address":920880696,"logSize":1280}}
168223953	none	{"result":{"recorded":true,"address":168223953,"logSize":1281}}
1165374421	none	{"result":{"recorded":true,"address":1165374421,"logSize":1282}}
1747463222	none	{"result":{"recorded":true,"address":1747463222,"logSize":1283}}
2022377031	none	{"result":{"recorded":true,"address":2022377031,"logSize":1284}}
1428988384	none	{"result":{"recorded":true,"address":1428988384,"logSize":1285}}
1935732930	none	{"result":{"recorded":true,"address":1935732930,"logSize":1286}}
2132904576	none	{"result":{"recorded":true,"address":2132904576,"logSize":1287}}
778751524	none	{"result":{"recorded":true,"address":778751524,"logSize":1288}}
1148152457	none	{"result":{"recorded":true,"address":1148152457,"logSize":1289}}
1099756550	none	{"result":{"recorded":true,"address":1099756550,"logSize":1290}}
694331891	none	{"result":{"recorded":true,"address":694331891,"logSize":1291}}
1665730864	none	{"result":{"recorded":true,"address":1665730864,"logSize":1292}}
1542219515	none	{"result":{"recorded":true,"address":1542219515,"logSize":1293}}
2074631613	none	{"result":{"recorded":true,"address":2074631613,"logSize":1294}}
1326104751	none	{"result":{"recorded":true,"address":1326104751,"logSize":1295}}
1795203166	none	{"result":{"recorded":true,"address":1795203166,"logSize":1296}}
2139225621	none	{"result":{"recorded":true,"address":2139225621,"logSize":1297}}
2007100631	none	{"result":{"recorded":true,"address":2007100631,"logSize":1298}}
464111428	none	{"result":{"recorded":true,"address":464111428,"logSize":1299}}
1372605887	none	{"result":{"recorded":true,"address":1372605887,"logSize":1300}}
1982674603	none	{"result":{"recorded":true,"address":1982674603,"logSize":1301}}
1730473426	none	{"result":{"recorded":true,"address":1730473426,"logSize":1302}}
506624875	none	{"result":{"recorded":true,"address":506624875,"logSize":1303}}
743758493	none	{"result":{"recorded":true,"address":743758493,"logSize":1304}}
1052055667	none	{"result":{"recorded":true,"address":1052055667,"logSize":1305}}
1592210097	none	{"result":{"recorded":true,"address":1592210097,"logSize":1306}}
462092111	none	{"result":{"recorded":true,"address":462092111,"logSize":1307}}
1490794160	none	{"result":{"recorded":true,"address":1490794160,"logSize":1308}}
1075707840	none	{"result":{"recorded":true,"address":1075707840,"logSize":1309}}
965646278	none	{"result":{"recorded":true,"address":965646278,"logSize":1310}}
1081564910	none	{"result":{"recorded":true,"address":1081564910,"logSize":1311}}
1318367813	none	{"result":{"recorded":true,"address":1318367813,"logSize":1312}}
131441659	none	{"result":{"recorded":true,"address":131441659,"logSize":1313}}
260854155	none	{"result":{"recorded":true,"address":260854155,"logSize":1314}}
594151161	none	{"result":{"recorded":true,"address":594151161,"logSize":1315}}
1895474059	none	{"result":{"recorded":true,"address":1895474059,"logSize":1316}}
1793182786	none	{"result":{"recorded":true,"address":1793182786,"logSize":1317}}
218199364	none	{"result":{"recorded":true,"address":218199364,"logSize":1318}}
1593076224	none	{"result":{"recorded":true,"address":1593076224,"logSize":1319}}
557000135	none	{"result":{"recorded":true,"address":557000135,"logSize":1320}}
987273245	none	{"result":{"recorded":true,"address":987273245,"logSize":1321}}
694416666	none	{"result":{"recorded":true,"address":694416666,"logSize":1322}}
1473832329	none	{"result":{"recorded":true,"address":1473832329,"logSize":1323}}
1735020103	none	{"result":{"recorded":true,"address":1735020103,"logSize":1324}}
1160293085	none	{"result":{"recorded":true,"address":1160293085,"logSize":1325}}
720133455	none	{"result":{"recorded":true,"address":720133455,"logSize":1326}}
2024456044	none	{"result":{"recorded":true,"address":2024456044,"logSize":1327}}
1781203575	none	{"result":{"recorded":true,"address":1781203575,"logSize":1328}}
637531130	none	{"result":{"recorded":true,"address":637531130,"logSize":1329}}
994727805	none	{"result":{"recorded":true,"address":994727805,"logSize":1330}}
313761071	none	{"result":{"recorded":true,"address":313761071,"logSize":1331}}
1180738093	none	{"result":{"recorded":true,"address":1180738093,"logSize":1332}}
385256709	none	{"result":{"recorded":true,"address":385256709,"logSize":1333}}
358200399	none	{"result":{"recorded":true,"address":358200399,"logSize":1334}}
1451726579	none	{"result":{"recorded":true,"address":1451726579,"logSize":1335}}
485127046	none	{"result":{"recorded":true,"address":485127046,"logSize":1336}}
695527306	none	{"result":{"recorded":true,"address":695527306,"logSize":1337}}
2078882029	none	{"result":{"recorded":true,"address":2078882029,"logSize":1338}}
1524051532	none	{"result":{"recorded":true,"address":1524051532,"logSize":1339}}
1875439582	none	{"result":{"recorded":true,"address":1875439582,"logSize":1340}}
667718288	none	{"result":{"recorded":true,"address":667718288,"logSize":1341}}
376233339	none	{"result":{"recorded":true,"address":376233339,"logSize":1342}}
1935911638	none	{"result":{"recorded":true,"address":1935911638,"logSize":1343}}
1546274412	none	{"result":{"recorded":true,"address":1546274412,"logSize":1344}}
1989859018	none	{"result":{"recorded":true,"address":1989859018,"logSize":1345}}
2121630738	none	{"result":{"recorded":true,"address":2121630738,"logSize":1346}}
1939984849	none	{"result":{"recorded":true,"address":1939984849,"logSize":1347}}
1237457371	none	{"result":{"recorded":true,"address":1237457371,"logSize":1348}}
1409936157	none	{"result":{"recorded":true,"address":1409936157,"logSize":1349}}
1161273445	none	{"result":{"recorded":true,"address":1161273445,"logSize":1350}}
239611085	none	{"result":{"recorded":true,"address":239611085,"logSize":1351}}
630096875	none	{"result":{"recorded":true,"address":630096875,"logSize":1352}}
1622168425	none	{"result":{"recorded":true,"address":1622168425,"logSize":1353}}
817380753	none	{"result":{"recorded":true,"address":817380753,"logSize":1354}}
1777683502	none	{"result":{"recorded":true,"address":1777683502,"logSize":1355}}
2108583700	none	{"result":{"recorded":true,"address":2108583700,"logSize":1356}}
1783416154	none	{"result":{"recorded":true,"address":1783416154,"logSize":1357}}
9506145	none	{"result":{"recorded":true,"address":9506145,"logSize":1358}}
703438032	none	{"result":{"recorded":true,"address":703438032,"logSize":1359}}
1170448405	none	{"result":{"recorded":true,"address":1170448405,"logSize":1360}}
1847495566	none	{"result":{"recorded":true,"address":1847495566,"logSize":1361}}
1841541485	none	{"result":{"recorded":true,"address":1841541485,"logSize":1362}}
2138134054	none	{"result":{"recorded":true,"address":2138134054,"logSize":1363}}
1115760960	none	{"result":{"recorded":true,"address":1115760960,"logSize":1364}}
1670290548	none	{"result":{"recorded":true,"address":1670290548,"logSize":1365}}
1334835297	none	{"result":{"recorded":true,"address":1334835297,"logSize":1366}}
1905450297	none	{"result":{"recorded":true,"address":1905450297,"logSize":1367}}
233669317	none	{"result":{"recorded":true,"address":233669317,"logSize":1368}}
1717512289	none	{"result":{"recorded":true,"address":1717512289,"logSize":1369}}
1918539274	none	{"result":{"recorded":true,"address":1918539274,"logSize":1370}}
519701994	none	{"result":{"recorded":true,"address":519701994,"logSize":1371}}
1865214645	none	{"result":{"recorded":true,"address":1865214645,"logSize":1372}}
954195918	none	{"result":{"recorded":true,"address":954195918,"logSize":1373}}
1711417748	none	{"result":{"recorded":true,"address":1711417748,"logSize":1374}}
1696038580	none	{"result":{"recorded":true,"address":1696038580,"logSize":1375}}
1372194354	none	{"result":{"recorded":true,"address":1372194354,"logSize":1376}}
968099519	none	{"result":{"recorded":true,"address":968099519,"logSize":1377}}
310084379	none	{"result":{"recorded":true,"address":310084379,"logSize":1378}}
28861476	none	{"result":{"recorded":true,"address":28861476,"logSize":1379}}
1917335838	none	{"result":{"recorded":true,"address":1917335838,"logSize":1380}}
612894855	none	{"result":{"recorded":true,"address":612894855,"logSize":1381}}
907271101	none	{"result":{"recorded":true,"address":907271101,"logSize":1382}}
1865194717	none	{"result":{"recorded":true,"address":1865194717,"logSize":1383}}
1042981713	none	{"result":{"recorded":true,"address":1042981713,"logSize":1384}}
472445939	none	{"result":{"recorded":true,"address":472445939,"logSize":1385}}
2052740147	none	{"result":{"recorded":true,"address":2052740147,"logSize":1386}}
265347892	none	{"result":{"recorded":true,"address":265347892,"logSize":1387}}
1649994708	none	{"result":{"recorded":true,"address":1649994708,"logSize":1388}}
357999594	none	{"result":{"recorded":true,"address":357999594,"logSize":1389}}
433649562	none	{"result":{"recorded":true,"address":433649562,"logSize":1390}}
1118348666	none	{"result":{"recorded":true,"address":1118348666,"logSize":1391}}
2127715146	none	{"result":{"recorded":true,"address":2127715146,"logSize":1392}}
2094444243	none	{"result":{"recorded":true,"address":2094444243,"logSize":1393}}
346044751	none	{"result":{"recorded":true,"address":346044751,"logSize":1394}}
1092503819	none	{"result":{"recorded":true,"address":1092503819,"logSize":1395}}
1126424856	none	{"result":{"recorded":true,"address":1126424856,"logSize":1396}}
145372524	none	{"result":{"recorded":true,"address":145372524,"logSize":1397}}
1568332159	none	{"result":{"recorded":true,"address":1568332159,"logSize":1398}}
74250941	none	{"result":{"recorded":true,"address":74250941,"logSize":1399}}
644583398	none	{"result":{"recorded":true,"address":644583398,"logSize":1400}}
455363671	none	{"result":{"recorded":true,"address":455363671,"logSize":1401}}
1587662160	none	{"result":{"recorded":true,"address":1587662160,"logSize":1402}}
1266574154	none	{"result":{"recorded":true,"address":1266574154,"logSize":1403}}
1794904848	none	{"result":{"recorded":true,"address":1794904848,"logSize":1404}}
1289675079	none	{"result":{"recorded":true,"address":1289675079,"logSize":1405}}
152612242	none	{"result":{"recorded":true,"address":152612242,"logSize":1406}}
1053877154	none	{"result":{"recorded":true,"address":1053877154,"logSize":1407}}
305362903	none	{"result":{"recorded":true,"address":305362903,"logSize":1408}}
959542700	none	{"result":{"recorded":true,"address":959542700,"logSize":1409}}
1770198476	none	{"result":{"recorded":true,"address":1770198476,"logSize":1410}}
642621885	none	{"result":{"recorded":true,"address":642621885,"logSize":1411}}
1305077724	none	{"result":{"recorded":true,"address":1305077724,"logSize":1412}}
1458554486	none	{"result":{"recorded":true,"address":1458554486,"logSize":1413}}
1883596944	none	{"result":{"recorded":true,"address":1883596944,"logSize":1414}}
1987383026	none	{"result":{"recorded":true,"address":1987383026,"logSize":1415}}
1368607318	none	{"result":{"recorded":true,"address":1368607318,"logSize":1416}}
219070564	none	{"result":{"recorded":true,"address":219070564,"logSize":1417}}
1798610339	none	{"result":{"recorded":true,"address":1798610339,"logSize":1418}}
1881729747	none	{"result":{"recorded":true,"address":1881729747,"logSize":1419}}
226381849	none	{"result":{"recorded":true,"address":226381849,"logSize":1420}}
1378046571	none	{"result":{"recorded":true,"address":1378046571,"logSize":1421}}
1865188422	none	{"result":{"recorded":true,"address":1865188422,"logSize":1422}}
1595989859	none	{"result":{"recorded":true,"address":1595989859,"logSize":1423}}
2019191552	none	{"result":{"recorded":true,"address":2019191552,"logSize":1424}}
1828535565	none	{"result":{"recorded":true,"address":1828535565,"logSize":1425}}
943019585	none	{"result":{"recorded":true,"address":943019585,"logSize":1426}}
2112398663	none	{"result":{"recorded":true,"address":2112398663,"logSize":1427}}
103438675	none	{"result":{"recorded":true,"address":103438675,"logSize":1428}}
604685120	none	{"result":{"recorded":true,"address":604685120,"logSize":1429}}
2000308963	none	{"result":{"recorded":true,"address":2000308963,"logSize":1430}}
306098229	none	{"result":{"recorded":true,"address":306098229,"logSize":1431}}
1093754608	none	{"result":{"recorded":true,"address":1093754608,"logSize":1432}}
524949027	none	{"result":{"recorded":true,"address":524949027,"logSize":1433}}
820432536	none	{"result":{"recorded":true,"address":820432536,"logSize":1434}}
2061934987	none	{"result":{"recorded":true,"address":2061934987,"logSize":1435}}
1741791156	none	{"result":{"recorded":true,"address":1741791156,"logSize":1436}}
1565270916	none	{"result":{"recorded":true,"address":1565270916,"logSize":1437}}
1098753264	none	{"result":{"recorded":true,"address":1098753264,"logSize":1438}}
222734458	none	{"result":{"recorded":true,"address":222734458,"logSize":1439}}
1829665863	none	{"result":{"recorded":true,"address":1829665863,"logSize":1440}}
797336092	none	{"result":{"recorded":true,"address":797336092,"logSize":1441}}
718173499	none	{"result":{"recorded":true,"address":718173499,"logSize":1442}}
473963438	none	{"result":{"recorded":true,"address":473963438,"logSize":1443}}
1864216034	none	{"result":{"recorded":true,"address":1864216034,"logSize":1444}}
558095078	none	{"result":{"recorded":true,"address":558095078,"logSize":1445}}
715373179	none	{"result":{"recorded":true,"address":715373179,"logSize":1446}}
1743675426	none	{"result":{"recorded":true,"address":1743675426,"logSize":1447}}
175571699	none	{"result":{"recorded":true,"address":175571699,"logSize":1448}}
643578486	none	{"result":{"recorded":true,"address":643578486,"logSize":1449}}
1675225999	none	{"result":{"recorded":true,"address":1675225999,"logSize":1450}}
1630974808	none	{"result":{"recorded":true,"address":1630974808,"logSize":1451}}
217901494	none	{"result":{"recorded":true,"address":217901494,"logSize":1452}}
824587025	none	{"result":{"recorded":true,"address":824587025,"logSize":1453}}
1943722810	none	{"result":{"recorded":true,"address":1943722810,"logSize":1454}}
1372485420	none	{"result":{"recorded":true,"address":1372485420,"logSize":1455}}
518959229	none	{"result":{"recorded":true,"address":518959229,"logSize":1456}}
373709208	none	{"result":{"recorded":true,"address":373709208,"logSize":1457}}
1249624721	none	{"result":{"recorded":true,"address":1249624721,"logSize":1458}}
217416072	none	{"result":{"recorded":true,"address":217416072,"logSize":1459}}
567052276	none	{"result":{"recorded":true,"address":567052276,"logSize":1460}}
1535239053	none	{"result":{"recorded":true,"address":1535239053,"logSize":1461}}
1416218536	none	{"result":{"recorded":true,"address":1416218536,"logSize":1462}}
846190071	none	{"result":{"recorded":true,"address":846190071,"logSize":1463}}
2058386790	none	{"result":{"recorded":true,"address":2058386790,"logSize":1464}}
1163807831	none	{"result":{"recorded":true,"address":1163807831,"logSize":1465}}
2112433731	none	{"result":{"recorded":true,"address":2112433731,"logSize":1466}}
453940786	none	{"result":{"recorded":true,"address":453940786,"logSize":1467}}
1935018235	none	{"result":{"recorded":true,"address":1935018235,"logSize":1468}}
1063945414	none	{"result":{"recorded":true,"address":1063945414,"logSize":1469}}
1271952705	none	{"result":{"recorded":true,"address":1271952705,"logSize":1470}}
1228772306	none	{"result":{"recorded":true,"address":1228772306,"logSize":1471}}
768357198	none	{"result":{"recorded":true,"address":768357198,"logSize":1472}}
2004733561	none	{"result":{"recorded":true,"address":2004733561,"logSize":1473}}
93039339	none	{"result":{"recorded":true,"address":93039339,"logSize":1474}}
1713939803	none	{"result":{"recorded":true,"address":1713939803,"logSize":1475}}
1263259252	none	{"result":{"recorded":true,"address":1263259252,"logSize":1476}}
1000569637	none	{"result":{"recorded":true,"address":1000569637,"logSize":1477}}
1976925113	none	{"result":{"recorded":true,"address":1976925113,"logSize":1478}}
552674594	none	{"result":{"recorded":true,"address":552674594,"logSize":1479}}
354899534	none	{"result":{"recorded":true,"address":354899534,"logSize":1480}}
621210726	none	{"result":{"recorded":true,"address":621210726,"logSize":1481}}
1514257198	none	{"result":{"recorded":true,"address":1514257198,"logSize":1482}}
198020377	none	{"result":{"recorded":true,"address":198020377,"logSize":1483}}
1973597308	none	{"result":{"recorded":true,"address":1973597308,"logSize":1484}}
2022902993	none	{"result":{"recorded":true,"address":2022902993,"logSize":1485}}
1577738401	none	{"result":{"recorded":true,"address":1577738401,"logSize":1486}}
1682203852	none	{"result":{"recorded":true,"address":1682203852,"logSize":1487}}
268023190	none	{"result":{"recorded":true,"address":268023190,"logSize":1488}}
568833836	none	{"result":{"recorded":true,"address":568833836,"logSize":1489}}
254435480	none	{"result":{"recorded":true,"address":254435480,"logSize":1490}}
1775316538	none	{"result":{"recorded":true,"address":1775316538,"logSize":1491}}
1288078959	none	{"result":{"recorded":true,"address":1288078959,"logSize":1492}}
1157048677	none	{"result":{"recorded":true,"address":1157048677,"logSize":1493}}
1862893022	none	{"result":{"recorded":true,"address":1862893022,"logSize":1494}}
167668297	none	{"result":{"recorded":true,"address":167668297,"logSize":1495}}
613823672	none	{"result":{"recorded":true,"address":613823672,"logSize":1496}}
311728701	none	{"result":{"recorded":true,"address":311728701,"logSize":1497}}
505711453	none	{"result":{"recorded":true,"address":505711453,"logSize":1498}}
272039154	none	{"result":{"recorded":true,"address":272039154,"logSize":1499}}
1922144270	none	{"result":{"recorded":true,"address":1922144270,"logSize":1500}}
1779026166	none	{"result":{"recorded":true,"address":1779026166,"logSize":1501}}
161371605	none	{"result":{"recorded":true,"address":161371605,"logSize":1502}}
562470329	none	{"result":{"recorded":true,"address":562470329,"logSize":1503}}
1642838187	none	{"result":{"recorded":true,"address":1642838187,"logSize":1504}}
1220363999	none	{"result":{"recorded":true,"address":1220363999,"logSize":1505}}
1672042166	none	{"result":{"recorded":true,"address":1672042166,"logSize":1506}}
1623379529	none	{"result":{"recorded":true,"address":1623379529,"logSize":1507}}
325900726	none	{"result":{"recorded":true,"address":325900726,"logSize":1508}}
184262862	none	{"result":{"recorded":true,"address":184262862,"logSize":1509}}
1325667342	none	{"result":{"recorded":true,"address":1325667342,"logSize":1510}}
631357990	none	{"result":{"recorded":true,"address":631357990,"logSize":1511}}
22189836	none	{"result":{"recorded":true,"address":22189836,"logSize":1512}}
867444486	none	{"result":{"recorded":true,"address":867444486,"logSize":1513}}
1254955058	none	{"result":{"recorded":true,"address":1254955058,"logSize":1514}}
621596932	none	{"result":{"recorded":true,"address":621596932,"logSize":1515}}
664475805	none	{"result":{"recorded":true,"address":664475805,"logSize":1516}}
1768210515	none	{"result":{"recorded":true,"address":1768210515,"logSize":1517}}
662810547	none	{"result":{"recorded":true,"address":662810547,"logSize":1518}}
1509478777	none	{"result":{"recorded":true,"address":1509478777,"logSize":1519}}
263087878	none	{"result":{"recorded":true,"address":263087878,"logSize":1520}}
1316757421	none	{"result":{"recorded":true,"address":1316757421,"logSize":1521}}
90294902	none	{"result":{"recorded":true,"address":90294902,"logSize":1522}}
1051583811	none	{"result":{"recorded":true,"address":1051583811,"logSize":1523}}
1580421121	none	{"result":{"recorded":true,"address":1580421121,"logSize":1524}}
1865996790	none	{"result":{"recorded":true,"address":1865996790,"logSize":1525}}
1640074381	none	{"result":{"recorded":true,"address":1640074381,"logSize":1526}}
2020371331	none	{"result":{"recorded":true,"address":2020371331,"logSize":1527}}
1764858656	none	{"result":{"recorded":true,"address":1764858656,"logSize":1528}}
999912862	none	{"result":{"recorded":true,"address":999912862,"logSize":1529}}
91495871	none	{"result":{"recorded":true,"address":91495871,"logSize":1530}}
429656594	none	{"result":{"recorded":true,"address":429656594,"logSize":1531}}
1883620284	none	{"result":{"recorded":true,"address":1883620284,"logSize":1532}}
1616227188	none	{"result":{"recorded":true,"address":1616227188,"logSize":1533}}
87514426	none	{"result":{"recorded":true,"address":87514426,"logSize":1534}}
742194614	none	{"result":{"recorded":true,"address":742194614,"logSize":1535}}
1835230151	none	{"result":{"recorded":true,"address":1835230151,"logSize":1536}}
2008006704	none	{"result":{"recorded":true,"address":2008006704,"logSize":1537}}
1352442658	none	{"result":{"recorded":true,"address":1352442658,"logSize":1538}}
290755352	none	{"result":{"recorded":true,"address":290755352,"logSize":1539}}
1487192655	none	{"result":{"recorded":true,"address":1487192655,"logSize":1540}}
384040550	none	{"result":{"recorded":true,"address":384040550,"logSize":1541}}
1164986213	none	{"result":{"recorded":true,"address":1164986213,"logSize":1542}}
1377476245	none	{"result":{"recorded":true,"address":1377476245,"logSize":1543}}
2014745978	none	{"result":{"recorded":true,"address":2014745978,"logSize":1544}}
1459849597	none	{"result":{"recorded":true,"address":1459849597,"logSize":1545}}
354606567	none	{"result":{"recorded":true,"address":354606567,"logSize":1546}}
340792988	none	{"result":{"recorded":true,"address":340792988,"logSize":1547}}
1797155100	none	{"result":{"recorded":true,"address":1797155100,"logSize":1548}}
865482302	none	{"result":{"recorded":true,"address":865482302,"logSize":1549}}
807398637	none	{"result":{"recorded":true,"address":807398637,"logSize":1550}}
821442354	none	{"result":{"recorded":true,"address":821442354,"logSize":1551}}
942573184	none	{"result":{"recorded":true,"address":942573184,"logSize":1552}}
848507923	none	{"result":{"recorded":true,"address":848507923,"logSize":1553}}
1679682452	none	{"result":{"recorded":true,"address":1679682452,"logSize":1554}}
1677043320	none	{"result":{"recorded":true,"address":1677043320,"logSize":1555}}
1819677873	none	{"result":{"recorded":true,"address":1819677873,"logSize":1556}}
1703467419	none	{"result":{"recorded":true,"address":1703467419,"logSize":1557}}
111887561	none	{"result":{"recorded":true,"address":111887561,"logSize":1558}}
267513059	none	{"result":{"recorded":true,"address":267513059,"logSize":1559}}
340566721	none	{"result":{"recorded":true,"address":340566721,"logSize":1560}}
1086675256	none	{"result":{"recorded":true,"address":1086675256,"logSize":1561}}
1516781264	none	{"result":{"recorded":true,"address":1516781264,"logSize":1562}}
1662912110	none	{"result":{"recorded":true,"address":1662912110,"logSize":1563}}
1115143177	none	{"result":{"recorded":true,"address":1115143177,"logSize":1564}}
1990844956	none	{"result":{"recorded":true,"address":1990844956,"logSize":1565}}
905509568	none	{"result":{"recorded":true,"address":905509568,"logSize":1566}}
1255207656	none	{"result":{"recorded":true,"address":1255207656,"logSize":1567}}
122860580	none	{"result":{"recorded":true,"address":122860580,"logSize":1568}}
1783861158	none	{"result":{"recorded":true,"address":1783861158,"logSize":1569}}
1119945900	none	{"result":{"recorded":true,"address":1119945900,"logSize":1570}}
1174394312	none	{"result":{"recorded":true,"address":1174394312,"logSize":1571}}
302370193	none	{"result":{"recorded":true,"address":302370193,"logSize":1572}}
324750820	none	{"result":{"recorded":true,"address":324750820,"logSize":1573}}
1977932247	none	{"result":{"recorded":true,"address":1977932247,"logSize":1574}}
1035666186	none	{"result":{"recorded":true,"address":1035666186,"logSize":1575}}
629895569	none	{"result":{"recorded":true,"address":629895569,"logSize":1576}}
2017750350	none	{"result":{"recorded":true,"address":2017750350,"logSize":1577}}
535029388	none	{"result":{"recorded":true,"address":535029388,"logSize":1578}}
738686772	none	{"result":{"recorded":true,"address":738686772,"logSize":1579}}
285559373	none	{"result":{"recorded":true,"address":285559373,"logSize":1580}}
1103827651	none	{"result":{"recorded":true,"address":1103827651,"logSize":1581}}
1807835521	none	{"result":{"recorded":true,"address":1807835521,"logSize":1582}}
965678829	none	{"result":{"recorded":true,"address":965678829,"logSize":1583}}
1117411101	none	{"result":{"recorded":true,"address":1117411101,"logSize":1584}}
119227852	none	{"result":{"recorded":true,"address":119227852,"logSize":1585}}
789251021	none	{"result":{"recorded":true,"address":789251021,"logSize":1586}}
1476492130	none	{"result":{"recorded":true,"address":1476492130,"logSize":1587}}
2138509140	none	{"result":{"recorded":true,"address":2138509140,"logSize":1588}}
671372500	none	{"result":{"recorded":true,"address":671372500,"logSize":1589}}
1893957859	none	{"result":{"recorded":true,"address":1893957859,"logSize":1590}}
1712965545	none	{"result":{"recorded":true,"address":1712965545,"logSize":1591}}
594453927	none	{"result":{"recorded":true,"address":594453927,"logSize":1592}}
837002353	none	{"result":{"recorded":true,"address":837002353,"logSize":1593}}
1045522204	none	{"result":{"recorded":true,"address":1045522204,"logSize":1594}}
1119776177	none	{"result":{"recorded":true,"address":1119776177,"logSize":1595}}
849410313	none	{"result":{"recorded":true,"address":849410313,"logSize":1596}}
1376945067	none	{"result":{"recorded":true,"address":1376945067,"logSize":1597}}
1673950932	none	{"result":{"recorded":true,"address":1673950932,"logSize":1598}}
501972510	none	{"result":{"recorded":true,"address":501972510,"logSize":1599}}
189394270	none	{"result":{"recorded":true,"address":189394270,"logSize":1600}}
1506193070	none	{"result":{"recorded":true,"address":1506193070,"logSize":1601}}
1294393422	none	{"result":{"recorded":true,"address":1294393422,"logSize":1602}}
521044991	none	{"result":{"recorded":true,"address":521044991,"logSize":1603}}
1788975873	none	{"result":{"recorded":true,"address":1788975873,"logSize":1604}}
485634630	none	{"result":{"recorded":true,"address":485634630,"logSize":1605}}
874784178	none	{"result":{"recorded":true,"address":874784178,"logSize":1606}}
157879793	none	{"result":{"recorded":true,"address":157879793,"logSize":1607}}
1439158810	none	{"result":{"recorded":true,"address":1439158810,"logSize":1608}}
1498185025	none	{"result":{"recorded":true,"address":1498185025,"logSize":1609}}
1289281615	none	{"result":{"recorded":true,"address":1289281615,"logSize":1610}}
1520661972	none	{"result":{"recorded":true,"address":1520661972,"logSize":1611}}
1197457214	none	{"result":{"recorded":true,"address":1197457214,"logSize":1612}}
977096422	none	{"result":{"recorded":true,"address":977096422,"logSize":1613}}
447493279	none	{"result":{"recorded":true,"address":447493279,"logSize":1614}}
1653698779	none	{"result":{"recorded":true,"address":1653698779,"logSize":1615}}
896095162	none	{"result":{"recorded":true,"address":896095162,"logSize":1616}}
1390816764	none	{"result":{"recorded":true,"address":1390816764,"logSize":1617}}
568631353	none	{"result":{"recorded":true,"address":568631353,"logSize":1618}}
1650514757	none	{"result":{"recorded":true,"address":1650514757,"logSize":1619}}
1879793425	none	{"result":{"recorded":true,"address":1879793425,"logSize":1620}}
345649116	none	{"result":{"recorded":true,"address":345649116,"logSize":1621}}
2036229433	none	{"result":{"recorded":true,"address":2036229433,"logSize":1622}}
711636969	none	{"result":{"recorded":true,"address":711636969,"logSize":1623}}
2136444469	none	{"result":{"recorded":true,"address":2136444469,"logSize":1624}}
1445676455	none	{"result":{"recorded":true,"address":1445676455,"logSize":1625}}
1821756586	none	{"result":{"recorded":true,"address":1821756586,"logSize":1626}}
367472818	none	{"result":{"recorded":true,"address":367472818,"logSize":1627}}
1657374304	none	{"result":{"recorded":true,"address":1657374304,"logSize":1628}}
282215178	none	{"result":{"recorded":true,"address":282215178,"logSize":1629}}
934849312	none	{"result":{"recorded":true,"address":934849312,"logSize":1630}}
356468672	none	{"result":{"recorded":true,"address":356468672,"logSize":1631}}
1011087712	none	{"result":{"recorded":true,"address":1011087712,"logSize":1632}}
1122433763	none	{"result":{"recorded":true,"address":1122433763,"logSize":1633}}
728984553	none	{"result":{"recorded":true,"address":728984553,"logSize":1634}}
1954541984	none	{"result":{"recorded":true,"address":1954541984,"logSize":1635}}
1107599646	none	{"result":{"recorded":true,"address":1107599646,"logSize":1636}}
1824370188	none	{"result":{"recorded":true,"address":1824370188,"logSize":1637}}
521034000	none	{"result":{"recorded":true,"address":521034000,"logSize":1638}}
1613566190	none	{"result":{"recorded":true,"address":1613566190,"logSize":1639}}
630269612	none	{"result":{"recorded":true,"address":630269612,"logSize":1640}}
182335107	none	{"result":{"recorded":true,"address":182335107,"logSize":1641}}
901674209	none	{"result":{"recorded":true,"address":901674209,"logSize":1642}}
1413109304	none	{"result":{"recorded":true,"address":1413109304,"logSize":1643}}
1537795930	none	{"result":{"recorded":true,"address":1537795930,"logSize":1644}}
1274777750	none	{"result":{"recorded":true,"address":1274777750,"logSize":1645}}
731183785	none	{"result":{"recorded":true,"address":731183785,"logSize":1646}}
200394925	none	{"result":{"recorded":true,"address":200394925,"logSize":1647}}
1239337859	none	{"result":{"recorded":true,"address":1239337859,"logSize":1648}}
304006449	none	{"result":{"recorded":true,"address":304006449,"logSize":1649}}
1461627526	none	{"result":{"recorded":true,"address":1461627526,"logSize":1650}}
1138906758	none	{"result":{"recorded":true,"address":1138906758,"logSize":1651}}
648544542	none	{"result":{"recorded":true,"address":648544542,"logSize":1652}}
1200420447	none	{"result":{"recorded":true,"address":1200420447,"logSize":1653}}
1939453911	none	{"result":{"recorded":true,"address":1939453911,"logSize":1654}}
978775573	none	{"result":{"recorded":true,"address":978775573,"logSize":1655}}
1651428165	none	{"result":{"recorded":true,"address":1651428165,"logSize":1656}}
1607076777	none	{"result":{"recorded":true,"address":1607076777,"logSize":1657}}
201401561	none	{"result":{"recorded":true,"address":201401561,"logSize":1658}}
1756435046	none	{"result":{"recorded":true,"address":1756435046,"logSize":1659}}
1753295497	none	{"result":{"recorded":true,"address":1753295497,"logSize":1660}}
382661427	none	{"result":{"recorded":true,"address":382661427,"logSize":1661}}
1292142777	none	{"result":{"recorded":true,"address":1292142777,"logSize":1662}}
1594836296	none	{"result":{"recorded":true,"address":1594836296,"logSize":1663}}
1634472144	none	{"result":{"recorded":true,"address":1634472144,"logSize":1664}}
720998884	none	{"result":{"recorded":true,"address":720998884,"logSize":1665}}
1731115836	none	{"result":{"recorded":true,"address":1731115836,"logSize":1666}}
601280147	none	{"result":{"recorded":true,"address":601280147,"logSize":1667}}
516872435	none	{"result":{"recorded":true,"address":516872435,"logSize":1668}}
554135171	none	{"result":{"recorded":true,"address":554135171,"logSize":1669}}
1896288739	none	{"result":{"recorded":true,"address":1896288739,"logSize":1670}}
1132805497	none	{"result":{"recorded":true,"address":1132805497,"logSize":1671}}
1995491441	none	{"result":{"recorded":true,"address":1995491441,"logSize":1672}}
1220513377	none	{"result":{"recorded":true,"address":1220513377,"logSize":1673}}
403242490	none	{"result":{"recorded":true,"address":403242490,"logSize":1674}}
1094324104	none	{"result":{"recorded":true,"address":1094324104,"logSize":1675}}
276087503	none	{"result":{"recorded":true,"address":276087503,"logSize":1676}}
540549160	none	{"result":{"recorded":true,"address":540549160,"logSize":1677}}
1591961329	none	{"result":{"recorded":true,"address":1591961329,"logSize":1678}}
744904314	none	{"result":{"recorded":true,"address":744904314,"logSize":1679}}
132899590	none	{"result":{"recorded":true,"address":132899590,"logSize":1680}}
1416475345	none	{"result":{"recorded":true,"address":1416475345,"logSize":1681}}
1641339604	none	{"result":{"recorded":true,"address":1641339604,"logSize":1682}}
1049516596	none	{"result":{"recorded":true,"address":1049516596,"logSize":1683}}
1596241077	none	{"result":{"recorded":true,"address":1596241077,"logSize":1684}}
1716625498	none	{"result":{"recorded":true,"address":1716625498,"logSize":1685}}
1604222302	none	{"result":{"recorded":true,"address":1604222302,"logSize":1686}}
1458101479	none	{"result":{"recorded":true,"address":1458101479,"logSize":1687}}
1032274359	none	{"result":{"recorded":true,"address":1032274359,"logSize":1688}}
42029985	none	{"result":{"recorded":true,"address":42029985,"logSize":1689}}
1393183554	none	{"result":{"recorded":true,"address":1393183554,"logSize":1690}}
264703942	none	{"result":{"recorded":true,"address":264703942,"logSize":1691}}
542070975	none	{"result":{"recorded":true,"address":542070975,"logSize":1692}}
315183529	none	{"result":{"recorded":true,"address":315183529,"logSize":1693}}
1330306944	none	{"result":{"recorded":true,"address":1330306944,"logSize":1694}}
1561487338	none	{"result":{"recorded":true,"address":1561487338,"logSize":1695}}
601695867	none	{"result":{"recorded":true,"address":601695867,"logSize":1696}}
1716682116	none	{"result":{"recorded":true,"address":1716682116,"logSize":1697}}
805056778	none	{"result":{"recorded":true,"address":805056778,"logSize":1698}}
663072896	none	{"result":{"recorded":true,"address":663072896,"logSize":1699}}
1500867395	none	{"result":{"recorded":true,"address":1500867395,"logSize":1700}}
1624545666	none	{"result":{"recorded":true,"address":1624545666,"logSize":1701}}
636508536	none	{"result":{"recorded":true,"address":636508536,"logSize":1702}}
2056318278	none	{"result":{"recorded":true,"address":2056318278,"logSize":1703}}
1786016468	none	{"result":{"recorded":true,"address":1786016468,"logSize":1704}}
50214988	none	{"result":{"recorded":true,"address":50214988,"logSize":1705}}
1102116938	none	{"result":{"recorded":true,"address":1102116938,"logSize":1706}}
129468364	none	{"result":{"recorded":true,"address":129468364,"logSize":1707}}
1336853872	none	{"result":{"recorded":true,"address":1336853872,"logSize":1708}}
1823749900	none	{"result":{"recorded":true,"address":1823749900,"logSize":1709}}
752704889	none	{"result":{"recorded":true,"address":752704889,"logSize":1710}}
400321148	none	{"result":{"recorded":true,"address":400321148,"logSize":1711}}
346756689	none	{"result":{"recorded":true,"address":346756689,"logSize":1712}}
1757156725	none	{"result":{"recorded":true,"address":1757156725,"logSize":1713}}
1587422450	none	{"result":{"recorded":true,"address":1587422450,"logSize":1714}}
1836208687	none	{"result":{"recorded":true,"address":1836208687,"logSize":1715}}
124656618	none	{"result":{"recorded":true,"address":124656618,"logSize":1716}}
960714330	none	{"result":{"recorded":true,"address":960714330,"logSize":1717}}
260796391	none	{"result":{"recorded":true,"address":260796391,"logSize":1718}}
1410231788	none	{"result":{"recorded":true,"address":1410231788,"logSize":1719}}
831065738	none	{"result":{"recorded":true,"address":831065738,"logSize":1720}}
121213427	none	{"result":{"recorded":true,"address":121213427,"logSize":1721}}
498042476	none	{"result":{"recorded":true,"address":498042476,"logSize":1722}}
501419148	none	{"result":{"recorded":true,"address":501419148,"logSize":1723}}
53387278	none	{"result":{"recorded":true,"address":53387278,"logSize":1724}}
1174961576	none	{"result":{"recorded":true,"address":1174961576,"logSize":1725}}
689283831	none	{"result":{"recorded":true,"address":689283831,"logSize":1726}}
1843070075	none	{"result":{"recorded":true,"address":1843070075,"logSize":1727}}
1278753790	none	{"result":{"recorded":true,"address":1278753790,"logSize":1728}}
2074658597	none	{"result":{"recorded":true,"address":2074658597,"logSize":1729}}
144517217	none	{"result":{"recorded":true,"address":144517217,"logSize":1730}}
1894416304	none	{"result":{"recorded":true,"address":1894416304,"logSize":1731}}
2027016329	none	{"result":{"recorded":true,"address":2027016329,"logSize":1732}}
1077136575	none	{"result":{"recorded":true,"address":1077136575,"logSize":1733}}
1704216592	none	{"result":{"recorded":true,"address":1704216592,"logSize":1734}}
1881912203	none	{"result":{"recorded":true,"address":1881912203,"logSize":1735}}
775411855	none	{"result":{"recorded":true,"address":775411855,"logSize":1736}}
368881484	none	{"result":{"recorded":true,"address":368881484,"logSize":1737}}
357029560	none	{"result":{"recorded":true,"address":357029560,"logSize":1738}}
1210300911	none	{"result":{"recorded":true,"address":1210300911,"logSize":1739}}
1894677903	none	{"result":{"recorded":true,"address":1894677903,"logSize":1740}}
797449421	none	{"result":{"recorded":true,"address":797449421,"logSize":1741}}
1302135245	none	{"result":{"recorded":true,"address":1302135245,"logSize":1742}}
1006473214	none	{"result":{"recorded":true,"address":1006473214,"logSize":1743}}
1187780617	none	{"result":{"recorded":true,"address":1187780617,"logSize":1744}}
1710211687	none	{"result":{"recorded":true,"address":1710211687,"logSize":1745}}
1776577773	none	{"result":{"recorded":true,"address":1776577773,"logSize":1746}}
938071873	none	{"result":{"recorded":true,"address":938071873,"logSize":1747}}
390740791	none	{"result":{"recorded":true,"address":390740791,"logSize":1748}}
1532175785	none	{"result":{"recorded":true,"address":1532175785,"logSize":1749}}
1759810412	none	{"result":{"recorded":true,"address":1759810412,"logSize":1750}}
1742502357	none	{"result":{"recorded":true,"address":1742502357,"logSize":1751}}
1691628156	none	{"result":{"recorded":true,"address":1691628156,"logSize":1752}}
1185254972	none	{"result":{"recorded":true,"address":1185254972,"logSize":1753}}
928107652	none	{"result":{"recorded":true,"address":928107652,"logSize":1754}}
300150511	none	{"result":{"recorded":true,"address":300150511,"logSize":1755}}
460699776	none	{"result":{"recorded":true,"address":460699776,"logSize":1756}}
1515815203	none	{"result":{"recorded":true,"address":1515815203,"logSize":1757}}
1449504952	none	{"result":{"recorded":true,"address":1449504952,"logSize":1758}}
1041481624	none	{"result":{"recorded":true,"address":1041481624,"logSize":1759}}
548325508	none	{"result":{"recorded":true,"address":548325508,"logSize":1760}}
245494840	none	{"result":{"recorded":true,"address":245494840,"logSize":1761}}
205932369	none	{"result":{"recorded":true,"address":205932369,"logSize":1762}}
1754197643	none	{"result":{"recorded":true,"address":1754197643,"logSize":1763}}
1747318922	none	{"result":{"recorded":true,"address":1747318922,"logSize":1764}}
2088198150	none	{"result":{"recorded":true,"address":2088198150,"logSize":1765}}
1244277222	none	{"result":{"recorded":true,"address":1244277222,"logSize":1766}}
1884645783	none	{"result":{"recorded":true,"address":1884645783,"logSize":1767}}
2113424170	none	{"result":{"recorded":true,"address":2113424170,"logSize":1768}}
255431209	none	{"result":{"recorded":true,"address":255431209,"logSize":1769}}
577378613	none	{"result":{"recorded":true,"address":577378613,"logSize":1770}}
1363544137	none	{"result":{"recorded":true,"address":1363544137,"logSize":1771}}
1513789845	none	{"result":{"recorded":true,"address":1513789845,"logSize":1772}}
172079089	none	{"result":{"recorded":true,"address":172079089,"logSize":1773}}
1080384242	none	{"result":{"recorded":true,"address":1080384242,"logSize":1774}}
1115489475	none	{"result":{"recorded":true,"address":1115489475,"logSize":1775}}
1510531815	none	{"result":{"recorded":true,"address":1510531815,"logSize":1776}}
1734956877	none	{"result":{"recorded":true,"address":1734956877,"logSize":1777}}
1942356918	none	{"result":{"recorded":true,"address":1942356918,"logSize":1778}}
20070071	none	{"result":{"recorded":true,"address":20070071,"logSize":1779}}
75835573	none	{"result":{"recorded":true,"address":75835573,"logSize":1780}}
1592923622	none	{"result":{"recorded":true,"address":1592923622,"logSize":1781}}
112256307	none	{"result":{"recorded":true,"address":112256307,"logSize":1782}}
629513722	none	{"result":{"recorded":true,"address":629513722,"logSize":1783}}
1687967917	none	{"result":{"recorded":true,"address":1687967917,"logSize":1784}}
1688170125	none	{"result":{"recorded":true,"address":1688170125,"logSize":1785}}
1380267638	none	{"result":{"recorded":true,"address":1380267638,"logSize":1786}}
498455284	none	{"result":{"recorded":true,"address":498455284,"logSize":1787}}
1481259600	none	{"result":{"recorded":true,"address":1481259600,"logSize":1788}}
591283475	none	{"result":{"recorded":true,"address":591283475,"logSize":1789}}
2108489862	none	{"result":{"recorded":true,"address":2108489862,"logSize":1790}}
1665390555	none	{"result":{"recorded":true,"address":1665390555,"logSize":1791}}
199770216	none	{"result":{"recorded":true,"address":199770216,"logSize":1792}}
894792156	none	{"result":{"recorded":true,"address":894792156,"logSize":1793}}
1627629870	none	{"result":{"recorded":true,"address":1627629870,"logSize":1794}}
1290232620	none	{"result":{"recorded":true,"address":1290232620,"logSize":1795}}
833521866	none	{"result":{"recorded":true,"address":833521866,"logSize":1796}}
2120197991	none	{"result":{"recorded":true,"address":2120197991,"logSize":1797}}
179257024	none	{"result":{"recorded":true,"address":179257024,"logSize":1798}}
1751402304	none	{"result":{"recorded":true,"address":1751402304,"logSize":1799}}
1084485776	none	{"result":{"recorded":true,"address":1084485776,"logSize":1800}}
1472062877	none	{"result":{"recorded":true,"address":1472062877,"logSize":1801}}
1009817147	none	{"result":{"recorded":true,"address":1009817147,"logSize":1802}}
532721157	none	{"result":{"recorded":true,"address":532721157,"logSize":1803}}
697366327	none	{"result":{"recorded":true,"address":697366327,"logSize":1804}}
1212285403	none	{"result":{"recorded":true,"address":1212285403,"logSize":1805}}
1848789174	none	{"result":{"recorded":true,"address":1848789174,"logSize":1806}}
1185879317	none	{"result":{"recorded":true,"address":1185879317,"logSize":1807}}
1014693151	none	{"result":{"recorded":true,"address":1014693151,"logSize":1808}}
931612225	none	{"result":{"recorded":true,"address":931612225,"logSize":1809}}
1048343641	none	{"result":{"recorded":true,"address":1048343641,"logSize":1810}}
1467066217	none	{"result":{"recorded":true,"address":1467066217,"logSize":1811}}
465453814	none	{"result":{"recorded":true,"address":465453814,"logSize":1812}}
589361670	none	{"result":{"recorded":true,"address":589361670,"logSize":1813}}
1405638564	none	{"result":{"recorded":true,"address":1405638564,"logSize":1814}}
1007341701	none	{"result":{"recorded":true,"address":1007341701,"logSize":1815}}
1784199364	none	{"result":{"recorded":true,"address":1784199364,"logSize":1816}}
675643027	none	{"result":{"recorded":true,"address":675643027,"logSize":1817}}
825924847	none	{"result":{"recorded":true,"address":825924847,"logSize":1818}}
91081187	none	{"result":{"recorded":true,"address":91081187,"logSize":1819}}
867502704	none	{"result":{"recorded":true,"address":867502704,"logSize":1820}}
1553396083	none	{"result":{"recorded":true,"address":1553396083,"logSize":1821}}
207732233	none	{"result":{"recorded":true,"address":207732233,"logSize":1822}}
299459256	none	{"result":{"recorded":true,"address":299459256,"logSize":1823}}
74818047	none	{"result":{"recorded":true,"address":74818047,"logSize":1824}}
2044184316	none	{"result":{"recorded":true,"address":2044184316,"logSize":1825}}
29467247	none	{"result":{"recorded":true,"address":29467247,"logSize":1826}}
1107426181	none	{"result":{"recorded":true,"address":1107426181,"logSize":1827}}
590639460	none	{"result":{"recorded":true,"address":590639460,"logSize":1828}}
53136866	none	{"result":{"recorded":true,"address":53136866,"logSize":1829}}
1960423866	none	{"result":{"recorded":true,"address":1960423866,"logSize":1830}}
1805889807	none	{"result":{"recorded":true,"address":1805889807,"logSize":1831}}
1878660647	none	{"result":{"recorded":true,"address":1878660647,"logSize":1832}}
1376057571	none	{"result":{"recorded":true,"address":1376057571,"logSize":1833}}
1426807751	none	{"result":{"recorded":true,"address":1426807751,"logSize":1834}}
1042451550	none	{"result":{"recorded":true,"address":1042451550,"logSize":1835}}
1539512082	none	{"result":{"recorded":true,"address":1539512082,"logSize":1836}}
1860663688	none	{"result":{"recorded":true,"address":1860663688,"logSize":1837}}
199959359	none	{"result":{"recorded":true,"address":199959359,"logSize":1838}}
1409857627	none	{"result":{"recorded":true,"address":1409857627,"logSize":1839}}
363543379	none	{"result":{"recorded":true,"address":363543379,"logSize":1840}}
1003418458	none	{"result":{"recorded":true,"address":1003418458,"logSize":1841}}
802747806	none	{"result":{"recorded":true,"address":802747806,"logSize":1842}}
1543748224	none	{"result":{"recorded":true,"address":1543748224,"logSize":1843}}
160960181	none	{"result":{"recorded":true,"address":160960181,"logSize":1844}}
2022296892	none	{"result":{"recorded":true,"address":2022296892,"logSize":1845}}
1711376600	none	{"result":{"recorded":true,"address":1711376600,"logSize":1846}}
1951760791	none	{"result":{"recorded":true,"address":1951760791,"logSize":1847}}
1086245909	none	{"result":{"recorded":true,"address":1086245909,"logSize":1848}}
917244306	none	{"result":{"recorded":true,"address":917244306,"logSize":1849}}
683085987	none	{"result":{"recorded":true,"address":683085987,"logSize":1850}}
744663982	none	{"result":{"recorded":true,"address":744663982,"logSize":1851}}
1895893428	none	{"result":{"recorded":true,"address":1895893428,"logSize":1852}}
137396755	none	{"result":{"recorded":true,"address":137396755,"logSize":1853}}
1897224899	none	{"result":{"recorded":true,"address":1897224899,"logSize":1854}}
1805352217	none	{"result":{"recorded":true,"address":1805352217,"logSize":1855}}
121160271	none	{"result":{"recorded":true,"address":121160271,"logSize":1856}}
1514097068	none	{"result":{"recorded":true,"address":1514097068,"logSize":1857}}
1117461158	none	{"result":{"recorded":true,"address":1117461158,"logSize":1858}}
205072714	none	{"result":{"recorded":true,"address":205072714,"logSize":1859}}
467847368	none	{"result":{"recorded":true,"address":467847368,"logSize":1860}}
144014023	none	{"result":{"recorded":true,"address":144014023,"logSize":1861}}
640685304	none	{"result":{"recorded":true,"address":640685304,"logSize":1862}}
485767441	none	{"result":{"recorded":true,"address":485767441,"logSize":1863}}
2123895210	none	{"result":{"recorded":true,"address":2123895210,"logSize":1864}}
1932988626	none	{"result":{"recorded":true,"address":1932988626,"logSize":1865}}
1124330835	none	{"result":{"recorded":true,"address":1124330835,"logSize":1866}}
974375870	none	{"result":{"recorded":true,"address":974375870,"logSize":1867}}
648933783	none	{"result":{"recorded":true,"address":648933783,"logSize":1868}}
980051274	none	{"result":{"recorded":true,"address":980051274,"logSize":1869}}
1624830653	none	{"result":{"recorded":true,"address":1624830653,"logSize":1870}}
528639730	none	{"result":{"recorded":true,"address":528639730,"logSize":1871}}
528912657	none	{"result":{"recorded":true,"address":528912657,"logSize":1872}}
1823421649	none	{"result":{"recorded":true,"address":1823421649,"logSize":1873}}
1799249797	none	{"result":{"recorded":true,"address":1799249797,"logSize":1874}}
1880621594	none	{"result":{"recorded":true,"address":1880621594,"logSize":1875}}
5031788	none	{"result":{"recorded":true,"address":5031788,"logSize":1876}}
541855760	none	{"result":{"recorded":true,"address":541855760,"logSize":1877}}
1594372621	none	{"result":{"recorded":true,"address":1594372621,"logSize":1878}}
2057035073	none	{"result":{"recorded":true,"address":2057035073,"logSize":1879}}
467421763	none	{"result":{"recorded":true,"address":467421763,"logSize":1880}}
950831277	none	{"result":{"recorded":true,"address":950831277,"logSize":1881}}
644582017	none	{"result":{"recorded":true,"address":644582017,"logSize":1882}}
1151060857	none	{"result":{"recorded":true,"address":1151060857,"logSize":1883}}
1182135097	none	{"result":{"recorded":true,"address":1182135097,"logSize":1884}}
812770227	none	{"result":{"recorded":true,"address":812770227,"logSize":1885}}
1968708626	none	{"result":{"recorded":true,"address":1968708626,"logSize":1886}}
1969724117	none	{"result":{"recorded":true,"address":1969724117,"logSize":1887}}
1082092418	none	{"result":{"recorded":true,"address":1082092418,"logSize":1888}}
957728797	none	{"result":{"recorded":true,"address":957728797,"logSize":1889}}
92913723	none	{"result":{"recorded":true,"address":92913723,"logSize":1890}}
482170806	none	{"result":{"recorded":true,"address":482170806,"logSize":1891}}
1859237285	none	{"result":{"recorded":true,"address":1859237285,"logSize":1892}}
263159604	none	{"result":{"recorded":true,"address":263159604,"logSize":1893}}
1140733065	none	{"result":{"recorded":true,"address":1140733065,"logSize":1894}}
1771561643	none	{"result":{"recorded":true,"address":1771561643,"logSize":1895}}
1062115367	none	{"result":{"recorded":true,"address":1062115367,"logSize":1896}}
1856354235	none	{"result":{"recorded":true,"address":1856354235,"logSize":1897}}
1287692548	none	{"result":{"recorded":true,"address":1287692548,"logSize":1898}}
1012944389	none	{"result":{"recorded":true,"address":1012944389,"logSize":1899}}
1274218910	none	{"result":{"recorded":true,"address":1274218910,"logSize":1900}}
1635403366	none	{"result":{"recorded":true,"address":1635403366,"logSize":1901}}
291899211	none	{"result":{"recorded":true,"address":291899211,"logSize":1902}}
828147602	none	{"result":{"recorded":true,"address":828147602,"logSize":1903}}
226363841	none	{"result":{"recorded":true,"address":226363841,"logSize":1904}}
179161221	none	{"result":{"recorded":true,"address":179161221,"logSize":1905}}
779246851	none	{"result":{"recorded":true,"address":779246851,"logSize":1906}}
698390944	none	{"result":{"recorded":true,"address":698390944,"logSize":1907}}
1649750884	none	{"result":{"recorded":true,"address":1649750884,"logSize":1908}}
1868589873	none	{"result":{"recorded":true,"address":1868589873,"logSize":1909}}
945105422	none	{"result":{"recorded":true,"address":945105422,"logSize":1910}}
258292465	none	{"result":{"recorded":true,"address":258292465,"logSize":1911}}
2108860412	none	{"result":{"recorded":true,"address":2108860412,"logSize":1912}}
365353739	none	{"result":{"recorded":true,"address":365353739,"logSize":1913}}
123548395	none	{"result":{"recorded":true,"address":123548395,"logSize":1914}}
2043388795	none	{"result":{"recorded":true,"address":2043388795,"logSize":1915}}
381599842	none	{"result":{"recorded":true,"address":381599842,"logSize":1916}}
121290291	none	{"result":{"recorded":true,"address":121290291,"logSize":1917}}
968957920	none	{"result":{"recorded":true,"address":968957920,"logSize":1918}}
1895681722	none	{"result":{"recorded":true,"address":1895681722,"logSize":1919}}
244998899	none	{"result":{"recorded":true,"address":244998899,"logSize":1920}}
846674169	none	{"result":{"recorded":true,"address":846674169,"logSize":1921}}
1071330652	none	{"result":{"recorded":true,"address":1071330652,"logSize":1922}}
1528462994	none	{"result":{"recorded":true,"address":1528462994,"logSize":1923}}
1151833179	none	{"result":{"recorded":true,"address":1151833179,"logSize":1924}}
1712434062	none	{"result":{"recorded":true,"address":1712434062,"logSize":1925}}
1622384515	none	{"result":{"recorded":true,"address":1622384515,"logSize":1926}}
368316406	none	{"result":{"recorded":true,"address":368316406,"logSize":1927}}
169584134	none	{"result":{"recorded":true,"address":169584134,"logSize":1928}}
437398096	none	{"result":{"recorded":true,"address":437398096,"logSize":1929}}
918054821	none	{"result":{"recorded":true,"address":918054821,"logSize":1930}}
196472217	none	{"result":{"recorded":true,"address":196472217,"logSize":1931}}
1162819506	none	{"result":{"recorded":true,"address":1162819506,"logSize":1932}}
1101856595	none	{"result":{"recorded":true,"address":1101856595,"logSize":1933}}
1724135681	none	{"result":{"recorded":true,"address":1724135681,"logSize":1934}}
621471195	none	{"result":{"recorded":true,"address":621471195,"logSize":1935}}
2114331194	none	{"result":{"recorded":true,"address":2114331194,"logSize":1936}}
953957563	none	{"result":{"recorded":true,"address":953957563,"logSize":1937}}
242356473	none	{"result":{"recorded":true,"address":242356473,"logSize":1938}}
457200841	none	{"result":{"recorded":true,"address":457200841,"logSize":1939}}
825934873	none	{"result":{"recorded":true,"address":825934873,"logSize":1940}}
727809221	none	{"result":{"recorded":true,"address":727809221,"logSize":1941}}
2099316900	none	{"result":{"recorded":true,"address":2099316900,"logSize":1942}}
1799384425	none	{"result":{"recorded":true,"address":1799384425,"logSize":1943}}
1224521658	none	{"result":{"recorded":true,"address":1224521658,"logSize":1944}}
1395911997	none	{"result":{"recorded":true,"address":1395911997,"logSize":1945}}
125234404	none	{"result":{"recorded":true,"address":125234404,"logSize":1946}}
993691354	none	{"result":{"recorded":true,"address":993691354,"logSize":1947}}
16159087	none	{"result":{"recorded":true,"address":16159087,"logSize":1948}}
549297960	none	{"result":{"recorded":true,"address":549297960,"logSize":1949}}
812067162	none	{"result":{"recorded":true,"address":812067162,"logSize":1950}}
2086377446	none	{"result":{"recorded":true,"address":2086377446,"logSize":1951}}
1311150194	none	{"result":{"recorded":true,"address":1311150194,"logSize":1952}}
1503169914	none	{"result":{"recorded":true,"address":1503169914,"logSize":1953}}
387404716	none	{"result":{"recorded":true,"address":387404716,"logSize":1954}}
1802826271	none	{"result":{"recorded":true,"address":1802826271,"logSize":1955}}
2035104031	none	{"result":{"recorded":true,"address":2035104031,"logSize":1956}}
913189051	none	{"result":{"recorded":true,"address":913189051,"logSize":1957}}
1334549866	none	{"result":{"recorded":true,"address":1334549866,"logSize":1958}}
812771911	none	{"result":{"recorded":true,"address":812771911,"logSize":1959}}
164079657	none	{"result":{"recorded":true,"address":164079657,"logSize":1960}}
1319062494	none	{"result":{"recorded":true,"address":1319062494,"logSize":1961}}
499956718	none	{"result":{"recorded":true,"address":499956718,"logSize":1962}}
391828084	none	{"result":{"recorded":true,"address":391828084,"logSize":1963}}
186760381	none	{"result":{"recorded":true,"address":186760381,"logSize":1964}}
1925227377	none	{"result":{"recorded":true,"address":1925227377,"logSize":1965}}
1086221838	none	{"result":{"recorded":true,"address":1086221838,"logSize":1966}}
996829266	none	{"result":{"recorded":true,"address":996829266,"logSize":1967}}
213747514	none	{"result":{"recorded":true,"address":213747514,"logSize":1968}}
1298574501	none	{"result":{"recorded":true,"address":1298574501,"logSize":1969}}
211971676	none	{"result":{"recorded":true,"address":211971676,"logSize":1970}}
1995800642	none	{"result":{"recorded":true,"address":1995800642,"logSize":1971}}
792271645	none	{"result":{"recorded":true,"address":792271645,"logSize":1972}}
235587907	none	{"result":{"recorded":true,"address":235587907,"logSize":1973}}
1193949033	none	{"result":{"recorded":true,"address":1193949033,"logSize":1974}}
1836425937	none	{"result":{"recorded":true,"address":1836425937,"logSize":1975}}
391592381	none	{"result":{"recorded":true,"address":391592381,"logSize":1976}}
1569468239	none	{"result":{"recorded":true,"address":1569468239,"logSize":1977}}
2094607319	none	{"result":{"recorded":true,"address":2094607319,"logSize":1978}}
359713574	none	{"result":{"recorded":true,"address":359713574,"logSize":1979}}
551651394	none	{"result":{"recorded":true,"address":551651394,"logSize":1980}}
1040267825	none	{"result":{"recorded":true,"address":1040267825,"logSize":1981}}
1178736540	none	{"result":{"recorded":true,"address":1178736540,"logSize":1982}}
1580426687	none	{"result":{"recorded":true,"address":1580426687,"logSize":1983}}
930840106	none	{"result":{"recorded":true,"address":930840106,"logSize":1984}}
1674002423	none	{"result":{"recorded":true,"address":1674002423,"logSize":1985}}
115327697	none	{"result":{"recorded":true,"address":115327697,"logSize":1986}}
719238420	none	{"result":{"recorded":true,"address":719238420,"logSize":1987}}
496417114	none	{"result":{"recorded":true,"address":496417114,"logSize":1988}}
600190738	none	{"result":{"recorded":true,"address":600190738,"logSize":1989}}
1562513344	none	{"result":{"recorded":true,"address":1562513344,"logSize":1990}}
1834918378	none	{"result":{"recorded":true,"address":1834918378,"logSize":1991}}
2130612723	none	{"result":{"recorded":true,"address":2130612723,"logSize":1992}}
227796146	none	{"result":{"recorded":true,"address":227796146,"logSize":1993}}
40758138	none	{"result":{"recorded":true,"address":40758138,"logSize":1994}}
669494666	none	{"result":{"recorded":true,"address":669494666,"logSize":1995}}
1558061778	none	{"result":{"recorded":true,"address":1558061778,"logSize":1996}}
1398819754	none	{"result":{"recorded":true,"address":1398819754,"logSize":1997}}
2106934064	none	{"result":{"recorded":true,"address":2106934064,"logSize":1998}}
132116717	none	{"result":{"recorded":true,"address":132116717,"logSize":1999}}
1045190166	none	{"result":{"recorded":true,"address":1045190166,"logSize":2000}}
235079412	none	{"result":{"recorded":true,"address":235079412,"logSize":2001}}
703274536	none	{"result":{"recorded":true,"address":703274536,"logSize":2002}}
1607918172	none	{"result":{"recorded":true,"address":1607918172,"logSize":2003}}
738901878	none	{"result":{"recorded":true,"address":738901878,"logSize":2004}}
8732522	none	{"result":{"recorded":true,"address":8732522,"logSize":2005}}
384515722	none	{"result":{"recorded":true,"address":384515722,"logSize":2006}}
1784189669	none	{"result":{"recorded":true,"address":1784189669,"logSize":2007}}
1720464562	none	{"result":{"recorded":true,"address":1720464562,"logSize":2008}}
487069203	none	{"result":{"recorded":true,"address":487069203,"logSize":2009}}
598300570	none	{"result":{"recorded":true,"address":598300570,"logSize":2010}}
228086835	none	{"result":{"recorded":true,"address":228086835,"logSize":2011}}
247564737	none	{"result":{"recorded":true,"address":247564737,"logSize":2012}}
456792275	none	{"result":{"recorded":true,"address":456792275,"logSize":2013}}
1820957066	none	{"result":{"recorded":true,"address":1820957066,"logSize":2014}}
1736882146	none	{"result":{"recorded":true,"address":1736882146,"logSize":2015}}
1765929749	none	{"result":{"recorded":true,"address":1765929749,"logSize":2016}}
883053962	none	{"result":{"recorded":true,"address":883053962,"logSize":2017}}
842476015	none	{"result":{"recorded":true,"address":842476015,"logSize":2018}}
193194783	none	{"result":{"recorded":true,"address":193194783,"logSize":2019}}
983701104	none	{"result":{"recorded":true,"address":983701104,"logSize":2020}}
206825047	none	{"result":{"recorded":true,"address":206825047,"logSize":2021}}
716650491	none	{"result":{"recorded":true,"address":716650491,"logSize":2022}}
1574307069	none	{"result":{"recorded":true,"address":1574307069,"logSize":2023}}
2097798776	none	{"result":{"recorded":true,"address":2097798776,"logSize":2024}}
416459983	none	{"result":{"recorded":true,"address":416459983,"logSize":2025}}
242012560	none	{"result":{"recorded":true,"address":242012560,"logSize":2026}}
2056067487	none	{"result":{"recorded":true,"address":2056067487,"logSize":2027}}
2094538152	none	{"result":{"recorded":true,"address":2094538152,"logSize":2028}}
769850356	none	{"result":{"recorded":true,"address":769850356,"logSize":2029}}
1275102355	none	{"result":{"recorded":true,"address":1275102355,"logSize":2030}}
98677596	none	{"result":{"recorded":true,"address":98677596,"logSize":2031}}
1210411354	none	{"result":{"recorded":true,"address":1210411354,"logSize":2032}}
1814161272	none	{"result":{"recorded":true,"address":1814161272,"logSize":2033}}
1107549854	none	{"result":{"recorded":true,"address":1107549854,"logSize":2034}}
1339164934	none	{"result":{"recorded":true,"address":1339164934,"logSize":2035}}
1173084940	none	{"result":{"recorded":true,"address":1173084940,"logSize":2036}}
720922635	none	{"result":{"recorded":true,"address":720922635,"logSize":2037}}
242148234	none	{"result":{"recorded":true,"address":242148234,"logSize":2038}}
1443340595	none	{"result":{"recorded":true,"address":1443340595,"logSize":2039}}
414092373	none	{"result":{"recorded":true,"address":414092373,"logSize":2040}}
1622058723	none	{"result":{"recorded":true,"address":1622058723,"logSize":2041}}
183530084	none	{"result":{"recorded":true,"address":183530084,"logSize":2042}}
1270097991	none	{"result":{"recorded":true,"address":1270097991,"logSize":2043}}
303945921	none	{"result":{"recorded":true,"address":303945921,"logSize":2044}}
1067851843	none	{"result":{"recorded":true,"address":1067851843,"logSize":2045}}
3418553	none	{"result":{"recorded":true,"address":3418553,"logSize":2046}}
1610112992	none	{"result":{"recorded":true,"address":1610112992,"logSize":2047}}
1626402060	none	{"result":{"recorded":true,"address":1626402060,"logSize":2048}}
206681109	none	{"result":{"recorded":true,"address":206681109,"logSize":2049}}
299349329	none	{"result":{"recorded":true,"address":299349329,"logSize":2050}}
406229680	none	{"result":{"recorded":true,"address":406229680,"logSize":2051}}
1336815820	none	{"result":{"recorded":true,"address":1336815820,"logSize":2052}}
980081225	none	{"result":{"recorded":true,"address":980081225,"logSize":2053}}
903384181	none	{"result":{"recorded":true,"address":903384181,"logSize":2054}}
1268748791	none	{"result":{"recorded":true,"address":1268748791,"logSize":2055}}
1991773290	none	{"result":{"recorded":true,"address":1991773290,"logSize":2056}}
20085204	none	{"result":{"recorded":true,"address":20085204,"logSize":2057}}
685461737	none	{"result":{"recorded":true,"address":685461737,"logSize":2058}}
1540521559	none	{"result":{"recorded":true,"address":1540521559,"logSize":2059}}
1842687580	none	{"result":{"recorded":true,"address":1842687580,"logSize":2060}}
730219933	none	{"result":{"recorded":true,"address":730219933,"logSize":2061}}
779636503	none	{"result":{"recorded":true,"address":779636503,"logSize":2062}}
1359103332	none	{"result":{"recorded":true,"address":1359103332,"logSize":2063}}
518582941	none	{"result":{"recorded":true,"address":518582941,"logSize":2064}}
2069885499	none	{"result":{"recorded":true,"address":2069885499,"logSize":2065}}
1596522692	none	{"result":{"recorded":true,"address":1596522692,"logSize":2066}}
774870511	none	{"result":{"recorded":true,"address":774870511,"logSize":2067}}
1950533790	none	{"result":{"recorded":true,"address":1950533790,"logSize":2068}}
1479416451	none	{"result":{"recorded":true,"address":1479416451,"logSize":2069}}
2124460203	none	{"result":{"recorded":true,"address":2124460203,"logSize":2070}}
938160983	none	{"result":{"recorded":true,"address":938160983,"logSize":2071}}
2069693109	none	{"result":{"recorded":true,"address":2069693109,"logSize":2072}}
397892118	none	{"result":{"recorded":true,"address":397892118,"logSize":2073}}
1099604589	none	{"result":{"recorded":true,"address":1099604589,"logSize":2074}}
57937205	none	{"result":{"recorded":true,"address":57937205,"logSize":2075}}
355321928	none	{"result":{"recorded":true,"address":355321928,"logSize":2076}}
479316276	none	{"result":{"recorded":true,"address":479316276,"logSize":2077}}
343724366	none	{"result":{"recorded":true,"address":343724366,"logSize":2078}}
1960902330	none	{"result":{"recorded":true,"address":1960902330,"logSize":2079}}
1965016004	none	{"result":{"recorded":true,"address":1965016004,"logSize":2080}}
173818259	none	{"result":{"recorded":true,"address":173818259,"logSize":2081}}
1199814635	none	{"result":{"recorded":true,"address":1199814635,"logSize":2082}}
747296631	none	{"result":{"recorded":true,"address":747296631,"logSize":2083}}
776608094	none	{"result":{"recorded":true,"address":776608094,"logSize":2084}}
107805514	none	{"result":{"recorded":true,"address":107805514,"logSize":2085}}
1111742350	none	{"result":{"recorded":true,"address":1111742350,"logSize":2086}}
2126827009	none	{"result":{"recorded":true,"address":2126827009,"logSize":2087}}
2055182001	none	{"result":{"recorded":true,"address":2055182001,"logSize":2088}}
106928824	none	{"result":{"recorded":true,"address":106928824,"logSize":2089}}
1177886036	none	{"result":{"recorded":true,"address":1177886036,"logSize":2090}}
1357396170	none	{"result":{"recorded":true,"address":1357396170,"logSize":2091}}
1152342180	none	{"result":{"recorded":true,"address":1152342180,"logSize":2092}}
1907311526	none	{"result":{"recorded":true,"address":1907311526,"logSize":2093}}
273918390	none	{"result":{"recorded":true,"address":273918390,"logSize":2094}}
1241155833	none	{"result":{"recorded":true,"address":1241155833,"logSize":2095}}
504192412	none	{"result":{"recorded":true,"address":504192412,"logSize":2096}}
1368217287	none	{"result":{"recorded":true,"address":1368217287,"logSize":2097}}
824863725	none	{"result":{"recorded":true,"address":824863725,"logSize":2098}}
1356814012	none	{"result":{"recorded":true,"address":1356814012,"logSize":2099}}
442983870	none	{"result":{"recorded":true,"address":442983870,"logSize":2100}}
199473571	none	{"result":{"recorded":true,"address":199473571,"logSize":2101}}
406253695	none	{"result":{"recorded":true,"address":406253695,"logSize":2102}}
901693632	none	{"result":{"recorded":true,"address":901693632,"logSize":2103}}
445623661	none	{"result":{"recorded":true,"address":445623661,"logSize":2104}}
1842582457	none	{"result":{"recorded":true,"address":1842582457,"logSize":2105}}
1770074063	none	{"result":{"recorded":true,"address":1770074063,"logSize":2106}}
288870181	none	{"result":{"recorded":true,"address":288870181,"logSize":2107}}
1986718216	none	{"result":{"recorded":true,"address":1986718216,"logSize":2108}}
2132720816	none	{"result":{"recorded":true,"address":2132720816,"logSize":2109}}
683194224	none	{"result":{"recorded":true,"address":683194224,"logSize":2110}}
1132368876	none	{"result":{"recorded":true,"address":1132368876,"logSize":2111}}
1262441797	none	{"result":{"recorded":true,"address":1262441797,"logSize":2112}}
1965919109	none	{"result":{"recorded":true,"address":1965919109,"logSize":2113}}
2134001906	none	{"result":{"recorded":true,"address":2134001906,"logSize":2114}}
226037517	none	{"result":{"recorded":true,"address":226037517,"logSize":2115}}
367833969	none	{"result":{"recorded":true,"address":367833969,"logSize":2116}}
1214618474	none	{"result":{"recorded":true,"address":1214618474,"logSize":2117}}
710090217	none	{"result":{"recorded":true,"address":710090217,"logSize":2118}}
424716174	none	{"result":{"recorded":true,"address":424716174,"logSize":2119}}
1887405383	none	{"result":{"recorded":true,"address":1887405383,"logSize":2120}}
1199156033	none	{"result":{"recorded":true,"address":1199156033,"logSize":2121}}
1067653083	none	{"result":{"recorded":true,"address":1067653083,"logSize":2122}}
1829145789	none	{"result":{"recorded":true,"address":1829145789,"logSize":2123}}
1772487660	none	{"result":{"recorded":true,"address":1772487660,"logSize":2124}}
498620497	none	{"result":{"recorded":true,"address":498620497,"logSize":2125}}
1265030288	none	{"result":{"recorded":true,"address":1265030288,"logSize":2126}}
875975276	none	{"result":{"recorded":true,"address":875975276,"logSize":2127}}
747994331	none	{"result":{"recorded":true,"address":747994331,"logSize":2128}}
1210456662	none	{"result":{"recorded":true,"address":1210456662,"logSize":2129}}
1700993824	none	{"result":{"recorded":true,"address":1700993824,"logSize":2130}}
441404872	none	{"result":{"recorded":true,"address":441404872,"logSize":2131}}
2129278995	none	{"result":{"recorded":true,"address":2129278995,"logSize":2132}}
817871093	none	{"result":{"recorded":true,"address":817871093,"logSize":2133}}
268065562	none	{"result":{"recorded":true,"address":268065562,"logSize":2134}}
2115121293	none	{"result":{"recorded":true,"address":2115121293,"logSize":2135}}
703029487	none	{"result":{"recorded":true,"address":703029487,"logSize":2136}}
93597970	none	{"result":{"recorded":true,"address":93597970,"logSize":2137}}
848426895	none	{"result":{"recorded":true,"address":848426895,"logSize":2138}}
930087083	none	{"result":{"recorded":true,"address":930087083,"logSize":2139}}
1753666911	none	{"result":{"recorded":true,"address":1753666911,"logSize":2140}}
87803362	none	{"result":{"recorded":true,"address":87803362,"logSize":2141}}
954408748	none	{"result":{"recorded":true,"address":954408748,"logSize":2142}}
405953799	none	{"result":{"recorded":true,"address":405953799,"logSize":2143}}
619547852	none	{"result":{"recorded":true,"address":619547852,"logSize":2144}}
209445741	none	{"result":{"recorded":true,"address":209445741,"logSize":2145}}
1282140445	none	{"result":{"recorded":true,"address":1282140445,"logSize":2146}}
1462779319	none	{"result":{"recorded":true,"address":1462779319,"logSize":2147}}
2002754275	none	{"result":{"recorded":true,"address":2002754275,"logSize":2148}}
286169189	none	{"result":{"recorded":true,"address":286169189,"logSize":2149}}
926172071	none	{"result":{"recorded":true,"address":926172071,"logSize":2150}}
1475483545	none	{"result":{"recorded":true,"address":1475483545,"logSize":2151}}
854180911	none	{"result":{"recorded":true,"address":854180911,"logSize":2152}}
325381557	none	{"result":{"recorded":true,"address":325381557,"logSize":2153}}
764575518	none	{"result":{"recorded":true,"address":764575518,"logSize":2154}}
60497158	none	{"result":{"recorded":true,"address":60497158,"logSize":2155}}
1588654932	none	{"result":{"recorded":true,"address":1588654932,"logSize":2156}}
1553201298	none	{"result":{"recorded":true,"address":1553201298,"logSize":2157}}
1816610100	none	{"result":{"recorded":true,"address":1816610100,"logSize":2158}}
1846585693	none	{"result":{"recorded":true,"address":1846585693,"logSize":2159}}
1918294850	none	{"result":{"recorded":true,"address":1918294850,"logSize":2160}}
554571511	none	{"result":{"recorded":true,"address":554571511,"logSize":2161}}
1993136980	none	{"result":{"recorded":true,"address":1993136980,"logSize":2162}}
2059036117	none	{"result":{"recorded":true,"address":2059036117,"logSize":2163}}
1521665995	none	{"result":{"recorded":true,"address":1521665995,"logSize":2164}}
1570105178	none	{"result":{"recorded":true,"address":1570105178,"logSize":2165}}
95406201	none	{"result":{"recorded":true,"address":95406201,"logSize":2166}}
354835566	none	{"result":{"recorded":true,"address":354835566,"logSize":2167}}
265577626	none	{"result":{"recorded":true,"address":265577626,"logSize":2168}}
517838098	none	{"result":{"recorded":true,"address":517838098,"logSize":2169}}
632692637	none	{"result":{"recorded":true,"address":632692637,"logSize":2170}}
1470286037	none	{"result":{"recorded":true,"address":1470286037,"logSize":2171}}
801212571	none	{"result":{"recorded":true,"address":801212571,"logSize":2172}}
1457179985	none	{"result":{"recorded":true,"address":1457179985,"logSize":2173}}
1990312830	none	{"result":{"recorded":true,"address":1990312830,"logSize":2174}}
681666333	none	{"result":{"recorded":true,"address":681666333,"logSize":2175}}
871128176	none	{"result":{"recorded":true,"address":871128176,"logSize":2176}}
1525399482	none	{"result":{"recorded":true,"address":1525399482,"logSize":2177}}
970672304	none	{"result":{"recorded":true,"address":970672304,"logSize":2178}}
1217129872	none	{"result":{"recorded":true,"address":1217129872,"logSize":2179}}
2039380000	none	{"result":{"recorded":true,"address":2039380000,"logSize":2180}}
1904119922	none	{"result":{"recorded":true,"address":1904119922,"logSize":2181}}
888969048	none	{"result":{"recorded":true,"address":888969048,"logSize":2182}}
1582574581	none	{"result":{"recorded":true,"address":1582574581,"logSize":2183}}
2029215853	none	{"result":{"recorded":true,"address":2029215853,"logSize":2184}}
668763062	none	{"result":{"recorded":true,"address":668763062,"logSize":2185}}
1170255834	none	{"result":{"recorded":true,"address":1170255834,"logSize":2186}}
1636147859	none	{"result":{"recorded":true,"address":1636147859,"logSize":2187}}
1342286336	none	{"result":{"recorded":true,"address":1342286336,"logSize":2188}}
170208382	none	{"result":{"recorded":true,"address":170208382,"logSize":2189}}
606122732	none	{"result":{"recorded":true,"address":606122732,"logSize":2190}}
963193813	none	{"result":{"recorded":true,"address":963193813,"logSize":2191}}
79826389	none	{"result":{"recorded":true,"address":79826389,"logSize":2192}}
374204060	none	{"result":{"recorded":true,"address":374204060,"logSize":2193}}
570784590	none	{"result":{"recorded":true,"address":570784590,"logSize":2194}}
801129256	none	{"result":{"recorded":true,"address":801129256,"logSize":2195}}
729684076	none	{"result":{"recorded":true,"address":729684076,"logSize":2196}}
1727253778	none	{"result":{"recorded":true,"address":1727253778,"logSize":2197}}
376820440	none	{"result":{"recorded":true,"address":376820440,"logSize":2198}}
250475204	none	{"result":{"recorded":true,"address":250475204,"logSize":2199}}
720491552	none	{"result":{"recorded":true,"address":720491552,"logSize":2200}}
1870587412	none	{"result":{"recorded":true,"address":1870587412,"logSize":2201}}
859235615	none	{"result":{"recorded":true,"address":859235615,"logSize":2202}}
180735030	none	{"result":{"recorded":true,"address":180735030,"logSize":2203}}
1964856025	none	{"result":{"recorded":true,"address":1964856025,"logSize":2204}}
785266420	none	{"result":{"recorded":true,"address":785266420,"logSize":2205}}
2129315972	none	{"result":{"recorded":true,"address":2129315972,"logSize":2206}}
1664001104	none	{"result":{"recorded":true,"address":1664001104,"logSize":2207}}
1554040327	none	{"result":{"recorded":true,"address":1554040327,"logSize":2208}}
1283884139	none	{"result":{"recorded":true,"address":1283884139,"logSize":2209}}
1459630237	none	{"result":{"recorded":true,"address":1459630237,"logSize":2210}}
119293441	none	{"result":{"recorded":true,"address":119293441,"logSize":2211}}
1842699313	none	{"result":{"recorded":true,"address":1842699313,"logSize":2212}}
92457640	none	{"result":{"recorded":true,"address":92457640,"logSize":2213}}
1005909261	none	{"result":{"recorded":true,"address":1005909261,"logSize":2214}}
1741726	none	{"result":{"recorded":true,"address":1741726,"logSize":2215}}
767585196	none	{"result":{"recorded":true,"address":767585196,"logSize":2216}}
644989811	none	{"result":{"recorded":true,"address":644989811,"logSize":2217}}
685428015	none	{"result":{"recorded":true,"address":685428015,"logSize":2218}}
1372768330	none	{"result":{"recorded":true,"address":1372768330,"logSize":2219}}
1684111114	none	{"result":{"recorded":true,"address":1684111114,"logSize":2220}}
806872537	none	{"result":{"recorded":true,"address":806872537,"logSize":2221}}
1330030155	none	{"result":{"recorded":true,"address":1330030155,"logSize":2222}}
1086651043	none	{"result":{"recorded":true,"address":1086651043,"logSize":2223}}
1555171738	none	{"result":{"recorded":true,"address":1555171738,"logSize":2224}}
1782964344	none	{"result":{"recorded":true,"address":1782964344,"logSize":2225}}
1408254217	none	{"result":{"recorded":true,"address":1408254217,"logSize":2226}}
720057212	none	{"result":{"recorded":true,"address":720057212,"logSize":2227}}
1406233195	none	{"result":{"recorded":true,"address":1406233195,"logSize":2228}}
1628291322	none	{"result":{"recorded":true,"address":1628291322,"logSize":2229}}
1718154728	none	{"result":{"recorded":true,"address":1718154728,"logSize":2230}}
221910470	none	{"result":{"recorded":true,"address":221910470,"logSize":2231}}
255686192	none	{"result":{"recorded":true,"address":255686192,"logSize":2232}}
1077421061	none	{"result":{"recorded":true,"address":1077421061,"logSize":2233}}
1906776711	none	{"result":{"recorded":true,"address":1906776711,"logSize":2234}}
1789049050	none	{"result":{"recorded":true,"address":1789049050,"logSize":2235}}
1941181613	none	{"result":{"recorded":true,"address":1941181613,"logSize":2236}}
27322948	none	{"result":{"recorded":true,"address":27322948,"logSize":2237}}
930525878	none	{"result":{"recorded":true,"address":930525878,"logSize":2238}}
515709275	none	{"result":{"recorded":true,"address":515709275,"logSize":2239}}
1012322014	none	{"result":{"recorded":true,"address":1012322014,"logSize":2240}}
139333369	none	{"result":{"recorded":true,"address":139333369,"logSize":2241}}
1073543033	none	{"result":{"recorded":true,"address":1073543033,"logSize":2242}}
393943416	none	{"result":{"recorded":true,"address":393943416,"logSize":2243}}
693005946	none	{"result":{"recorded":true,"address":693005946,"logSize":2244}}
304662929	none	{"result":{"recorded":true,"address":304662929,"logSize":2245}}
215972870	none	{"result":{"recorded":true,"address":215972870,"logSize":2246}}
1389701891	none	{"result":{"recorded":true,"address":1389701891,"logSize":2247}}
1123777427	none	{"result":{"recorded":true,"address":1123777427,"logSize":2248}}
1890604842	none	{"result":{"recorded":true,"address":1890604842,"logSize":2249}}
825997320	none	{"result":{"recorded":true,"address":825997320,"logSize":2250}}
1828628695	none	{"result":{"recorded":true,"address":1828628695,"logSize":2251}}
1250120906	none	{"result":{"recorded":true,"address":1250120906,"logSize":2252}}
1063110394	none	{"result":{"recorded":true,"address":1063110394,"logSize":2253}}
844138588	none	{"result":{"recorded":true,"address":844138588,"logSize":2254}}
509998479	none	{"result":{"recorded":true,"address":509998479,"logSize":2255}}
1085750922	none	{"result":{"recorded":true,"address":1085750922,"logSize":2256}}
1562773337	none	{"result":{"recorded":true,"address":1562773337,"logSize":2257}}
591685969	none	{"result":{"recorded":true,"address":591685969,"logSize":2258}}
1894827825	none	{"result":{"recorded":true,"address":1894827825,"logSize":2259}}
317256355	none	{"result":{"recorded":true,"address":317256355,"logSize":2260}}
1543683200	none	{"result":{"recorded":true,"address":1543683200,"logSize":2261}}
1404458405	none	{"result":{"recorded":true,"address":1404458405,"logSize":2262}}
601730692	none	{"result":{"recorded":true,"address":601730692,"logSize":2263}}
2093520412	none	{"result":{"recorded":true,"address":2093520412,"logSize":2264}}
1490313345	none	{"result":{"recorded":true,"address":1490313345,"logSize":2265}}
1974100485	none	{"result":{"recorded":true,"address":1974100485,"logSize":2266}}
509297160	none	{"result":{"recorded":true,"address":509297160,"logSize":2267}}
1476636974	none	{"result":{"recorded":true,"address":1476636974,"logSize":2268}}
515849979	none	{"result":{"recorded":true,"address":515849979,"logSize":2269}}
340662248	none	{"result":{"recorded":true,"address":340662248,"logSize":2270}}
1263664037	none	{"result":{"recorded":true,"address":1263664037,"logSize":2271}}
1559053334	none	{"result":{"recorded":true,"address":1559053334,"logSize":2272}}
470424037	none	{"result":{"recorded":true,"address":470424037,"logSize":2273}}
1472297111	none	{"result":{"recorded":true,"address":1472297111,"logSize":2274}}
163595401	none	{"result":{"recorded":true,"address":163595401,"logSize":2275}}
1884042558	none	{"result":{"recorded":true,"address":1884042558,"logSize":2276}}
1567036357	none	{"result":{"recorded":true,"address":1567036357,"logSize":2277}}
379443879	none	{"result":{"recorded":true,"address":379443879,"logSize":2278}}
557871236	none	{"result":{"recorded":true,"address":557871236,"logSize":2279}}
1362146840	none	{"result":{"recorded":true,"address":1362146840,"logSize":2280}}
1590132365	none	{"result":{"recorded":true,"address":1590132365,"logSize":2281}}
1308135066	none	{"result":{"recorded":true,"address":1308135066,"logSize":2282}}
1659104538	none	{"result":{"recorded":true,"address":1659104538,"logSize":2283}}
434507980	none	{"result":{"recorded":true,"address":434507980,"logSize":2284}}
83624878	none	{"result":{"recorded":true,"address":83624878,"logSize":2285}}
1471323359	none	{"result":{"recorded":true,"address":1471323359,"logSize":2286}}
696709391	none	{"result":{"recorded":true,"address":696709391,"logSize":2287}}
1372717658	none	{"result":{"recorded":true,"address":1372717658,"logSize":2288}}
1984292371	none	{"result":{"recorded":true,"address":1984292371,"logSize":2289}}
126507638	none	{"result":{"recorded":true,"address":126507638,"logSize":2290}}
223174426	none	{"result":{"recorded":true,"address":223174426,"logSize":2291}}
50144189	none	{"result":{"recorded":true,"address":50144189,"logSize":2292}}
1192250427	none	{"result":{"recorded":true,"address":1192250427,"logSize":2293}}
994900746	none	{"result":{"recorded":true,"address":994900746,"logSize":2294}}
1387061236	none	{"result":{"recorded":true,"address":1387061236,"logSize":2295}}
486323264	none	{"result":{"recorded":true,"address":486323264,"logSize":2296}}
23161088	none	{"result":{"recorded":true,"address":23161088,"logSize":2297}}
1451310640	none	{"result":{"recorded":true,"address":1451310640,"logSize":2298}}
1525032215	none	{"result":{"recorded":true,"address":1525032215,"logSize":2299}}
532202156	none	{"result":{"recorded":true,"address":532202156,"logSize":2300}}
1580903797	none	{"result":{"recorded":true,"address":1580903797,"logSize":2301}}
1286743695	none	{"result":{"recorded":true,"address":1286743695,"logSize":2302}}
1762240103	none	{"result":{"recorded":true,"address":1762240103,"logSize":2303}}
1538169889	none	{"result":{"recorded":true,"address":1538169889,"logSize":2304}}
1608687944	none	{"result":{"recorded":true,"address":1608687944,"logSize":2305}}
1620228230	none	{"result":{"recorded":true,"address":1620228230,"logSize":2306}}
240265912	none	{"result":{"recorded":true,"address":240265912,"logSize":2307}}
1440914599	none	{"result":{"recorded":true,"address":1440914599,"logSize":2308}}
1846573400	none	{"result":{"recorded":true,"address":1846573400,"logSize":2309}}
1605700991	none	{"result":{"recorded":true,"address":1605700991,"logSize":2310}}
2117240553	none	{"result":{"recorded":true,"address":2117240553,"logSize":2311}}
501867343	none	{"result":{"recorded":true,"address":501867343,"logSize":2312}}
75387480	none	{"result":{"recorded":true,"address":75387480,"logSize":2313}}
9764455	none	{"result":{"recorded":true,"address":9764455,"logSize":2314}}
897301370	none	{"result":{"recorded":true,"address":897301370,"logSize":2315}}
1320166917	none	{"result":{"recorded":true,"address":1320166917,"logSize":2316}}
932736546	none	{"result":{"recorded":true,"address":932736546,"logSize":2317}}
1417566103	none	{"result":{"recorded":true,"address":1417566103,"logSize":2318}}
547504552	none	{"result":{"recorded":true,"address":547504552,"logSize":2319}}
1804789957	none	{"result":{"recorded":true,"address":1804789957,"logSize":2320}}
298286851	none	{"result":{"recorded":true,"address":298286851,"logSize":2321}}
835891575	none	{"result":{"recorded":true,"address":835891575,"logSize":2322}}
112422698	none	{"result":{"recorded":true,"address":112422698,"logSize":2323}}
1127580696	none	{"result":{"recorded":true,"address":1127580696,"logSize":2324}}
133395931	none	{"result":{"recorded":true,"address":133395931,"logSize":2325}}
1946462288	none	{"result":{"recorded":true,"address":1946462288,"logSize":2326}}
1082280104	none	{"result":{"recorded":true,"address":1082280104,"logSize":2327}}
1825081280	none	{"result":{"recorded":true,"address":1825081280,"logSize":2328}}
86331804	none	{"result":{"recorded":true,"address":86331804,"logSize":2329}}
844574254	none	{"result":{"recorded":true,"address":844574254,"logSize":2330}}
1811808542	none	{"result":{"recorded":true,"address":1811808542,"logSize":2331}}
1461542055	none	{"result":{"recorded":true,"address":1461542055,"logSize":2332}}
1041912291	none	{"result":{"recorded":true,"address":1041912291,"logSize":2333}}
68270150	none	{"result":{"recorded":true,"address":68270150,"logSize":2334}}
1002485399	none	{"result":{"recorded":true,"address":1002485399,"logSize":2335}}
1994527783	none	{"result":{"recorded":true,"address":1994527783,"logSize":2336}}
1338591415	none	{"result":{"recorded":true,"address":1338591415,"logSize":2337}}
628644602	none	{"result":{"recorded":true,"address":628644602,"logSize":2338}}
958414746	none	{"result":{"recorded":true,"address":958414746,"logSize":2339}}
1711829631	none	{"result":{"recorded":true,"address":1711829631,"logSize":2340}}
736765033	none	{"result":{"recorded":true,"address":736765033,"logSize":2341}}
1080483276	none	{"result":{"recorded":true,"address":1080483276,"logSize":2342}}
573991202	none	{"result":{"recorded":true,"address":573991202,"logSize":2343}}
290154351	none	{"result":{"recorded":true,"address":290154351,"logSize":2344}}
361831254	none	{"result":{"recorded":true,"address":361831254,"logSize":2345}}
1877929370	none	{"result":{"recorded":true,"address":1877929370,"logSize":2346}}
1484586289	none	{"result":{"recorded":true,"address":1484586289,"logSize":2347}}
761075088	none	{"result":{"recorded":true,"address":761075088,"logSize":2348}}
1389792069	none	{"result":{"recorded":true,"address":1389792069,"logSize":2349}}
693890614	none	{"result":{"recorded":true,"address":693890614,"logSize":2350}}
512642960	none	{"result":{"recorded":true,"address":512642960,"logSize":2351}}
1343833130	none	{"result":{"recorded":true,"address":1343833130,"logSize":2352}}
2084797849	none	{"result":{"recorded":true,"address":2084797849,"logSize":2353}}
2018069613	none	{"result":{"recorded":true,"address":2018069613,"logSize":2354}}
1761368909	none	{"result":{"recorded":true,"address":1761368909,"logSize":2355}}
1208432052	none	{"result":{"recorded":true,"address":1208432052,"logSize":2356}}
623982149	none	{"result":{"recorded":true,"address":623982149,"logSize":2357}}
1408466505	none	{"result":{"recorded":true,"address":1408466505,"logSize":2358}}
1930822985	none	{"result":{"recorded":true,"address":1930822985,"logSize":2359}}
920080245	none	{"result":{"recorded":true,"address":920080245,"logSize":2360}}
2070310125	none	{"result":{"recorded":true,"address":2070310125,"logSize":2361}}
545370857	none	{"result":{"recorded":true,"address":545370857,"logSize":2362}}
1602166019	none	{"result":{"recorded":true,"address":1602166019,"logSize":2363}}
192549671	none	{"result":{"recorded":true,"address":192549671,"logSize":2364}}
976805711	none	{"result":{"recorded":true,"address":976805711,"logSize":2365}}
397977918	none	{"result":{"recorded":true,"address":397977918,"logSize":2366}}
139595064	none	{"result":{"recorded":true,"address":139595064,"logSize":2367}}
887562783	none	{"result":{"recorded":true,"address":887562783,"logSize":2368}}
2037159669	none	{"result":{"recorded":true,"address":2037159669,"logSize":2369}}
1385855811	none	{"result":{"recorded":true,"address":1385855811,"logSize":2370}}
297180833	none	{"result":{"recorded":true,"address":297180833,"logSize":2371}}
261365149	none	{"result":{"recorded":true,"address":261365149,"logSize":2372}}
1399500359	none	{"result":{"recorded":true,"address":1399500359,"logSize":2373}}
1545010017	none	{"result":{"recorded":true,"address":1545010017,"logSize":2374}}
1864640788	none	{"result":{"recorded":true,"address":1864640788,"logSize":2375}}
1163416503	none	{"result":{"recorded":true,"address":1163416503,"logSize":2376}}
49740832	none	{"result":{"recorded":true,"address":49740832,"logSize":2377}}
315041484	none	{"result":{"recorded":true,"address":315041484,"logSize":2378}}
1908768019	none	{"result":{"recorded":true,"address":1908768019,"logSize":2379}}
940334920	none	{"result":{"recorded":true,"address":940334920,"logSize":2380}}
1978499118	none	{"result":{"recorded":true,"address":1978499118,"logSize":2381}}
78394766	none	{"result":{"recorded":true,"address":78394766,"logSize":2382}}
430645734	none	{"result":{"recorded":true,"address":430645734,"logSize":2383}}
599287292	none	{"result":{"recorded":true,"address":599287292,"logSize":2384}}
975468108	none	{"result":{"recorded":true,"address":975468108,"logSize":2385}}
44985961	none	{"result":{"recorded":true,"address":44985961,"logSize":2386}}
1330143731	none	{"result":{"recorded":true,"address":1330143731,"logSize":2387}}
419613101	none	{"result":{"recorded":true,"address":419613101,"logSize":2388}}
1533932686	none	{"result":{"recorded":true,"address":1533932686,"logSize":2389}}
1118759874	none	{"result":{"recorded":true,"address":1118759874,"logSize":2390}}
695428714	none	{"result":{"recorded":true,"address":695428714,"logSize":2391}}
654327900	none	{"result":{"recorded":true,"address":654327900,"logSize":2392}}
1127798986	none	{"result":{"recorded":true,"address":1127798986,"logSize":2393}}
408081356	none	{"result":{"recorded":true,"address":408081356,"logSize":2394}}
153665319	none	{"result":{"recorded":true,"address":153665319,"logSize":2395}}
1980832396	none	{"result":{"recorded":true,"address":1980832396,"logSize":2396}}
675713344	none	{"result":{"recorded":true,"address":675713344,"logSize":2397}}
517780272	none	{"result":{"recorded":true,"address":517780272,"logSize":2398}}
1436964818	none	{"result":{"recorded":true,"address":1436964818,"logSize":2399}}
1818035932	none	{"result":{"recorded":true,"address":1818035932,"logSize":2400}}
937148975	none	{"result":{"recorded":true,"address":937148975,"logSize":2401}}
1841388078	none	{"result":{"recorded":true,"address":1841388078,"logSize":2402}}
921284419	none	{"result":{"recorded":true,"address":921284419,"logSize":2403}}
618739454	none	{"result":{"recorded":true,"address":618739454,"logSize":2404}}
614123855	none	{"result":{"recorded":true,"address":614123855,"logSize":2405}}
1102371912	none	{"result":{"recorded":true,"address":1102371912,"logSize":2406}}
1966270644	none	{"result":{"recorded":true,"address":1966270644,"logSize":2407}}
1551864155	none	{"result":{"recorded":true,"address":1551864155,"logSize":2408}}
811651843	none	{"result":{"recorded":true,"address":811651843,"logSize":2409}}
2070798760	none	{"result":{"recorded":true,"address":2070798760,"logSize":2410}}
765920038	none	{"result":{"recorded":true,"address":765920038,"logSize":2411}}
827701289	none	{"result":{"recorded":true,"address":827701289,"logSize":2412}}
408811613	none	{"result":{"recorded":true,"address":408811613,"logSize":2413}}
169522156	none	{"result":{"recorded":true,"address":169522156,"logSize":2414}}
89684859	none	{"result":{"recorded":true,"address":89684859,"logSize":2415}}
361093589	none	{"result":{"recorded":true,"address":361093589,"logSize":2416}}
5745887	none	{"result":{"recorded":true,"address":5745887,"logSize":2417}}
2040687224	none	{"result":{"recorded":true,"address":2040687224,"logSize":2418}}
180011968	none	{"result":{"recorded":true,"address":180011968,"logSize":2419}}
1972824368	none	{"result":{"recorded":true,"address":1972824368,"logSize":2420}}
525439194	none	{"result":{"recorded":true,"address":525439194,"logSize":2421}}
620755985	none	{"result":{"recorded":true,"address":620755985,"logSize":2422}}
1227863755	none	{"result":{"recorded":true,"address":1227863755,"logSize":2423}}
479789254	none	{"result":{"recorded":true,"address":479789254,"logSize":2424}}
873003727	none	{"result":{"recorded":true,"address":873003727,"logSize":2425}}
1284410123	none	{"result":{"recorded":true,"address":1284410123,"logSize":2426}}
1344629366	none	{"result":{"recorded":true,"address":1344629366,"logSize":2427}}
1435264107	none	{"result":{"recorded":true,"address":1435264107,"logSize":2428}}
1536261028	none	{"result":{"recorded":true,"address":1536261028,"logSize":2429}}
2083747345	none	{"result":{"recorded":true,"address":2083747345,"logSize":2430}}
6268263	none	{"result":{"recorded":true,"address":6268263,"logSize":2431}}
545631406	none	{"result":{"recorded":true,"address":545631406,"logSize":2432}}
605685785	none	{"result":{"recorded":true,"address":605685785,"logSize":2433}}
2815164	none	{"result":{"recorded":true,"address":2815164,"logSize":2434}}
1159794942	none	{"result":{"recorded":true,"address":1159794942,"logSize":2435}}
622553609	none	{"result":{"recorded":true,"address":622553609,"logSize":2436}}
184740975	none	{"result":{"recorded":true,"address":184740975,"logSize":2437}}
1278532281	none	{"result":{"recorded":true,"address":1278532281,"logSize":2438}}
1710763387	none	{"result":{"recorded":true,"address":1710763387,"logSize":2439}}
366278255	none	{"result":{"recorded":true,"address":366278255,"logSize":2440}}
1942777808	none	{"result":{"recorded":true,"address":1942777808,"logSize":2441}}
386550386	none	{"result":{"recorded":true,"address":386550386,"logSize":2442}}
489378008	none	{"result":{"recorded":true,"address":489378008,"logSize":2443}}
809213297	none	{"result":{"recorded":true,"address":809213297,"logSize":2444}}
1183221359	none	{"result":{"recorded":true,"address":1183221359,"logSize":2445}}
386728718	none	{"result":{"recorded":true,"address":386728718,"logSize":2446}}
475632153	none	{"result":{"recorded":true,"address":475632153,"logSize":2447}}
1542326499	none	{"result":{"recorded":true,"address":1542326499,"logSize":2448}}
369591954	none	{"result":{"recorded":true,"address":369591954,"logSize":2449}}
323825865	none	{"result":{"recorded":true,"address":323825865,"logSize":2450}}
931755362	none	{"result":{"recorded":true,"address":931755362,"logSize":2451}}
952949007	none	{"result":{"recorded":true,"address":952949007,"logSize":2452}}
2048335365	none	{"result":{"recorded":true,"address":2048335365,"logSize":2453}}
1442651429	none	{"result":{"recorded":true,"address":1442651429,"logSize":2454}}
1912265266	none	{"result":{"recorded":true,"address":1912265266,"logSize":2455}}
1876930456	none	{"result":{"recorded":true,"address":1876930456,"logSize":2456}}
1277853494	none	{"result":{"recorded":true,"address":1277853494,"logSize":2457}}
1379079315	none	{"result":{"recorded":true,"address":1379079315,"logSize":2458}}
349913045	none	{"result":{"recorded":true,"address":349913045,"logSize":2459}}
1595467050	none	{"result":{"recorded":true,"address":1595467050,"logSize":2460}}
899873970	none	{"result":{"recorded":true,"address":899873970,"logSize":2461}}
1137604540	none	{"result":{"recorded":true,"address":1137604540,"logSize":2462}}
1942458063	none	{"result":{"recorded":true,"address":1942458063,"logSize":2463}}
1359003020	none	{"result":{"recorded":true,"address":1359003020,"logSize":2464}}
363842967	none	{"result":{"recorded":true,"address":363842967,"logSize":2465}}
295718118	none	{"result":{"recorded":true,"address":295718118,"logSize":2466}}
109316639	none	{"result":{"recorded":true,"address":109316639,"logSize":2467}}
1951285083	none	{"result":{"recorded":true,"address":1951285083,"logSize":2468}}
409102062	none	{"result":{"recorded":true,"address":409102062,"logSize":2469}}
2047542924	none	{"result":{"recorded":true,"address":2047542924,"logSize":2470}}
523621147	none	{"result":{"recorded":true,"address":523621147,"logSize":2471}}
1003319593	none	{"result":{"recorded":true,"address":1003319593,"logSize":2472}}
259856194	none	{"result":{"recorded":true,"address":259856194,"logSize":2473}}
1190846094	none	{"result":{"recorded":true,"address":1190846094,"logSize":2474}}
459937740	none	{"result":{"recorded":true,"address":459937740,"logSize":2475}}
1173177822	none	{"result":{"recorded":true,"address":1173177822,"logSize":2476}}
1970341466	none	{"result":{"recorded":true,"address":1970341466,"logSize":2477}}
1747824572	none	{"result":{"recorded":true,"address":1747824572,"logSize":2478}}
2010644319	none	{"result":{"recorded":true,"address":2010644319,"logSize":2479}}
1130258695	none	{"result":{"recorded":true,"address":1130258695,"logSize":2480}}
1057305900	none	{"result":{"recorded":true,"address":1057305900,"logSize":2481}}
1459084935	none	{"result":{"recorded":true,"address":1459084935,"logSize":2482}}
1791627759	none	{"result":{"recorded":true,"address":1791627759,"logSize":2483}}
1887424588	none	{"result":{"recorded":true,"address":1887424588,"logSize":2484}}
1326295353	none	{"result":{"recorded":true,"address":1326295353,"logSize":2485}}
1957817372	none	{"result":{"recorded":true,"address":1957817372,"logSize":2486}}
1875766955	none	{"result":{"recorded":true,"address":1875766955,"logSize":2487}}
1653485360	none	{"result":{"recorded":true,"address":1653485360,"logSize":2488}}
314473641	none	{"result":{"recorded":true,"address":314473641,"logSize":2489}}
288302941	none	{"result":{"recorded":true,"address":288302941,"logSize":2490}}
899894219	none	{"result":{"recorded":true,"address":899894219,"logSize":2491}}
552430771	none	{"result":{"recorded":true,"address":552430771,"logSize":2492}}
679149996	none	{"result":{"recorded":true,"address":679149996,"logSize":2493}}
808339887	none	{"result":{"recorded":true,"address":808339887,"logSize":2494}}
1783667040	none	{"result":{"recorded":true,"address":1783667040,"logSize":2495}}
1608101414	none	{"result":{"recorded":true,"address":1608101414,"logSize":2496}}
1296906767	none	{"result":{"recorded":true,"address":1296906767,"logSize":2497}}
1195378615	none	{"result":{"recorded":true,"address":1195378615,"logSize":2498}}
1724220302	none	{"result":{"recorded":true,"address":1724220302,"logSize":2499}}
705125105	none	{"result":{"recorded":true,"address":705125105,"logSize":2500}}
1838500043	none	{"result":{"recorded":true,"address":1838500043,"logSize":2501}}
735254221	none	{"result":{"recorded":true,"address":735254221,"logSize":2502}}
1088042268	none	{"result":{"recorded":true,"address":1088042268,"logSize":2503}}
2109469195	none	{"result":{"recorded":true,"address":2109469195,"logSize":2504}}
170196652	none	{"result":{"recorded":true,"address":170196652,"logSize":2505}}
2076606503	none	{"result":{"recorded":true,"address":2076606503,"logSize":2506}}
712086097	none	{"result":{"recorded":true,"address":712086097,"logSize":2507}}
51705949	none	{"result":{"recorded":true,"address":51705949,"logSize":2508}}
752419276	none	{"result":{"recorded":true,"address":752419276,"logSize":2509}}
850574242	none	{"result":{"recorded":true,"address":850574242,"logSize":2510}}
111529230	none	{"result":{"recorded":true,"address":111529230,"logSize":2511}}
114633002	none	{"result":{"recorded":true,"address":114633002,"logSize":2512}}
1412176234	none	{"result":{"recorded":true,"address":1412176234,"logSize":2513}}
1868102508	none	{"result":{"recorded":true,"address":1868102508,"logSize":2514}}
1965699752	none	{"result":{"recorded":true,"address":1965699752,"logSize":2515}}
16395014	none	{"result":{"recorded":true,"address":16395014,"logSize":2516}}
374987457	none	{"result":{"recorded":true,"address":374987457,"logSize":2517}}
1573920557	none	{"result":{"recorded":true,"address":1573920557,"logSize":2518}}
733326383	none	{"result":{"recorded":true,"address":733326383,"logSize":2519}}
447078654	none	{"result":{"recorded":true,"address":447078654,"logSize":2520}}
751686457	none	{"result":{"recorded":true,"address":751686457,"logSize":2521}}
1503952702	none	{"result":{"recorded":true,"address":1503952702,"logSize":2522}}
423790707	none	{"result":{"recorded":true,"address":423790707,"logSize":2523}}
15962878	none	{"result":{"recorded":true,"address":15962878,"logSize":2524}}
1169296845	none	{"result":{"recorded":true,"address":1169296845,"logSize":2525}}
625647669	none	{"result":{"recorded":true,"address":625647669,"logSize":2526}}
826520420	none	{"result":{"recorded":true,"address":826520420,"logSize":2527}}
1450277196	none	{"result":{"recorded":true,"address":1450277196,"logSize":2528}}
946500114	none	{"result":{"recorded":true,"address":946500114,"logSize":2529}}
1378238958	none	{"result":{"recorded":true,"address":1378238958,"logSize":2530}}
1011509394	none	{"result":{"recorded":true,"address":1011509394,"logSize":2531}}
791020989	none	{"result":{"recorded":true,"address":791020989,"logSize":2532}}
487851547	none	{"result":{"recorded":true,"address":487851547,"logSize":2533}}
151087834	none	{"result":{"recorded":true,"address":151087834,"logSize":2534}}
1127264801	none	{"result":{"recorded":true,"address":1127264801,"logSize":2535}}
510117519	none	{"result":{"recorded":true,"address":510117519,"logSize":2536}}
1082139621	none	{"result":{"recorded":true,"address":1082139621,"logSize":2537}}
1560641244	none	{"result":{"recorded":true,"address":1560641244,"logSize":2538}}
1809324482	none	{"result":{"recorded":true,"address":1809324482,"logSize":2539}}
1132647691	none	{"result":{"recorded":true,"address":1132647691,"logSize":2540}}
718706932	none	{"result":{"recorded":true,"address":718706932,"logSize":2541}}
1641269560	none	{"result":{"recorded":true,"address":1641269560,"logSize":2542}}
1112748164	none	{"result":{"recorded":true,"address":1112748164,"logSize":2543}}
208087919	none	{"result":{"recorded":true,"address":208087919,"logSize":2544}}
1318087048	none	{"result":{"recorded":true,"address":1318087048,"logSize":2545}}
994092145	none	{"result":{"recorded":true,"address":994092145,"logSize":2546}}
2073286347	none	{"result":{"recorded":true,"address":2073286347,"logSize":2547}}
1603781306	none	{"result":{"recorded":true,"address":1603781306,"logSize":2548}}
751375262	none	{"result":{"recorded":true,"address":751375262,"logSize":2549}}
1848355543	none	{"result":{"recorded":true,"address":1848355543,"logSize":2550}}
1185470539	none	{"result":{"recorded":true,"address":1185470539,"logSize":2551}}
2031349763	none	{"result":{"recorded":true,"address":2031349763,"logSize":2552}}
1526084193	none	{"result":{"recorded":true,"address":1526084193,"logSize":2553}}
950947299	none	{"result":{"recorded":true,"address":950947299,"logSize":2554}}
93198115	none	{"result":{"recorded":true,"address":93198115,"logSize":2555}}
798404831	none	{"result":{"recorded":true,"address":798404831,"logSize":2556}}
1065814043	none	{"result":{"recorded":true,"address":1065814043,"logSize":2557}}
775393569	none	{"result":{"recorded":true,"address":775393569,"logSize":2558}}
48900218	none	{"result":{"recorded":true,"address":48900218,"logSize":2559}}
328037863	none	{"result":{"recorded":true,"address":328037863,"logSize":2560}}
359505883	none	{"result":{"recorded":true,"address":359505883,"logSize":2561}}
1834198640	none	{"result":{"recorded":true,"address":1834198640,"logSize":2562}}
822697426	none	{"result":{"recorded":true,"address":822697426,"logSize":2563}}
1672014911	none	{"result":{"recorded":true,"address":1672014911,"logSize":2564}}
721013970	none	{"result":{"recorded":true,"address":721013970,"logSize":2565}}
1304341550	none	{"result":{"recorded":true,"address":1304341550,"logSize":2566}}
1221456620	none	{"result":{"recorded":true,"address":1221456620,"logSize":2567}}
617017117	none	{"result":{"recorded":true,"address":617017117,"logSize":2568}}
135952582	none	{"result":{"recorded":true,"address":135952582,"logSize":2569}}
462064914	none	{"result":{"recorded":true,"address":462064914,"logSize":2570}}
4109392	none	{"result":{"recorded":true,"address":4109392,"logSize":2571}}
172621121	none	{"result":{"recorded":true,"address":172621121,"logSize":2572}}
1633271580	none	{"result":{"recorded":true,"address":1633271580,"logSize":2573}}
692509991	none	{"result":{"recorded":true,"address":692509991,"logSize":2574}}
1671156530	none	{"result":{"recorded":true,"address":1671156530,"logSize":2575}}
1041429303	none	{"result":{"recorded":true,"address":1041429303,"logSize":2576}}
1568224264	none	{"result":{"recorded":true,"address":1568224264,"logSize":2577}}
1978291936	none	{"result":{"recorded":true,"address":1978291936,"logSize":2578}}
255770103	none	{"result":{"recorded":true,"address":255770103,"logSize":2579}}
956569869	none	{"result":{"recorded":true,"address":956569869,"logSize":2580}}
1923217104	none	{"result":{"recorded":true,"address":1923217104,"logSize":2581}}
1089183307	none	{"result":{"recorded":true,"address":1089183307,"logSize":2582}}
1866800917	none	{"result":{"recorded":true,"address":1866800917,"logSize":2583}}
377311619	none	{"result":{"recorded":true,"address":377311619,"logSize":2584}}
54565295	none	{"result":{"recorded":true,"address":54565295,"logSize":2585}}
818583397	none	{"result":{"recorded":true,"address":818583397,"logSize":2586}}
1328652789	none	{"result":{"recorded":true,"address":1328652789,"logSize":2587}}
938139001	none	{"result":{"recorded":true,"address":938139001,"logSize":2588}}
1939357528	none	{"result":{"recorded":true,"address":1939357528,"logSize":2589}}
582501322	none	{"result":{"recorded":true,"address":582501322,"logSize":2590}}
824975518	none	{"result":{"recorded":true,"address":824975518,"logSize":2591}}
770052575	none	{"result":{"recorded":true,"address":770052575,"logSize":2592}}
405719727	none	{"result":{"recorded":true,"address":405719727,"logSize":2593}}
128150342	none	{"result":{"recorded":true,"address":128150342,"logSize":2594}}
1815160753	none	{"result":{"recorded":true,"address":1815160753,"logSize":2595}}
1206788570	none	{"result":{"recorded":true,"address":1206788570,"logSize":2596}}
1258384385	none	{"result":{"recorded":true,"address":1258384385,"logSize":2597}}
1572295476	none	{"result":{"recorded":true,"address":1572295476,"logSize":2598}}
1405006093	none	{"result":{"recorded":true,"address":1405006093,"logSize":2599}}
1908051973	none	{"result":{"recorded":true,"address":1908051973,"logSize":2600}}
522445469	none	{"result":{"recorded":true,"address":522445469,"logSize":2601}}
1441721827	none	{"result":{"recorded":true,"address":1441721827,"logSize":2602}}
1981327320	none	{"result":{"recorded":true,"address":1981327320,"logSize":2603}}
2078505569	none	{"result":{"recorded":true,"address":2078505569,"logSize":2604}}
1632437994	none	{"result":{"recorded":true,"address":1632437994,"logSize":2605}}
213973967	none	{"result":{"recorded":true,"address":213973967,"logSize":2606}}
515338605	none	{"result":{"recorded":true,"address":515338605,"logSize":2607}}
294000678	none	{"result":{"recorded":true,"address":294000678,"logSize":2608}}
76494289	none	{"result":{"recorded":true,"address":76494289,"logSize":2609}}
1026556857	none	{"result":{"recorded":true,"address":1026556857,"logSize":2610}}
761227847	none	{"result":{"recorded":true,"address":761227847,"logSize":2611}}
1221879483	none	{"result":{"recorded":true,"address":1221879483,"logSize":2612}}
1115685754	none	{"result":{"recorded":true,"address":1115685754,"logSize":2613}}
285696587	none	{"result":{"recorded":true,"address":285696587,"logSize":2614}}
659380279	none	{"result":{"recorded":true,"address":659380279,"logSize":2615}}
529994265	none	{"result":{"recorded":true,"address":529994265,"logSize":2616}}
199281670	none	{"result":{"recorded":true,"address":199281670,"logSize":2617}}
1550201728	none	{"result":{"recorded":true,"address":1550201728,"logSize":2618}}
1056244946	none	{"result":{"recorded":true,"address":1056244946,"logSize":2619}}
2071216313	none	{"result":{"recorded":true,"address":2071216313,"logSize":2620}}
1746403927	none	{"result":{"recorded":true,"address":1746403927,"logSize":2621}}
1506160656	none	{"result":{"recorded":true,"address":1506160656,"logSize":2622}}
1752736589	none	{"result":{"recorded":true,"address":1752736589,"logSize":2623}}
539764335	none	{"result":{"recorded":true,"address":539764335,"logSize":2624}}
148182515	none	{"result":{"recorded":true,"address":148182515,"logSize":2625}}
1851523858	none	{"result":{"recorded":true,"address":1851523858,"logSize":2626}}
718600715	none	{"result":{"recorded":true,"address":718600715,"logSize":2627}}
432434468	none	{"result":{"recorded":true,"address":432434468,"logSize":2628}}
469721958	none	{"result":{"recorded":true,"address":469721958,"logSize":2629}}
1202447640	none	{"result":{"recorded":true,"address":1202447640,"logSize":2630}}
1595632373	none	{"result":{"recorded":true,"address":1595632373,"logSize":2631}}
422494770	none	{"result":{"recorded":true,"address":422494770,"logSize":2632}}
1466108209	none	{"result":{"recorded":true,"address":1466108209,"logSize":2633}}
533581952	none	{"result":{"recorded":true,"address":533581952,"logSize":2634}}
465333394	none	{"result":{"recorded":true,"address":465333394,"logSize":2635}}
696030057	none	{"result":{"recorded":true,"address":696030057,"logSize":2636}}
1192554590	none	{"result":{"recorded":true,"address":1192554590,"logSize":2637}}
582564962	none	{"result":{"recorded":true,"address":582564962,"logSize":2638}}
1768700989	none	{"result":{"recorded":true,"address":1768700989,"logSize":2639}}
1196189078	none	{"result":{"recorded":true,"address":1196189078,"logSize":2640}}
1556017505	none	{"result":{"recorded":true,"address":1556017505,"logSize":2641}}
959897451	none	{"result":{"recorded":true,"address":959897451,"logSize":2642}}
2015077545	none	{"result":{"recorded":true,"address":2015077545,"logSize":2643}}
937378473	none	{"result":{"recorded":true,"address":937378473,"logSize":2644}}
1494692037	none	{"result":{"recorded":true,"address":1494692037,"logSize":2645}}
926698276	none	{"result":{"recorded":true,"address":926698276,"logSize":2646}}
1309828702	none	{"result":{"recorded":true,"address":1309828702,"logSize":2647}}
338722577	none	{"result":{"recorded":true,"address":338722577,"logSize":2648}}
1733053924	none	{"result":{"recorded":true,"address":1733053924,"logSize":2649}}
955652932	none	{"result":{"recorded":true,"address":955652932,"logSize":2650}}
1249323499	none	{"result":{"recorded":true,"address":1249323499,"logSize":2651}}
753514987	none	{"result":{"recorded":true,"address":753514987,"logSize":2652}}
1778997769	none	{"result":{"recorded":true,"address":1778997769,"logSize":2653}}
569513426	none	{"result":{"recorded":true,"address":569513426,"logSize":2654}}
1271074882	none	{"result":{"recorded":true,"address":1271074882,"logSize":2655}}
822207739	none	{"result":{"recorded":true,"address":822207739,"logSize":2656}}
197254715	none	{"result":{"recorded":true,"address":197254715,"logSize":2657}}
432078058	none	{"result":{"recorded":true,"address":432078058,"logSize":2658}}
1425060334	none	{"result":{"recorded":true,"address":1425060334,"logSize":2659}}
419093433	none	{"result":{"recorded":true,"address":419093433,"logSize":2660}}
1702483919	none	{"result":{"recorded":true,"address":1702483919,"logSize":2661}}
1692539238	none	{"result":{"recorded":true,"address":1692539238,"logSize":2662}}
945803886	none	{"result":{"recorded":true,"address":945803886,"logSize":2663}}
1476033347	none	{"result":{"recorded":true,"address":1476033347,"logSize":2664}}
1287363424	none	{"result":{"recorded":true,"address":1287363424,"logSize":2665}}
1880416359	none	{"result":{"recorded":true,"address":1880416359,"logSize":2666}}
1103182832	none	{"result":{"recorded":true,"address":1103182832,"logSize":2667}}
416142807	none	{"result":{"recorded":true,"address":416142807,"logSize":2668}}
1840936299	none	{"result":{"recorded":true,"address":1840936299,"logSize":2669}}
203607478	none	{"result":{"recorded":true,"address":203607478,"logSize":2670}}
1226602196	none	{"result":{"recorded":true,"address":1226602196,"logSize":2671}}
765151496	none	{"result":{"recorded":true,"address":765151496,"logSize":2672}}
1519662769	none	{"result":{"recorded":true,"address":1519662769,"logSize":2673}}
700726272	none	{"result":{"recorded":true,"address":700726272,"logSize":2674}}
2025019018	none	{"result":{"recorded":true,"address":2025019018,"logSize":2675}}
1970325520	none	{"result":{"recorded":true,"address":1970325520,"logSize":2676}}
1156083513	none	{"result":{"recorded":true,"address":1156083513,"logSize":2677}}
137808824	none	{"result":{"recorded":true,"address":137808824,"logSize":2678}}
735813461	none	{"result":{"recorded":true,"address":735813461,"logSize":2679}}
1253764829	none	{"result":{"recorded":true,"address":1253764829,"logSize":2680}}
2000920896	none	{"result":{"recorded":true,"address":2000920896,"logSize":2681}}
488638197	none	{"result":{"recorded":true,"address":488638197,"logSize":2682}}
994134042	none	{"result":{"recorded":true,"address":994134042,"logSize":2683}}
887296966	none	{"result":{"recorded":true,"address":887296966,"logSize":2684}}
663603414	none	{"result":{"recorded":true,"address":663603414,"logSize":2685}}
595668630	none	{"result":{"recorded":true,"address":595668630,"logSize":2686}}
1556445249	none	{"result":{"recorded":true,"address":1556445249,"logSize":2687}}
1709586557	none	{"result":{"recorded":true,"address":1709586557,"logSize":2688}}
823361474	none	{"result":{"recorded":true,"address":823361474,"logSize":2689}}
2126935429	none	{"result":{"recorded":true,"address":2126935429,"logSize":2690}}
417187674	none	{"result":{"recorded":true,"address":417187674,"logSize":2691}}
619178517	none	{"result":{"recorded":true,"address":619178517,"logSize":2692}}
1777732355	none	{"result":{"recorded":true,"address":1777732355,"logSize":2693}}
797842387	none	{"result":{"recorded":true,"address":797842387,"logSize":2694}}
1512209198	none	{"result":{"recorded":true,"address":1512209198,"logSize":2695}}
1407247587	none	{"result":{"recorded":true,"address":1407247587,"logSize":2696}}
1141935155	none	{"result":{"recorded":true,"address":1141935155,"logSize":2697}}
982240618	none	{"result":{"recorded":true,"address":982240618,"logSize":2698}}
338243550	none	{"result":{"recorded":true,"address":338243550,"logSize":2699}}
166497276	none	{"result":{"recorded":true,"address":166497276,"logSize":2700}}
1816467026	none	{"result":{"recorded":true,"address":1816467026,"logSize":2701}}
932844954	none	{"result":{"recorded":true,"address":932844954,"logSize":2702}}
290752961	none	{"result":{"recorded":true,"address":290752961,"logSize":2703}}
1624997793	none	{"result":{"recorded":true,"address":1624997793,"logSize":2704}}
209572159	none	{"result":{"recorded":true,"address":209572159,"logSize":2705}}
1675711321	none	{"result":{"recorded":true,"address":1675711321,"logSize":2706}}
562601668	none	{"result":{"recorded":true,"address":562601668,"logSize":2707}}
99836388	none	{"result":{"recorded":true,"address":99836388,"logSize":2708}}
538450721	none	{"result":{"recorded":true,"address":538450721,"logSize":2709}}
1524018699	none	{"result":{"recorded":true,"address":1524018699,"logSize":2710}}
1889745967	none	{"result":{"recorded":true,"address":1889745967,"logSize":2711}}
592084925	none	{"result":{"recorded":true,"address":592084925,"logSize":2712}}
1387519740	none	{"result":{"recorded":true,"address":1387519740,"logSize":2713}}
410132873	none	{"result":{"recorded":true,"address":410132873,"logSize":2714}}
168918032	none	{"result":{"recorded":true,"address":168918032,"logSize":2715}}
1840732030	none	{"result":{"recorded":true,"address":1840732030,"logSize":2716}}
916104168	none	{"result":{"recorded":true,"address":916104168,"logSize":2717}}
1113187823	none	{"result":{"recorded":true,"address":1113187823,"logSize":2718}}
1024112704	none	{"result":{"recorded":true,"address":1024112704,"logSize":2719}}
1569828543	none	{"result":{"recorded":true,"address":1569828543,"logSize":2720}}
1760734469	none	{"result":{"recorded":true,"address":1760734469,"logSize":2721}}
122753034	none	{"result":{"recorded":true,"address":122753034,"logSize":2722}}
2098715469	none	{"result":{"recorded":true,"address":2098715469,"logSize":2723}}
1308760602	none	{"result":{"recorded":true,"address":1308760602,"logSize":2724}}
1023714895	none	{"result":{"recorded":true,"address":1023714895,"logSize":2725}}
1338031512	none	{"result":{"recorded":true,"address":1338031512,"logSize":2726}}
1836030957	none	{"result":{"recorded":true,"address":1836030957,"logSize":2727}}
760194255	none	{"result":{"recorded":true,"address":760194255,"logSize":2728}}
641074058	none	{"result":{"recorded":true,"address":641074058,"logSize":2729}}
582287696	none	{"result":{"recorded":true,"address":582287696,"logSize":2730}}
645986093	none	{"result":{"recorded":true,"address":645986093,"logSize":2731}}
307306680	none	{"result":{"recorded":true,"address":307306680,"logSize":2732}}
1846770736	none	{"result":{"recorded":true,"address":1846770736,"logSize":2733}}
553014489	none	{"result":{"recorded":true,"address":553014489,"logSize":2734}}
2138414646	none	{"result":{"recorded":true,"address":2138414646,"logSize":2735}}
981413202	none	{"result":{"recorded":true,"address":981413202,"logSize":2736}}
302495039	none	{"result":{"recorded":true,"address":302495039,"logSize":2737}}
308459673	none	{"result":{"recorded":true,"address":308459673,"logSize":2738}}
173259604	none	{"result":{"recorded":true,"address":173259604,"logSize":2739}}
971567180	none	{"result":{"recorded":true,"address":971567180,"logSize":2740}}
771154774	none	{"result":{"recorded":true,"address":771154774,"logSize":2741}}
1264083756	none	{"result":{"recorded":true,"address":1264083756,"logSize":2742}}
2051652613	none	{"result":{"recorded":true,"address":2051652613,"logSize":2743}}
912524653	none	{"result":{"recorded":true,"address":912524653,"logSize":2744}}
1116468112	none	{"result":{"recorded":true,"address":1116468112,"logSize":2745}}
2097615062	none	{"result":{"recorded":true,"address":2097615062,"logSize":2746}}
1478442857	none	{"result":{"recorded":true,"address":1478442857,"logSize":2747}}
1696869121	none	{"result":{"recorded":true,"address":1696869121,"logSize":2748}}
1862956237	none	{"result":{"recorded":true,"address":1862956237,"logSize":2749}}
1835586362	none	{"result":{"recorded":true,"address":1835586362,"logSize":2750}}
464163699	none	{"result":{"recorded":true,"address":464163699,"logSize":2751}}
1753317872	none	{"result":{"recorded":true,"address":1753317872,"logSize":2752}}
1839559839	none	{"result":{"recorded":true,"address":1839559839,"logSize":2753}}
481300605	none	{"result":{"recorded":true,"address":481300605,"logSize":2754}}
613765502	none	{"result":{"recorded":true,"address":613765502,"logSize":2755}}
959929344	none	{"result":{"recorded":true,"address":959929344,"logSize":2756}}
463532782	none	{"result":{"recorded":true,"address":463532782,"logSize":2757}}
1477487733	none	{"result":{"recorded":true,"address":1477487733,"logSize":2758}}
1252469200	none	{"result":{"recorded":true,"address":1252469200,"logSize":2759}}
955294439	none	{"result":{"recorded":true,"address":955294439,"logSize":2760}}
442801998	none	{"result":{"recorded":true,"address":442801998,"logSize":2761}}
1349627105	none	{"result":{"recorded":true,"address":1349627105,"logSize":2762}}
1131745558	none	{"result":{"recorded":true,"address":1131745558,"logSize":2763}}
1996885220	none	{"result":{"recorded":true,"address":1996885220,"logSize":2764}}
1869863566	none	{"result":{"recorded":true,"address":1869863566,"logSize":2765}}
613985876	none	{"result":{"recorded":true,"address":613985876,"logSize":2766}}
1040706488	none	{"result":{"recorded":true,"address":1040706488,"logSize":2767}}
1477943487	none	{"result":{"recorded":true,"address":1477943487,"logSize":2768}}
408069928	none	{"result":{"recorded":true,"address":408069928,"logSize":2769}}
878159651	none	{"result":{"recorded":true,"address":878159651,"logSize":2770}}
1113752349	none	{"result":{"recorded":true,"address":1113752349,"logSize":2771}}
1499837749	none	{"result":{"recorded":true,"address":1499837749,"logSize":2772}}
358462297	none	{"result":{"recorded":true,"address":358462297,"logSize":2773}}
1833354090	none	{"result":{"recorded":true,"address":1833354090,"logSize":2774}}
986291744	none	{"result":{"recorded":true,"address":986291744,"logSize":2775}}
1578533539	none	{"result":{"recorded":true,"address":1578533539,"logSize":2776}}
1304403164	none	{"result":{"recorded":true,"address":1304403164,"logSize":2777}}
825190274	none	{"result":{"recorded":true,"address":825190274,"logSize":2778}}
2074822365	none	{"result":{"recorded":true,"address":2074822365,"logSize":2779}}
2103061004	none	{"result":{"recorded":true,"address":2103061004,"logSize":2780}}
1326534438	none	{"result":{"recorded":true,"address":1326534438,"logSize":2781}}
1329180001	none	{"result":{"recorded":true,"address":1329180001,"logSize":2782}}
1978876181	none	{"result":{"recorded":true,"address":1978876181,"logSize":2783}}
1101239475	none	{"result":{"recorded":true,"address":1101239475,"logSize":2784}}
1321066541	none	{"result":{"recorded":true,"address":1321066541,"logSize":2785}}
1286998670	none	{"result":{"recorded":true,"address":1286998670,"logSize":2786}}
997541664	none	{"result":{"recorded":true,"address":997541664,"logSize":2787}}
1308653003	none	{"result":{"recorded":true,"address":1308653003,"logSize":2788}}
631839703	none	{"result":{"recorded":true,"address":631839703,"logSize":2789}}
2089380921	none	{"result":{"recorded":true,"address":2089380921,"logSize":2790}}
908220444	none	{"result":{"recorded":true,"address":908220444,"logSize":2791}}
1631164397	none	{"result":{"recorded":true,"address":1631164397,"logSize":2792}}
1764876116	none	{"result":{"recorded":true,"address":1764876116,"logSize":2793}}
621116828	none	{"result":{"recorded":true,"address":621116828,"logSize":2794}}
658959034	none	{"result":{"recorded":true,"address":658959034,"logSize":2795}}
1151029934	none	{"result":{"recorded":true,"address":1151029934,"logSize":2796}}
151676548	none	{"result":{"recorded":true,"address":151676548,"logSize":2797}}
622490424	none	{"result":{"recorded":true,"address":622490424,"logSize":2798}}
1446778463	none	{"result":{"recorded":true,"address":1446778463,"logSize":2799}}
1614244996	none	{"result":{"recorded":true,"address":1614244996,"logSize":2800}}
1838138365	none	{"result":{"recorded":true,"address":1838138365,"logSize":2801}}
2023859215	none	{"result":{"recorded":true,"address":2023859215,"logSize":2802}}
1024750381	none	{"result":{"recorded":true,"address":1024750381,"logSize":2803}}
936359116	none	{"result":{"recorded":true,"address":936359116,"logSize":2804}}
1813725438	none	{"result":{"recorded":true,"address":1813725438,"logSize":2805}}
110237498	none	{"result":{"recorded":true,"address":110237498,"logSize":2806}}
454543877	none	{"result":{"recorded":true,"address":454543877,"logSize":2807}}
1773848115	none	{"result":{"recorded":true,"address":1773848115,"logSize":2808}}
1464559251	none	{"result":{"recorded":true,"address":1464559251,"logSize":2809}}
1467398053	none	{"result":{"recorded":true,"address":1467398053,"logSize":2810}}
471396532	none	{"result":{"recorded":true,"address":471396532,"logSize":2811}}
1700631775	none	{"result":{"recorded":true,"address":1700631775,"logSize":2812}}
2136807529	none	{"result":{"recorded":true,"address":2136807529,"logSize":2813}}
896847803	none	{"result":{"recorded":true,"address":896847803,"logSize":2814}}
48248937	none	{"result":{"recorded":true,"address":48248937,"logSize":2815}}
1856763383	none	{"result":{"recorded":true,"address":1856763383,"logSize":2816}}
1759151204	none	{"result":{"recorded":true,"address":1759151204,"logSize":2817}}
2048768297	none	{"result":{"recorded":true,"address":2048768297,"logSize":2818}}
132470315	none	{"result":{"recorded":true,"address":132470315,"logSize":2819}}
456764061	none	{"result":{"recorded":true,"address":456764061,"logSize":2820}}
73840659	none	{"result":{"recorded":true,"address":73840659,"logSize":2821}}
1500252798	none	{"result":{"recorded":true,"address":1500252798,"logSize":2822}}
136672366	none	{"result":{"recorded":true,"address":136672366,"logSize":2823}}
1650405007	none	{"result":{"recorded":true,"address":1650405007,"logSize":2824}}
216947922	none	{"result":{"recorded":true,"address":216947922,"logSize":2825}}
366432903	none	{"result":{"recorded":true,"address":366432903,"logSize":2826}}
1852914470	none	{"result":{"recorded":true,"address":1852914470,"logSize":2827}}
856327733	none	{"result":{"recorded":true,"address":856327733,"logSize":2828}}
968056958	none	{"result":{"recorded":true,"address":968056958,"logSize":2829}}
1308682992	none	{"result":{"recorded":true,"address":1308682992,"logSize":2830}}
579741483	none	{"result":{"recorded":true,"address":579741483,"logSize":2831}}
1725192667	none	{"result":{"recorded":true,"address":1725192667,"logSize":2832}}
1586201885	none	{"result":{"recorded":true,"address":1586201885,"logSize":2833}}
2043289491	none	{"result":{"recorded":true,"address":2043289491,"logSize":2834}}
678691138	none	{"result":{"recorded":true,"address":678691138,"logSize":2835}}
1617846684	none	{"result":{"recorded":true,"address":1617846684,"logSize":2836}}
1343492509	none	{"result":{"recorded":true,"address":1343492509,"logSize":2837}}
2144379655	none	{"result":{"recorded":true,"address":2144379655,"logSize":2838}}
128530376	none	{"result":{"recorded":true,"address":128530376,"logSize":2839}}
1054558670	none	{"result":{"recorded":true,"address":1054558670,"logSize":2840}}
1193202316	none	{"result":{"recorded":true,"address":1193202316,"logSize":2841}}
721248350	none	{"result":{"recorded":true,"address":721248350,"logSize":2842}}
228508953	none	{"result":{"recorded":true,"address":228508953,"logSize":2843}}
771139204	none	{"result":{"recorded":true,"address":771139204,"logSize":2844}}
1343154950	none	{"result":{"recorded":true,"address":1343154950,"logSize":2845}}
183600040	none	{"result":{"recorded":true,"address":183600040,"logSize":2846}}
143285965	none	{"result":{"recorded":true,"address":143285965,"logSize":2847}}
263655656	none	{"result":{"recorded":true,"address":263655656,"logSize":2848}}
1089020167	none	{"result":{"recorded":true,"address":1089020167,"logSize":2849}}
297588174	none	{"result":{"recorded":true,"address":297588174,"logSize":2850}}
1114809813	none	{"result":{"recorded":true,"address":1114809813,"logSize":2851}}
1833964015	none	{"result":{"recorded":true,"address":1833964015,"logSize":2852}}
1277895318	none	{"result":{"recorded":true,"address":1277895318,"logSize":2853}}
819022895	none	{"result":{"recorded":true,"address":819022895,"logSize":2854}}
2034962652	none	{"result":{"recorded":true,"address":2034962652,"logSize":2855}}
805170311	none	{"result":{"recorded":true,"address":805170311,"logSize":2856}}
1620876166	none	{"result":{"recorded":true,"address":1620876166,"logSize":2857}}
1455438382	none	{"result":{"recorded":true,"address":1455438382,"logSize":2858}}
1444937246	none	{"result":{"recorded":true,"address":1444937246,"logSize":2859}}
373960355	none	{"result":{"recorded":true,"address":373960355,"logSize":2860}}
2143166489	none	{"result":{"recorded":true,"address":2143166489,"logSize":2861}}
634142353	none	{"result":{"recorded":true,"address":634142353,"logSize":2862}}
123385477	none	{"result":{"recorded":true,"address":123385477,"logSize":2863}}
398991155	none	{"result":{"recorded":true,"address":398991155,"logSize":2864}}
2131985233	none	{"result":{"recorded":true,"address":2131985233,"logSize":2865}}
1329869745	none	{"result":{"recorded":true,"address":1329869745,"logSize":2866}}
512953368	none	{"result":{"recorded":true,"address":512953368,"logSize":2867}}
350076773	none	{"result":{"recorded":true,"address":350076773,"logSize":2868}}
1010442192	none	{"result":{"recorded":true,"address":1010442192,"logSize":2869}}
527041115	none	{"result":{"recorded":true,"address":527041115,"logSize":2870}}
441666870	none	{"result":{"recorded":true,"address":441666870,"logSize":2871}}
1947612756	none	{"result":{"recorded":true,"address":1947612756,"logSize":2872}}
1946547840	none	{"result":{"recorded":true,"address":1946547840,"logSize":2873}}
1102992358	none	{"result":{"recorded":true,"address":1102992358,"logSize":2874}}
1177347777	none	{"result":{"recorded":true,"address":1177347777,"logSize":2875}}
1666975386	none	{"result":{"recorded":true,"address":1666975386,"logSize":2876}}
1093426890	none	{"result":{"recorded":true,"address":1093426890,"logSize":2877}}
1664935490	none	{"result":{"recorded":true,"address":1664935490,"logSize":2878}}
1064384031	none	{"result":{"recorded":true,"address":1064384031,"logSize":2879}}
1742747981	none	{"result":{"recorded":true,"address":1742747981,"logSize":2880}}
1729082314	none	{"result":{"recorded":true,"address":1729082314,"logSize":2881}}
502570514	none	{"result":{"recorded":true,"address":502570514,"logSize":2882}}
391492348	none	{"result":{"recorded":true,"address":391492348,"logSize":2883}}
550022448	none	{"result":{"recorded":true,"address":550022448,"logSize":2884}}
1587033864	none	{"result":{"recorded":true,"address":1587033864,"logSize":2885}}
1189083867	none	{"result":{"recorded":true,"address":1189083867,"logSize":2886}}
251653648	none	{"result":{"recorded":true,"address":251653648,"logSize":2887}}
1800855617	none	{"result":{"recorded":true,"address":1800855617,"logSize":2888}}
1246940830	none	{"result":{"recorded":true,"address":1246940830,"logSize":2889}}
1598501140	none	{"result":{"recorded":true,"address":1598501140,"logSize":2890}}
1682413561	none	{"result":{"recorded":true,"address":1682413561,"logSize":2891}}
57915992	none	{"result":{"recorded":true,"address":57915992,"logSize":2892}}
1577085854	none	{"result":{"recorded":true,"address":1577085854,"logSize":2893}}
1141276524	none	{"result":{"recorded":true,"address":1141276524,"logSize":2894}}
789406523	none	{"result":{"recorded":true,"address":789406523,"logSize":2895}}
1810489268	none	{"result":{"recorded":true,"address":1810489268,"logSize":2896}}
1727282765	none	{"result":{"recorded":true,"address":1727282765,"logSize":2897}}
795091014	none	{"result":{"recorded":true,"address":795091014,"logSize":2898}}
1691798530	none	{"result":{"recorded":true,"address":1691798530,"logSize":2899}}
2097700185	none	{"result":{"recorded":true,"address":2097700185,"logSize":2900}}
23973260	none	{"result":{"recorded":true,"address":23973260,"logSize":2901}}
1051538749	none	{"result":{"recorded":true,"address":1051538749,"logSize":2902}}
966960878	none	{"result":{"recorded":true,"address":966960878,"logSize":2903}}
55217994	none	{"result":{"recorded":true,"address":55217994,"logSize":2904}}
949421873	none	{"result":{"recorded":true,"address":949421873,"logSize":2905}}
1724791462	none	{"result":{"recorded":true,"address":1724791462,"logSize":2906}}
1609670493	none	{"result":{"recorded":true,"address":1609670493,"logSize":2907}}
876564760	none	{"result":{"recorded":true,"address":876564760,"logSize":2908}}
778736765	none	{"result":{"recorded":true,"address":778736765,"logSize":2909}}
94969449	none	{"result":{"recorded":true,"address":94969449,"logSize":2910}}
386241114	none	{"result":{"recorded":true,"address":386241114,"logSize":2911}}
1294155272	none	{"result":{"recorded":true,"address":1294155272,"logSize":2912}}
1218643989	none	{"result":{"recorded":true,"address":1218643989,"logSize":2913}}
636262520	none	{"result":{"recorded":true,"address":636262520,"logSize":2914}}
554514458	none	{"result":{"recorded":true,"address":554514458,"logSize":2915}}
457923661	none	{"result":{"recorded":true,"address":457923661,"logSize":2916}}
1564150329	none	{"result":{"recorded":true,"address":1564150329,"logSize":2917}}
293175465	none	{"result":{"recorded":true,"address":293175465,"logSize":2918}}
1477218730	none	{"result":{"recorded":true,"address":1477218730,"logSize":2919}}
156567517	none	{"result":{"recorded":true,"address":156567517,"logSize":2920}}
1858392928	none	{"result":{"recorded":true,"address":1858392928,"logSize":2921}}
61383577	none	{"result":{"recorded":true,"address":61383577,"logSize":2922}}
509850777	none	{"result":{"recorded":true,"address":509850777,"logSize":2923}}
602956542	none	{"result":{"recorded":true,"address":602956542,"logSize":2924}}
1665831430	none	{"result":{"recorded":true,"address":1665831430,"logSize":2925}}
1813078972	none	{"result":{"recorded":true,"address":1813078972,"logSize":2926}}
2109913619	none	{"result":{"recorded":true,"address":2109913619,"logSize":2927}}
978601082	none	{"result":{"recorded":true,"address":978601082,"logSize":2928}}
1317789421	none	{"result":{"recorded":true,"address":1317789421,"logSize":2929}}
394862111	none	{"result":{"recorded":true,"address":394862111,"logSize":2930}}
186096427	none	{"result":{"recorded":true,"address":186096427,"logSize":2931}}
1543347012	none	{"result":{"recorded":true,"address":1543347012,"logSize":2932}}
1278946760	none	{"result":{"recorded":true,"address":1278946760,"logSize":2933}}
1248357410	none	{"result":{"recorded":true,"address":1248357410,"logSize":2934}}
380373259	none	{"result":{"recorded":true,"address":380373259,"logSize":2935}}
1453713860	none	{"result":{"recorded":true,"address":1453713860,"logSize":2936}}
248515802	none	{"result":{"recorded":true,"address":248515802,"logSize":2937}}
1575894266	none	{"result":{"recorded":true,"address":1575894266,"logSize":2938}}
1257252674	none	{"result":{"recorded":true,"address":1257252674,"logSize":2939}}
1497799131	none	{"result":{"recorded":true,"address":1497799131,"logSize":2940}}
1546723970	none	{"result":{"recorded":true,"address":1546723970,"logSize":2941}}
1569928808	none	{"result":{"recorded":true,"address":1569928808,"logSize":2942}}
1747707043	none	{"result":{"recorded":true,"address":1747707043,"logSize":2943}}
1364019353	none	{"result":{"recorded":true,"address":1364019353,"logSize":2944}}
843264435	none	{"result":{"recorded":true,"address":843264435,"logSize":2945}}
787406729	none	{"result":{"recorded":true,"address":787406729,"logSize":2946}}
1935770392	none	{"result":{"recorded":true,"address":1935770392,"logSize":2947}}
550289635	none	{"result":{"recorded":true,"address":550289635,"logSize":2948}}
838474972	none	{"result":{"recorded":true,"address":838474972,"logSize":2949}}
660714739	none	{"result":{"recorded":true,"address":660714739,"logSize":2950}}
175545631	none	{"result":{"recorded":true,"address":175545631,"logSize":2951}}
1876495676	none	{"result":{"recorded":true,"address":1876495676,"logSize":2952}}
1011423423	none	{"result":{"recorded":true,"address":1011423423,"logSize":2953}}
1328094966	none	{"result":{"recorded":true,"address":1328094966,"logSize":2954}}
856703220	none	{"result":{"recorded":true,"address":856703220,"logSize":2955}}
1535156621	none	{"result":{"recorded":true,"address":1535156621,"logSize":2956}}
1384549367	none	{"result":{"recorded":true,"address":1384549367,"logSize":2957}}
814348661	none	{"result":{"recorded":true,"address":814348661,"logSize":2958}}
410798692	none	{"result":{"recorded":true,"address":410798692,"logSize":2959}}
268096616	none	{"result":{"recorded":true,"address":268096616,"logSize":2960}}
2101158010	none	{"result":{"recorded":true,"address":2101158010,"logSize":2961}}
817720447	none	{"result":{"recorded":true,"address":817720447,"logSize":2962}}
853496158	none	{"result":{"recorded":true,"address":853496158,"logSize":2963}}
412980176	none	{"result":{"recorded":true,"address":412980176,"logSize":2964}}
1684120097	none	{"result":{"recorded":true,"address":1684120097,"logSize":2965}}
964840660	none	{"result":{"recorded":true,"address":964840660,"logSize":2966}}
353909637	none	{"result":{"recorded":true,"address":353909637,"logSize":2967}}
2014842246	none	{"result":{"recorded":true,"address":2014842246,"logSize":2968}}
1386075133	none	{"result":{"recorded":true,"address":1386075133,"logSize":2969}}
1284849832	none	{"result":{"recorded":true,"address":1284849832,"logSize":2970}}
1101618997	none	{"result":{"recorded":true,"address":1101618997,"logSize":2971}}
21915965	none	{"result":{"recorded":true,"address":21915965,"logSize":2972}}
984366039	none	{"result":{"recorded":true,"address":984366039,"logSize":2973}}
842013447	none	{"result":{"recorded":true,"address":842013447,"logSize":2974}}
1451194760	none	{"result":{"recorded":true,"address":1451194760,"logSize":2975}}
80785504	none	{"result":{"recorded":true,"address":80785504,"logSize":2976}}
1091349750	none	{"result":{"recorded":true,"address":1091349750,"logSize":2977}}
1515235778	none	{"result":{"recorded":true,"address":1515235778,"logSize":2978}}
971356459	none	{"result":{"recorded":true,"address":971356459,"logSize":2979}}
683738739	none	{"result":{"recorded":true,"address":683738739,"logSize":2980}}
1632982839	none	{"result":{"recorded":true,"address":1632982839,"logSize":2981}}
288067692	none	{"result":{"recorded":true,"address":288067692,"logSize":2982}}
2077623363	none	{"result":{"recorded":true,"address":2077623363,"logSize":2983}}
1373497985	none	{"result":{"recorded":true,"address":1373497985,"logSize":2984}}
746129395	none	{"result":{"recorded":true,"address":746129395,"logSize":2985}}
1793833448	none	{"result":{"recorded":true,"address":1793833448,"logSize":2986}}
1088911317	none	{"result":{"recorded":true,"address":1088911317,"logSize":2987}}
714201052	none	{"result":{"recorded":true,"address":714201052,"logSize":2988}}
1544112841	none	{"result":{"recorded":true,"address":1544112841,"logSize":2989}}
847421537	none	{"result":{"recorded":true,"address":847421537,"logSize":2990}}
200105371	none	{"result":{"recorded":true,"address":200105371,"logSize":2991}}
1641239036	none	{"result":{"recorded":true,"address":1641239036,"logSize":2992}}
710143108	none	{"result":{"recorded":true,"address":710143108,"logSize":2993}}
1902014781	none	{"result":{"recorded":true,"address":1902014781,"logSize":2994}}
22561042	none	{"result":{"recorded":true,"address":22561042,"logSize":2995}}
1283662411	none	{"result":{"recorded":true,"address":1283662411,"logSize":2996}}
1341453758	none	{"result":{"recorded":true,"address":1341453758,"logSize":2997}}
962407761	none	{"result":{"recorded":true,"address":962407761,"logSize":2998}}
795616559	none	{"result":{"recorded":true,"address":795616559,"logSize":2999}}
1867439343	none	{"result":{"recorded":true,"address":1867439343,"logSize":3000}}
353703552	none	{"result":{"recorded":true,"address":353703552,"logSize":3001}}
1837917156	none	{"result":{"recorded":true,"address":1837917156,"logSize":3002}}
1230581376	none	{"result":{"recorded":true,"address":1230581376,"logSize":3003}}
1996675723	none	{"result":{"recorded":true,"address":1996675723,"logSize":3004}}
1228727178	none	{"result":{"recorded":true,"address":1228727178,"logSize":3005}}
1002951108	none	{"result":{"recorded":true,"address":1002951108,"logSize":3006}}
325996457	none	{"result":{"recorded":true,"address":325996457,"logSize":3007}}
1429303313	none	{"result":{"recorded":true,"address":1429303313,"logSize":3008}}
1248307379	none	{"result":{"recorded":true,"address":1248307379,"logSize":3009}}
1916492724	none	{"result":{"recorded":true,"address":1916492724,"logSize":3010}}
1970447573	none	{"result":{"recorded":true,"address":1970447573,"logSize":3011}}
1357565838	none	{"result":{"recorded":true,"address":1357565838,"logSize":3012}}
221069264	none	{"result":{"recorded":true,"address":221069264,"logSize":3013}}
1240533431	none	{"result":{"recorded":true,"address":1240533431,"logSize":3014}}
1959761814	none	{"result":{"recorded":true,"address":1959761814,"logSize":3015}}
331622578	none	{"result":{"recorded":true,"address":331622578,"logSize":3016}}
1286297483	none	{"result":{"recorded":true,"address":1286297483,"logSize":3017}}
1247996777	none	{"result":{"recorded":true,"address":1247996777,"logSize":3018}}
1811742300	none	{"result":{"recorded":true,"address":1811742300,"logSize":3019}}
228216582	none	{"result":{"recorded":true,"address":228216582,"logSize":3020}}
22991588	none	{"result":{"recorded":true,"address":22991588,"logSize":3021}}
63358087	none	{"result":{"recorded":true,"address":63358087,"logSize":3022}}
1305712452	none	{"result":{"recorded":true,"address":1305712452,"logSize":3023}}
1789534072	none	{"result":{"recorded":true,"address":1789534072,"logSize":3024}}
1101893905	none	{"result":{"recorded":true,"address":1101893905,"logSize":3025}}
601869718	none	{"result":{"recorded":true,"address":601869718,"logSize":3026}}
1819084565	none	{"result":{"recorded":true,"address":1819084565,"logSize":3027}}
881029157	none	{"result":{"recorded":true,"address":881029157,"logSize":3028}}
915103051	none	{"result":{"recorded":true,"address":915103051,"logSize":3029}}
1262527111	none	{"result":{"recorded":true,"address":1262527111,"logSize":3030}}
1367801299	none	{"result":{"recorded":true,"address":1367801299,"logSize":3031}}
573713475	none	{"result":{"recorded":true,"address":573713475,"logSize":3032}}
910137025	none	{"result":{"recorded":true,"address":910137025,"logSize":3033}}
708185353	none	{"result":{"recorded":true,"address":708185353,"logSize":3034}}
176863125	none	{"result":{"recorded":true,"address":176863125,"logSize":3035}}
913380868	none	{"result":{"recorded":true,"address":913380868,"logSize":3036}}
310599634	none	{"result":{"recorded":true,"address":310599634,"logSize":3037}}
323570089	none	{"result":{"recorded":true,"address":323570089,"logSize":3038}}
540358895	none	{"result":{"recorded":true,"address":540358895,"logSize":3039}}
238178767	none	{"result":{"recorded":true,"address":238178767,"logSize":3040}}
917651422	none	{"result":{"recorded":true,"address":917651422,"logSize":3041}}
1733015303	none	{"result":{"recorded":true,"address":1733015303,"logSize":3042}}
1866074496	none	{"result":{"recorded":true,"address":1866074496,"logSize":3043}}
1803431418	none	{"result":{"recorded":true,"address":1803431418,"logSize":3044}}
406985837	none	{"result":{"recorded":true,"address":406985837,"logSize":3045}}
607862026	none	{"result":{"recorded":true,"address":607862026,"logSize":3046}}
71996608	none	{"result":{"recorded":true,"address":71996608,"logSize":3047}}
1332227346	none	{"result":{"recorded":true,"address":1332227346,"logSize":3048}}
1944644310	none	{"result":{"recorded":true,"address":1944644310,"logSize":3049}}
1455593366	none	{"result":{"recorded":true,"address":1455593366,"logSize":3050}}
1492936007	none	{"result":{"recorded":true,"address":1492936007,"logSize":3051}}
508811374	none	{"result":{"recorded":true,"address":508811374,"logSize":3052}}
62487346	none	{"result":{"recorded":true,"address":62487346,"logSize":3053}}
647154997	none	{"result":{"recorded":true,"address":647154997,"logSize":3054}}
1257437542	none	{"result":{"recorded":true,"address":1257437542,"logSize":3055}}
628892498	none	{"result":{"recorded":true,"address":628892498,"logSize":3056}}
395974340	none	{"result":{"recorded":true,"address":395974340,"logSize":3057}}
1655060802	none	{"result":{"recorded":true,"address":1655060802,"logSize":3058}}
1722344935	none	{"result":{"recorded":true,"address":1722344935,"logSize":3059}}
1698919496	none	{"result":{"recorded":true,"address":1698919496,"logSize":3060}}
472618146	none	{"result":{"recorded":true,"address":472618146,"logSize":3061}}
415268739	none	{"result":{"recorded":true,"address":415268739,"logSize":3062}}
1755718854	none	{"result":{"recorded":true,"address":1755718854,"logSize":3063}}
691474169	none	{"result":{"recorded":true,"address":691474169,"logSize":3064}}
2111812224	none	{"result":{"recorded":true,"address":2111812224,"logSize":3065}}
1494796410	none	{"result":{"recorded":true,"address":1494796410,"logSize":3066}}
753734953	none	{"result":{"recorded":true,"address":753734953,"logSize":3067}}
1714434300	none	{"result":{"recorded":true,"address":1714434300,"logSize":3068}}
513877661	none	{"result":{"recorded":true,"address":513877661,"logSize":3069}}
2076980527	none	{"result":{"recorded":true,"address":2076980527,"logSize":3070}}
592337780	none	{"result":{"recorded":true,"address":592337780,"logSize":3071}}
1853770526	none	{"result":{"recorded":true,"address":1853770526,"logSize":3072}}
375530527	none	{"result":{"recorded":true,"address":375530527,"logSize":3073}}
48071726	none	{"result":{"recorded":true,"address":48071726,"logSize":3074}}
199697500	none	{"result":{"recorded":true,"address":199697500,"logSize":3075}}
1386607262	none	{"result":{"recorded":true,"address":1386607262,"logSize":3076}}
898499321	none	{"result":{"recorded":true,"address":898499321,"logSize":3077}}
1948715358	none	{"result":{"recorded":true,"address":1948715358,"logSize":3078}}
1122389113	none	{"result":{"recorded":true,"address":1122389113,"logSize":3079}}
810899671	none	{"result":{"recorded":true,"address":810899671,"logSize":3080}}
485258328	none	{"result":{"recorded":true,"address":485258328,"logSize":3081}}
1219385285	none	{"result":{"recorded":true,"address":1219385285,"logSize":3082}}
1345273071	none	{"result":{"recorded":true,"address":1345273071,"logSize":3083}}
770428567	none	{"result":{"recorded":true,"address":770428567,"logSize":3084}}
1863333856	none	{"result":{"recorded":true,"address":1863333856,"logSize":3085}}
534666446	none	{"result":{"recorded":true,"address":534666446,"logSize":3086}}
1814589543	none	{"result":{"recorded":true,"address":1814589543,"logSize":3087}}
492441064	none	{"result":{"recorded":true,"address":492441064,"logSize":3088}}
342486741	none	{"result":{"recorded":true,"address":342486741,"logSize":3089}}
1309156388	none	{"result":{"recorded":true,"address":1309156388,"logSize":3090}}
125668966	none	{"result":{"recorded":true,"address":125668966,"logSize":3091}}
1500432727	none	{"result":{"recorded":true,"address":1500432727,"logSize":3092}}
893724981	none	{"result":{"recorded":true,"address":893724981,"logSize":3093}}
245923216	none	{"result":{"recorded":true,"address":245923216,"logSize":3094}}
785682461	none	{"result":{"recorded":true,"address":785682461,"logSize":3095}}
1845981780	none	{"result":{"recorded":true,"address":1845981780,"logSize":3096}}
1139461538	none	{"result":{"recorded":true,"address":1139461538,"logSize":3097}}
876040824	none	{"result":{"recorded":true,"address":876040824,"logSize":3098}}
1133724086	none	{"result":{"recorded":true,"address":1133724086,"logSize":3099}}
1066845887	none	{"result":{"recorded":true,"address":1066845887,"logSize":3100}}
800858711	none	{"result":{"recorded":true,"address":800858711,"logSize":3101}}
60088819	none	{"result":{"recorded":true,"address":60088819,"logSize":3102}}
404938796	none	{"result":{"recorded":true,"address":404938796,"logSize":3103}}
1639883537	none	{"result":{"recorded":true,"address":1639883537,"logSize":3104}}
643716288	none	{"result":{"recorded":true,"address":643716288,"logSize":3105}}
490350198	none	{"result":{"recorded":true,"address":490350198,"logSize":3106}}
1512844828	none	{"result":{"recorded":true,"address":1512844828,"logSize":3107}}
1404692844	none	{"result":{"recorded":true,"address":1404692844,"logSize":3108}}
1402471063	none	{"result":{"recorded":true,"address":1402471063,"logSize":3109}}
887172986	none	{"result":{"recorded":true,"address":887172986,"logSize":3110}}
1008006323	none	{"result":{"recorded":true,"address":1008006323,"logSize":3111}}
2093444551	none	{"result":{"recorded":true,"address":2093444551,"logSize":3112}}
865377589	none	{"result":{"recorded":true,"address":865377589,"logSize":3113}}
877191927	none	{"result":{"recorded":true,"address":877191927,"logSize":3114}}
499880509	none	{"result":{"recorded":true,"address":499880509,"logSize":3115}}
1518087803	none	{"result":{"recorded":true,"address":1518087803,"logSize":3116}}
451049991	none	{"result":{"recorded":true,"address":451049991,"logSize":3117}}
929729794	none	{"result":{"recorded":true,"address":929729794,"logSize":3118}}
1403280590	none	{"result":{"recorded":true,"address":1403280590,"logSize":3119}}
299922099	none	{"result":{"recorded":true,"address":299922099,"logSize":3120}}
1680462554	none	{"result":{"recorded":true,"address":1680462554,"logSize":3121}}
1632142663	none	{"result":{"recorded":true,"address":1632142663,"logSize":3122}}
1983343558	none	{"result":{"recorded":true,"address":1983343558,"logSize":3123}}
1066641287	none	{"result":{"recorded":true,"address":1066641287,"logSize":3124}}
621728552	none	{"result":{"recorded":true,"address":621728552,"logSize":3125}}
1037775831	none	{"result":{"recorded":true,"address":1037775831,"logSize":3126}}
1055973805	none	{"result":{"recorded":true,"address":1055973805,"logSize":3127}}
1130910989	none	{"result":{"recorded":true,"address":1130910989,"logSize":3128}}
604222996	none	{"result":{"recorded":true,"address":604222996,"logSize":3129}}
1458810131	none	{"result":{"recorded":true,"address":1458810131,"logSize":3130}}
1141780208	none	{"result":{"recorded":true,"address":1141780208,"logSize":3131}}
415104200	none	{"result":{"recorded":true,"address":415104200,"logSize":3132}}
801077062	none	{"result":{"recorded":true,"address":801077062,"logSize":3133}}
1836905595	none	{"result":{"recorded":true,"address":1836905595,"logSize":3134}}
1460202677	none	{"result":{"recorded":true,"address":1460202677,"logSize":3135}}
1921754225	none	{"result":{"recorded":true,"address":1921754225,"logSize":3136}}
278730742	none	{"result":{"recorded":true,"address":278730742,"logSize":3137}}
660825250	none	{"result":{"recorded":true,"address":660825250,"logSize":3138}}
467745833	none	{"result":{"recorded":true,"address":467745833,"logSize":3139}}
167063069	none	{"result":{"recorded":true,"address":167063069,"logSize":3140}}
1566293966	none	{"result":{"recorded":true,"address":1566293966,"logSize":3141}}
1836826885	none	{"result":{"recorded":true,"address":1836826885,"logSize":3142}}
42097189	none	{"result":{"recorded":true,"address":42097189,"logSize":3143}}
729603790	none	{"result":{"recorded":true,"address":729603790,"logSize":3144}}
420285405	none	{"result":{"recorded":true,"address":420285405,"logSize":3145}}
1180466942	none	{"result":{"recorded":true,"address":1180466942,"logSize":3146}}
46991327	none	{"result":{"recorded":true,"address":46991327,"logSize":3147}}
1954446604	none	{"result":{"recorded":true,"address":1954446604,"logSize":3148}}
993460703	none	{"result":{"recorded":true,"address":993460703,"logSize":3149}}
966981823	none	{"result":{"recorded":true,"address":966981823,"logSize":3150}}
1915015519	none	{"result":{"recorded":true,"address":1915015519,"logSize":3151}}
1169001017	none	{"result":{"recorded":true,"address":1169001017,"logSize":3152}}
97948325	none	{"result":{"recorded":true,"address":97948325,"logSize":3153}}
1391916467	none	{"result":{"recorded":true,"address":1391916467,"logSize":3154}}
197146314	none	{"result":{"recorded":true,"address":197146314,"logSize":3155}}
1199234891	none	{"result":{"recorded":true,"address":1199234891,"logSize":3156}}
1732409948	none	{"result":{"recorded":true,"address":1732409948,"logSize":3157}}
275183658	none	{"result":{"recorded":true,"address":275183658,"logSize":3158}}
396348846	none	{"result":{"recorded":true,"address":396348846,"logSize":3159}}
1593669772	none	{"result":{"recorded":true,"address":1593669772,"logSize":3160}}
786133842	none	{"result":{"recorded":true,"address":786133842,"logSize":3161}}
1680274853	none	{"result":{"recorded":true,"address":1680274853,"logSize":3162}}
317463988	none	{"result":{"recorded":true,"address":317463988,"logSize":3163}}
1413859284	none	{"result":{"recorded":true,"address":1413859284,"logSize":3164}}
403907948	none	{"result":{"recorded":true,"address":403907948,"logSize":3165}}
140033397	none	{"result":{"recorded":true,"address":140033397,"logSize":3166}}
1335008897	none	{"result":{"recorded":true,"address":1335008897,"logSize":3167}}
1832620009	none	{"result":{"recorded":true,"address":1832620009,"logSize":3168}}
778931001	none	{"result":{"recorded":true,"address":778931001,"logSize":3169}}
392122348	none	{"result":{"recorded":true,"address":392122348,"logSize":3170}}
1010234169	none	{"result":{"recorded":true,"address":1010234169,"logSize":3171}}
739549502	none	{"result":{"recorded":true,"address":739549502,"logSize":3172}}
260970980	none	{"result":{"recorded":true,"address":260970980,"logSize":3173}}
1191822396	none	{"result":{"recorded":true,"address":1191822396,"logSize":3174}}
1567045830	none	{"result":{"recorded":true,"address":1567045830,"logSize":3175}}
89764177	none	{"result":{"recorded":true,"address":89764177,"logSize":3176}}
153995361	none	{"result":{"recorded":true,"address":153995361,"logSize":3177}}
582834453	none	{"result":{"recorded":true,"address":582834453,"logSize":3178}}
1315794167	none	{"result":{"recorded":true,"address":1315794167,"logSize":3179}}
646175659	none	{"result":{"recorded":true,"address":646175659,"logSize":3180}}
67029849	none	{"result":{"recorded":true,"address":67029849,"logSize":3181}}
878520491	none	{"result":{"recorded":true,"address":878520491,"logSize":3182}}
219440984	none	{"result":{"recorded":true,"address":219440984,"logSize":3183}}
58256534	none	{"result":{"recorded":true,"address":58256534,"logSize":3184}}
1449131774	none	{"result":{"recorded":true,"address":1449131774,"logSize":3185}}
1965804109	none	{"result":{"recorded":true,"address":1965804109,"logSize":3186}}
216227464	none	{"result":{"recorded":true,"address":216227464,"logSize":3187}}
1867073797	none	{"result":{"recorded":true,"address":1867073797,"logSize":3188}}
770683101	none	{"result":{"recorded":true,"address":770683101,"logSize":3189}}
1752111218	none	{"result":{"recorded":true,"address":1752111218,"logSize":3190}}
1336351323	none	{"result":{"recorded":true,"address":1336351323,"logSize":3191}}
411483635	none	{"result":{"recorded":true,"address":411483635,"logSize":3192}}
178240182	none	{"result":{"recorded":true,"address":178240182,"logSize":3193}}
812468095	none	{"result":{"recorded":true,"address":812468095,"logSize":3194}}
1980841442	none	{"result":{"recorded":true,"address":1980841442,"logSize":3195}}
1095735126	none	{"result":{"recorded":true,"address":1095735126,"logSize":3196}}
786403153	none	{"result":{"recorded":true,"address":786403153,"logSize":3197}}
627521116	none	{"result":{"recorded":true,"address":627521116,"logSize":3198}}
624239704	none	{"result":{"recorded":true,"address":624239704,"logSize":3199}}
1840703486	none	{"result":{"recorded":true,"address":1840703486,"logSize":3200}}
1627633704	none	{"result":{"recorded":true,"address":1627633704,"logSize":3201}}
1028706916	none	{"result":{"recorded":true,"address":1028706916,"logSize":3202}}
142892775	none	{"result":{"recorded":true,"address":142892775,"logSize":3203}}
2113723649	none	{"result":{"recorded":true,"address":2113723649,"logSize":3204}}
380345268	none	{"result":{"recorded":true,"address":380345268,"logSize":3205}}
1076849268	none	{"result":{"recorded":true,"address":1076849268,"logSize":3206}}
1514449705	none	{"result":{"recorded":true,"address":1514449705,"logSize":3207}}
1989616330	none	{"result":{"recorded":true,"address":1989616330,"logSize":3208}}
1026363543	none	{"result":{"recorded":true,"address":1026363543,"logSize":3209}}
1833358481	none	{"result":{"recorded":true,"address":1833358481,"logSize":3210}}
448980356	none	{"result":{"recorded":true,"address":448980356,"logSize":3211}}
1356074030	none	{"result":{"recorded":true,"address":1356074030,"logSize":3212}}
1308916109	none	{"result":{"recorded":true,"address":1308916109,"logSize":3213}}
430170888	none	{"result":{"recorded":true,"address":430170888,"logSize":3214}}
1105380132	none	{"result":{"recorded":true,"address":1105380132,"logSize":3215}}
1921247324	none	{"result":{"recorded":true,"address":1921247324,"logSize":3216}}
1112188435	none	{"result":{"recorded":true,"address":1112188435,"logSize":3217}}
9983855	none	{"result":{"recorded":true,"address":9983855,"logSize":3218}}
1597239714	none	{"result":{"recorded":true,"address":1597239714,"logSize":3219}}
814503984	none	{"result":{"recorded":true,"address":814503984,"logSize":3220}}
90764180	none	{"result":{"recorded":true,"address":90764180,"logSize":3221}}
522030007	none	{"result":{"recorded":true,"address":522030007,"logSize":3222}}
1364316662	none	{"result":{"recorded":true,"address":1364316662,"logSize":3223}}
1123474488	none	{"result":{"recorded":true,"address":1123474488,"logSize":3224}}
1793830020	none	{"result":{"recorded":true,"address":1793830020,"logSize":3225}}
328477360	none	{"result":{"recorded":true,"address":328477360,"logSize":3226}}
416860923	none	{"result":{"recorded":true,"address":416860923,"logSize":3227}}
36649824	none	{"result":{"recorded":true,"address":36649824,"logSize":3228}}
2040253526	none	{"result":{"recorded":true,"address":2040253526,"logSize":3229}}
193800760	none	{"result":{"recorded":true,"address":193800760,"logSize":3230}}
1469354867	none	{"result":{"recorded":true,"address":1469354867,"logSize":3231}}
1972901205	none	{"result":{"recorded":true,"address":1972901205,"logSize":3232}}
1178715820	none	{"result":{"recorded":true,"address":1178715820,"logSize":3233}}
249928465	none	{"result":{"recorded":true,"address":249928465,"logSize":3234}}
1526981048	none	{"result":{"recorded":true,"address":1526981048,"logSize":3235}}
1495066766	none	{"result":{"recorded":true,"address":1495066766,"logSize":3236}}
1624025398	none	{"result":{"recorded":true,"address":1624025398,"logSize":3237}}
1472829911	none	{"result":{"recorded":true,"address":1472829911,"logSize":3238}}
1819133079	none	{"result":{"recorded":true,"address":1819133079,"logSize":3239}}
1418564508	none	{"result":{"recorded":true,"address":1418564508,"logSize":3240}}
1060230313	none	{"result":{"recorded":true,"address":1060230313,"logSize":3241}}
1427108606	none	{"result":{"recorded":true,"address":1427108606,"logSize":3242}}
1904348676	none	{"result":{"recorded":true,"address":1904348676,"logSize":3243}}
831873413	none	{"result":{"recorded":true,"address":831873413,"logSize":3244}}
227611458	none	{"result":{"recorded":true,"address":227611458,"logSize":3245}}
150379866	none	{"result":{"recorded":true,"address":150379866,"logSize":3246}}
33096994	none	{"result":{"recorded":true,"address":33096994,"logSize":3247}}
458331131	none	{"result":{"recorded":true,"address":458331131,"logSize":3248}}
748144022	none	{"result":{"recorded":true,"address":748144022,"logSize":3249}}
2032275369	none	{"result":{"recorded":true,"address":2032275369,"logSize":3250}}
280754129	none	{"result":{"recorded":true,"address":280754129,"logSize":3251}}
1144481711	none	{"result":{"recorded":true,"address":1144481711,"logSize":3252}}
158411803	none	{"result":{"recorded":true,"address":158411803,"logSize":3253}}
1129213468	none	{"result":{"recorded":true,"address":1129213468,"logSize":3254}}
2063801377	none	{"result":{"recorded":true,"address":2063801377,"logSize":3255}}
1209539637	none	{"result":{"recorded":true,"address":1209539637,"logSize":3256}}
1109782555	none	{"result":{"recorded":true,"address":1109782555,"logSize":3257}}
594207824	none	{"result":{"recorded":true,"address":594207824,"logSize":3258}}
699040849	none	{"result":{"recorded":true,"address":699040849,"logSize":3259}}
1545564870	none	{"result":{"recorded":true,"address":1545564870,"logSize":3260}}
28774622	none	{"result":{"recorded":true,"address":28774622,"logSize":3261}}
1199580168	none	{"result":{"recorded":true,"address":1199580168,"logSize":3262}}
762381778	none	{"result":{"recorded":true,"address":762381778,"logSize":3263}}
1138516872	none	{"result":{"recorded":true,"address":1138516872,"logSize":3264}}
1110733308	none	{"result":{"recorded":true,"address":1110733308,"logSize":3265}}
2030288758	none	{"result":{"recorded":true,"address":2030288758,"logSize":3266}}
1441624849	none	{"result":{"recorded":true,"address":1441624849,"logSize":3267}}
1267330215	none	{"result":{"recorded":true,"address":1267330215,"logSize":3268}}
2077816450	none	{"result":{"recorded":true,"address":2077816450,"logSize":3269}}
29332894	none	{"result":{"recorded":true,"address":29332894,"logSize":3270}}
1660798638	none	{"result":{"recorded":true,"address":1660798638,"logSize":3271}}
211786861	none	{"result":{"recorded":true,"address":211786861,"logSize":3272}}
1097742948	none	{"result":{"recorded":true,"address":1097742948,"logSize":3273}}
296961098	none	{"result":{"recorded":true,"address":296961098,"logSize":3274}}
878860912	none	{"result":{"recorded":true,"address":878860912,"logSize":3275}}
848052506	none	{"result":{"recorded":true,"address":848052506,"logSize":3276}}
1031918032	none	{"result":{"recorded":true,"address":1031918032,"logSize":3277}}
411144340	none	{"result":{"recorded":true,"address":411144340,"logSize":3278}}
1403372879	none	{"result":{"recorded":true,"address":1403372879,"logSize":3279}}
2121251147	none	{"result":{"recorded":true,"address":2121251147,"logSize":3280}}
1003617223	none	{"result":{"recorded":true,"address":1003617223,"logSize":3281}}
1040722805	none	{"result":{"recorded":true,"address":1040722805,"logSize":3282}}
1526650657	none	{"result":{"recorded":true,"address":1526650657,"logSize":3283}}
791987643	none	{"result":{"recorded":true,"address":791987643,"logSize":3284}}
1356424010	none	{"result":{"recorded":true,"address":1356424010,"logSize":3285}}
1562941010	none	{"result":{"recorded":true,"address":1562941010,"logSize":3286}}
791632466	none	{"result":{"recorded":true,"address":791632466,"logSize":3287}}
1457371369	none	{"result":{"recorded":true,"address":1457371369,"logSize":3288}}
2006323076	none	{"result":{"recorded":true,"address":2006323076,"logSize":3289}}
385555023	none	{"result":{"recorded":true,"address":385555023,"logSize":3290}}
1661762940	none	{"result":{"recorded":true,"address":1661762940,"logSize":3291}}
725597158	none	{"result":{"recorded":true,"address":725597158,"logSize":3292}}
1110625782	none	{"result":{"recorded":true,"address":1110625782,"logSize":3293}}
1934330241	none	{"result":{"recorded":true,"address":1934330241,"logSize":3294}}
166555761	none	{"result":{"recorded":true,"address":166555761,"logSize":3295}}
859552955	none	{"result":{"recorded":true,"address":859552955,"logSize":3296}}
1987451498	none	{"result":{"recorded":true,"address":1987451498,"logSize":3297}}
100745323	none	{"result":{"recorded":true,"address":100745323,"logSize":3298}}
576279269	none	{"result":{"recorded":true,"address":576279269,"logSize":3299}}
1687412482	none	{"result":{"recorded":true,"address":1687412482,"logSize":3300}}
810197015	none	{"result":{"recorded":true,"address":810197015,"logSize":3301}}
1454076145	none	{"result":{"recorded":true,"address":1454076145,"logSize":3302}}
513716548	none	{"result":{"recorded":true,"address":513716548,"logSize":3303}}
661855428	none	{"result":{"recorded":true,"address":661855428,"logSize":3304}}
1988042810	none	{"result":{"recorded":true,"address":1988042810,"logSize":3305}}
2112422400	none	{"result":{"recorded":true,"address":2112422400,"logSize":3306}}
1090620871	none	{"result":{"recorded":true,"address":1090620871,"logSize":3307}}
150023806	none	{"result":{"recorded":true,"address":150023806,"logSize":3308}}
300873690	none	{"result":{"recorded":true,"address":300873690,"logSize":3309}}
925323324	none	{"result":{"recorded":true,"address":925323324,"logSize":3310}}
2050954989	none	{"result":{"recorded":true,"address":2050954989,"logSize":3311}}
662834696	none	{"result":{"recorded":true,"address":662834696,"logSize":3312}}
400182017	none	{"result":{"recorded":true,"address":400182017,"logSize":3313}}
732641537	none	{"result":{"recorded":true,"address":732641537,"logSize":3314}}
46770270	none	{"result":{"recorded":true,"address":46770270,"logSize":3315}}
1490505264	none	{"result":{"recorded":true,"address":1490505264,"logSize":3316}}
1697589710	none	{"result":{"recorded":true,"address":1697589710,"logSize":3317}}
2147176877	none	{"result":{"recorded":true,"address":2147176877,"logSize":3318}}
575687160	none	{"result":{"recorded":true,"address":575687160,"logSize":3319}}
598573712	none	{"result":{"recorded":true,"address":598573712,"logSize":3320}}
839285200	none	{"result":{"recorded":true,"address":839285200,"logSize":3321}}
338287747	none	{"result":{"recorded":true,"address":338287747,"logSize":3322}}
1924527971	none	{"result":{"recorded":true,"address":1924527971,"logSize":3323}}
1336934964	none	{"result":{"recorded":true,"address":1336934964,"logSize":3324}}
1784866802	none	{"result":{"recorded":true,"address":1784866802,"logSize":3325}}
121217287	none	{"result":{"recorded":true,"address":121217287,"logSize":3326}}
1092066146	none	{"result":{"recorded":true,"address":1092066146,"logSize":3327}}
1143883004	none	{"result":{"recorded":true,"address":1143883004,"logSize":3328}}
645568694	none	{"result":{"recorded":true,"address":645568694,"logSize":3329}}
608092652	none	{"result":{"recorded":true,"address":608092652,"logSize":3330}}
1550607631	none	{"result":{"recorded":true,"address":1550607631,"logSize":3331}}
1650728852	none	{"result":{"recorded":true,"address":1650728852,"logSize":3332}}
304473652	none	{"result":{"recorded":true,"address":304473652,"logSize":3333}}
697686212	none	{"result":{"recorded":true,"address":697686212,"logSize":3334}}
1637707614	none	{"result":{"recorded":true,"address":1637707614,"logSize":3335}}
302567443	none	{"result":{"recorded":true,"address":302567443,"logSize":3336}}
533136626	none	{"result":{"recorded":true,"address":533136626,"logSize":3337}}
1464315448	none	{"result":{"recorded":true,"address":1464315448,"logSize":3338}}
1232786735	none	{"result":{"recorded":true,"address":1232786735,"logSize":3339}}
1522003771	none	{"result":{"recorded":true,"address":1522003771,"logSize":3340}}
907238707	none	{"result":{"recorded":true,"address":907238707,"logSize":3341}}
717821864	none	{"result":{"recorded":true,"address":717821864,"logSize":3342}}
1418500344	none	{"result":{"recorded":true,"address":1418500344,"logSize":3343}}
896613151	none	{"result":{"recorded":true,"address":896613151,"logSize":3344}}
1615875691	none	{"result":{"recorded":true,"address":1615875691,"logSize":3345}}
543819991	none	{"result":{"recorded":true,"address":543819991,"logSize":3346}}
435162345	none	{"result":{"recorded":true,"address":435162345,"logSize":3347}}
1300389193	none	{"result":{"recorded":true,"address":1300389193,"logSize":3348}}
155398799	none	{"result":{"recorded":true,"address":155398799,"logSize":3349}}
1731685026	none	{"result":{"recorded":true,"address":1731685026,"logSize":3350}}
1369459370	none	{"result":{"recorded":true,"address":1369459370,"logSize":3351}}
854797399	none	{"result":{"recorded":true,"address":854797399,"logSize":3352}}
1069932972	none	{"result":{"recorded":true,"address":1069932972,"logSize":3353}}
1157244663	none	{"result":{"recorded":true,"address":1157244663,"logSize":3354}}
1858302749	none	{"result":{"recorded":true,"address":1858302749,"logSize":3355}}
1667172694	none	{"result":{"recorded":true,"address":1667172694,"logSize":3356}}
525900678	none	{"result":{"recorded":true,"address":525900678,"logSize":3357}}
2133558186	none	{"result":{"recorded":true,"address":2133558186,"logSize":3358}}
849947539	none	{"result":{"recorded":true,"address":849947539,"logSize":3359}}
94572210	none	{"result":{"recorded":true,"address":94572210,"logSize":3360}}
1863849996	none	{"result":{"recorded":true,"address":1863849996,"logSize":3361}}
1083607342	none	{"result":{"recorded":true,"address":1083607342,"logSize":3362}}
1776005886	none	{"result":{"recorded":true,"address":1776005886,"logSize":3363}}
389732360	none	{"result":{"recorded":true,"address":389732360,"logSize":3364}}
1829190605	none	{"result":{"recorded":true,"address":1829190605,"logSize":3365}}
608155542	none	{"result":{"recorded":true,"address":608155542,"logSize":3366}}
1933714836	none	{"result":{"recorded":true,"address":1933714836,"logSize":3367}}
1795071314	none	{"result":{"recorded":true,"address":1795071314,"logSize":3368}}
1888291527	none	{"result":{"recorded":true,"address":1888291527,"logSize":3369}}
1555616608	none	{"result":{"recorded":true,"address":1555616608,"logSize":3370}}
67725951	none	{"result":{"recorded":true,"address":67725951,"logSize":3371}}
328851868	none	{"result":{"recorded":true,"address":328851868,"logSize":3372}}
275446829	none	{"result":{"recorded":true,"address":275446829,"logSize":3373}}
1729058581	none	{"result":{"recorded":true,"address":1729058581,"logSize":3374}}
2091861542	none	{"result":{"recorded":true,"address":2091861542,"logSize":3375}}
912298599	none	{"result":{"recorded":true,"address":912298599,"logSize":3376}}
119684403	none	{"result":{"recorded":true,"address":119684403,"logSize":3377}}
1886313815	none	{"result":{"recorded":true,"address":1886313815,"logSize":3378}}
1014820722	none	{"result":{"recorded":true,"address":1014820722,"logSize":3379}}
2069961847	none	{"result":{"recorded":true,"address":2069961847,"logSize":3380}}
1078180680	none	{"result":{"recorded":true,"address":1078180680,"logSize":3381}}
892255012	none	{"result":{"recorded":true,"address":892255012,"logSize":3382}}
1463707763	none	{"result":{"recorded":true,"address":1463707763,"logSize":3383}}
788705132	none	{"result":{"recorded":true,"address":788705132,"logSize":3384}}
898320868	none	{"result":{"recorded":true,"address":898320868,"logSize":3385}}
881796585	none	{"result":{"recorded":true,"address":881796585,"logSize":3386}}
1206095633	none	{"result":{"recorded":true,"address":1206095633,"logSize":3387}}
713737133	none	{"result":{"recorded":true,"address":713737133,"logSize":3388}}
251347057	none	{"result":{"recorded":true,"address":251347057,"logSize":3389}}
126980848	none	{"result":{"recorded":true,"address":126980848,"logSize":3390}}
1489773132	none	{"result":{"recorded":true,"address":1489773132,"logSize":3391}}
1096454284	none	{"result":{"recorded":true,"address":1096454284,"logSize":3392}}
1836211100	none	{"result":{"recorded":true,"address":1836211100,"logSize":3393}}
1998102662	none	{"result":{"recorded":true,"address":1998102662,"logSize":3394}}
1327730306	none	{"result":{"recorded":true,"address":1327730306,"logSize":3395}}
1277065476	none	{"result":{"recorded":true,"address":1277065476,"logSize":3396}}
1784868461	none	{"result":{"recorded":true,"address":1784868461,"logSize":3397}}
1628537388	none	{"result":{"recorded":true,"address":1628537388,"logSize":3398}}
51938926	none	{"result":{"recorded":true,"address":51938926,"logSize":3399}}
102671568	none	{"result":{"recorded":true,"address":102671568,"logSize":3400}}
189347176	none	{"result":{"recorded":true,"address":189347176,"logSize":3401}}
720574850	none	{"result":{"recorded":true,"address":720574850,"logSize":3402}}
1367893076	none	{"result":{"recorded":true,"address":1367893076,"logSize":3403}}
1730003259	none	{"result":{"recorded":true,"address":1730003259,"logSize":3404}}
288895155	none	{"result":{"recorded":true,"address":288895155,"logSize":3405}}
1725663701	none	{"result":{"recorded":true,"address":1725663701,"logSize":3406}}
162906203	none	{"result":{"recorded":true,"address":162906203,"logSize":3407}}
1082827720	none	{"result":{"recorded":true,"address":1082827720,"logSize":3408}}
682713970	none	{"result":{"recorded":true,"address":682713970,"logSize":3409}}
1571893579	none	{"result":{"recorded":true,"address":1571893579,"logSize":3410}}
1021849589	none	{"result":{"recorded":true,"address":1021849589,"logSize":3411}}
154798567	none	{"result":{"recorded":true,"address":154798567,"logSize":3412}}
1424757702	none	{"result":{"recorded":true,"address":1424757702,"logSize":3413}}
1269925978	none	{"result":{"recorded":true,"address":1269925978,"logSize":3414}}
581451160	none	{"result":{"recorded":true,"address":581451160,"logSize":3415}}
335541968	none	{"result":{"recorded":true,"address":335541968,"logSize":3416}}
1632834386	none	{"result":{"recorded":true,"address":1632834386,"logSize":3417}}
131439864	none	{"result":{"recorded":true,"address":131439864,"logSize":3418}}
1193281889	none	{"result":{"recorded":true,"address":1193281889,"logSize":3419}}
923373195	none	{"result":{"recorded":true,"address":923373195,"logSize":3420}}
1103476692	none	{"result":{"recorded":true,"address":1103476692,"logSize":3421}}
1805096281	none	{"result":{"recorded":true,"address":1805096281,"logSize":3422}}
1997930848	none	{"result":{"recorded":true,"address":1997930848,"logSize":3423}}
1429339103	none	{"result":{"recorded":true,"address":1429339103,"logSize":3424}}
1483428168	none	{"result":{"recorded":true,"address":1483428168,"logSize":3425}}
349483756	none	{"result":{"recorded":true,"address":349483756,"logSize":3426}}
75231007	none	{"result":{"recorded":true,"address":75231007,"logSize":3427}}
853644902	none	{"result":{"recorded":true,"address":853644902,"logSize":3428}}
481148991	none	{"result":{"recorded":true,"address":481148991,"logSize":3429}}
1354448463	none	{"result":{"recorded":true,"address":1354448463,"logSize":3430}}
65885089	none	{"result":{"recorded":true,"address":65885089,"logSize":3431}}
531577611	none	{"result":{"recorded":true,"address":531577611,"logSize":3432}}
267807742	none	{"result":{"recorded":true,"address":267807742,"logSize":3433}}
122631271	none	{"result":{"recorded":true,"address":122631271,"logSize":3434}}
332817736	none	{"result":{"recorded":true,"address":332817736,"logSize":3435}}
884255034	none	{"result":{"recorded":true,"address":884255034,"logSize":3436}}
44745639	none	{"result":{"recorded":true,"address":44745639,"logSize":3437}}
1529943603	none	{"result":{"recorded":true,"address":1529943603,"logSize":3438}}
92265153	none	{"result":{"recorded":true,"address":92265153,"logSize":3439}}
410254573	none	{"result":{"recorded":true,"address":410254573,"logSize":3440}}
20482521	none	{"result":{"recorded":true,"address":20482521,"logSize":3441}}
111457927	none	{"result":{"recorded":true,"address":111457927,"logSize":3442}}
120841973	none	{"result":{"recorded":true,"address":120841973,"logSize":3443}}
1052672423	none	{"result":{"recorded":true,"address":1052672423,"logSize":3444}}
947527670	none	{"result":{"recorded":true,"address":947527670,"logSize":3445}}
1129605751	none	{"result":{"recorded":true,"address":1129605751,"logSize":3446}}
318089169	none	{"result":{"recorded":true,"address":318089169,"logSize":3447}}
931750514	none	{"result":{"recorded":true,"address":931750514,"logSize":3448}}
1508479461	none	{"result":{"recorded":true,"address":1508479461,"logSize":3449}}
1635857394	none	{"result":{"recorded":true,"address":1635857394,"logSize":3450}}
1282079219	none	{"result":{"recorded":true,"address":1282079219,"logSize":3451}}
971409352	none	{"result":{"recorded":true,"address":971409352,"logSize":3452}}
1427021468	none	{"result":{"recorded":true,"address":1427021468,"logSize":3453}}
111837515	none	{"result":{"recorded":true,"address":111837515,"logSize":3454}}
551415999	none	{"result":{"recorded":true,"address":551415999,"logSize":3455}}
1935017916	none	{"result":{"recorded":true,"address":1935017916,"logSize":3456}}
372300007	none	{"result":{"recorded":true,"address":372300007,"logSize":3457}}
1243216122	none	{"result":{"recorded":true,"address":1243216122,"logSize":3458}}
390675621	none	{"result":{"recorded":true,"address":390675621,"logSize":3459}}
643009982	none	{"result":{"recorded":true,"address":643009982,"logSize":3460}}
1083856266	none	{"result":{"recorded":true,"address":1083856266,"logSize":3461}}
1305861781	none	{"result":{"recorded":true,"address":1305861781,"logSize":3462}}
1771177418	none	{"result":{"recorded":true,"address":1771177418,"logSize":3463}}
1683415322	none	{"result":{"recorded":true,"address":1683415322,"logSize":3464}}
874618002	none	{"result":{"recorded":true,"address":874618002,"logSize":3465}}
1933967288	none	{"result":{"recorded":true,"address":1933967288,"logSize":3466}}
1006922771	none	{"result":{"recorded":true,"address":1006922771,"logSize":3467}}
1757876483	none	{"result":{"recorded":true,"address":1757876483,"logSize":3468}}
4938169	none	{"result":{"recorded":true,"address":4938169,"logSize":3469}}
1057391293	none	{"result":{"recorded":true,"address":1057391293,"logSize":3470}}
1640977326	none	{"result":{"recorded":true,"address":1640977326,"logSize":3471}}
1169140957	none	{"result":{"recorded":true,"address":1169140957,"logSize":3472}}
1679623687	none	{"result":{"recorded":true,"address":1679623687,"logSize":3473}}
1640296487	none	{"result":{"recorded":true,"address":1640296487,"logSize":3474}}
151806977	none	{"result":{"recorded":true,"address":151806977,"logSize":3475}}
46465739	none	{"result":{"recorded":true,"address":46465739,"logSize":3476}}
2003359222	none	{"result":{"recorded":true,"address":2003359222,"logSize":3477}}
351613566	none	{"result":{"recorded":true,"address":351613566,"logSize":3478}}
1135182014	none	{"result":{"recorded":true,"address":1135182014,"logSize":3479}}
2036574667	none	{"result":{"recorded":true,"address":2036574667,"logSize":3480}}
1915519458	none	{"result":{"recorded":true,"address":1915519458,"logSize":3481}}
1999324114	none	{"result":{"recorded":true,"address":1999324114,"logSize":3482}}
955805760	none	{"result":{"recorded":true,"address":955805760,"logSize":3483}}
1404334391	none	{"result":{"recorded":true,"address":1404334391,"logSize":3484}}
2012463029	none	{"result":{"recorded":true,"address":2012463029,"logSize":3485}}
2064591663	none	{"result":{"recorded":true,"address":2064591663,"logSize":3486}}
1098009561	none	{"result":{"recorded":true,"address":1098009561,"logSize":3487}}
1590750112	none	{"result":{"recorded":true,"address":1590750112,"logSize":3488}}
1957771108	none	{"result":{"recorded":true,"address":1957771108,"logSize":3489}}
1557384926	none	{"result":{"recorded":true,"address":1557384926,"logSize":3490}}
1678608187	none	{"result":{"recorded":true,"address":1678608187,"logSize":3491}}
847993718	none	{"result":{"recorded":true,"address":847993718,"logSize":3492}}
993129454	none	{"result":{"recorded":true,"address":993129454,"logSize":3493}}
1324530281	none	{"result":{"recorded":true,"address":1324530281,"logSize":3494}}
4016779	none	{"result":{"recorded":true,"address":4016779,"logSize":3495}}
97048953	none	{"result":{"recorded":true,"address":97048953,"logSize":3496}}
1260509391	none	{"result":{"recorded":true,"address":1260509391,"logSize":3497}}
1692493608	none	{"result":{"recorded":true,"address":1692493608,"logSize":3498}}
1260270538	none	{"result":{"recorded":true,"address":1260270538,"logSize":3499}}
1001208105	none	{"result":{"recorded":true,"address":1001208105,"logSize":3500}}
1140005935	none	{"result":{"recorded":true,"address":1140005935,"logSize":3501}}
637988635	none	{"result":{"recorded":true,"address":637988635,"logSize":3502}}
1445145079	none	{"result":{"recorded":true,"address":1445145079,"logSize":3503}}
2014406826	none	{"result":{"recorded":true,"address":2014406826,"logSize":3504}}
1405355275	none	{"result":{"recorded":true,"address":1405355275,"logSize":3505}}
2136594289	none	{"result":{"recorded":true,"address":2136594289,"logSize":3506}}
1094608149	none	{"result":{"recorded":true,"address":1094608149,"logSize":3507}}
351892128	none	{"result":{"recorded":true,"address":351892128,"logSize":3508}}
907903548	none	{"result":{"recorded":true,"address":907903548,"logSize":3509}}
374311063	none	{"result":{"recorded":true,"address":374311063,"logSize":3510}}
2056922169	none	{"result":{"recorded":true,"address":2056922169,"logSize":3511}}
369694447	none	{"result":{"recorded":true,"address":369694447,"logSize":3512}}
758242084	none	{"result":{"recorded":true,"address":758242084,"logSize":3513}}
310867491	none	{"result":{"recorded":true,"address":310867491,"logSize":3514}}
2094304838	none	{"result":{"recorded":true,"address":2094304838,"logSize":3515}}
794840304	none	{"result":{"recorded":true,"address":794840304,"logSize":3516}}
243525417	none	{"result":{"recorded":true,"address":243525417,"logSize":3517}}
1022701616	none	{"result":{"recorded":true,"address":1022701616,"logSize":3518}}
1199858038	none	{"result":{"recorded":true,"address":1199858038,"logSize":3519}}
478603896	none	{"result":{"recorded":true,"address":478603896,"logSize":3520}}
314331332	none	{"result":{"recorded":true,"address":314331332,"logSize":3521}}
1834250133	none	{"result":{"recorded":true,"address":1834250133,"logSize":3522}}
877899371	none	{"result":{"recorded":true,"address":877899371,"logSize":3523}}
1270825740	none	{"result":{"recorded":true,"address":1270825740,"logSize":3524}}
2057849720	none	{"result":{"recorded":true,"address":2057849720,"logSize":3525}}
195500553	none	{"result":{"recorded":true,"address":195500553,"logSize":3526}}
193663032	none	{"result":{"recorded":true,"address":193663032,"logSize":3527}}
1492141407	none	{"result":{"recorded":true,"address":1492141407,"logSize":3528}}
720950592	none	{"result":{"recorded":true,"address":720950592,"logSize":3529}}
1149563016	none	{"result":{"recorded":true,"address":1149563016,"logSize":3530}}
1484023342	none	{"result":{"recorded":true,"address":1484023342,"logSize":3531}}
1640886751	none	{"result":{"recorded":true,"address":1640886751,"logSize":3532}}
496756434	none	{"result":{"recorded":true,"address":496756434,"logSize":3533}}
2059060969	none	{"result":{"recorded":true,"address":2059060969,"logSize":3534}}
1538616866	none	{"result":{"recorded":true,"address":1538616866,"logSize":3535}}
1197829427	none	{"result":{"recorded":true,"address":1197829427,"logSize":3536}}
862815744	none	{"result":{"recorded":true,"address":862815744,"logSize":3537}}
1687932613	none	{"result":{"recorded":true,"address":1687932613,"logSize":3538}}
2131549039	none	{"result":{"recorded":true,"address":2131549039,"logSize":3539}}
2046423478	none	{"result":{"recorded":true,"address":2046423478,"logSize":3540}}
1267707399	none	{"result":{"recorded":true,"address":1267707399,"logSize":3541}}
2025250278	none	{"result":{"recorded":true,"address":2025250278,"logSize":3542}}
1873004594	none	{"result":{"recorded":true,"address":1873004594,"logSize":3543}}
468783613	none	{"result":{"recorded":true,"address":468783613,"logSize":3544}}
301013792	none	{"result":{"recorded":true,"address":301013792,"logSize":3545}}
1743735064	none	{"result":{"recorded":true,"address":1743735064,"logSize":3546}}
369360904	none	{"result":{"recorded":true,"address":369360904,"logSize":3547}}
1625114061	none	{"result":{"recorded":true,"address":1625114061,"logSize":3548}}
519327893	none	{"result":{"recorded":true,"address":519327893,"logSize":3549}}
743473108	none	{"result":{"recorded":true,"address":743473108,"logSize":3550}}
1431567755	none	{"result":{"recorded":true,"address":1431567755,"logSize":3551}}
562993935	none	{"result":{"recorded":true,"address":562993935,"logSize":3552}}
1189238921	none	{"result":{"recorded":true,"address":1189238921,"logSize":3553}}
664594000	none	{"result":{"recorded":true,"address":664594000,"logSize":3554}}
1542017758	none	{"result":{"recorded":true,"address":1542017758,"logSize":3555}}
2010044098	none	{"result":{"recorded":true,"address":2010044098,"logSize":3556}}
1907774001	none	{"result":{"recorded":true,"address":1907774001,"logSize":3557}}
1597941313	none	{"result":{"recorded":true,"address":1597941313,"logSize":3558}}
16774314	none	{"result":{"recorded":true,"address":16774314,"logSize":3559}}
331384374	none	{"result":{"recorded":true,"address":331384374,"logSize":3560}}
9976773	none	{"result":{"recorded":true,"address":9976773,"logSize":3561}}
1210037329	none	{"result":{"recorded":true,"address":1210037329,"logSize":3562}}
2023188845	none	{"result":{"recorded":true,"address":2023188845,"logSize":3563}}
170418358	none	{"result":{"recorded":true,"address":170418358,"logSize":3564}}
81940635	none	{"result":{"recorded":true,"address":81940635,"logSize":3565}}
411446521	none	{"result":{"recorded":true,"address":411446521,"logSize":3566}}
807325299	none	{"result":{"recorded":true,"address":807325299,"logSize":3567}}
1406821758	none	{"result":{"recorded":true,"address":1406821758,"logSize":3568}}
1423485051	none	{"result":{"recorded":true,"address":1423485051,"logSize":3569}}
1460621888	none	{"result":{"recorded":true,"address":1460621888,"logSize":3570}}
511250018	none	{"result":{"recorded":true,"address":511250018,"logSize":3571}}
1833323314	none	{"result":{"recorded":true,"address":1833323314,"logSize":3572}}
1306136248	none	{"result":{"recorded":true,"address":1306136248,"logSize":3573}}
1360461076	none	{"result":{"recorded":true,"address":1360461076,"logSize":3574}}
696788824	none	{"result":{"recorded":true,"address":696788824,"logSize":3575}}
939563183	none	{"result":{"recorded":true,"address":939563183,"logSize":3576}}
2005105015	none	{"result":{"recorded":true,"address":2005105015,"logSize":3577}}
604050202	none	{"result":{"recorded":true,"address":604050202,"logSize":3578}}
138154398	none	{"result":{"recorded":true,"address":138154398,"logSize":3579}}
204673861	none	{"result":{"recorded":true,"address":204673861,"logSize":3580}}
692118480	none	{"result":{"recorded":true,"address":692118480,"logSize":3581}}
825659259	none	{"result":{"recorded":true,"address":825659259,"logSize":3582}}
723266679	none	{"result":{"recorded":true,"address":723266679,"logSize":3583}}
1188141138	none	{"result":{"recorded":true,"address":1188141138,"logSize":3584}}
429065586	none	{"result":{"recorded":true,"address":429065586,"logSize":3585}}
724884738	none	{"result":{"recorded":true,"address":724884738,"logSize":3586}}
2034301160	none	{"result":{"recorded":true,"address":2034301160,"logSize":3587}}
1877411342	none	{"result":{"recorded":true,"address":1877411342,"logSize":3588}}
1180839645	none	{"result":{"recorded":true,"address":1180839645,"logSize":3589}}
922983668	none	{"result":{"recorded":true,"address":922983668,"logSize":3590}}
1652085619	none	{"result":{"recorded":true,"address":1652085619,"logSize":3591}}
1502920436	none	{"result":{"recorded":true,"address":1502920436,"logSize":3592}}
711989815	none	{"result":{"recorded":true,"address":711989815,"logSize":3593}}
1343221702	none	{"result":{"recorded":true,"address":1343221702,"logSize":3594}}
1480071402	none	{"result":{"recorded":true,"address":1480071402,"logSize":3595}}
894755693	none	{"result":{"recorded":true,"address":894755693,"logSize":3596}}
864394115	none	{"result":{"recorded":true,"address":864394115,"logSize":3597}}
2144521229	none	{"result":{"recorded":true,"address":2144521229,"logSize":3598}}
954131561	none	{"result":{"recorded":true,"address":954131561,"logSize":3599}}
1747222365	none	{"result":{"recorded":true,"address":1747222365,"logSize":3600}}
245055969	none	{"result":{"recorded":true,"address":245055969,"logSize":3601}}
597433299	none	{"result":{"recorded":true,"address":597433299,"logSize":3602}}
140338464	none	{"result":{"recorded":true,"address":140338464,"logSize":3603}}
1205029906	none	{"result":{"recorded":true,"address":1205029906,"logSize":3604}}
1949548123	none	{"result":{"recorded":true,"address":1949548123,"logSize":3605}}
191824609	none	{"result":{"recorded":true,"address":191824609,"logSize":3606}}
586010085	none	{"result":{"recorded":true,"address":586010085,"logSize":3607}}
2074273418	none	{"result":{"recorded":true,"address":2074273418,"logSize":3608}}
316992324	none	{"result":{"recorded":true,"address":316992324,"logSize":3609}}
2094807867	none	{"result":{"recorded":true,"address":2094807867,"logSize":3610}}
253130129	none	{"result":{"recorded":true,"address":253130129,"logSize":3611}}
132094293	none	{"result":{"recorded":true,"address":132094293,"logSize":3612}}
603128013	none	{"result":{"recorded":true,"address":603128013,"logSize":3613}}
1023735310	none	{"result":{"recorded":true,"address":1023735310,"logSize":3614}}
394878230	none	{"result":{"recorded":true,"address":394878230,"logSize":3615}}
1069769143	none	{"result":{"recorded":true,"address":1069769143,"logSize":3616}}
15512851	none	{"result":{"recorded":true,"address":15512851,"logSize":3617}}
1131788544	none	{"result":{"recorded":true,"address":1131788544,"logSize":3618}}
1579915793	none	{"result":{"recorded":true,"address":1579915793,"logSize":3619}}
1854047011	none	{"result":{"recorded":true,"address":1854047011,"logSize":3620}}
1110858225	none	{"result":{"recorded":true,"address":1110858225,"logSize":3621}}
1523742286	none	{"result":{"recorded":true,"address":1523742286,"logSize":3622}}
158415977	none	{"result":{"recorded":true,"address":158415977,"logSize":3623}}
369951175	none	{"result":{"recorded":true,"address":369951175,"logSize":3624}}
596258278	none	{"result":{"recorded":true,"address":596258278,"logSize":3625}}
979506470	none	{"result":{"recorded":true,"address":979506470,"logSize":3626}}
1199921882	none	{"result":{"recorded":true,"address":1199921882,"logSize":3627}}
1769455814	none	{"result":{"recorded":true,"address":1769455814,"logSize":3628}}
1726829182	none	{"result":{"recorded":true,"address":1726829182,"logSize":3629}}
288863853	none	{"result":{"recorded":true,"address":288863853,"logSize":3630}}
1363177893	none	{"result":{"recorded":true,"address":1363177893,"logSize":3631}}
1221771214	none	{"result":{"recorded":true,"address":1221771214,"logSize":3632}}
532289177	none	{"result":{"recorded":true,"address":532289177,"logSize":3633}}
916635814	none	{"result":{"recorded":true,"address":916635814,"logSize":3634}}
360460247	none	{"result":{"recorded":true,"address":360460247,"logSize":3635}}
1795668971	none	{"result":{"recorded":true,"address":1795668971,"logSize":3636}}
445333905	none	{"result":{"recorded":true,"address":445333905,"logSize":3637}}
1969053903	none	{"result":{"recorded":true,"address":1969053903,"logSize":3638}}
1740647090	none	{"result":{"recorded":true,"address":1740647090,"logSize":3639}}
1472322254	none	{"result":{"recorded":true,"address":1472322254,"logSize":3640}}
1994070143	none	{"result":{"recorded":true,"address":1994070143,"logSize":3641}}
307629772	none	{"result":{"recorded":true,"address":307629772,"logSize":3642}}
934244414	none	{"result":{"recorded":true,"address":934244414,"logSize":3643}}
1668097857	none	{"result":{"recorded":true,"address":1668097857,"logSize":3644}}
1727978692	none	{"result":{"recorded":true,"address":1727978692,"logSize":3645}}
2051624689	none	{"result":{"recorded":true,"address":2051624689,"logSize":3646}}
1818160190	none	{"result":{"recorded":true,"address":1818160190,"logSize":3647}}
408357871	none	{"result":{"recorded":true,"address":408357871,"logSize":3648}}
128872175	none	{"result":{"recorded":true,"address":128872175,"logSize":3649}}
105979310	none	{"result":{"recorded":true,"address":105979310,"logSize":3650}}
404139041	none	{"result":{"recorded":true,"address":404139041,"logSize":3651}}
2009189043	none	{"result":{"recorded":true,"address":2009189043,"logSize":3652}}
2137873763	none	{"result":{"recorded":true,"address":2137873763,"logSize":3653}}
1482930844	none	{"result":{"recorded":true,"address":1482930844,"logSize":3654}}
498325680	none	{"result":{"recorded":true,"address":498325680,"logSize":3655}}
272693742	none	{"result":{"recorded":true,"address":272693742,"logSize":3656}}
1363943923	none	{"result":{"recorded":true,"address":1363943923,"logSize":3657}}
25236093	none	{"result":{"recorded":true,"address":25236093,"logSize":3658}}
739248511	none	{"result":{"recorded":true,"address":739248511,"logSize":3659}}
660376210	none	{"result":{"recorded":true,"address":660376210,"logSize":3660}}
86481221	none	{"result":{"recorded":true,"address":86481221,"logSize":3661}}
554968956	none	{"result":{"recorded":true,"address":554968956,"logSize":3662}}
777672294	none	{"result":{"recorded":true,"address":777672294,"logSize":3663}}
954791278	none	{"result":{"recorded":true,"address":954791278,"logSize":3664}}
2020110409	none	{"result":{"recorded":true,"address":2020110409,"logSize":3665}}
1278766338	none	{"result":{"recorded":true,"address":1278766338,"logSize":3666}}
911280290	none	{"result":{"recorded":true,"address":911280290,"logSize":3667}}
2048297240	none	{"result":{"recorded":true,"address":2048297240,"logSize":3668}}
2077069393	none	{"result":{"recorded":true,"address":2077069393,"logSize":3669}}
552671819	none	{"result":{"recorded":true,"address":552671819,"logSize":3670}}
1899370800	none	{"result":{"recorded":true,"address":1899370800,"logSize":3671}}
1511755803	none	{"result":{"recorded":true,"address":1511755803,"logSize":3672}}
2011534261	none	{"result":{"recorded":true,"address":2011534261,"logSize":3673}}
220014714	none	{"result":{"recorded":true,"address":220014714,"logSize":3674}}
329228533	none	{"result":{"recorded":true,"address":329228533,"logSize":3675}}
280395222	none	{"result":{"recorded":true,"address":280395222,"logSize":3676}}
18947632	none	{"result":{"recorded":true,"address":18947632,"logSize":3677}}
1221023373	none	{"result":{"recorded":true,"address":1221023373,"logSize":3678}}
1069023767	none	{"result":{"recorded":true,"address":1069023767,"logSize":3679}}
2074197749	none	{"result":{"recorded":true,"address":2074197749,"logSize":3680}}
349984204	none	{"result":{"recorded":true,"address":349984204,"logSize":3681}}
1690250768	none	{"result":{"recorded":true,"address":1690250768,"logSize":3682}}
1688424490	none	{"result":{"recorded":true,"address":1688424490,"logSize":3683}}
1838397782	none	{"result":{"recorded":true,"address":1838397782,"logSize":3684}}
1298431780	none	{"result":{"recorded":true,"address":1298431780,"logSize":3685}}
211603047	none	{"result":{"recorded":true,"address":211603047,"logSize":3686}}
1874685429	none	{"result":{"recorded":true,"address":1874685429,"logSize":3687}}
576845835	none	{"result":{"recorded":true,"address":576845835,"logSize":3688}}
640573634	none	{"result":{"recorded":true,"address":640573634,"logSize":3689}}
160516643	none	{"result":{"recorded":true,"address":160516643,"logSize":3690}}
1785123287	none	{"result":{"recorded":true,"address":1785123287,"logSize":3691}}
1283500088	none	{"result":{"recorded":true,"address":1283500088,"logSize":3692}}
732983283	none	{"result":{"recorded":true,"address":732983283,"logSize":3693}}
1502072542	none	{"result":{"recorded":true,"address":1502072542,"logSize":3694}}
934621287	none	{"result":{"recorded":true,"address":934621287,"logSize":3695}}
1434605662	none	{"result":{"recorded":true,"address":1434605662,"logSize":3696}}
815254042	none	{"result":{"recorded":true,"address":815254042,"logSize":3697}}
974948328	none	{"result":{"recorded":true,"address":974948328,"logSize":3698}}
1122766509	none	{"result":{"recorded":true,"address":1122766509,"logSize":3699}}
2592569	none	{"result":{"recorded":true,"address":2592569,"logSize":3700}}
568318427	none	{"result":{"recorded":true,"address":568318427,"logSize":3701}}
1529189607	none	{"result":{"recorded":true,"address":1529189607,"logSize":3702}}
1848577363	none	{"result":{"recorded":true,"address":1848577363,"logSize":3703}}
566433804	none	{"result":{"recorded":true,"address":566433804,"logSize":3704}}
356429835	none	{"result":{"recorded":true,"address":356429835,"logSize":3705}}
505356194	none	{"result":{"recorded":true,"address":505356194,"logSize":3706}}
859683626	none	{"result":{"recorded":true,"address":859683626,"logSize":3707}}
782246615	none	{"result":{"recorded":true,"address":782246615,"logSize":3708}}
1540842500	none	{"result":{"recorded":true,"address":1540842500,"logSize":3709}}
1072113968	none	{"result":{"recorded":true,"address":1072113968,"logSize":3710}}
711063032	none	{"result":{"recorded":true,"address":711063032,"logSize":3711}}
1284339466	none	{"result":{"recorded":true,"address":1284339466,"logSize":3712}}
860987349	none	{"result":{"recorded":true,"address":860987349,"logSize":3713}}
1562754573	none	{"result":{"recorded":true,"address":1562754573,"logSize":3714}}
6929568	none	{"result":{"recorded":true,"address":6929568,"logSize":3715}}
1892319749	none	{"result":{"recorded":true,"address":1892319749,"logSize":3716}}
1950540677	none	{"result":{"recorded":true,"address":1950540677,"logSize":3717}}
1320555652	none	{"result":{"recorded":true,"address":1320555652,"logSize":3718}}
72325384	none	{"result":{"recorded":true,"address":72325384,"logSize":3719}}
1112033658	none	{"result":{"recorded":true,"address":1112033658,"logSize":3720}}
1642953665	none	{"result":{"recorded":true,"address":1642953665,"logSize":3721}}
2031400669	none	{"result":{"recorded":true,"address":2031400669,"logSize":3722}}
1672651082	none	{"result":{"recorded":true,"address":1672651082,"logSize":3723}}
630830140	none	{"result":{"recorded":true,"address":630830140,"logSize":3724}}
220234732	none	{"result":{"recorded":true,"address":220234732,"logSize":3725}}
1422949302	none	{"result":{"recorded":true,"address":1422949302,"logSize":3726}}
2031737894	none	{"result":{"recorded":true,"address":2031737894,"logSize":3727}}
1612758271	none	{"result":{"recorded":true,"address":1612758271,"logSize":3728}}
1819494622	none	{"result":{"recorded":true,"address":1819494622,"logSize":3729}}
12226355	none	{"result":{"recorded":true,"address":12226355,"logSize":3730}}
1304843167	none	{"result":{"recorded":true,"address":1304843167,"logSize":3731}}
338816291	none	{"result":{"recorded":true,"address":338816291,"logSize":3732}}
1125387724	none	{"result":{"recorded":true,"address":1125387724,"logSize":3733}}
639425717	none	{"result":{"recorded":true,"address":639425717,"logSize":3734}}
761738625	none	{"result":{"recorded":true,"address":761738625,"logSize":3735}}
966894555	none	{"result":{"recorded":true,"address":966894555,"logSize":3736}}
943030571	none	{"result":{"recorded":true,"address":943030571,"logSize":3737}}
1130331991	none	{"result":{"recorded":true,"address":1130331991,"logSize":3738}}
347335749	none	{"result":{"recorded":true,"address":347335749,"logSize":3739}}
2054091225	none	{"result":{"recorded":true,"address":2054091225,"logSize":3740}}
435502622	none	{"result":{"recorded":true,"address":435502622,"logSize":3741}}
144086753	none	{"result":{"recorded":true,"address":144086753,"logSize":3742}}
841624516	none	{"result":{"recorded":true,"address":841624516,"logSize":3743}}
686141763	none	{"result":{"recorded":true,"address":686141763,"logSize":3744}}
150475551	none	{"result":{"recorded":true,"address":150475551,"logSize":3745}}
905626149	none	{"result":{"recorded":true,"address":905626149,"logSize":3746}}
843627249	none	{"result":{"recorded":true,"address":843627249,"logSize":3747}}
1403155516	none	{"result":{"recorded":true,"address":1403155516,"logSize":3748}}
1396865828	none	{"result":{"recorded":true,"address":1396865828,"logSize":3749}}
1954248140	none	{"result":{"recorded":true,"address":1954248140,"logSize":3750}}
161701029	none	{"result":{"recorded":true,"address":161701029,"logSize":3751}}
236128809	none	{"result":{"recorded":true,"address":236128809,"logSize":3752}}
371180019	none	{"result":{"recorded":true,"address":371180019,"logSize":3753}}
962981299	none	{"result":{"recorded":true,"address":962981299,"logSize":3754}}
601877722	none	{"result":{"recorded":true,"address":601877722,"logSize":3755}}
1583040616	none	{"result":{"recorded":true,"address":1583040616,"logSize":3756}}
1646836142	none	{"result":{"recorded":true,"address":1646836142,"logSize":3757}}
625126906	none	{"result":{"recorded":true,"address":625126906,"logSize":3758}}
789385299	none	{"result":{"recorded":true,"address":789385299,"logSize":3759}}
2055309319	none	{"result":{"recorded":true,"address":2055309319,"logSize":3760}}
631948373	none	{"result":{"recorded":true,"address":631948373,"logSize":3761}}
1269213299	none	{"result":{"recorded":true,"address":1269213299,"logSize":3762}}
2043539736	none	{"result":{"recorded":true,"address":2043539736,"logSize":3763}}
1377240522	none	{"result":{"recorded":true,"address":1377240522,"logSize":3764}}
1454801821	none	{"result":{"recorded":true,"address":1454801821,"logSize":3765}}
1432868489	none	{"result":{"recorded":true,"address":1432868489,"logSize":3766}}
1601007589	none	{"result":{"recorded":true,"address":1601007589,"logSize":3767}}
782586369	none	{"result":{"recorded":true,"address":782586369,"logSize":3768}}
444448740	none	{"result":{"recorded":true,"address":444448740,"logSize":3769}}
521644851	none	{"result":{"recorded":true,"address":521644851,"logSize":3770}}
190956203	none	{"result":{"recorded":true,"address":190956203,"logSize":3771}}
1378451653	none	{"result":{"recorded":true,"address":1378451653,"logSize":3772}}
1347914296	none	{"result":{"recorded":true,"address":1347914296,"logSize":3773}}
419352929	none	{"result":{"recorded":true,"address":419352929,"logSize":3774}}
274291692	none	{"result":{"recorded":true,"address":274291692,"logSize":3775}}
1800463431	none	{"result":{"recorded":true,"address":1800463431,"logSize":3776}}
1676291624	none	{"result":{"recorded":true,"address":1676291624,"logSize":3777}}
1262802645	none	{"result":{"recorded":true,"address":1262802645,"logSize":3778}}
2063985801	none	{"result":{"recorded":true,"address":2063985801,"logSize":3779}}
1510589941	none	{"result":{"recorded":true,"address":1510589941,"logSize":3780}}
2086929647	none	{"result":{"recorded":true,"address":2086929647,"logSize":3781}}
73767520	none	{"result":{"recorded":true,"address":73767520,"logSize":3782}}
1155994321	none	{"result":{"recorded":true,"address":1155994321,"logSize":3783}}
664179656	none	{"result":{"recorded":true,"address":664179656,"logSize":3784}}
37350247	none	{"result":{"recorded":true,"address":37350247,"logSize":3785}}
445259728	none	{"result":{"recorded":true,"address":445259728,"logSize":3786}}
1094096621	none	{"result":{"recorded":true,"address":1094096621,"logSize":3787}}
183765817	none	{"result":{"recorded":true,"address":183765817,"logSize":3788}}
1735282087	none	{"result":{"recorded":true,"address":1735282087,"logSize":3789}}
219727716	none	{"result":{"recorded":true,"address":219727716,"logSize":3790}}
185936354	none	{"result":{"recorded":true,"address":185936354,"logSize":3791}}
1458054643	none	{"result":{"recorded":true,"address":1458054643,"logSize":3792}}
855682444	none	{"result":{"recorded":true,"address":855682444,"logSize":3793}}
1123085111	none	{"result":{"recorded":true,"address":1123085111,"logSize":3794}}
1211517537	none	{"result":{"recorded":true,"address":1211517537,"logSize":3795}}
1745017230	none	{"result":{"recorded":true,"address":1745017230,"logSize":3796}}
125519087	none	{"result":{"recorded":true,"address":125519087,"logSize":3797}}
371685753	none	{"result":{"recorded":true,"address":371685753,"logSize":3798}}
948002490	none	{"result":{"recorded":true,"address":948002490,"logSize":3799}}
257368940	none	{"result":{"recorded":true,"address":257368940,"logSize":3800}}
1149932468	none	{"result":{"recorded":true,"address":1149932468,"logSize":3801}}
211114662	none	{"result":{"recorded":true,"address":211114662,"logSize":3802}}
742161729	none	{"result":{"recorded":true,"address":742161729,"logSize":3803}}
540577706	none	{"result":{"recorded":true,"address":540577706,"logSize":3804}}
1783954011	none	{"result":{"recorded":true,"address":1783954011,"logSize":3805}}
836905661	none	{"result":{"recorded":true,"address":836905661,"logSize":3806}}
1451205593	none	{"result":{"recorded":true,"address":1451205593,"logSize":3807}}
1257194698	none	{"result":{"recorded":true,"address":1257194698,"logSize":3808}}
1077986577	none	{"result":{"recorded":true,"address":1077986577,"logSize":3809}}
1856600557	none	{"result":{"recorded":true,"address":1856600557,"logSize":3810}}
1577073304	none	{"result":{"recorded":true,"address":1577073304,"logSize":3811}}
1080068670	none	{"result":{"recorded":true,"address":1080068670,"logSize":3812}}
1405496622	none	{"result":{"recorded":true,"address":1405496622,"logSize":3813}}
763359656	none	{"result":{"recorded":true,"address":763359656,"logSize":3814}}
1470258926	none	{"result":{"recorded":true,"address":1470258926,"logSize":3815}}
1934091920	none	{"result":{"recorded":true,"address":1934091920,"logSize":3816}}
1843116174	none	{"result":{"recorded":true,"address":1843116174,"logSize":3817}}
1265556578	none	{"result":{"recorded":true,"address":1265556578,"logSize":3818}}
449893844	none	{"result":{"recorded":true,"address":449893844,"logSize":3819}}
1602282964	none	{"result":{"recorded":true,"address":1602282964,"logSize":3820}}
1105669397	none	{"result":{"recorded":true,"address":1105669397,"logSize":3821}}
956409129	none	{"result":{"recorded":true,"address":956409129,"logSize":3822}}
510034499	none	{"result":{"recorded":true,"address":510034499,"logSize":3823}}
1928894927	none	{"result":{"recorded":true,"address":1928894927,"logSize":3824}}
1447642403	none	{"result":{"recorded":true,"address":1447642403,"logSize":3825}}
1130184186	none	{"result":{"recorded":true,"address":1130184186,"logSize":3826}}
270729029	none	{"result":{"recorded":true,"address":270729029,"logSize":3827}}
794478553	none	{"result":{"recorded":true,"address":794478553,"logSize":3828}}
2119020787	none	{"result":{"recorded":true,"address":2119020787,"logSize":3829}}
706512120	none	{"result":{"recorded":true,"address":706512120,"logSize":3830}}
694404313	none	{"result":{"recorded":true,"address":694404313,"logSize":3831}}
433489615	none	{"result":{"recorded":true,"address":433489615,"logSize":3832}}
1615820529	none	{"result":{"recorded":true,"address":1615820529,"logSize":3833}}
306504171	none	{"result":{"recorded":true,"address":306504171,"logSize":3834}}
1457644109	none	{"result":{"recorded":true,"address":1457644109,"logSize":3835}}
319243212	none	{"result":{"recorded":true,"address":319243212,"logSize":3836}}
145295196	none	{"result":{"recorded":true,"address":145295196,"logSize":3837}}
1355486307	none	{"result":{"recorded":true,"address":1355486307,"logSize":3838}}
1124503340	none	{"result":{"recorded":true,"address":1124503340,"logSize":3839}}
372835615	none	{"result":{"recorded":true,"address":372835615,"logSize":3840}}
956126067	none	{"result":{"recorded":true,"address":956126067,"logSize":3841}}
1396326404	none	{"result":{"recorded":true,"address":1396326404,"logSize":3842}}
1028935121	none	{"result":{"recorded":true,"address":1028935121,"logSize":3843}}
594549401	none	{"result":{"recorded":true,"address":594549401,"logSize":3844}}
1765134432	none	{"result":{"recorded":true,"address":1765134432,"logSize":3845}}
1019622002	none	{"result":{"recorded":true,"address":1019622002,"logSize":3846}}
460371804	none	{"result":{"recorded":true,"address":460371804,"logSize":3847}}
1870072871	none	{"result":{"recorded":true,"address":1870072871,"logSize":3848}}
1430670056	none	{"result":{"recorded":true,"address":1430670056,"logSize":3849}}
1773678742	none	{"result":{"recorded":true,"address":1773678742,"logSize":3850}}
1456983100	none	{"result":{"recorded":true,"address":1456983100,"logSize":3851}}
158250944	none	{"result":{"recorded":true,"address":158250944,"logSize":3852}}
54751723	none	{"result":{"recorded":true,"address":54751723,"logSize":3853}}
1810763717	none	{"result":{"recorded":true,"address":1810763717,"logSize":3854}}
129869087	none	{"result":{"recorded":true,"address":129869087,"logSize":3855}}
165418028	none	{"result":{"recorded":true,"address":165418028,"logSize":3856}}
541311301	none	{"result":{"recorded":true,"address":541311301,"logSize":3857}}
304436603	none	{"result":{"recorded":true,"address":304436603,"logSize":3858}}
995320100	none	{"result":{"recorded":true,"address":995320100,"logSize":3859}}
1208943579	none	{"result":{"recorded":true,"address":1208943579,"logSize":3860}}
1679993873	none	{"result":{"recorded":true,"address":1679993873,"logSize":3861}}
1049017735	none	{"result":{"recorded":true,"address":1049017735,"logSize":3862}}
1498522221	none	{"result":{"recorded":true,"address":1498522221,"logSize":3863}}
1905636352	none	{"result":{"recorded":true,"address":1905636352,"logSize":3864}}
1170689419	none	{"result":{"recorded":true,"address":1170689419,"logSize":3865}}
982522707	none	{"result":{"recorded":true,"address":982522707,"logSize":3866}}
1979275408	none	{"result":{"recorded":true,"address":1979275408,"logSize":3867}}
980652215	none	{"result":{"recorded":true,"address":980652215,"logSize":3868}}
705355635	none	{"result":{"recorded":true,"address":705355635,"logSize":3869}}
1346342118	none	{"result":{"recorded":true,"address":1346342118,"logSize":3870}}
369951385	none	{"result":{"recorded":true,"address":369951385,"logSize":3871}}
852709224	none	{"result":{"recorded":true,"address":852709224,"logSize":3872}}
1704653109	none	{"result":{"recorded":true,"address":1704653109,"logSize":3873}}
1241107190	none	{"result":{"recorded":true,"address":1241107190,"logSize":3874}}
1938555522	none	{"result":{"recorded":true,"address":1938555522,"logSize":3875}}
1215427572	none	{"result":{"recorded":true,"address":1215427572,"logSize":3876}}
1646334277	none	{"result":{"recorded":true,"address":1646334277,"logSize":3877}}
2032437118	none	{"result":{"recorded":true,"address":2032437118,"logSize":3878}}
440442462	none	{"result":{"recorded":true,"address":440442462,"logSize":3879}}
243321136	none	{"result":{"recorded":true,"address":243321136,"logSize":3880}}
1969483960	none	{"result":{"recorded":true,"address":1969483960,"logSize":3881}}
763346493	none	{"result":{"recorded":true,"address":763346493,"logSize":3882}}
1826922389	none	{"result":{"recorded":true,"address":1826922389,"logSize":3883}}
228303207	none	{"result":{"recorded":true,"address":228303207,"logSize":3884}}
1369940991	none	{"result":{"recorded":true,"address":1369940991,"logSize":3885}}
281572221	none	{"result":{"recorded":true,"address":281572221,"logSize":3886}}
1899562348	none	{"result":{"recorded":true,"address":1899562348,"logSize":3887}}
1903024048	none	{"result":{"recorded":true,"address":1903024048,"logSize":3888}}
997004999	none	{"result":{"recorded":true,"address":997004999,"logSize":3889}}
110744651	none	{"result":{"recorded":true,"address":110744651,"logSize":3890}}
1075608280	none	{"result":{"recorded":true,"address":1075608280,"logSize":3891}}
1688724618	none	{"result":{"recorded":true,"address":1688724618,"logSize":3892}}
1796256578	none	{"result":{"recorded":true,"address":1796256578,"logSize":3893}}
1777232207	none	{"result":{"recorded":true,"address":1777232207,"logSize":3894}}
1579930790	none	{"result":{"recorded":true,"address":1579930790,"logSize":3895}}
2097008939	none	{"result":{"recorded":true,"address":2097008939,"logSize":3896}}
656898734	none	{"result":{"recorded":true,"address":656898734,"logSize":3897}}
1536211767	none	{"result":{"recorded":true,"address":1536211767,"logSize":3898}}
1086924612	none	{"result":{"recorded":true,"address":1086924612,"logSize":3899}}
1770965122	none	{"result":{"recorded":true,"address":1770965122,"logSize":3900}}
1673621282	none	{"result":{"recorded":true,"address":1673621282,"logSize":3901}}
1098501148	none	{"result":{"recorded":true,"address":1098501148,"logSize":3902}}
1395792746	none	{"result":{"recorded":true,"address":1395792746,"logSize":3903}}
418514736	none	{"result":{"recorded":true,"address":418514736,"logSize":3904}}
1536352240	none	{"result":{"recorded":true,"address":1536352240,"logSize":3905}}
174420512	none	{"result":{"recorded":true,"address":174420512,"logSize":3906}}
1226865107	none	{"result":{"recorded":true,"address":1226865107,"logSize":3907}}
941013721	none	{"result":{"recorded":true,"address":941013721,"logSize":3908}}
181474978	none	{"result":{"recorded":true,"address":181474978,"logSize":3909}}
1579848868	none	{"result":{"recorded":true,"address":1579848868,"logSize":3910}}
2071103493	none	{"result":{"recorded":true,"address":2071103493,"logSize":3911}}
1211481121	none	{"result":{"recorded":true,"address":1211481121,"logSize":3912}}
1429789386	none	{"result":{"recorded":true,"address":1429789386,"logSize":3913}}
1246691648	none	{"result":{"recorded":true,"address":1246691648,"logSize":3914}}
2076600509	none	{"result":{"recorded":true,"address":2076600509,"logSize":3915}}
1308997231	none	{"result":{"recorded":true,"address":1308997231,"logSize":3916}}
1048494378	none	{"result":{"recorded":true,"address":1048494378,"logSize":3917}}
2076336216	none	{"result":{"recorded":true,"address":2076336216,"logSize":3918}}
352897970	none	{"result":{"recorded":true,"address":352897970,"logSize":3919}}
1885114520	none	{"result":{"recorded":true,"address":1885114520,"logSize":3920}}
1278619398	none	{"result":{"recorded":true,"address":1278619398,"logSize":3921}}
1736783429	none	{"result":{"recorded":true,"address":1736783429,"logSize":3922}}
594496875	none	{"result":{"recorded":true,"address":594496875,"logSize":3923}}
2008571080	none	{"result":{"recorded":true,"address":2008571080,"logSize":3924}}
115085051	none	{"result":{"recorded":true,"address":115085051,"logSize":3925}}
886983414	none	{"result":{"recorded":true,"address":886983414,"logSize":3926}}
1755883647	none	{"result":{"recorded":true,"address":1755883647,"logSize":3927}}
355599629	none	{"result":{"recorded":true,"address":355599629,"logSize":3928}}
448495964	none	{"result":{"recorded":true,"address":448495964,"logSize":3929}}
210771097	none	{"result":{"recorded":true,"address":210771097,"logSize":3930}}
800028413	none	{"result":{"recorded":true,"address":800028413,"logSize":3931}}
1436534443	none	{"result":{"recorded":true,"address":1436534443,"logSize":3932}}
1396367387	none	{"result":{"recorded":true,"address":1396367387,"logSize":3933}}
1566726218	none	{"result":{"recorded":true,"address":1566726218,"logSize":3934}}
154109354	none	{"result":{"recorded":true,"address":154109354,"logSize":3935}}
2085287493	none	{"result":{"recorded":true,"address":2085287493,"logSize":3936}}
883400345	none	{"result":{"recorded":true,"address":883400345,"logSize":3937}}
1917303031	none	{"result":{"recorded":true,"address":1917303031,"logSize":3938}}
417154351	none	{"result":{"recorded":true,"address":417154351,"logSize":3939}}
1771025857	none	{"result":{"recorded":true,"address":1771025857,"logSize":3940}}
2094750092	none	{"result":{"recorded":true,"address":2094750092,"logSize":3941}}
1252546419	none	{"result":{"recorded":true,"address":1252546419,"logSize":3942}}
1273930896	none	{"result":{"recorded":true,"address":1273930896,"logSize":3943}}
277426677	none	{"result":{"recorded":true,"address":277426677,"logSize":3944}}
1673321426	none	{"result":{"recorded":true,"address":1673321426,"logSize":3945}}
452381198	none	{"result":{"recorded":true,"address":452381198,"logSize":3946}}
1095394609	none	{"result":{"recorded":true,"address":1095394609,"logSize":3947}}
1700580092	none	{"result":{"recorded":true,"address":1700580092,"logSize":3948}}
171787199	none	{"result":{"recorded":true,"address":171787199,"logSize":3949}}
214842569	none	{"result":{"recorded":true,"address":214842569,"logSize":3950}}
53379067	none	{"result":{"recorded":true,"address":53379067,"logSize":3951}}
1356099943	none	{"result":{"recorded":true,"address":1356099943,"logSize":3952}}
1546956586	none	{"result":{"recorded":true,"address":1546956586,"logSize":3953}}
1391469012	none	{"result":{"recorded":true,"address":1391469012,"logSize":3954}}
1186699513	none	{"result":{"recorded":true,"address":1186699513,"logSize":3955}}
1756472368	none	{"result":{"recorded":true,"address":1756472368,"logSize":3956}}
307550136	none	{"result":{"recorded":true,"address":307550136,"logSize":3957}}
1845647898	none	{"result":{"recorded":true,"address":1845647898,"logSize":3958}}
256550612	none	{"result":{"recorded":true,"address":256550612,"logSize":3959}}
1299566542	none	{"result":{"recorded":true,"address":1299566542,"logSize":3960}}
1830865773	none	{"result":{"recorded":true,"address":1830865773,"logSize":3961}}
1460999205	none	{"result":{"recorded":true,"address":1460999205,"logSize":3962}}
301669268	none	{"result":{"recorded":true,"address":301669268,"logSize":3963}}
2096931796	none	{"result":{"recorded":true,"address":2096931796,"logSize":3964}}
45063737	none	{"result":{"recorded":true,"address":45063737,"logSize":3965}}
860048271	none	{"result":{"recorded":true,"address":860048271,"logSize":3966}}
806363740	none	{"result":{"recorded":true,"address":806363740,"logSize":3967}}
493305117	none	{"result":{"recorded":true,"address":493305117,"logSize":3968}}
506685189	none	{"result":{"recorded":true,"address":506685189,"logSize":3969}}
1652715927	none	{"result":{"recorded":true,"address":1652715927,"logSize":3970}}
1044091165	none	{"result":{"recorded":true,"address":1044091165,"logSize":3971}}
1757602396	none	{"result":{"recorded":true,"address":1757602396,"logSize":3972}}
42132131	none	{"result":{"recorded":true,"address":42132131,"logSize":3973}}
11437845	none	{"result":{"recorded":true,"address":11437845,"logSize":3974}}
2089527382	none	{"result":{"recorded":true,"address":2089527382,"logSize":3975}}
109323772	none	{"result":{"recorded":true,"address":109323772,"logSize":3976}}
1555116359	none	{"result":{"recorded":true,"address":1555116359,"logSize":3977}}
1367888903	none	{"result":{"recorded":true,"address":1367888903,"logSize":3978}}
1270116120	none	{"result":{"recorded":true,"address":1270116120,"logSize":3979}}
2076238419	none	{"result":{"recorded":true,"address":2076238419,"logSize":3980}}
1015812372	none	{"result":{"recorded":true,"address":1015812372,"logSize":3981}}
791138739	none	{"result":{"recorded":true,"address":791138739,"logSize":3982}}
2012612015	none	{"result":{"recorded":true,"address":2012612015,"logSize":3983}}
1558488839	none	{"result":{"recorded":true,"address":1558488839,"logSize":3984}}
369796592	none	{"result":{"recorded":true,"address":369796592,"logSize":3985}}
1698802365	none	{"result":{"recorded":true,"address":1698802365,"logSize":3986}}
1109267022	none	{"result":{"recorded":true,"address":1109267022,"logSize":3987}}
1267522266	none	{"result":{"recorded":true,"address":1267522266,"logSize":3988}}
892749692	none	{"result":{"recorded":true,"address":892749692,"logSize":3989}}
676627240	none	{"result":{"recorded":true,"address":676627240,"logSize":3990}}
674480498	none	{"result":{"recorded":true,"address":674480498,"logSize":3991}}
1262416395	none	{"result":{"recorded":true,"address":1262416395,"logSize":3992}}
153984706	none	{"result":{"recorded":true,"address":153984706,"logSize":3993}}
191883166	none	{"result":{"recorded":true,"address":191883166,"logSize":3994}}
379487567	none	{"result":{"recorded":true,"address":379487567,"logSize":3995}}
1238251621	none	{"result":{"recorded":true,"address":1238251621,"logSize":3996}}
2013034378	none	{"result":{"recorded":true,"address":2013034378,"logSize":3997}}
286754645	none	{"result":{"recorded":true,"address":286754645,"logSize":3998}}
1451178719	none	{"result":{"recorded":true,"address":1451178719,"logSize":3999}}
896777018	none	{"result":{"recorded":true,"address":896777018,"logSize":4000}}
1994967398	none	{"result":{"recorded":true,"address":1994967398,"logSize":4001}}
1588985595	none	{"result":{"recorded":true,"address":1588985595,"logSize":4002}}
1550728746	none	{"result":{"recorded":true,"address":1550728746,"logSize":4003}}
727644448	none	{"result":{"recorded":true,"address":727644448,"logSize":4004}}
1793587787	none	{"result":{"recorded":true,"address":1793587787,"logSize":4005}}
1511406349	none	{"result":{"recorded":true,"address":1511406349,"logSize":4006}}
662255773	none	{"result":{"recorded":true,"address":662255773,"logSize":4007}}
1704531758	none	{"result":{"recorded":true,"address":1704531758,"logSize":4008}}
914942717	none	{"result":{"recorded":true,"address":914942717,"logSize":4009}}
993146157	none	{"result":{"recorded":true,"address":993146157,"logSize":4010}}
1744269840	none	{"result":{"recorded":true,"address":1744269840,"logSize":4011}}
1039199109	none	{"result":{"recorded":true,"address":1039199109,"logSize":4012}}
231213497	none	{"result":{"recorded":true,"address":231213497,"logSize":4013}}
973541220	none	{"result":{"recorded":true,"address":973541220,"logSize":4014}}
1241006211	none	{"result":{"recorded":true,"address":1241006211,"logSize":4015}}
1079368465	none	{"result":{"recorded":true,"address":1079368465,"logSize":4016}}
1089580421	none	{"result":{"recorded":true,"address":1089580421,"logSize":4017}}
1412032232	none	{"result":{"recorded":true,"address":1412032232,"logSize":4018}}
127201704	none	{"result":{"recorded":true,"address":127201704,"logSize":4019}}
581383418	none	{"result":{"recorded":true,"address":581383418,"logSize":4020}}
2117629363	none	{"result":{"recorded":true,"address":2117629363,"logSize":4021}}
421598391	none	{"result":{"recorded":true,"address":421598391,"logSize":4022}}
1203169868	none	{"result":{"recorded":true,"address":1203169868,"logSize":4023}}
1240820781	none	{"result":{"recorded":true,"address":1240820781,"logSize":4024}}
435543068	none	{"result":{"recorded":true,"address":435543068,"logSize":4025}}
489568762	none	{"result":{"recorded":true,"address":489568762,"logSize":4026}}
325537804	none	{"result":{"recorded":true,"address":325537804,"logSize":4027}}
232145651	none	{"result":{"recorded":true,"address":232145651,"logSize":4028}}
617147334	none	{"result":{"recorded":true,"address":617147334,"logSize":4029}}
1064258316	none	{"result":{"recorded":true,"address":1064258316,"logSize":4030}}
1136674525	none	{"result":{"recorded":true,"address":1136674525,"logSize":4031}}
688070644	none	{"result":{"recorded":true,"address":688070644,"logSize":4032}}
1644702877	none	{"result":{"recorded":true,"address":1644702877,"logSize":4033}}
1547925609	none	{"result":{"recorded":true,"address":1547925609,"logSize":4034}}
871213150	none	{"result":{"recorded":true,"address":871213150,"logSize":4035}}
827978207	none	{"result":{"recorded":true,"address":827978207,"logSize":4036}}
671726367	none	{"result":{"recorded":true,"address":671726367,"logSize":4037}}
1722111662	none	{"result":{"recorded":true,"address":1722111662,"logSize":4038}}
1412197083	none	{"result":{"recorded":true,"address":1412197083,"logSize":4039}}
72081741	none	{"result":{"recorded":true,"address":72081741,"logSize":4040}}
315971367	none	{"result":{"recorded":true,"address":315971367,"logSize":4041}}
1526406967	none	{"result":{"recorded":true,"address":1526406967,"logSize":4042}}
1825386780	none	{"result":{"recorded":true,"address":1825386780,"logSize":4043}}
1852850706	none	{"result":{"recorded":true,"address":1852850706,"logSize":4044}}
1885627230	none	{"result":{"recorded":true,"address":1885627230,"logSize":4045}}
1039841871	none	{"result":{"recorded":true,"address":1039841871,"logSize":4046}}
1757768107	none	{"result":{"recorded":true,"address":1757768107,"logSize":4047}}
615122904	none	{"result":{"recorded":true,"address":615122904,"logSize":4048}}
1104954010	none	{"result":{"recorded":true,"address":1104954010,"logSize":4049}}
281774323	none	{"result":{"recorded":true,"address":281774323,"logSize":4050}}
454631514	none	{"result":{"recorded":true,"address":454631514,"logSize":4051}}
1285193412	none	{"result":{"recorded":true,"address":1285193412,"logSize":4052}}
1494881564	none	{"result":{"recorded":true,"address":1494881564,"logSize":4053}}
1638068553	none	{"result":{"recorded":true,"address":1638068553,"logSize":4054}}
642079139	none	{"result":{"recorded":true,"address":642079139,"logSize":4055}}
1174762125	none	{"result":{"recorded":true,"address":1174762125,"logSize":4056}}
246799480	none	{"result":{"recorded":true,"address":246799480,"logSize":4057}}
1663026111	none	{"result":{"recorded":true,"address":1663026111,"logSize":4058}}
9463711	none	{"result":{"recorded":true,"address":9463711,"logSize":4059}}
1254300042	none	{"result":{"recorded":true,"address":1254300042,"logSize":4060}}
1702531497	none	{"result":{"recorded":true,"address":1702531497,"logSize":4061}}
227497310	none	{"result":{"recorded":true,"address":227497310,"logSize":4062}}
481760110	none	{"result":{"recorded":true,"address":481760110,"logSize":4063}}
1246181709	none	{"result":{"recorded":true,"address":1246181709,"logSize":4064}}
1266930224	none	{"result":{"recorded":true,"address":1266930224,"logSize":4065}}
1409740205	none	{"result":{"recorded":true,"address":1409740205,"logSize":4066}}
1971034575	none	{"result":{"recorded":true,"address":1971034575,"logSize":4067}}
177336589	none	{"result":{"recorded":true,"address":177336589,"logSize":4068}}
1330182447	none	{"result":{"recorded":true,"address":1330182447,"logSize":4069}}
2012577938	none	{"result":{"recorded":true,"address":2012577938,"logSize":4070}}
478478688	none	{"result":{"recorded":true,"address":478478688,"logSize":4071}}
206576497	none	{"result":{"recorded":true,"address":206576497,"logSize":4072}}
1716171698	none	{"result":{"recorded":true,"address":1716171698,"logSize":4073}}
1332555258	none	{"result":{"recorded":true,"address":1332555258,"logSize":4074}}
869446903	none	{"result":{"recorded":true,"address":869446903,"logSize":4075}}
2010851502	none	{"result":{"recorded":true,"address":2010851502,"logSize":4076}}
2068341353	none	{"result":{"recorded":true,"address":2068341353,"logSize":4077}}
1630215023	none	{"result":{"recorded":true,"address":1630215023,"logSize":4078}}
1406618121	none	{"result":{"recorded":true,"address":1406618121,"logSize":4079}}
1615100331	none	{"result":{"recorded":true,"address":1615100331,"logSize":4080}}
2114742415	none	{"result":{"recorded":true,"address":2114742415,"logSize":4081}}
1072664895	none	{"result":{"recorded":true,"address":1072664895,"logSize":4082}}
590742866	none	{"result":{"recorded":true,"address":590742866,"logSize":4083}}
1512578980	none	{"result":{"recorded":true,"address":1512578980,"logSize":4084}}
2134758824	none	{"result":{"recorded":true,"address":2134758824,"logSize":4085}}
714801335	none	{"result":{"recorded":true,"address":714801335,"logSize":4086}}
1415900309	none	{"result":{"recorded":true,"address":1415900309,"logSize":4087}}
1461703653	none	{"result":{"recorded":true,"address":1461703653,"logSize":4088}}
1170798681	none	{"result":{"recorded":true,"address":1170798681,"logSize":4089}}
1646506090	none	{"result":{"recorded":true,"address":1646506090,"logSize":4090}}
211501990	none	{"result":{"recorded":true,"address":211501990,"logSize":4091}}
1757713050	none	{"result":{"recorded":true,"address":1757713050,"logSize":4092}}
1005072897	none	{"result":{"recorded":true,"address":1005072897,"logSize":4093}}
1644081749	none	{"result":{"recorded":true,"address":1644081749,"logSize":4094}}
1352240572	none	{"result":{"recorded":true,"address":1352240572,"logSize":4095}}
1087126714	none	{"result":{"recorded":true,"address":1087126714,"logSize":4096}}
1300664490	none	{"result":{"recorded":true,"address":1300664490,"logSize":4097}}
896313975	none	{"result":{"recorded":true,"address":896313975,"logSize":4098}}
978919336	none	{"result":{"recorded":true,"address":978919336,"logSize":4099}}
2041219430	none	{"result":{"recorded":true,"address":2041219430,"logSize":4100}}
908247387	none	{"result":{"recorded":true,"address":908247387,"logSize":4101}}
313472475	none	{"result":{"recorded":true,"address":313472475,"logSize":4102}}
819867391	none	{"result":{"recorded":true,"address":819867391,"logSize":4103}}
1890449846	none	{"result":{"recorded":true,"address":1890449846,"logSize":4104}}
655032134	none	{"result":{"recorded":true,"address":655032134,"logSize":4105}}
1171631579	none	{"result":{"recorded":true,"address":1171631579,"logSize":4106}}
2137979721	none	{"result":{"recorded":true,"address":2137979721,"logSize":4107}}
849201030	none	{"result":{"recorded":true,"address":849201030,"logSize":4108}}
331430174	none	{"result":{"recorded":true,"address":331430174,"logSize":4109}}
432761239	none	{"result":{"recorded":true,"address":432761239,"logSize":4110}}
1451788109	none	{"result":{"recorded":true,"address":1451788109,"logSize":4111}}
1714199433	none	{"result":{"recorded":true,"address":1714199433,"logSize":4112}}
1049058706	none	{"result":{"recorded":true,"address":1049058706,"logSize":4113}}
2002824708	none	{"result":{"recorded":true,"address":2002824708,"logSize":4114}}
1130966647	none	{"result":{"recorded":true,"address":1130966647,"logSize":4115}}
1630216115	none	{"result":{"recorded":true,"address":1630216115,"logSize":4116}}
1809573272	none	{"result":{"recorded":true,"address":1809573272,"logSize":4117}}
290734018	none	{"result":{"recorded":true,"address":290734018,"logSize":4118}}
187700404	none	{"result":{"recorded":true,"address":187700404,"logSize":4119}}
303852473	none	{"result":{"recorded":true,"address":303852473,"logSize":4120}}
1723371430	none	{"result":{"recorded":true,"address":1723371430,"logSize":4121}}
1410837849	none	{"result":{"recorded":true,"address":1410837849,"logSize":4122}}
373550191	none	{"result":{"recorded":true,"address":373550191,"logSize":4123}}
857721685	none	{"result":{"recorded":true,"address":857721685,"logSize":4124}}
1778704295	none	{"result":{"recorded":true,"address":1778704295,"logSize":4125}}
1621000566	none	{"result":{"recorded":true,"address":1621000566,"logSize":4126}}
688238902	none	{"result":{"recorded":true,"address":688238902,"logSize":4127}}
1191915797	none	{"result":{"recorded":true,"address":1191915797,"logSize":4128}}
252584999	none	{"result":{"recorded":true,"address":252584999,"logSize":4129}}
486111790	none	{"result":{"recorded":true,"address":486111790,"logSize":4130}}
1159642640	none	{"result":{"recorded":true,"address":1159642640,"logSize":4131}}
364891560	none	{"result":{"recorded":true,"address":364891560,"logSize":4132}}
1155962750	none	{"result":{"recorded":true,"address":1155962750,"logSize":4133}}
1472624417	none	{"result":{"recorded":true,"address":1472624417,"logSize":4134}}
2008893201	none	{"result":{"recorded":true,"address":2008893201,"logSize":4135}}
2009151651	none	{"result":{"recorded":true,"address":2009151651,"logSize":4136}}
866039026	none	{"result":{"recorded":true,"address":866039026,"logSize":4137}}
1743402462	none	{"result":{"recorded":true,"address":1743402462,"logSize":4138}}
1997630568	none	{"result":{"recorded":true,"address":1997630568,"logSize":4139}}
765495943	none	{"result":{"recorded":true,"address":765495943,"logSize":4140}}
1704694969	none	{"result":{"recorded":true,"address":1704694969,"logSize":4141}}
471403441	none	{"result":{"recorded":true,"address":471403441,"logSize":4142}}
536820704	none	{"result":{"recorded":true,"address":536820704,"logSize":4143}}
800381889	none	{"result":{"recorded":true,"address":800381889,"logSize":4144}}
1981282939	none	{"result":{"recorded":true,"address":1981282939,"logSize":4145}}
565935446	none	{"result":{"recorded":true,"address":565935446,"logSize":4146}}
393758750	none	{"result":{"recorded":true,"address":393758750,"logSize":4147}}
134443489	none	{"result":{"recorded":true,"address":134443489,"logSize":4148}}
1503150929	none	{"result":{"recorded":true,"address":1503150929,"logSize":4149}}
2108422067	none	{"result":{"recorded":true,"address":2108422067,"logSize":4150}}
1594051985	none	{"result":{"recorded":true,"address":1594051985,"logSize":4151}}
854476920	none	{"result":{"recorded":true,"address":854476920,"logSize":4152}}
1459992446	none	{"result":{"recorded":true,"address":1459992446,"logSize":4153}}
1068208189	none	{"result":{"recorded":true,"address":1068208189,"logSize":4154}}
94002217	none	{"result":{"recorded":true,"address":94002217,"logSize":4155}}
94418886	none	{"result":{"recorded":true,"address":94418886,"logSize":4156}}
1061552765	none	{"result":{"recorded":true,"address":1061552765,"logSize":4157}}
316099520	none	{"result":{"recorded":true,"address":316099520,"logSize":4158}}
1859486534	none	{"result":{"recorded":true,"address":1859486534,"logSize":4159}}
1374827597	none	{"result":{"recorded":true,"address":1374827597,"logSize":4160}}
1650735785	none	{"result":{"recorded":true,"address":1650735785,"logSize":4161}}
21478440	none	{"result":{"recorded":true,"address":21478440,"logSize":4162}}
392571138	none	{"result":{"recorded":true,"address":392571138,"logSize":4163}}
93279536	none	{"result":{"recorded":true,"address":93279536,"logSize":4164}}
594212450	none	{"result":{"recorded":true,"address":594212450,"logSize":4165}}
101181281	none	{"result":{"recorded":true,"address":101181281,"logSize":4166}}
439724456	none	{"result":{"recorded":true,"address":439724456,"logSize":4167}}
986909167	none	{"result":{"recorded":true,"address":986909167,"logSize":4168}}
1525673563	none	{"result":{"recorded":true,"address":1525673563,"logSize":4169}}
1280863831	none	{"result":{"recorded":true,"address":1280863831,"logSize":4170}}
806284980	none	{"result":{"recorded":true,"address":806284980,"logSize":4171}}
900311578	none	{"result":{"recorded":true,"address":900311578,"logSize":4172}}
472054044	none	{"result":{"recorded":true,"address":472054044,"logSize":4173}}
2075514478	none	{"result":{"recorded":true,"address":2075514478,"logSize":4174}}
1438574819	none	{"result":{"recorded":true,"address":1438574819,"logSize":4175}}
449695891	none	{"result":{"recorded":true,"address":449695891,"logSize":4176}}
1208046126	none	{"result":{"recorded":true,"address":1208046126,"logSize":4177}}
1694271556	none	{"result":{"recorded":true,"address":1694271556,"logSize":4178}}
1935046475	none	{"result":{"recorded":true,"address":1935046475,"logSize":4179}}
1773388278	none	{"result":{"recorded":true,"address":1773388278,"logSize":4180}}
1610303096	none	{"result":{"recorded":true,"address":1610303096,"logSize":4181}}
223142111	none	{"result":{"recorded":true,"address":223142111,"logSize":4182}}
1191421260	none	{"result":{"recorded":true,"address":1191421260,"logSize":4183}}
176836326	none	{"result":{"recorded":true,"address":176836326,"logSize":4184}}
771041592	none	{"result":{"recorded":true,"address":771041592,"logSize":4185}}
191567911	none	{"result":{"recorded":true,"address":191567911,"logSize":4186}}
2046766376	none	{"result":{"recorded":true,"address":2046766376,"logSize":4187}}
1053179778	none	{"result":{"recorded":true,"address":1053179778,"logSize":4188}}
1122990188	none	{"result":{"recorded":true,"address":1122990188,"logSize":4189}}
1800177904	none	{"result":{"recorded":true,"address":1800177904,"logSize":4190}}
1198675668	none	{"result":{"recorded":true,"address":1198675668,"logSize":4191}}
1822192494	none	{"result":{"recorded":true,"address":1822192494,"logSize":4192}}
942403236	none	{"result":{"recorded":true,"address":942403236,"logSize":4193}}
1186400484	none	{"result":{"recorded":true,"address":1186400484,"logSize":4194}}
1659996035	none	{"result":{"recorded":true,"address":1659996035,"logSize":4195}}
1805876517	none	{"result":{"recorded":true,"address":1805876517,"logSize":4196}}
1015143774	none	{"result":{"recorded":true,"address":1015143774,"logSize":4197}}
1881752845	none	{"result":{"recorded":true,"address":1881752845,"logSize":4198}}
810881980	none	{"result":{"recorded":true,"address":810881980,"logSize":4199}}
1884040141	none	{"result":{"recorded":true,"address":1884040141,"logSize":4200}}
112793371	none	{"result":{"recorded":true,"address":112793371,"logSize":4201}}
1080061413	none	{"result":{"recorded":true,"address":1080061413,"logSize":4202}}
1047091186	none	{"result":{"recorded":true,"address":1047091186,"logSize":4203}}
1688090447	none	{"result":{"recorded":true,"address":1688090447,"logSize":4204}}
209654921	none	{"result":{"recorded":true,"address":209654921,"logSize":4205}}
1352792429	none	{"result":{"recorded":true,"address":1352792429,"logSize":4206}}
1053250174	none	{"result":{"recorded":true,"address":1053250174,"logSize":4207}}
1416459896	none	{"result":{"recorded":true,"address":1416459896,"logSize":4208}}
42363392	none	{"result":{"recorded":true,"address":42363392,"logSize":4209}}
484295770	none	{"result":{"recorded":true,"address":484295770,"logSize":4210}}
2065566572	none	{"result":{"recorded":true,"address":2065566572,"logSize":4211}}
1866421063	none	{"result":{"recorded":true,"address":1866421063,"logSize":4212}}
2065376349	none	{"result":{"recorded":true,"address":2065376349,"logSize":4213}}
1560118376	none	{"result":{"recorded":true,"address":1560118376,"logSize":4214}}
1987253600	none	{"result":{"recorded":true,"address":1987253600,"logSize":4215}}
332031678	none	{"result":{"recorded":true,"address":332031678,"logSize":4216}}
221018072	none	{"result":{"recorded":true,"address":221018072,"logSize":4217}}
109544326	none	{"result":{"recorded":true,"address":109544326,"logSize":4218}}
1292531845	none	{"result":{"recorded":true,"address":1292531845,"logSize":4219}}
155376487	none	{"result":{"recorded":true,"address":155376487,"logSize":4220}}
53693055	none	{"result":{"recorded":true,"address":53693055,"logSize":4221}}
1881688133	none	{"result":{"recorded":true,"address":1881688133,"logSize":4222}}
1128372619	none	{"result":{"recorded":true,"address":1128372619,"logSize":4223}}
665989661	none	{"result":{"recorded":true,"address":665989661,"logSize":4224}}
396565088	none	{"result":{"recorded":true,"address":396565088,"logSize":4225}}
276553102	none	{"result":{"recorded":true,"address":276553102,"logSize":4226}}
1851383857	none	{"result":{"recorded":true,"address":1851383857,"logSize":4227}}
413435726	none	{"result":{"recorded":true,"address":413435726,"logSize":4228}}
1583733293	none	{"result":{"recorded":true,"address":1583733293,"logSize":4229}}
1413504809	none	{"result":{"recorded":true,"address":1413504809,"logSize":4230}}
641098890	none	{"result":{"recorded":true,"address":641098890,"logSize":4231}}
2067462610	none	{"result":{"recorded":true,"address":2067462610,"logSize":4232}}
1249613201	none	{"result":{"recorded":true,"address":1249613201,"logSize":4233}}
1575636664	none	{"result":{"recorded":true,"address":1575636664,"logSize":4234}}
2036120755	none	{"result":{"recorded":true,"address":2036120755,"logSize":4235}}
1748548747	none	{"result":{"recorded":true,"address":1748548747,"logSize":4236}}
472838945	none	{"result":{"recorded":true,"address":472838945,"logSize":4237}}
795645981	none	{"result":{"recorded":true,"address":795645981,"logSize":4238}}
1920122679	none	{"result":{"recorded":true,"address":1920122679,"logSize":4239}}
1810411297	none	{"result":{"recorded":true,"address":1810411297,"logSize":4240}}
593689118	none	{"result":{"recorded":true,"address":593689118,"logSize":4241}}
2138013560	none	{"result":{"recorded":true,"address":2138013560,"logSize":4242}}
1048903062	none	{"result":{"recorded":true,"address":1048903062,"logSize":4243}}
1149025209	none	{"result":{"recorded":true,"address":1149025209,"logSize":4244}}
790299454	none	{"result":{"recorded":true,"address":790299454,"logSize":4245}}
958280177	none	{"result":{"recorded":true,"address":958280177,"logSize":4246}}
1423714070	none	{"result":{"recorded":true,"address":1423714070,"logSize":4247}}
1935397911	none	{"result":{"recorded":true,"address":1935397911,"logSize":4248}}
1485385216	none	{"result":{"recorded":true,"address":1485385216,"logSize":4249}}
136337517	none	{"result":{"recorded":true,"address":136337517,"logSize":4250}}
1427459984	none	{"result":{"recorded":true,"address":1427459984,"logSize":4251}}
2133210895	none	{"result":{"recorded":true,"address":2133210895,"logSize":4252}}
1631279086	none	{"result":{"recorded":true,"address":1631279086,"logSize":4253}}
210890671	none	{"result":{"recorded":true,"address":210890671,"logSize":4254}}
1080556720	none	{"result":{"recorded":true,"address":1080556720,"logSize":4255}}
1330401576	none	{"result":{"recorded":true,"address":1330401576,"logSize":4256}}
259980930	none	{"result":{"recorded":true,"address":259980930,"logSize":4257}}
21159829	none	{"result":{"recorded":true,"address":21159829,"logSize":4258}}
122762597	none	{"result":{"recorded":true,"address":122762597,"logSize":4259}}
573222185	none	{"result":{"recorded":true,"address":573222185,"logSize":4260}}
620380406	none	{"result":{"recorded":true,"address":620380406,"logSize":4261}}
1870162345	none	{"result":{"recorded":true,"address":1870162345,"logSize":4262}}
715666852	none	{"result":{"recorded":true,"address":715666852,"logSize":4263}}
347085914	none	{"result":{"recorded":true,"address":347085914,"logSize":4264}}
1585531998	none	{"result":{"recorded":true,"address":1585531998,"logSize":4265}}
487529120	none	{"result":{"recorded":true,"address":487529120,"logSize":4266}}
419257158	none	{"result":{"recorded":true,"address":419257158,"logSize":4267}}
29055374	none	{"result":{"recorded":true,"address":29055374,"logSize":4268}}
1552329714	none	{"result":{"recorded":true,"address":1552329714,"logSize":4269}}
527253339	none	{"result":{"recorded":true,"address":527253339,"logSize":4270}}
283203582	none	{"result":{"recorded":true,"address":283203582,"logSize":4271}}
456694145	none	{"result":{"recorded":true,"address":456694145,"logSize":4272}}
1022203477	none	{"result":{"recorded":true,"address":1022203477,"logSize":4273}}
1189638526	none	{"result":{"recorded":true,"address":1189638526,"logSize":4274}}
50255054	none	{"result":{"recorded":true,"address":50255054,"logSize":4275}}
592467096	none	{"result":{"recorded":true,"address":592467096,"logSize":4276}}
1334095215	none	{"result":{"recorded":true,"address":1334095215,"logSize":4277}}
2071031550	none	{"result":{"recorded":true,"address":2071031550,"logSize":4278}}
1875312084	none	{"result":{"recorded":true,"address":1875312084,"logSize":4279}}
1863791425	none	{"result":{"recorded":true,"address":1863791425,"logSize":4280}}
2010349155	none	{"result":{"recorded":true,"address":2010349155,"logSize":4281}}
1890864561	none	{"result":{"recorded":true,"address":1890864561,"logSize":4282}}
1626625983	none	{"result":{"recorded":true,"address":1626625983,"logSize":4283}}
671061960	none	{"result":{"recorded":true,"address":671061960,"logSize":4284}}
721436292	none	{"result":{"recorded":true,"address":721436292,"logSize":4285}}
1615202787	none	{"result":{"recorded":true,"address":1615202787,"logSize":4286}}
706784872	none	{"result":{"recorded":true,"address":706784872,"logSize":4287}}
716278810	none	{"result":{"recorded":true,"address":716278810,"logSize":4288}}
225142845	none	{"result":{"recorded":true,"address":225142845,"logSize":4289}}
1889231366	none	{"result":{"recorded":true,"address":1889231366,"logSize":4290}}
559571199	none	{"result":{"recorded":true,"address":559571199,"logSize":4291}}
1050707169	none	{"result":{"recorded":true,"address":1050707169,"logSize":4292}}
1279075200	none	{"result":{"recorded":true,"address":1279075200,"logSize":4293}}
1802313625	none	{"result":{"recorded":true,"address":1802313625,"logSize":4294}}
370426801	none	{"result":{"recorded":true,"address":370426801,"logSize":4295}}
1927311256	none	{"result":{"recorded":true,"address":1927311256,"logSize":4296}}
26272101	none	{"result":{"recorded":true,"address":26272101,"logSize":4297}}
1006118156	none	{"result":{"recorded":true,"address":1006118156,"logSize":4298}}
1499543650	none	{"result":{"recorded":true,"address":1499543650,"logSize":4299}}
1749988688	none	{"result":{"recorded":true,"address":1749988688,"logSize":4300}}
1174873935	none	{"result":{"recorded":true,"address":1174873935,"logSize":4301}}
1565387293	none	{"result":{"recorded":true,"address":1565387293,"logSize":4302}}
1242956049	none	{"result":{"recorded":true,"address":1242956049,"logSize":4303}}
1656077610	none	{"result":{"recorded":true,"address":1656077610,"logSize":4304}}
1104801146	none	{"result":{"recorded":true,"address":1104801146,"logSize":4305}}
864506486	none	{"result":{"recorded":true,"address":864506486,"logSize":4306}}
1389157402	none	{"result":{"recorded":true,"address":1389157402,"logSize":4307}}
1050549802	none	{"result":{"recorded":true,"address":1050549802,"logSize":4308}}
511575687	none	{"result":{"recorded":true,"address":511575687,"logSize":4309}}
1783611027	none	{"result":{"recorded":true,"address":1783611027,"logSize":4310}}
315986526	none	{"result":{"recorded":true,"address":315986526,"logSize":4311}}
1020282541	none	{"result":{"recorded":true,"address":1020282541,"logSize":4312}}
2087980547	none	{"result":{"recorded":true,"address":2087980547,"logSize":4313}}
824473705	none	{"result":{"recorded":true,"address":824473705,"logSize":4314}}
1715707516	none	{"result":{"recorded":true,"address":1715707516,"logSize":4315}}
438729763	none	{"result":{"recorded":true,"address":438729763,"logSize":4316}}
484014517	none	{"result":{"recorded":true,"address":484014517,"logSize":4317}}
2076505547	none	{"result":{"recorded":true,"address":2076505547,"logSize":4318}}
296773012	none	{"result":{"recorded":true,"address":296773012,"logSize":4319}}
1747474217	none	{"result":{"recorded":true,"address":1747474217,"logSize":4320}}
718430911	none	{"result":{"recorded":true,"address":718430911,"logSize":4321}}
553552826	none	{"result":{"recorded":true,"address":553552826,"logSize":4322}}
1111980174	none	{"result":{"recorded":true,"address":1111980174,"logSize":4323}}
968736180	none	{"result":{"recorded":true,"address":968736180,"logSize":4324}}
762454821	none	{"result":{"recorded":true,"address":762454821,"logSize":4325}}
1680935570	none	{"result":{"recorded":true,"address":1680935570,"logSize":4326}}
198219865	none	{"result":{"recorded":true,"address":198219865,"logSize":4327}}
625536307	none	{"result":{"recorded":true,"address":625536307,"logSize":4328}}
565378037	none	{"result":{"recorded":true,"address":565378037,"logSize":4329}}
544267599	none	{"result":{"recorded":true,"address":544267599,"logSize":4330}}
679504620	none	{"result":{"recorded":true,"address":679504620,"logSize":4331}}
986944479	none	{"result":{"recorded":true,"address":986944479,"logSize":4332}}
768780982	none	{"result":{"recorded":true,"address":768780982,"logSize":4333}}
922219954	none	{"result":{"recorded":true,"address":922219954,"logSize":4334}}
849863792	none	{"result":{"recorded":true,"address":849863792,"logSize":4335}}
638655784	none	{"result":{"recorded":true,"address":638655784,"logSize":4336}}
1516555075	none	{"result":{"recorded":true,"address":1516555075,"logSize":4337}}
186974415	none	{"result":{"recorded":true,"address":186974415,"logSize":4338}}
1793732172	none	{"result":{"recorded":true,"address":1793732172,"logSize":4339}}
1058112792	none	{"result":{"recorded":true,"address":1058112792,"logSize":4340}}
917413158	none	{"result":{"recorded":true,"address":917413158,"logSize":4341}}
760823526	none	{"result":{"recorded":true,"address":760823526,"logSize":4342}}
973046644	none	{"result":{"recorded":true,"address":973046644,"logSize":4343}}
1901863540	none	{"result":{"recorded":true,"address":1901863540,"logSize":4344}}
1318812494	none	{"result":{"recorded":true,"address":1318812494,"logSize":4345}}
1978309252	none	{"result":{"recorded":true,"address":1978309252,"logSize":4346}}
370694189	none	{"result":{"recorded":true,"address":370694189,"logSize":4347}}
1340290365	none	{"result":{"recorded":true,"address":1340290365,"logSize":4348}}
1374413717	none	{"result":{"recorded":true,"address":1374413717,"logSize":4349}}
362214096	none	{"result":{"recorded":true,"address":362214096,"logSize":4350}}
1022054231	none	{"result":{"recorded":true,"address":1022054231,"logSize":4351}}
1094199412	none	{"result":{"recorded":true,"address":1094199412,"logSize":4352}}
2055073927	none	{"result":{"recorded":true,"address":2055073927,"logSize":4353}}
1637271304	none	{"result":{"recorded":true,"address":1637271304,"logSize":4354}}
2137848762	none	{"result":{"recorded":true,"address":2137848762,"logSize":4355}}
663969589	none	{"result":{"recorded":true,"address":663969589,"logSize":4356}}
1816228606	none	{"result":{"recorded":true,"address":1816228606,"logSize":4357}}
2062764844	none	{"result":{"recorded":true,"address":2062764844,"logSize":4358}}
115887189	none	{"result":{"recorded":true,"address":115887189,"logSize":4359}}
1421688659	none	{"result":{"recorded":true,"address":1421688659,"logSize":4360}}
1592256789	none	{"result":{"recorded":true,"address":1592256789,"logSize":4361}}
178356599	none	{"result":{"recorded":true,"address":178356599,"logSize":4362}}
107380001	none	{"result":{"recorded":true,"address":107380001,"logSize":4363}}
2022830530	none	{"result":{"recorded":true,"address":2022830530,"logSize":4364}}
1752716203	none	{"result":{"recorded":true,"address":1752716203,"logSize":4365}}
1606069671	none	{"result":{"recorded":true,"address":1606069671,"logSize":4366}}
1503691627	none	{"result":{"recorded":true,"address":1503691627,"logSize":4367}}
1139266783	none	{"result":{"recorded":true,"address":1139266783,"logSize":4368}}
449401470	none	{"result":{"recorded":true,"address":449401470,"logSize":4369}}
59146979	none	{"result":{"recorded":true,"address":59146979,"logSize":4370}}
358494660	none	{"result":{"recorded":true,"address":358494660,"logSize":4371}}
59805539	none	{"result":{"recorded":true,"address":59805539,"logSize":4372}}
1968895224	none	{"result":{"recorded":true,"address":1968895224,"logSize":4373}}
852902684	none	{"result":{"recorded":true,"address":852902684,"logSize":4374}}
2029469179	none	{"result":{"recorded":true,"address":2029469179,"logSize":4375}}
1325430055	none	{"result":{"recorded":true,"address":1325430055,"logSize":4376}}
1610755192	none	{"result":{"recorded":true,"address":1610755192,"logSize":4377}}
284695289	none	{"result":{"recorded":true,"address":284695289,"logSize":4378}}
1334657506	none	{"result":{"recorded":true,"address":1334657506,"logSize":4379}}
1078378186	none	{"result":{"recorded":true,"address":1078378186,"logSize":4380}}
2006462861	none	{"result":{"recorded":true,"address":2006462861,"logSize":4381}}
1020764614	none	{"result":{"recorded":true,"address":1020764614,"logSize":4382}}
363575150	none	{"result":{"recorded":true,"address":363575150,"logSize":4383}}
1816472304	none	{"result":{"recorded":true,"address":1816472304,"logSize":4384}}
366619253	none	{"result":{"recorded":true,"address":366619253,"logSize":4385}}
445179499	none	{"result":{"recorded":true,"address":445179499,"logSize":4386}}
1314650971	none	{"result":{"recorded":true,"address":1314650971,"logSize":4387}}
562561844	none	{"result":{"recorded":true,"address":562561844,"logSize":4388}}
279765891	none	{"result":{"recorded":true,"address":279765891,"logSize":4389}}
1105713282	none	{"result":{"recorded":true,"address":1105713282,"logSize":4390}}
273377667	none	{"result":{"recorded":true,"address":273377667,"logSize":4391}}
1215766286	none	{"result":{"recorded":true,"address":1215766286,"logSize":4392}}
471366241	none	{"result":{"recorded":true,"address":471366241,"logSize":4393}}
529497167	none	{"result":{"recorded":true,"address":529497167,"logSize":4394}}
1126424376	none	{"result":{"recorded":true,"address":1126424376,"logSize":4395}}
2065340601	none	{"result":{"recorded":true,"address":2065340601,"logSize":4396}}
201352145	none	{"result":{"recorded":true,"address":201352145,"logSize":4397}}
499025348	none	{"result":{"recorded":true,"address":499025348,"logSize":4398}}
1448787347	none	{"result":{"recorded":true,"address":1448787347,"logSize":4399}}
318922878	none	{"result":{"recorded":true,"address":318922878,"logSize":4400}}
1400417	none	{"result":{"recorded":true,"address":1400417,"logSize":4401}}
1191983543	none	{"result":{"recorded":true,"address":1191983543,"logSize":4402}}
19827069	none	{"result":{"recorded":true,"address":19827069,"logSize":4403}}
460075486	none	{"result":{"recorded":true,"address":460075486,"logSize":4404}}
1786851361	none	{"result":{"recorded":true,"address":1786851361,"logSize":4405}}
1978762143	none	{"result":{"recorded":true,"address":1978762143,"logSize":4406}}
1283996130	none	{"result":{"recorded":true,"address":1283996130,"logSize":4407}}
1819059748	none	{"result":{"recorded":true,"address":1819059748,"logSize":4408}}
97765201	none	{"result":{"recorded":true,"address":97765201,"logSize":4409}}
930404589	none	{"result":{"recorded":true,"address":930404589,"logSize":4410}}
405271472	none	{"result":{"recorded":true,"address":405271472,"logSize":4411}}
579211341	none	{"result":{"recorded":true,"address":579211341,"logSize":4412}}
1082200570	none	{"result":{"recorded":true,"address":1082200570,"logSize":4413}}
1384957553	none	{"result":{"recorded":true,"address":1384957553,"logSize":4414}}
2040972422	none	{"result":{"recorded":true,"address":2040972422,"logSize":4415}}
805721991	none	{"result":{"recorded":true,"address":805721991,"logSize":4416}}
132622877	none	{"result":{"recorded":true,"address":132622877,"logSize":4417}}
2117025253	none	{"result":{"recorded":true,"address":2117025253,"logSize":4418}}
604179315	none	{"result":{"recorded":true,"address":604179315,"logSize":4419}}
844316565	none	{"result":{"recorded":true,"address":844316565,"logSize":4420}}
1360383512	none	{"result":{"recorded":true,"address":1360383512,"logSize":4421}}
359944806	none	{"result":{"recorded":true,"address":359944806,"logSize":4422}}
173449853	none	{"result":{"recorded":true,"address":173449853,"logSize":4423}}
978027758	none	{"result":{"recorded":true,"address":978027758,"logSize":4424}}
1701512999	none	{"result":{"recorded":true,"address":1701512999,"logSize":4425}}
1771311774	none	{"result":{"recorded":true,"address":1771311774,"logSize":4426}}
636621758	none	{"result":{"recorded":true,"address":636621758,"logSize":4427}}
426676588	none	{"result":{"recorded":true,"address":426676588,"logSize":4428}}
1232355454	none	{"result":{"recorded":true,"address":1232355454,"logSize":4429}}
1208808554	none	{"result":{"recorded":true,"address":1208808554,"logSize":4430}}
1946341512	none	{"result":{"recorded":true,"address":1946341512,"logSize":4431}}
1925838172	none	{"result":{"recorded":true,"address":1925838172,"logSize":4432}}
402194896	none	{"result":{"recorded":true,"address":402194896,"logSize":4433}}
2132582496	none	{"result":{"recorded":true,"address":2132582496,"logSize":4434}}
1853722650	none	{"result":{"recorded":true,"address":1853722650,"logSize":4435}}
1839933157	none	{"result":{"recorded":true,"address":1839933157,"logSize":4436}}
75294304	none	{"result":{"recorded":true,"address":75294304,"logSize":4437}}
145897153	none	{"result":{"recorded":true,"address":145897153,"logSize":4438}}
1735677372	none	{"result":{"recorded":true,"address":1735677372,"logSize":4439}}
1923543422	none	{"result":{"recorded":true,"address":1923543422,"logSize":4440}}
1918363507	none	{"result":{"recorded":true,"address":1918363507,"logSize":4441}}
689087402	none	{"result":{"recorded":true,"address":689087402,"logSize":4442}}
786711547	none	{"result":{"recorded":true,"address":786711547,"logSize":4443}}
1818448296	none	{"result":{"recorded":true,"address":1818448296,"logSize":4444}}
455522068	none	{"result":{"recorded":true,"address":455522068,"logSize":4445}}
319458670	none	{"result":{"recorded":true,"address":319458670,"logSize":4446}}
739733086	none	{"result":{"recorded":true,"address":739733086,"logSize":4447}}
398887335	none	{"result":{"recorded":true,"address":398887335,"logSize":4448}}
947577865	none	{"result":{"recorded":true,"address":947577865,"logSize":4449}}
1699575463	none	{"result":{"recorded":true,"address":1699575463,"logSize":4450}}
1195957568	none	{"result":{"recorded":true,"address":1195957568,"logSize":4451}}
405117359	none	{"result":{"recorded":true,"address":405117359,"logSize":4452}}
682024263	none	{"result":{"recorded":true,"address":682024263,"logSize":4453}}
97047362	none	{"result":{"recorded":true,"address":97047362,"logSize":4454}}
268555201	none	{"result":{"recorded":true,"address":268555201,"logSize":4455}}
2061003053	none	{"result":{"recorded":true,"address":2061003053,"logSize":4456}}
874104037	none	{"result":{"recorded":true,"address":874104037,"logSize":4457}}
829706354	none	{"result":{"recorded":true,"address":829706354,"logSize":4458}}
751944075	none	{"result":{"recorded":true,"address":751944075,"logSize":4459}}
1335647829	none	{"result":{"recorded":true,"address":1335647829,"logSize":4460}}
819076152	none	{"result":{"recorded":true,"address":819076152,"logSize":4461}}
801464004	none	{"result":{"recorded":true,"address":801464004,"logSize":4462}}
1238975323	none	{"result":{"recorded":true,"address":1238975323,"logSize":4463}}
763137263	none	{"result":{"recorded":true,"address":763137263,"logSize":4464}}
995957153	none	{"result":{"recorded":true,"address":995957153,"logSize":4465}}
2027782513	none	{"result":{"recorded":true,"address":2027782513,"logSize":4466}}
607381468	none	{"result":{"recorded":true,"address":607381468,"logSize":4467}}
1820454811	none	{"result":{"recorded":true,"address":1820454811,"logSize":4468}}
1367168440	none	{"result":{"recorded":true,"address":1367168440,"logSize":4469}}
645953797	none	{"result":{"recorded":true,"address":645953797,"logSize":4470}}
1428941974	none	{"result":{"recorded":true,"address":1428941974,"logSize":4471}}
206038920	none	{"result":{"recorded":true,"address":206038920,"logSize":4472}}
118004827	none	{"result":{"recorded":true,"address":118004827,"logSize":4473}}
147526446	none	{"result":{"recorded":true,"address":147526446,"logSize":4474}}
1282527180	none	{"result":{"recorded":true,"address":1282527180,"logSize":4475}}
1805174874	none	{"result":{"recorded":true,"address":1805174874,"logSize":4476}}
702507778	none	{"result":{"recorded":true,"address":702507778,"logSize":4477}}
2040308558	none	{"result":{"recorded":true,"address":2040308558,"logSize":4478}}
86291378	none	{"result":{"recorded":true,"address":86291378,"logSize":4479}}
1024096149	none	{"result":{"recorded":true,"address":1024096149,"logSize":4480}}
1907306667	none	{"result":{"recorded":true,"address":1907306667,"logSize":4481}}
1425535555	none	{"result":{"recorded":true,"address":1425535555,"logSize":4482}}
1273008427	none	{"result":{"recorded":true,"address":1273008427,"logSize":4483}}
1178577499	none	{"result":{"recorded":true,"address":1178577499,"logSize":4484}}
1495352572	none	{"result":{"recorded":true,"address":1495352572,"logSize":4485}}
884597813	none	{"result":{"recorded":true,"address":884597813,"logSize":4486}}
535451870	none	{"result":{"recorded":true,"address":535451870,"logSize":4487}}
1466237351	none	{"result":{"recorded":true,"address":1466237351,"logSize":4488}}
655381434	none	{"result":{"recorded":true,"address":655381434,"logSize":4489}}
1710829504	none	{"result":{"recorded":true,"address":1710829504,"logSize":4490}}
668657835	none	{"result":{"recorded":true,"address":668657835,"logSize":4491}}
720328016	none	{"result":{"recorded":true,"address":720328016,"logSize":4492}}
1071778050	none	{"result":{"recorded":true,"address":1071778050,"logSize":4493}}
1769860229	none	{"result":{"recorded":true,"address":1769860229,"logSize":4494}}
1789278781	none	{"result":{"recorded":true,"address":1789278781,"logSize":4495}}
1429556264	none	{"result":{"recorded":true,"address":1429556264,"logSize":4496}}
912989771	none	{"result":{"recorded":true,"address":912989771,"logSize":4497}}
194326488	none	{"result":{"recorded":true,"address":194326488,"logSize":4498}}
1762367738	none	{"result":{"recorded":true,"address":1762367738,"logSize":4499}}
288735163	none	{"result":{"recorded":true,"address":288735163,"logSize":4500}}
1349331882	none	{"result":{"recorded":true,"address":1349331882,"logSize":4501}}
2009689455	none	{"result":{"recorded":true,"address":2009689455,"logSize":4502}}
226592492	none	{"result":{"recorded":true,"address":226592492,"logSize":4503}}
1912340755	none	{"result":{"recorded":true,"address":1912340755,"logSize":4504}}
631088332	none	{"result":{"recorded":true,"address":631088332,"logSize":4505}}
123147898	none	{"result":{"recorded":true,"address":123147898,"logSize":4506}}
916162945	none	{"result":{"recorded":true,"address":916162945,"logSize":4507}}
1672606189	none	{"result":{"recorded":true,"address":1672606189,"logSize":4508}}
1851185178	none	{"result":{"recorded":true,"address":1851185178,"logSize":4509}}
232081386	none	{"result":{"recorded":true,"address":232081386,"logSize":4510}}
1854446772	none	{"result":{"recorded":true,"address":1854446772,"logSize":4511}}
1058232834	none	{"result":{"recorded":true,"address":1058232834,"logSize":4512}}
1796026366	none	{"result":{"recorded":true,"address":1796026366,"logSize":4513}}
1529828558	none	{"result":{"recorded":true,"address":1529828558,"logSize":4514}}
1248562982	none	{"result":{"recorded":true,"address":1248562982,"logSize":4515}}
989215630	none	{"result":{"recorded":true,"address":989215630,"logSize":4516}}
1144694505	none	{"result":{"recorded":true,"address":1144694505,"logSize":4517}}
161113188	none	{"result":{"recorded":true,"address":161113188,"logSize":4518}}
265669445	none	{"result":{"recorded":true,"address":265669445,"logSize":4519}}
652890387	none	{"result":{"recorded":true,"address":652890387,"logSize":4520}}
1365069148	none	{"result":{"recorded":true,"address":1365069148,"logSize":4521}}
1954543315	none	{"result":{"recorded":true,"address":1954543315,"logSize":4522}}
1979098793	none	{"result":{"recorded":true,"address":1979098793,"logSize":4523}}
1217507413	none	{"result":{"recorded":true,"address":1217507413,"logSize":4524}}
346836507	none	{"result":{"recorded":true,"address":346836507,"logSize":4525}}
1404673384	none	{"result":{"recorded":true,"address":1404673384,"logSize":4526}}
639927374	none	{"result":{"recorded":true,"address":639927374,"logSize":4527}}
137111198	none	{"result":{"recorded":true,"address":137111198,"logSize":4528}}
1464034977	none	{"result":{"recorded":true,"address":1464034977,"logSize":4529}}
1994276265	none	{"result":{"recorded":true,"address":1994276265,"logSize":4530}}
570131563	none	{"result":{"recorded":true,"address":570131563,"logSize":4531}}
1594581506	none	{"result":{"recorded":true,"address":1594581506,"logSize":4532}}
867401680	none	{"result":{"recorded":true,"address":867401680,"logSize":4533}}
1247295128	none	{"result":{"recorded":true,"address":1247295128,"logSize":4534}}
1682700762	none	{"result":{"recorded":true,"address":1682700762,"logSize":4535}}
860522655	none	{"result":{"recorded":true,"address":860522655,"logSize":4536}}
1524561509	none	{"result":{"recorded":true,"address":1524561509,"logSize":4537}}
1222594404	none	{"result":{"recorded":true,"address":1222594404,"logSize":4538}}
1135272399	none	{"result":{"recorded":true,"address":1135272399,"logSize":4539}}
1422320357	none	{"result":{"recorded":true,"address":1422320357,"logSize":4540}}
1774082285	none	{"result":{"recorded":true,"address":1774082285,"logSize":4541}}
491542910	none	{"result":{"recorded":true,"address":491542910,"logSize":4542}}
1528177284	none	{"result":{"recorded":true,"address":1528177284,"logSize":4543}}
1538163779	none	{"result":{"recorded":true,"address":1538163779,"logSize":4544}}
70029084	none	{"result":{"recorded":true,"address":70029084,"logSize":4545}}
1826706770	none	{"result":{"recorded":true,"address":1826706770,"logSize":4546}}
306969423	none	{"result":{"recorded":true,"address":306969423,"logSize":4547}}
2112604347	none	{"result":{"recorded":true,"address":2112604347,"logSize":4548}}
452870063	none	{"result":{"recorded":true,"address":452870063,"logSize":4549}}
1898058393	none	{"result":{"recorded":true,"address":1898058393,"logSize":4550}}
520792788	none	{"result":{"recorded":true,"address":520792788,"logSize":4551}}
685926324	none	{"result":{"recorded":true,"address":685926324,"logSize":4552}}
551481102	none	{"result":{"recorded":true,"address":551481102,"logSize":4553}}
1141097560	none	{"result":{"recorded":true,"address":1141097560,"logSize":4554}}
452095947	none	{"result":{"recorded":true,"address":452095947,"logSize":4555}}
1562598871	none	{"result":{"recorded":true,"address":1562598871,"logSize":4556}}
1019329295	none	{"result":{"recorded":true,"address":1019329295,"logSize":4557}}
2131887098	none	{"result":{"recorded":true,"address":2131887098,"logSize":4558}}
1188644396	none	{"result":{"recorded":true,"address":1188644396,"logSize":4559}}
1374747188	none	{"result":{"recorded":true,"address":1374747188,"logSize":4560}}
1845922609	none	{"result":{"recorded":true,"address":1845922609,"logSize":4561}}
461198445	none	{"result":{"recorded":true,"address":461198445,"logSize":4562}}
1637872480	none	{"result":{"recorded":true,"address":1637872480,"logSize":4563}}
1608080542	none	{"result":{"recorded":true,"address":1608080542,"logSize":4564}}
218318368	none	{"result":{"recorded":true,"address":218318368,"logSize":4565}}
2012234090	none	{"result":{"recorded":true,"address":2012234090,"logSize":4566}}
1380512115	none	{"result":{"recorded":true,"address":1380512115,"logSize":4567}}
954455737	none	{"result":{"recorded":true,"address":954455737,"logSize":4568}}
33882479	none	{"result":{"recorded":true,"address":33882479,"logSize":4569}}
1193358771	none	{"result":{"recorded":true,"address":1193358771,"logSize":4570}}
1245478646	none	{"result":{"recorded":true,"address":1245478646,"logSize":4571}}
26009834	none	{"result":{"recorded":true,"address":26009834,"logSize":4572}}
1795404168	none	{"result":{"recorded":true,"address":1795404168,"logSize":4573}}
443703001	none	{"result":{"recorded":true,"address":443703001,"logSize":4574}}
1345141511	none	{"result":{"recorded":true,"address":1345141511,"logSize":4575}}
993477668	none	{"result":{"recorded":true,"address":993477668,"logSize":4576}}
1497917717	none	{"result":{"recorded":true,"address":1497917717,"logSize":4577}}
2144954033	none	{"result":{"recorded":true,"address":2144954033,"logSize":4578}}
1805088842	none	{"result":{"recorded":true,"address":1805088842,"logSize":4579}}
755385996	none	{"result":{"recorded":true,"address":755385996,"logSize":4580}}
1276666014	none	{"result":{"recorded":true,"address":1276666014,"logSize":4581}}
1636893987	none	{"result":{"recorded":true,"address":1636893987,"logSize":4582}}
1325957180	none	{"result":{"recorded":true,"address":1325957180,"logSize":4583}}
1297258940	none	{"result":{"recorded":true,"address":1297258940,"logSize":4584}}
88168480	none	{"result":{"recorded":true,"address":88168480,"logSize":4585}}
600796010	none	{"result":{"recorded":true,"address":600796010,"logSize":4586}}
1841742997	none	{"result":{"recorded":true,"address":1841742997,"logSize":4587}}
811345834	none	{"result":{"recorded":true,"address":811345834,"logSize":4588}}
109744317	none	{"result":{"recorded":true,"address":109744317,"logSize":4589}}
799157876	none	{"result":{"recorded":true,"address":799157876,"logSize":4590}}
2011825730	none	{"result":{"recorded":true,"address":2011825730,"logSize":4591}}
1905413857	none	{"result":{"recorded":true,"address":1905413857,"logSize":4592}}
645812477	none	{"result":{"recorded":true,"address":645812477,"logSize":4593}}
1845318062	none	{"result":{"recorded":true,"address":1845318062,"logSize":4594}}
668399213	none	{"result":{"recorded":true,"address":668399213,"logSize":4595}}
328932	none	{"result":{"recorded":true,"address":328932,"logSize":4596}}
1480163770	none	{"result":{"recorded":true,"address":1480163770,"logSize":4597}}
1730405165	none	{"result":{"recorded":true,"address":1730405165,"logSize":4598}}
1612870555	none	{"result":{"recorded":true,"address":1612870555,"logSize":4599}}
271338095	none	{"result":{"recorded":true,"address":271338095,"logSize":4600}}
632424770	none	{"result":{"recorded":true,"address":632424770,"logSize":4601}}
1956835808	none	{"result":{"recorded":true,"address":1956835808,"logSize":4602}}
1595805883	none	{"result":{"recorded":true,"address":1595805883,"logSize":4603}}
1208586073	none	{"result":{"recorded":true,"address":1208586073,"logSize":4604}}
1791212060	none	{"result":{"recorded":true,"address":1791212060,"logSize":4605}}
669820933	none	{"result":{"recorded":true,"address":669820933,"logSize":4606}}
1327243598	none	{"result":{"recorded":true,"address":1327243598,"logSize":4607}}
1371751893	none	{"result":{"recorded":true,"address":1371751893,"logSize":4608}}
460547524	none	{"result":{"recorded":true,"address":460547524,"logSize":4609}}
527274024	none	{"result":{"recorded":true,"address":527274024,"logSize":4610}}
1156011280	none	{"result":{"recorded":true,"address":1156011280,"logSize":4611}}
44429114	none	{"result":{"recorded":true,"address":44429114,"logSize":4612}}
1768264977	none	{"result":{"recorded":true,"address":1768264977,"logSize":4613}}
66966738	none	{"result":{"recorded":true,"address":66966738,"logSize":4614}}
1675549913	none	{"result":{"recorded":true,"address":1675549913,"logSize":4615}}
2058964024	none	{"result":{"recorded":true,"address":2058964024,"logSize":4616}}
968300511	none	{"result":{"recorded":true,"address":968300511,"logSize":4617}}
641862839	none	{"result":{"recorded":true,"address":641862839,"logSize":4618}}
323801177	none	{"result":{"recorded":true,"address":323801177,"logSize":4619}}
730321837	none	{"result":{"recorded":true,"address":730321837,"logSize":4620}}
1844808426	none	{"result":{"recorded":true,"address":1844808426,"logSize":4621}}
1587330934	none	{"result":{"recorded":true,"address":1587330934,"logSize":4622}}
74459945	none	{"result":{"recorded":true,"address":74459945,"logSize":4623}}
1597551776	none	{"result":{"recorded":true,"address":1597551776,"logSize":4624}}
448872805	none	{"result":{"recorded":true,"address":448872805,"logSize":4625}}
1979224282	none	{"result":{"recorded":true,"address":1979224282,"logSize":4626}}
1289191532	none	{"result":{"recorded":true,"address":1289191532,"logSize":4627}}
1730166072	none	{"result":{"recorded":true,"address":1730166072,"logSize":4628}}
134554517	none	{"result":{"recorded":true,"address":134554517,"logSize":4629}}
1062181542	none	{"result":{"recorded":true,"address":1062181542,"logSize":4630}}
1404331859	none	{"result":{"recorded":true,"address":1404331859,"logSize":4631}}
942717988	none	{"result":{"recorded":true,"address":942717988,"logSize":4632}}
1723742583	none	{"result":{"recorded":true,"address":1723742583,"logSize":4633}}
412040885	none	{"result":{"recorded":true,"address":412040885,"logSize":4634}}
331385065	none	{"result":{"recorded":true,"address":331385065,"logSize":4635}}
1676713595	none	{"result":{"recorded":true,"address":1676713595,"logSize":4636}}
1084825687	none	{"result":{"recorded":true,"address":1084825687,"logSize":4637}}
1289420681	none	{"result":{"recorded":true,"address":1289420681,"logSize":4638}}
536241556	none	{"result":{"recorded":true,"address":536241556,"logSize":4639}}
483788240	none	{"result":{"recorded":true,"address":483788240,"logSize":4640}}
858811410	none	{"result":{"recorded":true,"address":858811410,"logSize":4641}}
1336763086	none	{"result":{"recorded":true,"address":1336763086,"logSize":4642}}
1598564637	none	{"result":{"recorded":true,"address":1598564637,"logSize":4643}}
2065469087	none	{"result":{"recorded":true,"address":2065469087,"logSize":4644}}
972390593	none	{"result":{"recorded":true,"address":972390593,"logSize":4645}}
576610509	none	{"result":{"recorded":true,"address":576610509,"logSize":4646}}
1965319050	none	{"result":{"recorded":true,"address":1965319050,"logSize":4647}}
1421304745	none	{"result":{"recorded":true,"address":1421304745,"logSize":4648}}
1436818004	none	{"result":{"recorded":true,"address":1436818004,"logSize":4649}}
911611731	none	{"result":{"recorded":true,"address":911611731,"logSize":4650}}
370576927	none	{"result":{"recorded":true,"address":370576927,"logSize":4651}}
1137571128	none	{"result":{"recorded":true,"address":1137571128,"logSize":4652}}
1149716646	none	{"result":{"recorded":true,"address":1149716646,"logSize":4653}}
1694353598	none	{"result":{"recorded":true,"address":1694353598,"logSize":4654}}
335598202	none	{"result":{"recorded":true,"address":335598202,"logSize":4655}}
1488418044	none	{"result":{"recorded":true,"address":1488418044,"logSize":4656}}
976642220	none	{"result":{"recorded":true,"address":976642220,"logSize":4657}}
1896622537	none	{"result":{"recorded":true,"address":1896622537,"logSize":4658}}
599602106	none	{"result":{"recorded":true,"address":599602106,"logSize":4659}}
454144522	none	{"result":{"recorded":true,"address":454144522,"logSize":4660}}
1687653409	none	{"result":{"recorded":true,"address":1687653409,"logSize":4661}}
1829005210	none	{"result":{"recorded":true,"address":1829005210,"logSize":4662}}
644542916	none	{"result":{"recorded":true,"address":644542916,"logSize":4663}}
820016858	none	{"result":{"recorded":true,"address":820016858,"logSize":4664}}
1257314872	none	{"result":{"recorded":true,"address":1257314872,"logSize":4665}}
1057975036	none	{"result":{"recorded":true,"address":1057975036,"logSize":4666}}
1542945818	none	{"result":{"recorded":true,"address":1542945818,"logSize":4667}}
1840667276	none	{"result":{"recorded":true,"address":1840667276,"logSize":4668}}
284517868	none	{"result":{"recorded":true,"address":284517868,"logSize":4669}}
285855599	none	{"result":{"recorded":true,"address":285855599,"logSize":4670}}
760647111	none	{"result":{"recorded":true,"address":760647111,"logSize":4671}}
218671348	none	{"result":{"recorded":true,"address":218671348,"logSize":4672}}
976862550	none	{"result":{"recorded":true,"address":976862550,"logSize":4673}}
1200391854	none	{"result":{"recorded":true,"address":1200391854,"logSize":4674}}
1741099177	none	{"result":{"recorded":true,"address":1741099177,"logSize":4675}}
1564860731	none	{"result":{"recorded":true,"address":1564860731,"logSize":4676}}
215716879	none	{"result":{"recorded":true,"address":215716879,"logSize":4677}}
2131151902	none	{"result":{"recorded":true,"address":2131151902,"logSize":4678}}
1288967254	none	{"result":{"recorded":true,"address":1288967254,"logSize":4679}}
1658782546	none	{"result":{"recorded":true,"address":1658782546,"logSize":4680}}
1463803319	none	{"result":{"recorded":true,"address":1463803319,"logSize":4681}}
1812522129	none	{"result":{"recorded":true,"address":1812522129,"logSize":4682}}
1964516398	none	{"result":{"recorded":true,"address":1964516398,"logSize":4683}}
1377774777	none	{"result":{"recorded":true,"address":1377774777,"logSize":4684}}
128967602	none	{"result":{"recorded":true,"address":128967602,"logSize":4685}}
1410847482	none	{"result":{"recorded":true,"address":1410847482,"logSize":4686}}
1173757212	none	{"result":{"recorded":true,"address":1173757212,"logSize":4687}}
1615187656	none	{"result":{"recorded":true,"address":1615187656,"logSize":4688}}
432934539	none	{"result":{"recorded":true,"address":432934539,"logSize":4689}}
49143852	none	{"result":{"recorded":true,"address":49143852,"logSize":4690}}
111041408	none	{"result":{"recorded":true,"address":111041408,"logSize":4691}}
1078103879	none	{"result":{"recorded":true,"address":1078103879,"logSize":4692}}
1233490681	none	{"result":{"recorded":true,"address":1233490681,"logSize":4693}}
1353792659	none	{"result":{"recorded":true,"address":1353792659,"logSize":4694}}
618598990	none	{"result":{"recorded":true,"address":618598990,"logSize":4695}}
1196010686	none	{"result":{"recorded":true,"address":1196010686,"logSize":4696}}
6296893	none	{"result":{"recorded":true,"address":6296893,"logSize":4697}}
597805441	none	{"result":{"recorded":true,"address":597805441,"logSize":4698}}
931440439	none	{"result":{"recorded":true,"address":931440439,"logSize":4699}}
1531322146	none	{"result":{"recorded":true,"address":1531322146,"logSize":4700}}
963139285	none	{"result":{"recorded":true,"address":963139285,"logSize":4701}}
1516165537	none	{"result":{"recorded":true,"address":1516165537,"logSize":4702}}
19773123	none	{"result":{"recorded":true,"address":19773123,"logSize":4703}}
526581853	none	{"result":{"recorded":true,"address":526581853,"logSize":4704}}
1093836839	none	{"result":{"recorded":true,"address":1093836839,"logSize":4705}}
294450869	none	{"result":{"recorded":true,"address":294450869,"logSize":4706}}
1921029624	none	{"result":{"recorded":true,"address":1921029624,"logSize":4707}}
137008091	none	{"result":{"recorded":true,"address":137008091,"logSize":4708}}
495656776	none	{"result":{"recorded":true,"address":495656776,"logSize":4709}}
380836654	none	{"result":{"recorded":true,"address":380836654,"logSize":4710}}
261890742	none	{"result":{"recorded":true,"address":261890742,"logSize":4711}}
1106045560	none	{"result":{"recorded":true,"address":1106045560,"logSize":4712}}
421605366	none	{"result":{"recorded":true,"address":421605366,"logSize":4713}}
1945595392	none	{"result":{"recorded":true,"address":1945595392,"logSize":4714}}
1077754827	none	{"result":{"recorded":true,"address":1077754827,"logSize":4715}}
1068795317	none	{"result":{"recorded":true,"address":1068795317,"logSize":4716}}
1288278047	none	{"result":{"recorded":true,"address":1288278047,"logSize":4717}}
772462386	none	{"result":{"recorded":true,"address":772462386,"logSize":4718}}
819368957	none	{"result":{"recorded":true,"address":819368957,"logSize":4719}}
1811888946	none	{"result":{"recorded":true,"address":1811888946,"logSize":4720}}
930645020	none	{"result":{"recorded":true,"address":930645020,"logSize":4721}}
1273326102	none	{"result":{"recorded":true,"address":1273326102,"logSize":4722}}
1262363235	none	{"result":{"recorded":true,"address":1262363235,"logSize":4723}}
1618299960	none	{"result":{"recorded":true,"address":1618299960,"logSize":4724}}
1915182000	none	{"result":{"recorded":true,"address":1915182000,"logSize":4725}}
1944563011	none	{"result":{"recorded":true,"address":1944563011,"logSize":4726}}
196842965	none	{"result":{"recorded":true,"address":196842965,"logSize":4727}}
277248127	none	{"result":{"recorded":true,"address":277248127,"logSize":4728}}
403773252	none	{"result":{"recorded":true,"address":403773252,"logSize":4729}}
403943263	none	{"result":{"recorded":true,"address":403943263,"logSize":4730}}
1439908767	none	{"result":{"recorded":true,"address":1439908767,"logSize":4731}}
1169747286	none	{"result":{"recorded":true,"address":1169747286,"logSize":4732}}
280280024	none	{"result":{"recorded":true,"address":280280024,"logSize":4733}}
1562628820	none	{"result":{"recorded":true,"address":1562628820,"logSize":4734}}
209909614	none	{"result":{"recorded":true,"address":209909614,"logSize":4735}}
2127515626	none	{"result":{"recorded":true,"address":2127515626,"logSize":4736}}
1785371747	none	{"result":{"recorded":true,"address":1785371747,"logSize":4737}}
1351003517	none	{"result":{"recorded":true,"address":1351003517,"logSize":4738}}
204212864	none	{"result":{"recorded":true,"address":204212864,"logSize":4739}}
1058893223	none	{"result":{"recorded":true,"address":1058893223,"logSize":4740}}
1604326199	none	{"result":{"recorded":true,"address":1604326199,"logSize":4741}}
1034342683	none	{"result":{"recorded":true,"address":1034342683,"logSize":4742}}
1318853825	none	{"result":{"recorded":true,"address":1318853825,"logSize":4743}}
555657543	none	{"result":{"recorded":true,"address":555657543,"logSize":4744}}
2064101074	none	{"result":{"recorded":true,"address":2064101074,"logSize":4745}}
1638990686	none	{"result":{"recorded":true,"address":1638990686,"logSize":4746}}
955005659	none	{"result":{"recorded":true,"address":955005659,"logSize":4747}}
1330780160	none	{"result":{"recorded":true,"address":1330780160,"logSize":4748}}
890026653	none	{"result":{"recorded":true,"address":890026653,"logSize":4749}}
759068077	none	{"result":{"recorded":true,"address":759068077,"logSize":4750}}
176188424	none	{"result":{"recorded":true,"address":176188424,"logSize":4751}}
1019327374	none	{"result":{"recorded":true,"address":1019327374,"logSize":4752}}
1326304461	none	{"result":{"recorded":true,"address":1326304461,"logSize":4753}}
326580201	none	{"result":{"recorded":true,"address":326580201,"logSize":4754}}
1316091126	none	{"result":{"recorded":true,"address":1316091126,"logSize":4755}}
898914641	none	{"result":{"recorded":true,"address":898914641,"logSize":4756}}
1035284677	none	{"result":{"recorded":true,"address":1035284677,"logSize":4757}}
697272789	none	{"result":{"recorded":true,"address":697272789,"logSize":4758}}
223683207	none	{"result":{"recorded":true,"address":223683207,"logSize":4759}}
1630636008	none	{"result":{"recorded":true,"address":1630636008,"logSize":4760}}
93730006	none	{"result":{"recorded":true,"address":93730006,"logSize":4761}}
1837678631	none	{"result":{"recorded":true,"address":1837678631,"logSize":4762}}
1559935681	none	{"result":{"recorded":true,"address":1559935681,"logSize":4763}}
978014576	none	{"result":{"recorded":true,"address":978014576,"logSize":4764}}
75332085	none	{"result":{"recorded":true,"address":75332085,"logSize":4765}}
1460220708	none	{"result":{"recorded":true,"address":1460220708,"logSize":4766}}
283688020	none	{"result":{"recorded":true,"address":283688020,"logSize":4767}}
1244917617	none	{"result":{"recorded":true,"address":1244917617,"logSize":4768}}
1309955047	none	{"result":{"recorded":true,"address":1309955047,"logSize":4769}}
255244824	none	{"result":{"recorded":true,"address":255244824,"logSize":4770}}
1174598886	none	{"result":{"recorded":true,"address":1174598886,"logSize":4771}}
1615297976	none	{"result":{"recorded":true,"address":1615297976,"logSize":4772}}
2054521457	none	{"result":{"recorded":true,"address":2054521457,"logSize":4773}}
1284899737	none	{"result":{"recorded":true,"address":1284899737,"logSize":4774}}
149850451	none	{"result":{"recorded":true,"address":149850451,"logSize":4775}}
1475626968	none	{"result":{"recorded":true,"address":1475626968,"logSize":4776}}
234070973	none	{"result":{"recorded":true,"address":234070973,"logSize":4777}}
1727590707	none	{"result":{"recorded":true,"address":1727590707,"logSize":4778}}
907447449	none	{"result":{"recorded":true,"address":907447449,"logSize":4779}}
31077915	none	{"result":{"recorded":true,"address":31077915,"logSize":4780}}
1581723956	none	{"result":{"recorded":true,"address":1581723956,"logSize":4781}}
653547625	none	{"result":{"recorded":true,"address":653547625,"logSize":4782}}
1614919024	none	{"result":{"recorded":true,"address":1614919024,"logSize":4783}}
1862238881	none	{"result":{"recorded":true,"address":1862238881,"logSize":4784}}
792172991	none	{"result":{"recorded":true,"address":792172991,"logSize":4785}}
500045662	none	{"result":{"recorded":true,"address":500045662,"logSize":4786}}
1711728562	none	{"result":{"recorded":true,"address":1711728562,"logSize":4787}}
423283058	none	{"result":{"recorded":true,"address":423283058,"logSize":4788}}
114543409	none	{"result":{"recorded":true,"address":114543409,"logSize":4789}}
1735907906	none	{"result":{"recorded":true,"address":1735907906,"logSize":4790}}
97395933	none	{"result":{"recorded":true,"address":97395933,"logSize":4791}}
1399309823	none	{"result":{"recorded":true,"address":1399309823,"logSize":4792}}
1745501028	none	{"result":{"recorded":true,"address":1745501028,"logSize":4793}}
316905900	none	{"result":{"recorded":true,"address":316905900,"logSize":4794}}
466092199	none	{"result":{"recorded":true,"address":466092199,"logSize":4795}}
2087184984	none	{"result":{"recorded":true,"address":2087184984,"logSize":4796}}
1582235556	none	{"result":{"recorded":true,"address":1582235556,"logSize":4797}}
868704644	none	{"result":{"recorded":true,"address":868704644,"logSize":4798}}
1648386602	none	{"result":{"recorded":true,"address":1648386602,"logSize":4799}}
2007584820	none	{"result":{"recorded":true,"address":2007584820,"logSize":4800}}
40795975	none	{"result":{"recorded":true,"address":40795975,"logSize":4801}}
823680277	none	{"result":{"recorded":true,"address":823680277,"logSize":4802}}
1047286272	none	{"result":{"recorded":true,"address":1047286272,"logSize":4803}}
169396560	none	{"result":{"recorded":true,"address":169396560,"logSize":4804}}
1739002860	none	{"result":{"recorded":true,"address":1739002860,"logSize":4805}}
1684356611	none	{"result":{"recorded":true,"address":1684356611,"logSize":4806}}
805602183	none	{"result":{"recorded":true,"address":805602183,"logSize":4807}}
709782259	none	{"result":{"recorded":true,"address":709782259,"logSize":4808}}
1280890544	none	{"result":{"recorded":true,"address":1280890544,"logSize":4809}}
1946966898	none	{"result":{"recorded":true,"address":1946966898,"logSize":4810}}
346153577	none	{"result":{"recorded":true,"address":346153577,"logSize":4811}}
1710520682	none	{"result":{"recorded":true,"address":1710520682,"logSize":4812}}
325349580	none	{"result":{"recorded":true,"address":325349580,"logSize":4813}}
1968490707	none	{"result":{"recorded":true,"address":1968490707,"logSize":4814}}
1414012864	none	{"result":{"recorded":true,"address":1414012864,"logSize":4815}}
2064614580	none	{"result":{"recorded":true,"address":2064614580,"logSize":4816}}
1993560049	none	{"result":{"recorded":true,"address":1993560049,"logSize":4817}}
1403446080	none	{"result":{"recorded":true,"address":1403446080,"logSize":4818}}
457479438	none	{"result":{"recorded":true,"address":457479438,"logSize":4819}}
356665107	none	{"result":{"recorded":true,"address":356665107,"logSize":4820}}
807799689	none	{"result":{"recorded":true,"address":807799689,"logSize":4821}}
591906301	none	{"result":{"recorded":true,"address":591906301,"logSize":4822}}
1902554421	none	{"result":{"recorded":true,"address":1902554421,"logSize":4823}}
1317708330	none	{"result":{"recorded":true,"address":1317708330,"logSize":4824}}
449016518	none	{"result":{"recorded":true,"address":449016518,"logSize":4825}}
1038753780	none	{"result":{"recorded":true,"address":1038753780,"logSize":4826}}
15398734	none	{"result":{"recorded":true,"address":15398734,"logSize":4827}}
1953511194	none	{"result":{"recorded":true,"address":1953511194,"logSize":4828}}
1373925461	none	{"result":{"recorded":true,"address":1373925461,"logSize":4829}}
214645085	none	{"result":{"recorded":true,"address":214645085,"logSize":4830}}
692737751	none	{"result":{"recorded":true,"address":692737751,"logSize":4831}}
2089681178	none	{"result":{"recorded":true,"address":2089681178,"logSize":4832}}
1166002632	none	{"result":{"recorded":true,"address":1166002632,"logSize":4833}}
1353847333	none	{"result":{"recorded":true,"address":1353847333,"logSize":4834}}
1078984055	none	{"result":{"recorded":true,"address":1078984055,"logSize":4835}}
555861768	none	{"result":{"recorded":true,"address":555861768,"logSize":4836}}
1619210326	none	{"result":{"recorded":true,"address":1619210326,"logSize":4837}}
1371507001	none	{"result":{"recorded":true,"address":1371507001,"logSize":4838}}
1562921338	none	{"result":{"recorded":true,"address":1562921338,"logSize":4839}}
1272635820	none	{"result":{"recorded":true,"address":1272635820,"logSize":4840}}
1692582861	none	{"result":{"recorded":true,"address":1692582861,"logSize":4841}}
1525293424	none	{"result":{"recorded":true,"address":1525293424,"logSize":4842}}
1250284261	none	{"result":{"recorded":true,"address":1250284261,"logSize":4843}}
231841527	none	{"result":{"recorded":true,"address":231841527,"logSize":4844}}
1867391205	none	{"result":{"recorded":true,"address":1867391205,"logSize":4845}}
996065725	none	{"result":{"recorded":true,"address":996065725,"logSize":4846}}
32199217	none	{"result":{"recorded":true,"address":32199217,"logSize":4847}}
800520621	none	{"result":{"recorded":true,"address":800520621,"logSize":4848}}
1279537810	none	{"result":{"recorded":true,"address":1279537810,"logSize":4849}}
1331505336	none	{"result":{"recorded":true,"address":1331505336,"logSize":4850}}
276875237	none	{"result":{"recorded":true,"address":276875237,"logSize":4851}}
402356677	none	{"result":{"recorded":true,"address":402356677,"logSize":4852}}
709561097	none	{"result":{"recorded":true,"address":709561097,"logSize":4853}}
168774937	none	{"result":{"recorded":true,"address":168774937,"logSize":4854}}
79675236	none	{"result":{"recorded":true,"address":79675236,"logSize":4855}}
1499389874	none	{"result":{"recorded":true,"address":1499389874,"logSize":4856}}
179989059	none	{"result":{"recorded":true,"address":179989059,"logSize":4857}}
371015409	none	{"result":{"recorded":true,"address":371015409,"logSize":4858}}
1291122420	none	{"result":{"recorded":true,"address":1291122420,"logSize":4859}}
2090873926	none	{"result":{"recorded":true,"address":2090873926,"logSize":4860}}
767538539	none	{"result":{"recorded":true,"address":767538539,"logSize":4861}}
1686574240	none	{"result":{"recorded":true,"address":1686574240,"logSize":4862}}
58437581	none	{"result":{"recorded":true,"address":58437581,"logSize":4863}}
174412362	none	{"result":{"recorded":true,"address":174412362,"logSize":4864}}
441098161	none	{"result":{"recorded":true,"address":441098161,"logSize":4865}}
707239019	none	{"result":{"recorded":true,"address":707239019,"logSize":4866}}
1494561223	none	{"result":{"recorded":true,"address":1494561223,"logSize":4867}}
1662921087	none	{"result":{"recorded":true,"address":1662921087,"logSize":4868}}
376447660	none	{"result":{"recorded":true,"address":376447660,"logSize":4869}}
1145243017	none	{"result":{"recorded":true,"address":1145243017,"logSize":4870}}
1904033640	none	{"result":{"recorded":true,"address":1904033640,"logSize":4871}}
131213766	none	{"result":{"recorded":true,"address":131213766,"logSize":4872}}
1863706060	none	{"result":{"recorded":true,"address":1863706060,"logSize":4873}}
1666121133	none	{"result":{"recorded":true,"address":1666121133,"logSize":4874}}
1592914417	none	{"result":{"recorded":true,"address":1592914417,"logSize":4875}}
425534123	none	{"result":{"recorded":true,"address":425534123,"logSize":4876}}
885814707	none	{"result":{"recorded":true,"address":885814707,"logSize":4877}}
956739136	none	{"result":{"recorded":true,"address":956739136,"logSize":4878}}
2128119175	none	{"result":{"recorded":true,"address":2128119175,"logSize":4879}}
44666047	none	{"result":{"recorded":true,"address":44666047,"logSize":4880}}
1360739514	none	{"result":{"recorded":true,"address":1360739514,"logSize":4881}}
468460564	none	{"result":{"recorded":true,"address":468460564,"logSize":4882}}
1351203110	none	{"result":{"recorded":true,"address":1351203110,"logSize":4883}}
510813772	none	{"result":{"recorded":true,"address":510813772,"logSize":4884}}
1695848283	none	{"result":{"recorded":true,"address":1695848283,"logSize":4885}}
1262970317	none	{"result":{"recorded":true,"address":1262970317,"logSize":4886}}
1029870277	none	{"result":{"recorded":true,"address":1029870277,"logSize":4887}}
1919582780	none	{"result":{"recorded":true,"address":1919582780,"logSize":4888}}
1735201256	none	{"result":{"recorded":true,"address":1735201256,"logSize":4889}}
1397227063	none	{"result":{"recorded":true,"address":1397227063,"logSize":4890}}
773518505	none	{"result":{"recorded":true,"address":773518505,"logSize":4891}}
826696660	none	{"result":{"recorded":true,"address":826696660,"logSize":4892}}
1467825195	none	{"result":{"recorded":true,"address":1467825195,"logSize":4893}}
1618065086	none	{"result":{"recorded":true,"address":1618065086,"logSize":4894}}
1517546719	none	{"result":{"recorded":true,"address":1517546719,"logSize":4895}}
1001945762	none	{"result":{"recorded":true,"address":1001945762,"logSize":4896}}
684873412	none	{"result":{"recorded":true,"address":684873412,"logSize":4897}}
382593284	none	{"result":{"recorded":true,"address":382593284,"logSize":4898}}
1279642646	none	{"result":{"recorded":true,"address":1279642646,"logSize":4899}}
673249142	none	{"result":{"recorded":true,"address":673249142,"logSize":4900}}
50806645	none	{"result":{"recorded":true,"address":50806645,"logSize":4901}}
723680142	none	{"result":{"recorded":true,"address":723680142,"logSize":4902}}
2056394602	none	{"result":{"recorded":true,"address":2056394602,"logSize":4903}}
1213099010	none	{"result":{"recorded":true,"address":1213099010,"logSize":4904}}
201206238	none	{"result":{"recorded":true,"address":201206238,"logSize":4905}}
1151194003	none	{"result":{"recorded":true,"address":1151194003,"logSize":4906}}
1304296788	none	{"result":{"recorded":true,"address":1304296788,"logSize":4907}}
2141051052	none	{"result":{"recorded":true,"address":2141051052,"logSize":4908}}
1666158588	none	{"result":{"recorded":true,"address":1666158588,"logSize":4909}}
90561982	none	{"result":{"recorded":true,"address":90561982,"logSize":4910}}
312478581	none	{"result":{"recorded":true,"address":312478581,"logSize":4911}}
1817535858	none	{"result":{"recorded":true,"address":1817535858,"logSize":4912}}
484678422	none	{"result":{"recorded":true,"address":484678422,"logSize":4913}}
994321559	none	{"result":{"recorded":true,"address":994321559,"logSize":4914}}
1572409889	none	{"result":{"recorded":true,"address":1572409889,"logSize":4915}}
40195668	none	{"result":{"recorded":true,"address":40195668,"logSize":4916}}
522930586	none	{"result":{"recorded":true,"address":522930586,"logSize":4917}}
1219095136	none	{"result":{"recorded":true,"address":1219095136,"logSize":4918}}
1804709983	none	{"result":{"recorded":true,"address":1804709983,"logSize":4919}}
226387131	none	{"result":{"recorded":true,"address":226387131,"logSize":4920}}
489007934	none	{"result":{"recorded":true,"address":489007934,"logSize":4921}}
1373576967	none	{"result":{"recorded":true,"address":1373576967,"logSize":4922}}
499741482	none	{"result":{"recorded":true,"address":499741482,"logSize":4923}}
748542792	none	{"result":{"recorded":true,"address":748542792,"logSize":4924}}
2012879331	none	{"result":{"recorded":true,"address":2012879331,"logSize":4925}}
1470266259	none	{"result":{"recorded":true,"address":1470266259,"logSize":4926}}
272464118	none	{"result":{"recorded":true,"address":272464118,"logSize":4927}}
928342262	none	{"result":{"recorded":true,"address":928342262,"logSize":4928}}
163600821	none	{"result":{"recorded":true,"address":163600821,"logSize":4929}}
62249299	none	{"result":{"recorded":true,"address":62249299,"logSize":4930}}
971434409	none	{"result":{"recorded":true,"address":971434409,"logSize":4931}}
1196116870	none	{"result":{"recorded":true,"address":1196116870,"logSize":4932}}
1625789332	none	{"result":{"recorded":true,"address":1625789332,"logSize":4933}}
1732480219	none	{"result":{"recorded":true,"address":1732480219,"logSize":4934}}
467970538	none	{"result":{"recorded":true,"address":467970538,"logSize":4935}}
61893248	none	{"result":{"recorded":true,"address":61893248,"logSize":4936}}
2016454670	none	{"result":{"recorded":true,"address":2016454670,"logSize":4937}}
1068623297	none	{"result":{"recorded":true,"address":1068623297,"logSize":4938}}
924088586	none	{"result":{"recorded":true,"address":924088586,"logSize":4939}}
1746624539	none	{"result":{"recorded":true,"address":1746624539,"logSize":4940}}
1067606253	none	{"result":{"recorded":true,"address":1067606253,"logSize":4941}}
1212470256	none	{"result":{"recorded":true,"address":1212470256,"logSize":4942}}
1350009495	none	{"result":{"recorded":true,"address":1350009495,"logSize":4943}}
132261976	none	{"result":{"recorded":true,"address":132261976,"logSize":4944}}
583137687	none	{"result":{"recorded":true,"address":583137687,"logSize":4945}}
353560619	none	{"result":{"recorded":true,"address":353560619,"logSize":4946}}
1764496333	none	{"result":{"recorded":true,"address":1764496333,"logSize":4947}}
1605278733	none	{"result":{"recorded":true,"address":1605278733,"logSize":4948}}
2109117539	none	{"result":{"recorded":true,"address":2109117539,"logSize":4949}}
147865334	none	{"result":{"recorded":true,"address":147865334,"logSize":4950}}
1562813055	none	{"result":{"recorded":true,"address":1562813055,"logSize":4951}}
1754030393	none	{"result":{"recorded":true,"address":1754030393,"logSize":4952}}
1674713946	none	{"result":{"recorded":true,"address":1674713946,"logSize":4953}}
1684144090	none	{"result":{"recorded":true,"address":1684144090,"logSize":4954}}
260737317	none	{"result":{"recorded":true,"address":260737317,"logSize":4955}}
669462515	none	{"result":{"recorded":true,"address":669462515,"logSize":4956}}
459035455	none	{"result":{"recorded":true,"address":459035455,"logSize":4957}}
131038315	none	{"result":{"recorded":true,"address":131038315,"logSize":4958}}
2036072495	none	{"result":{"recorded":true,"address":2036072495,"logSize":4959}}
1783629768	none	{"result":{"recorded":true,"address":1783629768,"logSize":4960}}
1764161785	none	{"result":{"recorded":true,"address":1764161785,"logSize":4961}}
896562504	none	{"result":{"recorded":true,"address":896562504,"logSize":4962}}
2061875594	none	{"result":{"recorded":true,"address":2061875594,"logSize":4963}}
1197830898	none	{"result":{"recorded":true,"address":1197830898,"logSize":4964}}
648902890	none	{"result":{"recorded":true,"address":648902890,"logSize":4965}}
1130709916	none	{"result":{"recorded":true,"address":1130709916,"logSize":4966}}
1522060620	none	{"result":{"recorded":true,"address":1522060620,"logSize":4967}}
2023821143	none	{"result":{"recorded":true,"address":2023821143,"logSize":4968}}
1620957922	none	{"result":{"recorded":true,"address":1620957922,"logSize":4969}}
506750338	none	{"result":{"recorded":true,"address":506750338,"logSize":4970}}
504780799	none	{"result":{"recorded":true,"address":504780799,"logSize":4971}}
847111863	none	{"result":{"recorded":true,"address":847111863,"logSize":4972}}
1053302226	none	{"result":{"recorded":true,"address":1053302226,"logSize":4973}}
212806441	none	{"result":{"recorded":true,"address":212806441,"logSize":4974}}
1749921585	none	{"result":{"recorded":true,"address":1749921585,"logSize":4975}}
1017155397	none	{"result":{"recorded":true,"address":1017155397,"logSize":4976}}
1332608926	none	{"result":{"recorded":true,"address":1332608926,"logSize":4977}}
207402631	none	{"result":{"recorded":true,"address":207402631,"logSize":4978}}
1701186261	none	{"result":{"recorded":true,"address":1701186261,"logSize":4979}}
958311660	none	{"result":{"recorded":true,"address":958311660,"logSize":4980}}
1508600610	none	{"result":{"recorded":true,"address":1508600610,"logSize":4981}}
1957256323	none	{"result":{"recorded":true,"address":1957256323,"logSize":4982}}
1605274545	none	{"result":{"recorded":true,"address":1605274545,"logSize":4983}}
2101639333	none	{"result":{"recorded":true,"address":2101639333,"logSize":4984}}
1612475626	none	{"result":{"recorded":true,"address":1612475626,"logSize":4985}}
704067635	none	{"result":{"recorded":true,"address":704067635,"logSize":4986}}
532868492	none	{"result":{"recorded":true,"address":532868492,"logSize":4987}}
534777939	none	{"result":{"recorded":true,"address":534777939,"logSize":4988}}
507010560	none	{"result":{"recorded":true,"address":507010560,"logSize":4989}}
1337265135	none	{"result":{"recorded":true,"address":1337265135,"logSize":4990}}
1614448401	none	{"result":{"recorded":true,"address":1614448401,"logSize":4991}}
504842883	none	{"result":{"recorded":true,"address":504842883,"logSize":4992}}
2126304980	none	{"result":{"recorded":true,"address":2126304980,"logSize":4993}}
419846654	none	{"result":{"recorded":true,"address":419846654,"logSize":4994}}
1120839905	none	{"result":{"recorded":true,"address":1120839905,"logSize":4995}}
289579240	none	{"result":{"recorded":true,"address":289579240,"logSize":4996}}
1985974529	none	{"result":{"recorded":true,"address":1985974529,"logSize":4997}}
870538802	none	{"result":{"recorded":true,"address":870538802,"logSize":4998}}
1738171306	none	{"result":{"recorded":true,"address":1738171306,"logSize":4999}}
1232052439	none	{"result":{"recorded":true,"address":1232052439,"logSize":5000}}
1328508485	none	{"result":{"recorded":true,"address":1328508485,"logSize":5001}}
1170349643	none	{"result":{"recorded":true,"address":1170349643,"logSize":5002}}
669647656	none	{"result":{"recorded":true,"address":669647656,"logSize":5003}}
1779599322	none	{"result":{"recorded":true,"address":1779599322,"logSize":5004}}
1047257013	none	{"result":{"recorded":true,"address":1047257013,"logSize":5005}}
1352111185	none	{"result":{"recorded":true,"address":1352111185,"logSize":5006}}
290846053	none	{"result":{"recorded":true,"address":290846053,"logSize":5007}}
1280672294	none	{"result":{"recorded":true,"address":1280672294,"logSize":5008}}
2048005296	none	{"result":{"recorded":true,"address":2048005296,"logSize":5009}}
551112129	none	{"result":{"recorded":true,"address":551112129,"logSize":5010}}
1745101915	none	{"result":{"recorded":true,"address":1745101915,"logSize":5011}}
1752403524	none	{"result":{"recorded":true,"address":1752403524,"logSize":5012}}
1675403969	none	{"result":{"recorded":true,"address":1675403969,"logSize":5013}}
559163707	none	{"result":{"recorded":true,"address":559163707,"logSize":5014}}
1481808716	none	{"result":{"recorded":true,"address":1481808716,"logSize":5015}}
1558666045	none	{"result":{"recorded":true,"address":1558666045,"logSize":5016}}
648749473	none	{"result":{"recorded":true,"address":648749473,"logSize":5017}}
40186712	none	{"result":{"recorded":true,"address":40186712,"logSize":5018}}
1036240901	none	{"result":{"recorded":true,"address":1036240901,"logSize":5019}}
1008299706	none	{"result":{"recorded":true,"address":1008299706,"logSize":5020}}
1509485886	none	{"result":{"recorded":true,"address":1509485886,"logSize":5021}}
847399023	none	{"result":{"recorded":true,"address":847399023,"logSize":5022}}
1257732813	none	{"result":{"recorded":true,"address":1257732813,"logSize":5023}}
2129136742	none	{"result":{"recorded":true,"address":2129136742,"logSize":5024}}
63660464	none	{"result":{"recorded":true,"address":63660464,"logSize":5025}}
1852026787	none	{"result":{"recorded":true,"address":1852026787,"logSize":5026}}
132448111	none	{"result":{"recorded":true,"address":132448111,"logSize":5027}}
1513640903	none	{"result":{"recorded":true,"address":1513640903,"logSize":5028}}
1782864997	none	{"result":{"recorded":true,"address":1782864997,"logSize":5029}}
713902154	none	{"result":{"recorded":true,"address":713902154,"logSize":5030}}
1394692057	none	{"result":{"recorded":true,"address":1394692057,"logSize":5031}}
939988821	none	{"result":{"recorded":true,"address":939988821,"logSize":5032}}
1646612074	none	{"result":{"recorded":true,"address":1646612074,"logSize":5033}}
741097808	none	{"result":{"recorded":true,"address":741097808,"logSize":5034}}
1748211273	none	{"result":{"recorded":true,"address":1748211273,"logSize":5035}}
2065703734	none	{"result":{"recorded":true,"address":2065703734,"logSize":5036}}
723406873	none	{"result":{"recorded":true,"address":723406873,"logSize":5037}}
1183842139	none	{"result":{"recorded":true,"address":1183842139,"logSize":5038}}
1701180645	none	{"result":{"recorded":true,"address":1701180645,"logSize":5039}}
699581915	none	{"result":{"recorded":true,"address":699581915,"logSize":5040}}
336744176	none	{"result":{"recorded":true,"address":336744176,"logSize":5041}}
835452784	none	{"result":{"recorded":true,"address":835452784,"logSize":5042}}
1438022150	none	{"result":{"recorded":true,"address":1438022150,"logSize":5043}}
947874177	none	{"result":{"recorded":true,"address":947874177,"logSize":5044}}
1934733313	none	{"result":{"recorded":true,"address":1934733313,"logSize":5045}}
1699972691	none	{"result":{"recorded":true,"address":1699972691,"logSize":5046}}
1076719059	none	{"result":{"recorded":true,"address":1076719059,"logSize":5047}}
1624650623	none	{"result":{"recorded":true,"address":1624650623,"logSize":5048}}
1340058052	none	{"result":{"recorded":true,"address":1340058052,"logSize":5049}}
1514496083	none	{"result":{"recorded":true,"address":1514496083,"logSize":5050}}
503456025	none	{"result":{"recorded":true,"address":503456025,"logSize":5051}}
164156194	none	{"result":{"recorded":true,"address":164156194,"logSize":5052}}
1234796628	none	{"result":{"recorded":true,"address":1234796628,"logSize":5053}}
1435320708	none	{"result":{"recorded":true,"address":1435320708,"logSize":5054}}
380015704	none	{"result":{"recorded":true,"address":380015704,"logSize":5055}}
1655481887	none	{"result":{"recorded":true,"address":1655481887,"logSize":5056}}
85602193	none	{"result":{"recorded":true,"address":85602193,"logSize":5057}}
1632317018	none	{"result":{"recorded":true,"address":1632317018,"logSize":5058}}
1400617012	none	{"result":{"recorded":true,"address":1400617012,"logSize":5059}}
1858955727	none	{"result":{"recorded":true,"address":1858955727,"logSize":5060}}
246172297	none	{"result":{"recorded":true,"address":246172297,"logSize":5061}}
1113191746	none	{"result":{"recorded":true,"address":1113191746,"logSize":5062}}
221905185	none	{"result":{"recorded":true,"address":221905185,"logSize":5063}}
1492949034	none	{"result":{"recorded":true,"address":1492949034,"logSize":5064}}
624075490	none	{"result":{"recorded":true,"address":624075490,"logSize":5065}}
693537913	none	{"result":{"recorded":true,"address":693537913,"logSize":5066}}
973464527	none	{"result":{"recorded":true,"address":973464527,"logSize":5067}}
1273180075	none	{"result":{"recorded":true,"address":1273180075,"logSize":5068}}
408889978	none	{"result":{"recorded":true,"address":408889978,"logSize":5069}}
1997367251	none	{"result":{"recorded":true,"address":1997367251,"logSize":5070}}
1401145624	none	{"result":{"recorded":true,"address":1401145624,"logSize":5071}}
1933852819	none	{"result":{"recorded":true,"address":1933852819,"logSize":5072}}
1219743928	none	{"result":{"recorded":true,"address":1219743928,"logSize":5073}}
850656433	none	{"result":{"recorded":true,"address":850656433,"logSize":5074}}
139048884	none	{"result":{"recorded":true,"address":139048884,"logSize":5075}}
285071390	none	{"result":{"recorded":true,"address":285071390,"logSize":5076}}
995113514	none	{"result":{"recorded":true,"address":995113514,"logSize":5077}}
168044514	none	{"result":{"recorded":true,"address":168044514,"logSize":5078}}
1376848505	none	{"result":{"recorded":true,"address":1376848505,"logSize":5079}}
1443725576	none	{"result":{"recorded":true,"address":1443725576,"logSize":5080}}
1351371130	none	{"result":{"recorded":true,"address":1351371130,"logSize":5081}}
1150322060	none	{"result":{"recorded":true,"address":1150322060,"logSize":5082}}
143471423	none	{"result":{"recorded":true,"address":143471423,"logSize":5083}}
57943217	none	{"result":{"recorded":true,"address":57943217,"logSize":5084}}
875329869	none	{"result":{"recorded":true,"address":875329869,"logSize":5085}}
365785289	none	{"result":{"recorded":true,"address":365785289,"logSize":5086}}
808175565	none	{"result":{"recorded":true,"address":808175565,"logSize":5087}}
335193378	none	{"result":{"recorded":true,"address":335193378,"logSize":5088}}
350479828	none	{"result":{"recorded":true,"address":350479828,"logSize":5089}}
444800672	none	{"result":{"recorded":true,"address":444800672,"logSize":5090}}
1408353951	none	{"result":{"recorded":true,"address":1408353951,"logSize":5091}}
1989665024	none	{"result":{"recorded":true,"address":1989665024,"logSize":5092}}
515182564	none	{"result":{"recorded":true,"address":515182564,"logSize":5093}}
1209718655	none	{"result":{"recorded":true,"address":1209718655,"logSize":5094}}
1685430978	none	{"result":{"recorded":true,"address":1685430978,"logSize":5095}}
1851875014	none	{"result":{"recorded":true,"address":1851875014,"logSize":5096}}
12418485	none	{"result":{"recorded":true,"address":12418485,"logSize":5097}}
1974067796	none	{"result":{"recorded":true,"address":1974067796,"logSize":5098}}
1560095256	none	{"result":{"recorded":true,"address":1560095256,"logSize":5099}}
1786793068	none	{"result":{"recorded":true,"address":1786793068,"logSize":5100}}
1101414059	none	{"result":{"recorded":true,"address":1101414059,"logSize":5101}}
1675640192	none	{"result":{"recorded":true,"address":1675640192,"logSize":5102}}
144595639	none	{"result":{"recorded":true,"address":144595639,"logSize":5103}}
2102814143	none	{"result":{"recorded":true,"address":2102814143,"logSize":5104}}
1404488320	none	{"result":{"recorded":true,"address":1404488320,"logSize":5105}}
1762483565	none	{"result":{"recorded":true,"address":1762483565,"logSize":5106}}
2081548803	none	{"result":{"recorded":true,"address":2081548803,"logSize":5107}}
1322762586	none	{"result":{"recorded":true,"address":1322762586,"logSize":5108}}
170906931	none	{"result":{"recorded":true,"address":170906931,"logSize":5109}}
696438335	none	{"result":{"recorded":true,"address":696438335,"logSize":5110}}
1145222190	none	{"result":{"recorded":true,"address":1145222190,"logSize":5111}}
304322367	none	{"result":{"recorded":true,"address":304322367,"logSize":5112}}
1237697808	none	{"result":{"recorded":true,"address":1237697808,"logSize":5113}}
1535104896	none	{"result":{"recorded":true,"address":1535104896,"logSize":5114}}
393847637	none	{"result":{"recorded":true,"address":393847637,"logSize":5115}}
1122687991	none	{"result":{"recorded":true,"address":1122687991,"logSize":5116}}
1956832761	none	{"result":{"recorded":true,"address":1956832761,"logSize":5117}}
625255424	none	{"result":{"recorded":true,"address":625255424,"logSize":5118}}
1232871480	none	{"result":{"recorded":true,"address":1232871480,"logSize":5119}}
414320353	none	{"result":{"recorded":true,"address":414320353,"logSize":5120}}
1165741074	none	{"result":{"recorded":true,"address":1165741074,"logSize":5121}}
638792035	none	{"result":{"recorded":true,"address":638792035,"logSize":5122}}
1066602724	none	{"result":{"recorded":true,"address":1066602724,"logSize":5123}}
1548005235	none	{"result":{"recorded":true,"address":1548005235,"logSize":5124}}
1698811131	none	{"result":{"recorded":true,"address":1698811131,"logSize":5125}}
924471590	none	{"result":{"recorded":true,"address":924471590,"logSize":5126}}
1205015515	none	{"result":{"recorded":true,"address":1205015515,"logSize":5127}}
1378753313	none	{"result":{"recorded":true,"address":1378753313,"logSize":5128}}
2116918850	none	{"result":{"recorded":true,"address":2116918850,"logSize":5129}}
1838171646	none	{"result":{"recorded":true,"address":1838171646,"logSize":5130}}
1585022967	none	{"result":{"recorded":true,"address":1585022967,"logSize":5131}}
370225833	none	{"result":{"recorded":true,"address":370225833,"logSize":5132}}
1448211558	none	{"result":{"recorded":true,"address":1448211558,"logSize":5133}}
38880436	none	{"result":{"recorded":true,"address":38880436,"logSize":5134}}
1577447418	none	{"result":{"recorded":true,"address":1577447418,"logSize":5135}}
1794895711	none	{"result":{"recorded":true,"address":1794895711,"logSize":5136}}
2052755900	none	{"result":{"recorded":true,"address":2052755900,"logSize":5137}}
763021025	none	{"result":{"recorded":true,"address":763021025,"logSize":5138}}
897759784	none	{"result":{"recorded":true,"address":897759784,"logSize":5139}}
357804117	none	{"result":{"recorded":true,"address":357804117,"logSize":5140}}
1034418800	none	{"result":{"recorded":true,"address":1034418800,"logSize":5141}}
654711018	none	{"result":{"recorded":true,"address":654711018,"logSize":5142}}
1992995831	none	{"result":{"recorded":true,"address":1992995831,"logSize":5143}}
1728776881	none	{"result":{"recorded":true,"address":1728776881,"logSize":5144}}
84258078	none	{"result":{"recorded":true,"address":84258078,"logSize":5145}}
1760149416	none	{"result":{"recorded":true,"address":1760149416,"logSize":5146}}
743597070	none	{"result":{"recorded":true,"address":743597070,"logSize":5147}}
778831356	none	{"result":{"recorded":true,"address":778831356,"logSize":5148}}
650523535	none	{"result":{"recorded":true,"address":650523535,"logSize":5149}}
1744351364	none	{"result":{"recorded":true,"address":1744351364,"logSize":5150}}
1498796302	none	{"result":{"recorded":true,"address":1498796302,"logSize":5151}}
1269963863	none	{"result":{"recorded":true,"address":1269963863,"logSize":5152}}
1718129849	none	{"result":{"recorded":true,"address":1718129849,"logSize":5153}}
1381883589	none	{"result":{"recorded":true,"address":1381883589,"logSize":5154}}
1564757008	none	{"result":{"recorded":true,"address":1564757008,"logSize":5155}}
349394242	none	{"result":{"recorded":true,"address":349394242,"logSize":5156}}
345579655	none	{"result":{"recorded":true,"address":345579655,"logSize":5157}}
1138487428	none	{"result":{"recorded":true,"address":1138487428,"logSize":5158}}
1004258963	none	{"result":{"recorded":true,"address":1004258963,"logSize":5159}}
1339009644	none	{"result":{"recorded":true,"address":1339009644,"logSize":5160}}
1354966877	none	{"result":{"recorded":true,"address":1354966877,"logSize":5161}}
1511212442	none	{"result":{"recorded":true,"address":1511212442,"logSize":5162}}
335490474	none	{"result":{"recorded":true,"address":335490474,"logSize":5163}}
1632593922	none	{"result":{"recorded":true,"address":1632593922,"logSize":5164}}
1156236265	none	{"result":{"recorded":true,"address":1156236265,"logSize":5165}}
1146101590	none	{"result":{"recorded":true,"address":1146101590,"logSize":5166}}
946610263	none	{"result":{"recorded":true,"address":946610263,"logSize":5167}}
915276337	none	{"result":{"recorded":true,"address":915276337,"logSize":5168}}
2056465869	none	{"result":{"recorded":true,"address":2056465869,"logSize":5169}}
571660519	none	{"result":{"recorded":true,"address":571660519,"logSize":5170}}
699769740	none	{"result":{"recorded":true,"address":699769740,"logSize":5171}}
1587864109	none	{"result":{"recorded":true,"address":1587864109,"logSize":5172}}
73736232	none	{"result":{"recorded":true,"address":73736232,"logSize":5173}}
1510727568	none	{"result":{"recorded":true,"address":1510727568,"logSize":5174}}
1340624917	none	{"result":{"recorded":true,"address":1340624917,"logSize":5175}}
786340974	none	{"result":{"recorded":true,"address":786340974,"logSize":5176}}
1011202154	none	{"result":{"recorded":true,"address":1011202154,"logSize":5177}}
527090554	none	{"result":{"recorded":true,"address":527090554,"logSize":5178}}
1539870931	none	{"result":{"recorded":true,"address":1539870931,"logSize":5179}}
1790358424	none	{"result":{"recorded":true,"address":1790358424,"logSize":5180}}
1305934669	none	{"result":{"recorded":true,"address":1305934669,"logSize":5181}}
1039873917	none	{"result":{"recorded":true,"address":1039873917,"logSize":5182}}
963821694	none	{"result":{"recorded":true,"address":963821694,"logSize":5183}}
567670161	none	{"result":{"recorded":true,"address":567670161,"logSize":5184}}
233748119	none	{"result":{"recorded":true,"address":233748119,"logSize":5185}}
1573992844	none	{"result":{"recorded":true,"address":1573992844,"logSize":5186}}
1571650145	none	{"result":{"recorded":true,"address":1571650145,"logSize":5187}}
842600806	none	{"result":{"recorded":true,"address":842600806,"logSize":5188}}
1646796974	none	{"result":{"recorded":true,"address":1646796974,"logSize":5189}}
1312604242	none	{"result":{"recorded":true,"address":1312604242,"logSize":5190}}
1461648475	none	{"result":{"recorded":true,"address":1461648475,"logSize":5191}}
2095206364	none	{"result":{"recorded":true,"address":2095206364,"logSize":5192}}
2072746698	none	{"result":{"recorded":true,"address":2072746698,"logSize":5193}}
153035763	none	{"result":{"recorded":true,"address":153035763,"logSize":5194}}
1177699100	none	{"result":{"recorded":true,"address":1177699100,"logSize":5195}}
1453240831	none	{"result":{"recorded":true,"address":1453240831,"logSize":5196}}
654021369	none	{"result":{"recorded":true,"address":654021369,"logSize":5197}}
1147100978	none	{"result":{"recorded":true,"address":1147100978,"logSize":5198}}
174574912	none	{"result":{"recorded":true,"address":174574912,"logSize":5199}}
2098750721	none	{"result":{"recorded":true,"address":2098750721,"logSize":5200}}
1279398128	none	{"result":{"recorded":true,"address":1279398128,"logSize":5201}}
1988062952	none	{"result":{"recorded":true,"address":1988062952,"logSize":5202}}
513063899	none	{"result":{"recorded":true,"address":513063899,"logSize":5203}}
1148066462	none	{"result":{"recorded":true,"address":1148066462,"logSize":5204}}
1388106818	none	{"result":{"recorded":true,"address":1388106818,"logSize":5205}}
1160468934	none	{"result":{"recorded":true,"address":1160468934,"logSize":5206}}
973378970	none	{"result":{"recorded":true,"address":973378970,"logSize":5207}}
410349722	none	{"result":{"recorded":true,"address":410349722,"logSize":5208}}
1868794172	none	{"result":{"recorded":true,"address":1868794172,"logSize":5209}}
1800196297	none	{"result":{"recorded":true,"address":1800196297,"logSize":5210}}
102254196	none	{"result":{"recorded":true,"address":102254196,"logSize":5211}}
509630120	none	{"result":{"recorded":true,"address":509630120,"logSize":5212}}
1139315608	none	{"result":{"recorded":true,"address":1139315608,"logSize":5213}}
1116365541	none	{"result":{"recorded":true,"address":1116365541,"logSize":5214}}
1247651443	none	{"result":{"recorded":true,"address":1247651443,"logSize":5215}}
634528819	none	{"result":{"recorded":true,"address":634528819,"logSize":5216}}
1340593456	none	{"result":{"recorded":true,"address":1340593456,"logSize":5217}}
394414586	none	{"result":{"recorded":true,"address":394414586,"logSize":5218}}
1008986190	none	{"result":{"recorded":true,"address":1008986190,"logSize":5219}}
2054030762	none	{"result":{"recorded":true,"address":2054030762,"logSize":5220}}
1298444675	none	{"result":{"recorded":true,"address":1298444675,"logSize":5221}}
450794975	none	{"result":{"recorded":true,"address":450794975,"logSize":5222}}
583433435	none	{"result":{"recorded":true,"address":583433435,"logSize":5223}}
1857175141	none	{"result":{"recorded":true,"address":1857175141,"logSize":5224}}
1456296462	none	{"result":{"recorded":true,"address":1456296462,"logSize":5225}}
816471541	none	{"result":{"recorded":true,"address":816471541,"logSize":5226}}
403185506	none	{"result":{"recorded":true,"address":403185506,"logSize":5227}}
1085234200	none	{"result":{"recorded":true,"address":1085234200,"logSize":5228}}
1817835066	none	{"result":{"recorded":true,"address":1817835066,"logSize":5229}}
1282636789	none	{"result":{"recorded":true,"address":1282636789,"logSize":5230}}
763392371	none	{"result":{"recorded":true,"address":763392371,"logSize":5231}}
129720405	none	{"result":{"recorded":true,"address":129720405,"logSize":5232}}
1197251100	none	{"result":{"recorded":true,"address":1197251100,"logSize":5233}}
1611233894	none	{"result":{"recorded":true,"address":1611233894,"logSize":5234}}
884166641	none	{"result":{"recorded":true,"address":884166641,"logSize":5235}}
400223559	none	{"result":{"recorded":true,"address":400223559,"logSize":5236}}
563072425	none	{"result":{"recorded":true,"address":563072425,"logSize":5237}}
206016645	none	{"result":{"recorded":true,"address":206016645,"logSize":5238}}
1933801598	none	{"result":{"recorded":true,"address":1933801598,"logSize":5239}}
723443405	none	{"result":{"recorded":true,"address":723443405,"logSize":5240}}
1285784714	none	{"result":{"recorded":true,"address":1285784714,"logSize":5241}}
864678753	none	{"result":{"recorded":true,"address":864678753,"logSize":5242}}
1687499455	none	{"result":{"recorded":true,"address":1687499455,"logSize":5243}}
209875331	none	{"result":{"recorded":true,"address":209875331,"logSize":5244}}
686135403	none	{"result":{"recorded":true,"address":686135403,"logSize":5245}}
1196764277	none	{"result":{"recorded":true,"address":1196764277,"logSize":5246}}
1145766027	none	{"result":{"recorded":true,"address":1145766027,"logSize":5247}}
1334210316	none	{"result":{"recorded":true,"address":1334210316,"logSize":5248}}
1368649526	none	{"result":{"recorded":true,"address":1368649526,"logSize":5249}}
1045968606	none	{"result":{"recorded":true,"address":1045968606,"logSize":5250}}
233029149	none	{"result":{"recorded":true,"address":233029149,"logSize":5251}}
829304148	none	{"result":{"recorded":true,"address":829304148,"logSize":5252}}
542370021	none	{"result":{"recorded":true,"address":542370021,"logSize":5253}}
805621023	none	{"result":{"recorded":true,"address":805621023,"logSize":5254}}
534809522	none	{"result":{"recorded":true,"address":534809522,"logSize":5255}}
937173370	none	{"result":{"recorded":true,"address":937173370,"logSize":5256}}
1906351311	none	{"result":{"recorded":true,"address":1906351311,"logSize":5257}}
1774950952	none	{"result":{"recorded":true,"address":1774950952,"logSize":5258}}
2027263390	none	{"result":{"recorded":true,"address":2027263390,"logSize":5259}}
301677122	none	{"result":{"recorded":true,"address":301677122,"logSize":5260}}
628991559	none	{"result":{"recorded":true,"address":628991559,"logSize":5261}}
887932206	none	{"result":{"recorded":true,"address":887932206,"logSize":5262}}
471117456	none	{"result":{"recorded":true,"address":471117456,"logSize":5263}}
843846099	none	{"result":{"recorded":true,"address":843846099,"logSize":5264}}
1090554441	none	{"result":{"recorded":true,"address":1090554441,"logSize":5265}}
482943539	none	{"result":{"recorded":true,"address":482943539,"logSize":5266}}
955299353	none	{"result":{"recorded":true,"address":955299353,"logSize":5267}}
311119536	none	{"result":{"recorded":true,"address":311119536,"logSize":5268}}
1896008361	none	{"result":{"recorded":true,"address":1896008361,"logSize":5269}}
1805336611	none	{"result":{"recorded":true,"address":1805336611,"logSize":5270}}
1428202112	none	{"result":{"recorded":true,"address":1428202112,"logSize":5271}}
380803700	none	{"result":{"recorded":true,"address":380803700,"logSize":5272}}
2052371536	none	{"result":{"recorded":true,"address":2052371536,"logSize":5273}}
1138249716	none	{"result":{"recorded":true,"address":1138249716,"logSize":5274}}
1939068018	none	{"result":{"recorded":true,"address":1939068018,"logSize":5275}}
1330289417	none	{"result":{"recorded":true,"address":1330289417,"logSize":5276}}
925452507	none	{"result":{"recorded":true,"address":925452507,"logSize":5277}}
1970099470	none	{"result":{"recorded":true,"address":1970099470,"logSize":5278}}
1771532578	none	{"result":{"recorded":true,"address":1771532578,"logSize":5279}}
1349045372	none	{"result":{"recorded":true,"address":1349045372,"logSize":5280}}
614427591	none	{"result":{"recorded":true,"address":614427591,"logSize":5281}}
329059341	none	{"result":{"recorded":true,"address":329059341,"logSize":5282}}
2008480154	none	{"result":{"recorded":true,"address":2008480154,"logSize":5283}}
1726035908	none	{"result":{"recorded":true,"address":1726035908,"logSize":5284}}
1249854042	none	{"result":{"recorded":true,"address":1249854042,"logSize":5285}}
766671769	none	{"result":{"recorded":true,"address":766671769,"logSize":5286}}
1552813184	none	{"result":{"recorded":true,"address":1552813184,"logSize":5287}}
1916568398	none	{"result":{"recorded":true,"address":1916568398,"logSize":5288}}
1699513431	none	{"result":{"recorded":true,"address":1699513431,"logSize":5289}}
2105363549	none	{"result":{"recorded":true,"address":2105363549,"logSize":5290}}
785306938	none	{"result":{"recorded":true,"address":785306938,"logSize":5291}}
536273381	none	{"result":{"recorded":true,"address":536273381,"logSize":5292}}
1810636349	none	{"result":{"recorded":true,"address":1810636349,"logSize":5293}}
1511332427	none	{"result":{"recorded":true,"address":1511332427,"logSize":5294}}
208937053	none	{"result":{"recorded":true,"address":208937053,"logSize":5295}}
1525754120	none	{"result":{"recorded":true,"address":1525754120,"logSize":5296}}
127604143	none	{"result":{"recorded":true,"address":127604143,"logSize":5297}}
941369532	none	{"result":{"recorded":true,"address":941369532,"logSize":5298}}
1733743036	none	{"result":{"recorded":true,"address":1733743036,"logSize":5299}}
144308427	none	{"result":{"recorded":true,"address":144308427,"logSize":5300}}
1702304452	none	{"result":{"recorded":true,"address":1702304452,"logSize":5301}}
604991513	none	{"result":{"recorded":true,"address":604991513,"logSize":5302}}
1626719792	none	{"result":{"recorded":true,"address":1626719792,"logSize":5303}}
764466596	none	{"result":{"recorded":true,"address":764466596,"logSize":5304}}
839673233	none	{"result":{"recorded":true,"address":839673233,"logSize":5305}}
1289795822	none	{"result":{"recorded":true,"address":1289795822,"logSize":5306}}
1732110012	none	{"result":{"recorded":true,"address":1732110012,"logSize":5307}}
12132859	none	{"result":{"recorded":true,"address":12132859,"logSize":5308}}
583965997	none	{"result":{"recorded":true,"address":583965997,"logSize":5309}}
1385543758	none	{"result":{"recorded":true,"address":1385543758,"logSize":5310}}
1653281444	none	{"result":{"recorded":true,"address":1653281444,"logSize":5311}}
416033722	none	{"result":{"recorded":true,"address":416033722,"logSize":5312}}
556062655	none	{"result":{"recorded":true,"address":556062655,"logSize":5313}}
176122786	none	{"result":{"recorded":true,"address":176122786,"logSize":5314}}
1522752770	none	{"result":{"recorded":true,"address":1522752770,"logSize":5315}}
935288174	none	{"result":{"recorded":true,"address":935288174,"logSize":5316}}
1655593319	none	{"result":{"recorded":true,"address":1655593319,"logSize":5317}}
500120604	none	{"result":{"recorded":true,"address":500120604,"logSize":5318}}
1694843057	none	{"result":{"recorded":true,"address":1694843057,"logSize":5319}}
1366208529	none	{"result":{"recorded":true,"address":1366208529,"logSize":5320}}
82786601	none	{"result":{"recorded":true,"address":82786601,"logSize":5321}}
388300470	none	{"result":{"recorded":true,"address":388300470,"logSize":5322}}
751105358	none	{"result":{"recorded":true,"address":751105358,"logSize":5323}}
698989004	none	{"result":{"recorded":true,"address":698989004,"logSize":5324}}
1772688756	none	{"result":{"recorded":true,"address":1772688756,"logSize":5325}}
211423968	none	{"result":{"recorded":true,"address":211423968,"logSize":5326}}
1930904775	none	{"result":{"recorded":true,"address":1930904775,"logSize":5327}}
562591315	none	{"result":{"recorded":true,"address":562591315,"logSize":5328}}
1867319422	none	{"result":{"recorded":true,"address":1867319422,"logSize":5329}}
127715841	none	{"result":{"recorded":true,"address":127715841,"logSize":5330}}
1440535350	none	{"result":{"recorded":true,"address":1440535350,"logSize":5331}}
59692399	none	{"result":{"recorded":true,"address":59692399,"logSize":5332}}
2086298744	none	{"result":{"recorded":true,"address":2086298744,"logSize":5333}}
983371743	none	{"result":{"recorded":true,"address":983371743,"logSize":5334}}
664431186	none	{"result":{"recorded":true,"address":664431186,"logSize":5335}}
29675530	none	{"result":{"recorded":true,"address":29675530,"logSize":5336}}
91945878	none	{"result":{"recorded":true,"address":91945878,"logSize":5337}}
211911108	none	{"result":{"recorded":true,"address":211911108,"logSize":5338}}
646630368	none	{"result":{"recorded":true,"address":646630368,"logSize":5339}}
497355153	none	{"result":{"recorded":true,"address":497355153,"logSize":5340}}
1712291233	none	{"result":{"recorded":true,"address":1712291233,"logSize":5341}}
1217037248	none	{"result":{"recorded":true,"address":1217037248,"logSize":5342}}
324960285	none	{"result":{"recorded":true,"address":324960285,"logSize":5343}}
655486142	none	{"result":{"recorded":true,"address":655486142,"logSize":5344}}
1206363321	none	{"result":{"recorded":true,"address":1206363321,"logSize":5345}}
737191133	none	{"result":{"recorded":true,"address":737191133,"logSize":5346}}
1113273023	none	{"result":{"recorded":true,"address":1113273023,"logSize":5347}}
922440863	none	{"result":{"recorded":true,"address":922440863,"logSize":5348}}
1269122236	none	{"result":{"recorded":true,"address":1269122236,"logSize":5349}}
492575726	none	{"result":{"recorded":true,"address":492575726,"logSize":5350}}
1059284140	none	{"result":{"recorded":true,"address":1059284140,"logSize":5351}}
612034415	none	{"result":{"recorded":true,"address":612034415,"logSize":5352}}
1255612206	none	{"result":{"recorded":true,"address":1255612206,"logSize":5353}}
720261706	none	{"result":{"recorded":true,"address":720261706,"logSize":5354}}
1888937873	none	{"result":{"recorded":true,"address":1888937873,"logSize":5355}}
356001826	none	{"result":{"recorded":true,"address":356001826,"logSize":5356}}
1068962799	none	{"result":{"recorded":true,"address":1068962799,"logSize":5357}}
17145978	none	{"result":{"recorded":true,"address":17145978,"logSize":5358}}
438315367	none	{"result":{"recorded":true,"address":438315367,"logSize":5359}}
341966724	none	{"result":{"recorded":true,"address":341966724,"logSize":5360}}
748958828	none	{"result":{"recorded":true,"address":748958828,"logSize":5361}}
807994502	none	{"result":{"recorded":true,"address":807994502,"logSize":5362}}
1579336681	none	{"result":{"recorded":true,"address":1579336681,"logSize":5363}}
524566092	none	{"result":{"recorded":true,"address":524566092,"logSize":5364}}
1011383224	none	{"result":{"recorded":true,"address":1011383224,"logSize":5365}}
1183043676	none	{"result":{"recorded":true,"address":1183043676,"logSize":5366}}
1642355180	none	{"result":{"recorded":true,"address":1642355180,"logSize":5367}}
315494039	none	{"result":{"recorded":true,"address":315494039,"logSize":5368}}
817974457	none	{"result":{"recorded":true,"address":817974457,"logSize":5369}}
230707283	none	{"result":{"recorded":true,"address":230707283,"logSize":5370}}
1623375207	none	{"result":{"recorded":true,"address":1623375207,"logSize":5371}}
322874691	none	{"result":{"recorded":true,"address":322874691,"logSize":5372}}
1686147123	none	{"result":{"recorded":true,"address":1686147123,"logSize":5373}}
160102885	none	{"result":{"recorded":true,"address":160102885,"logSize":5374}}
1102212818	none	{"result":{"recorded":true,"address":1102212818,"logSize":5375}}
1138276369	none	{"result":{"recorded":true,"address":1138276369,"logSize":5376}}
1011610238	none	{"result":{"recorded":true,"address":1011610238,"logSize":5377}}
16170317	none	{"result":{"recorded":true,"address":16170317,"logSize":5378}}
230885524	none	{"result":{"recorded":true,"address":230885524,"logSize":5379}}
1562989617	none	{"result":{"recorded":true,"address":1562989617,"logSize":5380}}
564115069	none	{"result":{"recorded":true,"address":564115069,"logSize":5381}}
882141667	none	{"result":{"recorded":true,"address":882141667,"logSize":5382}}
1160448968	none	{"result":{"recorded":true,"address":1160448968,"logSize":5383}}
743014582	none	{"result":{"recorded":true,"address":743014582,"logSize":5384}}
188058488	none	{"result":{"recorded":true,"address":188058488,"logSize":5385}}
1734182002	none	{"result":{"recorded":true,"address":1734182002,"logSize":5386}}
447777982	none	{"result":{"recorded":true,"address":447777982,"logSize":5387}}
1212247497	none	{"result":{"recorded":true,"address":1212247497,"logSize":5388}}
1910905765	none	{"result":{"recorded":true,"address":1910905765,"logSize":5389}}
397229906	none	{"result":{"recorded":true,"address":397229906,"logSize":5390}}
1245992574	none	{"result":{"recorded":true,"address":1245992574,"logSize":5391}}
1191804433	none	{"result":{"recorded":true,"address":1191804433,"logSize":5392}}
1245325817	none	{"result":{"recorded":true,"address":1245325817,"logSize":5393}}
975628904	none	{"result":{"recorded":true,"address":975628904,"logSize":5394}}
1529680058	none	{"result":{"recorded":true,"address":1529680058,"logSize":5395}}
1157897928	none	{"result":{"recorded":true,"address":1157897928,"logSize":5396}}
546551339	none	{"result":{"recorded":true,"address":546551339,"logSize":5397}}
1147634482	none	{"result":{"recorded":true,"address":1147634482,"logSize":5398}}
696979673	none	{"result":{"recorded":true,"address":696979673,"logSize":5399}}
738918051	none	{"result":{"recorded":true,"address":738918051,"logSize":5400}}
847962084	none	{"result":{"recorded":true,"address":847962084,"logSize":5401}}
80236121	none	{"result":{"recorded":true,"address":80236121,"logSize":5402}}
1235199836	none	{"result":{"recorded":true,"address":1235199836,"logSize":5403}}
524751356	none	{"result":{"recorded":true,"address":524751356,"logSize":5404}}
537601221	none	{"result":{"recorded":true,"address":537601221,"logSize":5405}}
955791415	none	{"result":{"recorded":true,"address":955791415,"logSize":5406}}
1429451328	none	{"result":{"recorded":true,"address":1429451328,"logSize":5407}}
1855793354	none	{"result":{"recorded":true,"address":1855793354,"logSize":5408}}
1261389751	none	{"result":{"recorded":true,"address":1261389751,"logSize":5409}}
1369185169	none	{"result":{"recorded":true,"address":1369185169,"logSize":5410}}
2104329777	none	{"result":{"recorded":true,"address":2104329777,"logSize":5411}}
575639152	none	{"result":{"recorded":true,"address":575639152,"logSize":5412}}
1265227983	none	{"result":{"recorded":true,"address":1265227983,"logSize":5413}}
1457608002	none	{"result":{"recorded":true,"address":1457608002,"logSize":5414}}
1472998494	none	{"result":{"recorded":true,"address":1472998494,"logSize":5415}}
992484256	none	{"result":{"recorded":true,"address":992484256,"logSize":5416}}
1051923335	none	{"result":{"recorded":true,"address":1051923335,"logSize":5417}}
1171076023	none	{"result":{"recorded":true,"address":1171076023,"logSize":5418}}
2105496548	none	{"result":{"recorded":true,"address":2105496548,"logSize":5419}}
787058316	none	{"result":{"recorded":true,"address":787058316,"logSize":5420}}
1036778823	none	{"result":{"recorded":true,"address":1036778823,"logSize":5421}}
405846475	none	{"result":{"recorded":true,"address":405846475,"logSize":5422}}
902863310	none	{"result":{"recorded":true,"address":902863310,"logSize":5423}}
524326365	none	{"result":{"recorded":true,"address":524326365,"logSize":5424}}
453401367	none	{"result":{"recorded":true,"address":453401367,"logSize":5425}}
566832360	none	{"result":{"recorded":true,"address":566832360,"logSize":5426}}
19389459	none	{"result":{"recorded":true,"address":19389459,"logSize":5427}}
721434635	none	{"result":{"recorded":true,"address":721434635,"logSize":5428}}
1334585463	none	{"result":{"recorded":true,"address":1334585463,"logSize":5429}}
45277157	none	{"result":{"recorded":true,"address":45277157,"logSize":5430}}
219804957	none	{"result":{"recorded":true,"address":219804957,"logSize":5431}}
1825121738	none	{"result":{"recorded":true,"address":1825121738,"logSize":5432}}
764633644	none	{"result":{"recorded":true,"address":764633644,"logSize":5433}}
663491913	none	{"result":{"recorded":true,"address":663491913,"logSize":5434}}
2117842596	none	{"result":{"recorded":true,"address":2117842596,"logSize":5435}}
1767886088	none	{"result":{"recorded":true,"address":1767886088,"logSize":5436}}
1992654387	none	{"result":{"recorded":true,"address":1992654387,"logSize":5437}}
2097172181	none	{"result":{"recorded":true,"address":2097172181,"logSize":5438}}
1069139321	none	{"result":{"recorded":true,"address":1069139321,"logSize":5439}}
921816079	none	{"result":{"recorded":true,"address":921816079,"logSize":5440}}
1542078068	none	{"result":{"recorded":true,"address":1542078068,"logSize":5441}}
2099515240	none	{"result":{"recorded":true,"address":2099515240,"logSize":5442}}
1002477505	none	{"result":{"recorded":true,"address":1002477505,"logSize":5443}}
24193841	none	{"result":{"recorded":true,"address":24193841,"logSize":5444}}
135221405	none	{"result":{"recorded":true,"address":135221405,"logSize":5445}}
1908372315	none	{"result":{"recorded":true,"address":1908372315,"logSize":5446}}
596301958	none	{"result":{"recorded":true,"address":596301958,"logSize":5447}}
647362165	none	{"result":{"recorded":true,"address":647362165,"logSize":5448}}
1256372546	none	{"result":{"recorded":true,"address":1256372546,"logSize":5449}}
118362713	none	{"result":{"recorded":true,"address":118362713,"logSize":5450}}
1560203569	none	{"result":{"recorded":true,"address":1560203569,"logSize":5451}}
571214542	none	{"result":{"recorded":true,"address":571214542,"logSize":5452}}
182073977	none	{"result":{"recorded":true,"address":182073977,"logSize":5453}}
1492530919	none	{"result":{"recorded":true,"address":1492530919,"logSize":5454}}
632145344	none	{"result":{"recorded":true,"address":632145344,"logSize":5455}}
15084343	none	{"result":{"recorded":true,"address":15084343,"logSize":5456}}
89825363	none	{"result":{"recorded":true,"address":89825363,"logSize":5457}}
1468751093	none	{"result":{"recorded":true,"address":1468751093,"logSize":5458}}
1550757780	none	{"result":{"recorded":true,"address":1550757780,"logSize":5459}}
1170160210	none	{"result":{"recorded":true,"address":1170160210,"logSize":5460}}
974604778	none	{"result":{"recorded":true,"address":974604778,"logSize":5461}}
827678774	none	{"result":{"recorded":true,"address":827678774,"logSize":5462}}
1966558056	none	{"result":{"recorded":true,"address":1966558056,"logSize":5463}}
1492515131	none	{"result":{"recorded":true,"address":1492515131,"logSize":5464}}
1510136287	none	{"result":{"recorded":true,"address":1510136287,"logSize":5465}}
616408970	none	{"result":{"recorded":true,"address":616408970,"logSize":5466}}
237062456	none	{"result":{"recorded":true,"address":237062456,"logSize":5467}}
1731548667	none	{"result":{"recorded":true,"address":1731548667,"logSize":5468}}
831845443	none	{"result":{"recorded":true,"address":831845443,"logSize":5469}}
1782595224	none	{"result":{"recorded":true,"address":1782595224,"logSize":5470}}
1697148139	none	{"result":{"recorded":true,"address":1697148139,"logSize":5471}}
2034072846	none	{"result":{"recorded":true,"address":2034072846,"logSize":5472}}
239774016	none	{"result":{"recorded":true,"address":239774016,"logSize":5473}}
574557345	none	{"result":{"recorded":true,"address":574557345,"logSize":5474}}
1761405172	none	{"result":{"recorded":true,"address":1761405172,"logSize":5475}}
1808960594	none	{"result":{"recorded":true,"address":1808960594,"logSize":5476}}
1886777284	none	{"result":{"recorded":true,"address":1886777284,"logSize":5477}}
942069829	none	{"result":{"recorded":true,"address":942069829,"logSize":5478}}
1344521796	none	{"result":{"recorded":true,"address":1344521796,"logSize":5479}}
1261294593	none	{"result":{"recorded":true,"address":1261294593,"logSize":5480}}
939509698	none	{"result":{"recorded":true,"address":939509698,"logSize":5481}}
1344667893	none	{"result":{"recorded":true,"address":1344667893,"logSize":5482}}
1904384647	none	{"result":{"recorded":true,"address":1904384647,"logSize":5483}}
1105500191	none	{"result":{"recorded":true,"address":1105500191,"logSize":5484}}
344110371	none	{"result":{"recorded":true,"address":344110371,"logSize":5485}}
54871740	none	{"result":{"recorded":true,"address":54871740,"logSize":5486}}
1146852280	none	{"result":{"recorded":true,"address":1146852280,"logSize":5487}}
2005066362	none	{"result":{"recorded":true,"address":2005066362,"logSize":5488}}
929235013	none	{"result":{"recorded":true,"address":929235013,"logSize":5489}}
997505656	none	{"result":{"recorded":true,"address":997505656,"logSize":5490}}
1828707269	none	{"result":{"recorded":true,"address":1828707269,"logSize":5491}}
260724273	none	{"result":{"recorded":true,"address":260724273,"logSize":5492}}
1090290890	none	{"result":{"recorded":true,"address":1090290890,"logSize":5493}}
594234979	none	{"result":{"recorded":true,"address":594234979,"logSize":5494}}
1618921727	none	{"result":{"recorded":true,"address":1618921727,"logSize":5495}}
2103956894	none	{"result":{"recorded":true,"address":2103956894,"logSize":5496}}
854473056	none	{"result":{"recorded":true,"address":854473056,"logSize":5497}}
235008172	none	{"result":{"recorded":true,"address":235008172,"logSize":5498}}
579402941	none	{"result":{"recorded":true,"address":579402941,"logSize":5499}}
575360219	none	{"result":{"recorded":true,"address":575360219,"logSize":5500}}
1378205777	none	{"result":{"recorded":true,"address":1378205777,"logSize":5501}}
847395530	none	{"result":{"recorded":true,"address":847395530,"logSize":5502}}
818145796	none	{"result":{"recorded":true,"address":818145796,"logSize":5503}}
504634041	none	{"result":{"recorded":true,"address":504634041,"logSize":5504}}
1808607707	none	{"result":{"recorded":true,"address":1808607707,"logSize":5505}}
1678797307	none	{"result":{"recorded":true,"address":1678797307,"logSize":5506}}
1861397029	none	{"result":{"recorded":true,"address":1861397029,"logSize":5507}}
1210338345	none	{"result":{"recorded":true,"address":1210338345,"logSize":5508}}
829620038	none	{"result":{"recorded":true,"address":829620038,"logSize":5509}}
1904031987	none	{"result":{"recorded":true,"address":1904031987,"logSize":5510}}
44199296	none	{"result":{"recorded":true,"address":44199296,"logSize":5511}}
1979287449	none	{"result":{"recorded":true,"address":1979287449,"logSize":5512}}
794877566	none	{"result":{"recorded":true,"address":794877566,"logSize":5513}}
1722136745	none	{"result":{"recorded":true,"address":1722136745,"logSize":5514}}
1775972975	none	{"result":{"recorded":true,"address":1775972975,"logSize":5515}}
1820779773	none	{"result":{"recorded":true,"address":1820779773,"logSize":5516}}
288299704	none	{"result":{"recorded":true,"address":288299704,"logSize":5517}}
1282505242	none	{"result":{"recorded":true,"address":1282505242,"logSize":5518}}
815757523	none	{"result":{"recorded":true,"address":815757523,"logSize":5519}}
1100579667	none	{"result":{"recorded":true,"address":1100579667,"logSize":5520}}
799377418	none	{"result":{"recorded":true,"address":799377418,"logSize":5521}}
1535838740	none	{"result":{"recorded":true,"address":1535838740,"logSize":5522}}
1161709245	none	{"result":{"recorded":true,"address":1161709245,"logSize":5523}}
2145528466	none	{"result":{"recorded":true,"address":2145528466,"logSize":5524}}
180825416	none	{"result":{"recorded":true,"address":180825416,"logSize":5525}}
2132445387	none	{"result":{"recorded":true,"address":2132445387,"logSize":5526}}
265766847	none	{"result":{"recorded":true,"address":265766847,"logSize":5527}}
1603526338	none	{"result":{"recorded":true,"address":1603526338,"logSize":5528}}
904493726	none	{"result":{"recorded":true,"address":904493726,"logSize":5529}}
1125966128	none	{"result":{"recorded":true,"address":1125966128,"logSize":5530}}
2144160628	none	{"result":{"recorded":true,"address":2144160628,"logSize":5531}}
70470882	none	{"result":{"recorded":true,"address":70470882,"logSize":5532}}
1915656243	none	{"result":{"recorded":true,"address":1915656243,"logSize":5533}}
1636549518	none	{"result":{"recorded":true,"address":1636549518,"logSize":5534}}
730596388	none	{"result":{"recorded":true,"address":730596388,"logSize":5535}}
1010653673	none	{"result":{"recorded":true,"address":1010653673,"logSize":5536}}
1957462752	none	{"result":{"recorded":true,"address":1957462752,"logSize":5537}}
231929201	none	{"result":{"recorded":true,"address":231929201,"logSize":5538}}
2124621578	none	{"result":{"recorded":true,"address":2124621578,"logSize":5539}}
1592866932	none	{"result":{"recorded":true,"address":1592866932,"logSize":5540}}
1111148974	none	{"result":{"recorded":true,"address":1111148974,"logSize":5541}}
695954273	none	{"result":{"recorded":true,"address":695954273,"logSize":5542}}
119907602	none	{"result":{"recorded":true,"address":119907602,"logSize":5543}}
1416330898	none	{"result":{"recorded":true,"address":1416330898,"logSize":5544}}
532182268	none	{"result":{"recorded":true,"address":532182268,"logSize":5545}}
1494654136	none	{"result":{"recorded":true,"address":1494654136,"logSize":5546}}
462994196	none	{"result":{"recorded":true,"address":462994196,"logSize":5547}}
64095272	none	{"result":{"recorded":true,"address":64095272,"logSize":5548}}
2056486837	none	{"result":{"recorded":true,"address":2056486837,"logSize":5549}}
2130450924	none	{"result":{"recorded":true,"address":2130450924,"logSize":5550}}
481966764	none	{"result":{"recorded":true,"address":481966764,"logSize":5551}}
2092065598	none	{"result":{"recorded":true,"address":2092065598,"logSize":5552}}
2094315480	none	{"result":{"recorded":true,"address":2094315480,"logSize":5553}}
1424662318	none	{"result":{"recorded":true,"address":1424662318,"logSize":5554}}
1092553156	none	{"result":{"recorded":true,"address":1092553156,"logSize":5555}}
526940156	none	{"result":{"recorded":true,"address":526940156,"logSize":5556}}
1979108838	none	{"result":{"recorded":true,"address":1979108838,"logSize":5557}}
142980606	none	{"result":{"recorded":true,"address":142980606,"logSize":5558}}
705017038	none	{"result":{"recorded":true,"address":705017038,"logSize":5559}}
1484415914	none	{"result":{"recorded":true,"address":1484415914,"logSize":5560}}
482999749	none	{"result":{"recorded":true,"address":482999749,"logSize":5561}}
1803378462	none	{"result":{"recorded":true,"address":1803378462,"logSize":5562}}
1619120176	none	{"result":{"recorded":true,"address":1619120176,"logSize":5563}}
1272448626	none	{"result":{"recorded":true,"address":1272448626,"logSize":5564}}
102927102	none	{"result":{"recorded":true,"address":102927102,"logSize":5565}}
228108408	none	{"result":{"recorded":true,"address":228108408,"logSize":5566}}
602295326	none	{"result":{"recorded":true,"address":602295326,"logSize":5567}}
1032830196	none	{"result":{"recorded":true,"address":1032830196,"logSize":5568}}
1172073451	none	{"result":{"recorded":true,"address":1172073451,"logSize":5569}}
1970464691	none	{"result":{"recorded":true,"address":1970464691,"logSize":5570}}
2113278913	none	{"result":{"recorded":true,"address":2113278913,"logSize":5571}}
1999499778	none	{"result":{"recorded":true,"address":1999499778,"logSize":5572}}
436304848	none	{"result":{"recorded":true,"address":436304848,"logSize":5573}}
483514208	none	{"result":{"recorded":true,"address":483514208,"logSize":5574}}
219142073	none	{"result":{"recorded":true,"address":219142073,"logSize":5575}}
458451243	none	{"result":{"recorded":true,"address":458451243,"logSize":5576}}
479771046	none	{"result":{"recorded":true,"address":479771046,"logSize":5577}}
1225847270	none	{"result":{"recorded":true,"address":1225847270,"logSize":5578}}
988723172	none	{"result":{"recorded":true,"address":988723172,"logSize":5579}}
1249481116	none	{"result":{"recorded":true,"address":1249481116,"logSize":5580}}
866038443	none	{"result":{"recorded":true,"address":866038443,"logSize":5581}}
10100713	none	{"result":{"recorded":true,"address":10100713,"logSize":5582}}
1958423094	none	{"result":{"recorded":true,"address":1958423094,"logSize":5583}}
432374813	none	{"result":{"recorded":true,"address":432374813,"logSize":5584}}
1354084223	none	{"result":{"recorded":true,"address":1354084223,"logSize":5585}}
1131670596	none	{"result":{"recorded":true,"address":1131670596,"logSize":5586}}
1528665293	none	{"result":{"recorded":true,"address":1528665293,"logSize":5587}}
91774214	none	{"result":{"recorded":true,"address":91774214,"logSize":5588}}
1642184806	none	{"result":{"recorded":true,"address":1642184806,"logSize":5589}}
30976088	none	{"result":{"recorded":true,"address":30976088,"logSize":5590}}
1280800051	none	{"result":{"recorded":true,"address":1280800051,"logSize":5591}}
821020245	none	{"result":{"recorded":true,"address":821020245,"logSize":5592}}
1449822708	none	{"result":{"recorded":true,"address":1449822708,"logSize":5593}}
409026865	none	{"result":{"recorded":true,"address":409026865,"logSize":5594}}
1572183816	none	{"result":{"recorded":true,"address":1572183816,"logSize":5595}}
1849060740	none	{"result":{"recorded":true,"address":1849060740,"logSize":5596}}
615341480	none	{"result":{"recorded":true,"address":615341480,"logSize":5597}}
2124340837	none	{"result":{"recorded":true,"address":2124340837,"logSize":5598}}
378961973	none	{"result":{"recorded":true,"address":378961973,"logSize":5599}}
1612705173	none	{"result":{"recorded":true,"address":1612705173,"logSize":5600}}
739436529	none	{"result":{"recorded":true,"address":739436529,"logSize":5601}}
1832664460	none	{"result":{"recorded":true,"address":1832664460,"logSize":5602}}
1562171437	none	{"result":{"recorded":true,"address":1562171437,"logSize":5603}}
2043191365	none	{"result":{"recorded":true,"address":2043191365,"logSize":5604}}
1721214167	none	{"result":{"recorded":true,"address":1721214167,"logSize":5605}}
1409545169	none	{"result":{"recorded":true,"address":1409545169,"logSize":5606}}
1001863727	none	{"result":{"recorded":true,"address":1001863727,"logSize":5607}}
2043155485	none	{"result":{"recorded":true,"address":2043155485,"logSize":5608}}
1585794299	none	{"result":{"recorded":true,"address":1585794299,"logSize":5609}}
150416624	none	{"result":{"recorded":true,"address":150416624,"logSize":5610}}
1152164495	none	{"result":{"recorded":true,"address":1152164495,"logSize":5611}}
284805316	none	{"result":{"recorded":true,"address":284805316,"logSize":5612}}
1547919152	none	{"result":{"recorded":true,"address":1547919152,"logSize":5613}}
1327359631	none	{"result":{"recorded":true,"address":1327359631,"logSize":5614}}
653687530	none	{"result":{"recorded":true,"address":653687530,"logSize":5615}}
2084068096	none	{"result":{"recorded":true,"address":2084068096,"logSize":5616}}
1825550213	none	{"result":{"recorded":true,"address":1825550213,"logSize":5617}}
187596286	none	{"result":{"recorded":true,"address":187596286,"logSize":5618}}
1231637557	none	{"result":{"recorded":true,"address":1231637557,"logSize":5619}}
1878154548	none	{"result":{"recorded":true,"address":1878154548,"logSize":5620}}
1430766128	none	{"result":{"recorded":true,"address":1430766128,"logSize":5621}}
1333624408	none	{"result":{"recorded":true,"address":1333624408,"logSize":5622}}
224567277	none	{"result":{"recorded":true,"address":224567277,"logSize":5623}}
66310916	none	{"result":{"recorded":true,"address":66310916,"logSize":5624}}
6579726	none	{"result":{"recorded":true,"address":6579726,"logSize":5625}}
784144032	none	{"result":{"recorded":true,"address":784144032,"logSize":5626}}
300173241	none	{"result":{"recorded":true,"address":300173241,"logSize":5627}}
1986731854	none	{"result":{"recorded":true,"address":1986731854,"logSize":5628}}
2121485069	none	{"result":{"recorded":true,"address":2121485069,"logSize":5629}}
2012615166	none	{"result":{"recorded":true,"address":2012615166,"logSize":5630}}
893485955	none	{"result":{"recorded":true,"address":893485955,"logSize":5631}}
1452214019	none	{"result":{"recorded":true,"address":1452214019,"logSize":5632}}
1942368698	none	{"result":{"recorded":true,"address":1942368698,"logSize":5633}}
1253215265	none	{"result":{"recorded":true,"address":1253215265,"logSize":5634}}
2088204688	none	{"result":{"recorded":true,"address":2088204688,"logSize":5635}}
1136930839	none	{"result":{"recorded":true,"address":1136930839,"logSize":5636}}
939519410	none	{"result":{"recorded":true,"address":939519410,"logSize":5637}}
1736396313	none	{"result":{"recorded":true,"address":1736396313,"logSize":5638}}
2112741095	none	{"result":{"recorded":true,"address":2112741095,"logSize":5639}}
705829689	none	{"result":{"recorded":true,"address":705829689,"logSize":5640}}
1077939407	none	{"result":{"recorded":true,"address":1077939407,"logSize":5641}}
915909175	none	{"result":{"recorded":true,"address":915909175,"logSize":5642}}
1280570008	none	{"result":{"recorded":true,"address":1280570008,"logSize":5643}}
440367383	none	{"result":{"recorded":true,"address":440367383,"logSize":5644}}
1076608580	none	{"result":{"recorded":true,"address":1076608580,"logSize":5645}}
1702911794	none	{"result":{"recorded":true,"address":1702911794,"logSize":5646}}
1271142658	none	{"result":{"recorded":true,"address":1271142658,"logSize":5647}}
123046876	none	{"result":{"recorded":true,"address":123046876,"logSize":5648}}
1748864030	none	{"result":{"recorded":true,"address":1748864030,"logSize":5649}}
1823555074	none	{"result":{"recorded":true,"address":1823555074,"logSize":5650}}
1273165273	none	{"result":{"recorded":true,"address":1273165273,"logSize":5651}}
1625464012	none	{"result":{"recorded":true,"address":1625464012,"logSize":5652}}
1052769632	none	{"result":{"recorded":true,"address":1052769632,"logSize":5653}}
1451665664	none	{"result":{"recorded":true,"address":1451665664,"logSize":5654}}
899208521	none	{"result":{"recorded":true,"address":899208521,"logSize":5655}}
83134525	none	{"result":{"recorded":true,"address":83134525,"logSize":5656}}
246937920	none	{"result":{"recorded":true,"address":246937920,"logSize":5657}}
989037866	none	{"result":{"recorded":true,"address":989037866,"logSize":5658}}
349120154	none	{"result":{"recorded":true,"address":349120154,"logSize":5659}}
545599831	none	{"result":{"recorded":true,"address":545599831,"logSize":5660}}
1609044297	none	{"result":{"recorded":true,"address":1609044297,"logSize":5661}}
2055295758	none	{"result":{"recorded":true,"address":2055295758,"logSize":5662}}
1094102937	none	{"result":{"recorded":true,"address":1094102937,"logSize":5663}}
1385960231	none	{"result":{"recorded":true,"address":1385960231,"logSize":5664}}
793288713	none	{"result":{"recorded":true,"address":793288713,"logSize":5665}}
530855375	none	{"result":{"recorded":true,"address":530855375,"logSize":5666}}
1398692838	none	{"result":{"recorded":true,"address":1398692838,"logSize":5667}}
1725370758	none	{"result":{"recorded":true,"address":1725370758,"logSize":5668}}
805700277	none	{"result":{"recorded":true,"address":805700277,"logSize":5669}}
1777454076	none	{"result":{"recorded":true,"address":1777454076,"logSize":5670}}
439375417	none	{"result":{"recorded":true,"address":439375417,"logSize":5671}}
27609092	none	{"result":{"recorded":true,"address":27609092,"logSize":5672}}
1415430490	none	{"result":{"recorded":true,"address":1415430490,"logSize":5673}}
1776473691	none	{"result":{"recorded":true,"address":1776473691,"logSize":5674}}
835320519	none	{"result":{"recorded":true,"address":835320519,"logSize":5675}}
21878135	none	{"result":{"recorded":true,"address":21878135,"logSize":5676}}
335622354	none	{"result":{"recorded":true,"address":335622354,"logSize":5677}}
461459779	none	{"result":{"recorded":true,"address":461459779,"logSize":5678}}
144757132	none	{"result":{"recorded":true,"address":144757132,"logSize":5679}}
1918478015	none	{"result":{"recorded":true,"address":1918478015,"logSize":5680}}
706598732	none	{"result":{"recorded":true,"address":706598732,"logSize":5681}}
81130312	none	{"result":{"recorded":true,"address":81130312,"logSize":5682}}
662712401	none	{"result":{"recorded":true,"address":662712401,"logSize":5683}}
701321758	none	{"result":{"recorded":true,"address":701321758,"logSize":5684}}
398953464	none	{"result":{"recorded":true,"address":398953464,"logSize":5685}}
2018143259	none	{"result":{"recorded":true,"address":2018143259,"logSize":5686}}
476688963	none	{"result":{"recorded":true,"address":476688963,"logSize":5687}}
1287710845	none	{"result":{"recorded":true,"address":1287710845,"logSize":5688}}
703935245	none	{"result":{"recorded":true,"address":703935245,"logSize":5689}}
800767062	none	{"result":{"recorded":true,"address":800767062,"logSize":5690}}
440097641	none	{"result":{"recorded":true,"address":440097641,"logSize":5691}}
204409208	none	{"result":{"recorded":true,"address":204409208,"logSize":5692}}
451739546	none	{"result":{"recorded":true,"address":451739546,"logSize":5693}}
607721509	none	{"result":{"recorded":true,"address":607721509,"logSize":5694}}
1123371209	none	{"result":{"recorded":true,"address":1123371209,"logSize":5695}}
1559555194	none	{"result":{"recorded":true,"address":1559555194,"logSize":5696}}
982513377	none	{"result":{"recorded":true,"address":982513377,"logSize":5697}}
1095149600	none	{"result":{"recorded":true,"address":1095149600,"logSize":5698}}
124826931	none	{"result":{"recorded":true,"address":124826931,"logSize":5699}}
1202543666	none	{"result":{"recorded":true,"address":1202543666,"logSize":5700}}
30536605	none	{"result":{"recorded":true,"address":30536605,"logSize":5701}}
2145182450	none	{"result":{"recorded":true,"address":2145182450,"logSize":5702}}
449680514	none	{"result":{"recorded":true,"address":449680514,"logSize":5703}}
487573865	none	{"result":{"recorded":true,"address":487573865,"logSize":5704}}
970149014	none	{"result":{"recorded":true,"address":970149014,"logSize":5705}}
651318730	none	{"result":{"recorded":true,"address":651318730,"logSize":5706}}
2005860277	none	{"result":{"recorded":true,"address":2005860277,"logSize":5707}}
867326632	none	{"result":{"recorded":true,"address":867326632,"logSize":5708}}
711958443	none	{"result":{"recorded":true,"address":711958443,"logSize":5709}}
1502665142	none	{"result":{"recorded":true,"address":1502665142,"logSize":5710}}
581689550	none	{"result":{"recorded":true,"address":581689550,"logSize":5711}}
409349389	none	{"result":{"recorded":true,"address":409349389,"logSize":5712}}
1182099444	none	{"result":{"recorded":true,"address":1182099444,"logSize":5713}}
1600370921	none	{"result":{"recorded":true,"address":1600370921,"logSize":5714}}
1526778833	none	{"result":{"recorded":true,"address":1526778833,"logSize":5715}}
936152226	none	{"result":{"recorded":true,"address":936152226,"logSize":5716}}
1388123697	none	{"result":{"recorded":true,"address":1388123697,"logSize":5717}}
298885719	none	{"result":{"recorded":true,"address":298885719,"logSize":5718}}
1130379064	none	{"result":{"recorded":true,"address":1130379064,"logSize":5719}}
517587495	none	{"result":{"recorded":true,"address":517587495,"logSize":5720}}
1749737659	none	{"result":{"recorded":true,"address":1749737659,"logSize":5721}}
1338860193	none	{"result":{"recorded":true,"address":1338860193,"logSize":5722}}
1074158891	none	{"result":{"recorded":true,"address":1074158891,"logSize":5723}}
125868829	none	{"result":{"recorded":true,"address":125868829,"logSize":5724}}
1166709748	none	{"result":{"recorded":true,"address":1166709748,"logSize":5725}}
1783861000	none	{"result":{"recorded":true,"address":1783861000,"logSize":5726}}
1256753388	none	{"result":{"recorded":true,"address":1256753388,"logSize":5727}}
496324643	none	{"result":{"recorded":true,"address":496324643,"logSize":5728}}
409640987	none	{"result":{"recorded":true,"address":409640987,"logSize":5729}}
13103992	none	{"result":{"recorded":true,"address":13103992,"logSize":5730}}
726621097	none	{"result":{"recorded":true,"address":726621097,"logSize":5731}}
1359761722	none	{"result":{"recorded":true,"address":1359761722,"logSize":5732}}
1901749984	none	{"result":{"recorded":true,"address":1901749984,"logSize":5733}}
4620252	none	{"result":{"recorded":true,"address":4620252,"logSize":5734}}
804155769	none	{"result":{"recorded":true,"address":804155769,"logSize":5735}}
593944601	none	{"result":{"recorded":true,"address":593944601,"logSize":5736}}
1867395356	none	{"result":{"recorded":true,"address":1867395356,"logSize":5737}}
396471790	none	{"result":{"recorded":true,"address":396471790,"logSize":5738}}
1260566051	none	{"result":{"recorded":true,"address":1260566051,"logSize":5739}}
1536860104	none	{"result":{"recorded":true,"address":1536860104,"logSize":5740}}
130753315	none	{"result":{"recorded":true,"address":130753315,"logSize":5741}}
2080282715	none	{"result":{"recorded":true,"address":2080282715,"logSize":5742}}
1651859233	none	{"result":{"recorded":true,"address":1651859233,"logSize":5743}}
557122343	none	{"result":{"recorded":true,"address":557122343,"logSize":5744}}
1066251112	none	{"result":{"recorded":true,"address":1066251112,"logSize":5745}}
1066636600	none	{"result":{"recorded":true,"address":1066636600,"logSize":5746}}
768300367	none	{"result":{"recorded":true,"address":768300367,"logSize":5747}}
2057480843	none	{"result":{"recorded":true,"address":2057480843,"logSize":5748}}
789205461	none	{"result":{"recorded":true,"address":789205461,"logSize":5749}}
707801405	none	{"result":{"recorded":true,"address":707801405,"logSize":5750}}
979427749	none	{"result":{"recorded":true,"address":979427749,"logSize":5751}}
1003745118	none	{"result":{"recorded":true,"address":1003745118,"logSize":5752}}
782508438	none	{"result":{"recorded":true,"address":782508438,"logSize":5753}}
1268209093	none	{"result":{"recorded":true,"address":1268209093,"logSize":5754}}
749430129	none	{"result":{"recorded":true,"address":749430129,"logSize":5755}}
1997723653	none	{"result":{"recorded":true,"address":1997723653,"logSize":5756}}
2075462623	none	{"result":{"recorded":true,"address":2075462623,"logSize":5757}}
251174435	none	{"result":{"recorded":true,"address":251174435,"logSize":5758}}
837044920	none	{"result":{"recorded":true,"address":837044920,"logSize":5759}}
1144631916	none	{"result":{"recorded":true,"address":1144631916,"logSize":5760}}
478209377	none	{"result":{"recorded":true,"address":478209377,"logSize":5761}}
2005791043	none	{"result":{"recorded":true,"address":2005791043,"logSize":5762}}
305895565	none	{"result":{"recorded":true,"address":305895565,"logSize":5763}}
1419912258	none	{"result":{"recorded":true,"address":1419912258,"logSize":5764}}
2068904881	none	{"result":{"recorded":true,"address":2068904881,"logSize":5765}}
1152302466	none	{"result":{"recorded":true,"address":1152302466,"logSize":5766}}
1028187148	none	{"result":{"recorded":true,"address":1028187148,"logSize":5767}}
2043765193	none	{"result":{"recorded":true,"address":2043765193,"logSize":5768}}
672463410	none	{"result":{"recorded":true,"address":672463410,"logSize":5769}}
480789068	none	{"result":{"recorded":true,"address":480789068,"logSize":5770}}
1125894762	none	{"result":{"recorded":true,"address":1125894762,"logSize":5771}}
1017240917	none	{"result":{"recorded":true,"address":1017240917,"logSize":5772}}
1778562385	none	{"result":{"recorded":true,"address":1778562385,"logSize":5773}}
1342605853	none	{"result":{"recorded":true,"address":1342605853,"logSize":5774}}
1841181733	none	{"result":{"recorded":true,"address":1841181733,"logSize":5775}}
900616545	none	{"result":{"recorded":true,"address":900616545,"logSize":5776}}
1131830272	none	{"result":{"recorded":true,"address":1131830272,"logSize":5777}}
241341349	none	{"result":{"recorded":true,"address":241341349,"logSize":5778}}
419598059	none	{"result":{"recorded":true,"address":419598059,"logSize":5779}}
652765390	none	{"result":{"recorded":true,"address":652765390,"logSize":5780}}
1430563914	none	{"result":{"recorded":true,"address":1430563914,"logSize":5781}}
156280793	none	{"result":{"recorded":true,"address":156280793,"logSize":5782}}
377276010	none	{"result":{"recorded":true,"address":377276010,"logSize":5783}}
848988368	none	{"result":{"recorded":true,"address":848988368,"logSize":5784}}
880453785	none	{"result":{"recorded":true,"address":880453785,"logSize":5785}}
183352135	none	{"result":{"recorded":true,"address":183352135,"logSize":5786}}
1493661736	none	{"result":{"recorded":true,"address":1493661736,"logSize":5787}}
9844756	none	{"result":{"recorded":true,"address":9844756,"logSize":5788}}
359065690	none	{"result":{"recorded":true,"address":359065690,"logSize":5789}}
1234158121	none	{"result":{"recorded":true,"address":1234158121,"logSize":5790}}
635682091	none	{"result":{"recorded":true,"address":635682091,"logSize":5791}}
1168604670	none	{"result":{"recorded":true,"address":1168604670,"logSize":5792}}
1708623799	none	{"result":{"recorded":true,"address":1708623799,"logSize":5793}}
1218122520	none	{"result":{"recorded":true,"address":1218122520,"logSize":5794}}
1523151052	none	{"result":{"recorded":true,"address":1523151052,"logSize":5795}}
1727037538	none	{"result":{"recorded":true,"address":1727037538,"logSize":5796}}
1132535021	none	{"result":{"recorded":true,"address":1132535021,"logSize":5797}}
1816942880	none	{"result":{"recorded":true,"address":1816942880,"logSize":5798}}
883052528	none	{"result":{"recorded":true,"address":883052528,"logSize":5799}}
2062489335	none	{"result":{"recorded":true,"address":2062489335,"logSize":5800}}
789317492	none	{"result":{"recorded":true,"address":789317492,"logSize":5801}}
1494219840	none	{"result":{"recorded":true,"address":1494219840,"logSize":5802}}
1957728661	none	{"result":{"recorded":true,"address":1957728661,"logSize":5803}}
2039660031	none	{"result":{"recorded":true,"address":2039660031,"logSize":5804}}
579706695	none	{"result":{"recorded":true,"address":579706695,"logSize":5805}}
221120267	none	{"result":{"recorded":true,"address":221120267,"logSize":5806}}
646535341	none	{"result":{"recorded":true,"address":646535341,"logSize":5807}}
1829421162	none	{"result":{"recorded":true,"address":1829421162,"logSize":5808}}
324899634	none	{"result":{"recorded":true,"address":324899634,"logSize":5809}}
171696854	none	{"result":{"recorded":true,"address":171696854,"logSize":5810}}
1853044232	none	{"result":{"recorded":true,"address":1853044232,"logSize":5811}}
147767565	none	{"result":{"recorded":true,"address":147767565,"logSize":5812}}
1364822773	none	{"result":{"recorded":true,"address":1364822773,"logSize":5813}}
1807909982	none	{"result":{"recorded":true,"address":1807909982,"logSize":5814}}
1265231074	none	{"result":{"recorded":true,"address":1265231074,"logSize":5815}}
736223302	none	{"result":{"recorded":true,"address":736223302,"logSize":5816}}
58333340	none	{"result":{"recorded":true,"address":58333340,"logSize":5817}}
1803592153	none	{"result":{"recorded":true,"address":1803592153,"logSize":5818}}
20218480	none	{"result":{"recorded":true,"address":20218480,"logSize":5819}}
1758018397	none	{"result":{"recorded":true,"address":1758018397,"logSize":5820}}
1501024148	none	{"result":{"recorded":true,"address":1501024148,"logSize":5821}}
1311118201	none	{"result":{"recorded":true,"address":1311118201,"logSize":5822}}
1166960612	none	{"result":{"recorded":true,"address":1166960612,"logSize":5823}}
589051149	none	{"result":{"recorded":true,"address":589051149,"logSize":5824}}
100857404	none	{"result":{"recorded":true,"address":100857404,"logSize":5825}}
1434472835	none	{"result":{"recorded":true,"address":1434472835,"logSize":5826}}
1848427320	none	{"result":{"recorded":true,"address":1848427320,"logSize":5827}}
604052694	none	{"result":{"recorded":true,"address":604052694,"logSize":5828}}
1363357819	none	{"result":{"recorded":true,"address":1363357819,"logSize":5829}}
535309947	none	{"result":{"recorded":true,"address":535309947,"logSize":5830}}
998158698	none	{"result":{"recorded":true,"address":998158698,"logSize":5831}}
2059720381	none	{"result":{"recorded":true,"address":2059720381,"logSize":5832}}
2027857271	none	{"result":{"recorded":true,"address":2027857271,"logSize":5833}}
1281122938	none	{"result":{"recorded":true,"address":1281122938,"logSize":5834}}
1014161488	none	{"result":{"recorded":true,"address":1014161488,"logSize":5835}}
360984272	none	{"result":{"recorded":true,"address":360984272,"logSize":5836}}
611817300	none	{"result":{"recorded":true,"address":611817300,"logSize":5837}}
1694778074	none	{"result":{"recorded":true,"address":1694778074,"logSize":5838}}
1349799820	none	{"result":{"recorded":true,"address":1349799820,"logSize":5839}}
107702581	none	{"result":{"recorded":true,"address":107702581,"logSize":5840}}
1321317464	none	{"result":{"recorded":true,"address":1321317464,"logSize":5841}}
1301320934	none	{"result":{"recorded":true,"address":1301320934,"logSize":5842}}
1162121325	none	{"result":{"recorded":true,"address":1162121325,"logSize":5843}}
2141498413	none	{"result":{"recorded":true,"address":2141498413,"logSize":5844}}
902537633	none	{"result":{"recorded":true,"address":902537633,"logSize":5845}}
414702506	none	{"result":{"recorded":true,"address":414702506,"logSize":5846}}
607894398	none	{"result":{"recorded":true,"address":607894398,"logSize":5847}}
1056777559	none	{"result":{"recorded":true,"address":1056777559,"logSize":5848}}
1054324247	none	{"result":{"recorded":true,"address":1054324247,"logSize":5849}}
85274685	none	{"result":{"recorded":true,"address":85274685,"logSize":5850}}
713909482	none	{"result":{"recorded":true,"address":713909482,"logSize":5851}}
346255725	none	{"result":{"recorded":true,"address":346255725,"logSize":5852}}
721473505	none	{"result":{"recorded":true,"address":721473505,"logSize":5853}}
982434427	none	{"result":{"recorded":true,"address":982434427,"logSize":5854}}
1963301773	none	{"result":{"recorded":true,"address":1963301773,"logSize":5855}}
689501300	none	{"result":{"recorded":true,"address":689501300,"logSize":5856}}
966578587	none	{"result":{"recorded":true,"address":966578587,"logSize":5857}}
31911933	none	{"result":{"recorded":true,"address":31911933,"logSize":5858}}
1144942650	none	{"result":{"recorded":true,"address":1144942650,"logSize":5859}}
1497312837	none	{"result":{"recorded":true,"address":1497312837,"logSize":5860}}
1583720342	none	{"result":{"recorded":true,"address":1583720342,"logSize":5861}}
725086912	none	{"result":{"recorded":true,"address":725086912,"logSize":5862}}
582355317	none	{"result":{"recorded":true,"address":582355317,"logSize":5863}}
1330772904	none	{"result":{"recorded":true,"address":1330772904,"logSize":5864}}
182467778	none	{"result":{"recorded":true,"address":182467778,"logSize":5865}}
785534864	none	{"result":{"recorded":true,"address":785534864,"logSize":5866}}
1706942361	none	{"result":{"recorded":true,"address":1706942361,"logSize":5867}}
62663490	none	{"result":{"recorded":true,"address":62663490,"logSize":5868}}
652896406	none	{"result":{"recorded":true,"address":652896406,"logSize":5869}}
1147503074	none	{"result":{"recorded":true,"address":1147503074,"logSize":5870}}
1324727198	none	{"result":{"recorded":true,"address":1324727198,"logSize":5871}}
1292462700	none	{"result":{"recorded":true,"address":1292462700,"logSize":5872}}
2057430980	none	{"result":{"recorded":true,"address":2057430980,"logSize":5873}}
1883841387	none	{"result":{"recorded":true,"address":1883841387,"logSize":5874}}
1531300275	none	{"result":{"recorded":true,"address":1531300275,"logSize":5875}}
251983460	none	{"result":{"recorded":true,"address":251983460,"logSize":5876}}
174446210	none	{"result":{"recorded":true,"address":174446210,"logSize":5877}}
1617565140	none	{"result":{"recorded":true,"address":1617565140,"logSize":5878}}
544082553	none	{"result":{"recorded":true,"address":544082553,"logSize":5879}}
477617336	none	{"result":{"recorded":true,"address":477617336,"logSize":5880}}
898328121	none	{"result":{"recorded":true,"address":898328121,"logSize":5881}}
1697977807	none	{"result":{"recorded":true,"address":1697977807,"logSize":5882}}
1943061151	none	{"result":{"recorded":true,"address":1943061151,"logSize":5883}}
962568353	none	{"result":{"recorded":true,"address":962568353,"logSize":5884}}
1837912076	none	{"result":{"recorded":true,"address":1837912076,"logSize":5885}}
861738529	none	{"result":{"recorded":true,"address":861738529,"logSize":5886}}
583707975	none	{"result":{"recorded":true,"address":583707975,"logSize":5887}}
1371458724	none	{"result":{"recorded":true,"address":1371458724,"logSize":5888}}
1291255995	none	{"result":{"recorded":true,"address":1291255995,"logSize":5889}}
1869399601	none	{"result":{"recorded":true,"address":1869399601,"logSize":5890}}
893038224	none	{"result":{"recorded":true,"address":893038224,"logSize":5891}}
99013964	none	{"result":{"recorded":true,"address":99013964,"logSize":5892}}
457330548	none	{"result":{"recorded":true,"address":457330548,"logSize":5893}}
1863972817	none	{"result":{"recorded":true,"address":1863972817,"logSize":5894}}
984605079	none	{"result":{"recorded":true,"address":984605079,"logSize":5895}}
740527674	none	{"result":{"recorded":true,"address":740527674,"logSize":5896}}
796301389	none	{"result":{"recorded":true,"address":796301389,"logSize":5897}}
577468540	none	{"result":{"recorded":true,"address":577468540,"logSize":5898}}
1511594271	none	{"result":{"recorded":true,"address":1511594271,"logSize":5899}}
901152818	none	{"result":{"recorded":true,"address":901152818,"logSize":5900}}
390782529	none	{"result":{"recorded":true,"address":390782529,"logSize":5901}}
471652501	none	{"result":{"recorded":true,"address":471652501,"logSize":5902}}
1027613985	none	{"result":{"recorded":true,"address":1027613985,"logSize":5903}}
1640328925	none	{"result":{"recorded":true,"address":1640328925,"logSize":5904}}
1344229088	none	{"result":{"recorded":true,"address":1344229088,"logSize":5905}}
1042309568	none	{"result":{"recorded":true,"address":1042309568,"logSize":5906}}
1397660837	none	{"result":{"recorded":true,"address":1397660837,"logSize":5907}}
584735291	none	{"result":{"recorded":true,"address":584735291,"logSize":5908}}
1711650022	none	{"result":{"recorded":true,"address":1711650022,"logSize":5909}}
77883931	none	{"result":{"recorded":true,"address":77883931,"logSize":5910}}
359887687	none	{"result":{"recorded":true,"address":359887687,"logSize":5911}}
511483057	none	{"result":{"recorded":true,"address":511483057,"logSize":5912}}
1641705217	none	{"result":{"recorded":true,"address":1641705217,"logSize":5913}}
2083556825	none	{"result":{"recorded":true,"address":2083556825,"logSize":5914}}
55078040	none	{"result":{"recorded":true,"address":55078040,"logSize":5915}}
1711434670	none	{"result":{"recorded":true,"address":1711434670,"logSize":5916}}
1483135086	none	{"result":{"recorded":true,"address":1483135086,"logSize":5917}}
1385127604	none	{"result":{"recorded":true,"address":1385127604,"logSize":5918}}
1358575865	none	{"result":{"recorded":true,"address":1358575865,"logSize":5919}}
325979699	none	{"result":{"recorded":true,"address":325979699,"logSize":5920}}
838654854	none	{"result":{"recorded":true,"address":838654854,"logSize":5921}}
1643710574	none	{"result":{"recorded":true,"address":1643710574,"logSize":5922}}
1409227894	none	{"result":{"recorded":true,"address":1409227894,"logSize":5923}}
124354317	none	{"result":{"recorded":true,"address":124354317,"logSize":5924}}
1017333475	none	{"result":{"recorded":true,"address":1017333475,"logSize":5925}}
401337202	none	{"result":{"recorded":true,"address":401337202,"logSize":5926}}
1245136577	none	{"result":{"recorded":true,"address":1245136577,"logSize":5927}}
1964885695	none	{"result":{"recorded":true,"address":1964885695,"logSize":5928}}
2076291835	none	{"result":{"recorded":true,"address":2076291835,"logSize":5929}}
1884892870	none	{"result":{"recorded":true,"address":1884892870,"logSize":5930}}
2030186205	none	{"result":{"recorded":true,"address":2030186205,"logSize":5931}}
51117406	none	{"result":{"recorded":true,"address":51117406,"logSize":5932}}
1202114695	none	{"result":{"recorded":true,"address":1202114695,"logSize":5933}}
484542836	none	{"result":{"recorded":true,"address":484542836,"logSize":5934}}
1939150777	none	{"result":{"recorded":true,"address":1939150777,"logSize":5935}}
1495436616	none	{"result":{"recorded":true,"address":1495436616,"logSize":5936}}
1998300220	none	{"result":{"recorded":true,"address":1998300220,"logSize":5937}}
1579729962	none	{"result":{"recorded":true,"address":1579729962,"logSize":5938}}
741050015	none	{"result":{"recorded":true,"address":741050015,"logSize":5939}}
1839635420	none	{"result":{"recorded":true,"address":1839635420,"logSize":5940}}
206624651	none	{"result":{"recorded":true,"address":206624651,"logSize":5941}}
882190384	none	{"result":{"recorded":true,"address":882190384,"logSize":5942}}
261531960	none	{"result":{"recorded":true,"address":261531960,"logSize":5943}}
1184260467	none	{"result":{"recorded":true,"address":1184260467,"logSize":5944}}
1979268695	none	{"result":{"recorded":true,"address":1979268695,"logSize":5945}}
66427414	none	{"result":{"recorded":true,"address":66427414,"logSize":5946}}
497779661	none	{"result":{"recorded":true,"address":497779661,"logSize":5947}}
1283782113	none	{"result":{"recorded":true,"address":1283782113,"logSize":5948}}
152871223	none	{"result":{"recorded":true,"address":152871223,"logSize":5949}}
1072960640	none	{"result":{"recorded":true,"address":1072960640,"logSize":5950}}
622717869	none	{"result":{"recorded":true,"address":622717869,"logSize":5951}}
1555221757	none	{"result":{"recorded":true,"address":1555221757,"logSize":5952}}
193372862	none	{"result":{"recorded":true,"address":193372862,"logSize":5953}}
1365364317	none	{"result":{"recorded":true,"address":1365364317,"logSize":5954}}
430264567	none	{"result":{"recorded":true,"address":430264567,"logSize":5955}}
1023074347	none	{"result":{"recorded":true,"address":1023074347,"logSize":5956}}
1979396691	none	{"result":{"recorded":true,"address":1979396691,"logSize":5957}}
924102605	none	{"result":{"recorded":true,"address":924102605,"logSize":5958}}
147291468	none	{"result":{"recorded":true,"address":147291468,"logSize":5959}}
977812019	none	{"result":{"recorded":true,"address":977812019,"logSize":5960}}
214320151	none	{"result":{"recorded":true,"address":214320151,"logSize":5961}}
1141223085	none	{"result":{"recorded":true,"address":1141223085,"logSize":5962}}
1215341385	none	{"result":{"recorded":true,"address":1215341385,"logSize":5963}}
1370815908	none	{"result":{"recorded":true,"address":1370815908,"logSize":5964}}
784995809	none	{"result":{"recorded":true,"address":784995809,"logSize":5965}}
147436413	none	{"result":{"recorded":true,"address":147436413,"logSize":5966}}
1460845990	none	{"result":{"recorded":true,"address":1460845990,"logSize":5967}}
84244689	none	{"result":{"recorded":true,"address":84244689,"logSize":5968}}
921599387	none	{"result":{"recorded":true,"address":921599387,"logSize":5969}}
1024487340	none	{"result":{"recorded":true,"address":1024487340,"logSize":5970}}
1150902773	none	{"result":{"recorded":true,"address":1150902773,"logSize":5971}}
1224174314	none	{"result":{"recorded":true,"address":1224174314,"logSize":5972}}
1622013827	none	{"result":{"recorded":true,"address":1622013827,"logSize":5973}}
1197288625	none	{"result":{"recorded":true,"address":1197288625,"logSize":5974}}
591771894	none	{"result":{"recorded":true,"address":591771894,"logSize":5975}}
1974194119	none	{"result":{"recorded":true,"address":1974194119,"logSize":5976}}
1456861855	none	{"result":{"recorded":true,"address":1456861855,"logSize":5977}}
2010497631	none	{"result":{"recorded":true,"address":2010497631,"logSize":5978}}
1099957041	none	{"result":{"recorded":true,"address":1099957041,"logSize":5979}}
652030022	none	{"result":{"recorded":true,"address":652030022,"logSize":5980}}
1584446962	none	{"result":{"recorded":true,"address":1584446962,"logSize":5981}}
1553220919	none	{"result":{"recorded":true,"address":1553220919,"logSize":5982}}
898732443	none	{"result":{"recorded":true,"address":898732443,"logSize":5983}}
2073244366	none	{"result":{"recorded":true,"address":2073244366,"logSize":5984}}
1364289179	none	{"result":{"recorded":true,"address":1364289179,"logSize":5985}}
625115226	none	{"result":{"recorded":true,"address":625115226,"logSize":5986}}
729831815	none	{"result":{"recorded":true,"address":729831815,"logSize":5987}}
525490433	none	{"result":{"recorded":true,"address":525490433,"logSize":5988}}
776432026	none	{"result":{"recorded":true,"address":776432026,"logSize":5989}}
876607721	none	{"result":{"recorded":true,"address":876607721,"logSize":5990}}
132475478	none	{"result":{"recorded":true,"address":132475478,"logSize":5991}}
1519812379	none	{"result":{"recorded":true,"address":1519812379,"logSize":5992}}
830019192	none	{"result":{"recorded":true,"address":830019192,"logSize":5993}}
840324116	none	{"result":{"recorded":true,"address":840324116,"logSize":5994}}
272277403	none	{"result":{"recorded":true,"address":272277403,"logSize":5995}}
619285260	none	{"result":{"recorded":true,"address":619285260,"logSize":5996}}
556112248	none	{"result":{"recorded":true,"address":556112248,"logSize":5997}}
1237116509	none	{"result":{"recorded":true,"address":1237116509,"logSize":5998}}
124149742	none	{"result":{"recorded":true,"address":124149742,"logSize":5999}}
792805122	none	{"result":{"recorded":true,"address":792805122,"logSize":6000}}
2121583727	none	{"result":{"recorded":true,"address":2121583727,"logSize":6001}}
1841560714	none	{"result":{"recorded":true,"address":1841560714,"logSize":6002}}
815508207	none	{"result":{"recorded":true,"address":815508207,"logSize":6003}}
1421404174	none	{"result":{"recorded":true,"address":1421404174,"logSize":6004}}
135939600	none	{"result":{"recorded":true,"address":135939600,"logSize":6005}}
1426360285	none	{"result":{"recorded":true,"address":1426360285,"logSize":6006}}
928431832	none	{"result":{"recorded":true,"address":928431832,"logSize":6007}}
900587335	none	{"result":{"recorded":true,"address":900587335,"logSize":6008}}
1892459579	none	{"result":{"recorded":true,"address":1892459579,"logSize":6009}}
1271451255	none	{"result":{"recorded":true,"address":1271451255,"logSize":6010}}
1844347371	none	{"result":{"recorded":true,"address":1844347371,"logSize":6011}}
1393334979	none	{"result":{"recorded":true,"address":1393334979,"logSize":6012}}
1363649715	none	{"result":{"recorded":true,"address":1363649715,"logSize":6013}}
397928257	none	{"result":{"recorded":true,"address":397928257,"logSize":6014}}
435759842	none	{"result":{"recorded":true,"address":435759842,"logSize":6015}}
1518318498	none	{"result":{"recorded":true,"address":1518318498,"logSize":6016}}
676056414	none	{"result":{"recorded":true,"address":676056414,"logSize":6017}}
2091769405	none	{"result":{"recorded":true,"address":2091769405,"logSize":6018}}
125964699	none	{"result":{"recorded":true,"address":125964699,"logSize":6019}}
58103267	none	{"result":{"recorded":true,"address":58103267,"logSize":6020}}
127368085	none	{"result":{"recorded":true,"address":127368085,"logSize":6021}}
216829612	none	{"result":{"recorded":true,"address":216829612,"logSize":6022}}
972992197	none	{"result":{"recorded":true,"address":972992197,"logSize":6023}}
251553282	none	{"result":{"recorded":true,"address":251553282,"logSize":6024}}
679865383	none	{"result":{"recorded":true,"address":679865383,"logSize":6025}}
7461751	none	{"result":{"recorded":true,"address":7461751,"logSize":6026}}
2023610727	none	{"result":{"recorded":true,"address":2023610727,"logSize":6027}}
958404622	none	{"result":{"recorded":true,"address":958404622,"logSize":6028}}
37780992	none	{"result":{"recorded":true,"address":37780992,"logSize":6029}}
1985675244	none	{"result":{"recorded":true,"address":1985675244,"logSize":6030}}
491629905	none	{"result":{"recorded":true,"address":491629905,"logSize":6031}}
120125295	none	{"result":{"recorded":true,"address":120125295,"logSize":6032}}
471915390	none	{"result":{"recorded":true,"address":471915390,"logSize":6033}}
1989793496	none	{"result":{"recorded":true,"address":1989793496,"logSize":6034}}
675143037	none	{"result":{"recorded":true,"address":675143037,"logSize":6035}}
313038107	none	{"result":{"recorded":true,"address":313038107,"logSize":6036}}
1465262785	none	{"result":{"recorded":true,"address":1465262785,"logSize":6037}}
555253018	none	{"result":{"recorded":true,"address":555253018,"logSize":6038}}
1007385009	none	{"result":{"recorded":true,"address":1007385009,"logSize":6039}}
32022594	none	{"result":{"recorded":true,"address":32022594,"logSize":6040}}
79203986	none	{"result":{"recorded":true,"address":79203986,"logSize":6041}}
1022559861	none	{"result":{"recorded":true,"address":1022559861,"logSize":6042}}
283709922	none	{"result":{"recorded":true,"address":283709922,"logSize":6043}}
1155070880	none	{"result":{"recorded":true,"address":1155070880,"logSize":6044}}
829532378	none	{"result":{"recorded":true,"address":829532378,"logSize":6045}}
6006162	none	{"result":{"recorded":true,"address":6006162,"logSize":6046}}
1110911952	none	{"result":{"recorded":true,"address":1110911952,"logSize":6047}}
38160024	none	{"result":{"recorded":true,"address":38160024,"logSize":6048}}
1537042362	none	{"result":{"recorded":true,"address":1537042362,"logSize":6049}}
613845292	none	{"result":{"recorded":true,"address":613845292,"logSize":6050}}
1585229257	none	{"result":{"recorded":true,"address":1585229257,"logSize":6051}}
803199112	none	{"result":{"recorded":true,"address":803199112,"logSize":6052}}
663334339	none	{"result":{"recorded":true,"address":663334339,"logSize":6053}}
1754146130	none	{"result":{"recorded":true,"address":1754146130,"logSize":6054}}
595407707	none	{"result":{"recorded":true,"address":595407707,"logSize":6055}}
8591019	none	{"result":{"recorded":true,"address":8591019,"logSize":6056}}
418087505	none	{"result":{"recorded":true,"address":418087505,"logSize":6057}}
2026035661	none	{"result":{"recorded":true,"address":2026035661,"logSize":6058}}
1268564869	none	{"result":{"recorded":true,"address":1268564869,"logSize":6059}}
1103217375	none	{"result":{"recorded":true,"address":1103217375,"logSize":6060}}
289690174	none	{"result":{"recorded":true,"address":289690174,"logSize":6061}}
1649981657	none	{"result":{"recorded":true,"address":1649981657,"logSize":6062}}
1599220154	none	{"result":{"recorded":true,"address":1599220154,"logSize":6063}}
1988455613	none	{"result":{"recorded":true,"address":1988455613,"logSize":6064}}
933471273	none	{"result":{"recorded":true,"address":933471273,"logSize":6065}}
554114678	none	{"result":{"recorded":true,"address":554114678,"logSize":6066}}
1053595836	none	{"result":{"recorded":true,"address":1053595836,"logSize":6067}}
568474494	none	{"result":{"recorded":true,"address":568474494,"logSize":6068}}
423958546	none	{"result":{"recorded":true,"address":423958546,"logSize":6069}}
1015659271	none	{"result":{"recorded":true,"address":1015659271,"logSize":6070}}
1927640128	none	{"result":{"recorded":true,"address":1927640128,"logSize":6071}}
1484906900	none	{"result":{"recorded":true,"address":1484906900,"logSize":6072}}
499616435	none	{"result":{"recorded":true,"address":499616435,"logSize":6073}}
1271339251	none	{"result":{"recorded":true,"address":1271339251,"logSize":6074}}
1496158334	none	{"result":{"recorded":true,"address":1496158334,"logSize":6075}}
482796766	none	{"result":{"recorded":true,"address":482796766,"logSize":6076}}
150116304	none	{"result":{"recorded":true,"address":150116304,"logSize":6077}}
1908246113	none	{"result":{"recorded":true,"address":1908246113,"logSize":6078}}
1191432060	none	{"result":{"recorded":true,"address":1191432060,"logSize":6079}}
595932165	none	{"result":{"recorded":true,"address":595932165,"logSize":6080}}
1589111062	none	{"result":{"recorded":true,"address":1589111062,"logSize":6081}}
2041420256	none	{"result":{"recorded":true,"address":2041420256,"logSize":6082}}
309404285	none	{"result":{"recorded":true,"address":309404285,"logSize":6083}}
1948665493	none	{"result":{"recorded":true,"address":1948665493,"logSize":6084}}
2122821571	none	{"result":{"recorded":true,"address":2122821571,"logSize":6085}}
1425448407	none	{"result":{"recorded":true,"address":1425448407,"logSize":6086}}
1440746832	none	{"result":{"recorded":true,"address":1440746832,"logSize":6087}}
845415197	none	{"result":{"recorded":true,"address":845415197,"logSize":6088}}
1760965264	none	{"result":{"recorded":true,"address":1760965264,"logSize":6089}}
839085297	none	{"result":{"recorded":true,"address":839085297,"logSize":6090}}
732764833	none	{"result":{"recorded":true,"address":732764833,"logSize":6091}}
1202407677	none	{"result":{"recorded":true,"address":1202407677,"logSize":6092}}
49967113	none	{"result":{"recorded":true,"address":49967113,"logSize":6093}}
953769271	none	{"result":{"recorded":true,"address":953769271,"logSize":6094}}
277384730	none	{"result":{"recorded":true,"address":277384730,"logSize":6095}}
1251312593	none	{"result":{"recorded":true,"address":1251312593,"logSize":6096}}
1440686959	none	{"result":{"recorded":true,"address":1440686959,"logSize":6097}}
647137255	none	{"result":{"recorded":true,"address":647137255,"logSize":6098}}
540709463	none	{"result":{"recorded":true,"address":540709463,"logSize":6099}}
2052869099	none	{"result":{"recorded":true,"address":2052869099,"logSize":6100}}
157847240	none	{"result":{"recorded":true,"address":157847240,"logSize":6101}}
1014541335	none	{"result":{"recorded":true,"address":1014541335,"logSize":6102}}
597353139	none	{"result":{"recorded":true,"address":597353139,"logSize":6103}}
1036207948	none	{"result":{"recorded":true,"address":1036207948,"logSize":6104}}
1601388624	none	{"result":{"recorded":true,"address":1601388624,"logSize":6105}}
1165205292	none	{"result":{"recorded":true,"address":1165205292,"logSize":6106}}
2012833749	none	{"result":{"recorded":true,"address":2012833749,"logSize":6107}}
1651625690	none	{"result":{"recorded":true,"address":1651625690,"logSize":6108}}
378396109	none	{"result":{"recorded":true,"address":378396109,"logSize":6109}}
1216701971	none	{"result":{"recorded":true,"address":1216701971,"logSize":6110}}
1288045937	none	{"result":{"recorded":true,"address":1288045937,"logSize":6111}}
1392732010	none	{"result":{"recorded":true,"address":1392732010,"logSize":6112}}
412594766	none	{"result":{"recorded":true,"address":412594766,"logSize":6113}}
2098537932	none	{"result":{"recorded":true,"address":2098537932,"logSize":6114}}
1125444771	none	{"result":{"recorded":true,"address":1125444771,"logSize":6115}}
807230911	none	{"result":{"recorded":true,"address":807230911,"logSize":6116}}
1605992280	none	{"result":{"recorded":true,"address":1605992280,"logSize":6117}}
1294572449	none	{"result":{"recorded":true,"address":1294572449,"logSize":6118}}
13112798	none	{"result":{"recorded":true,"address":13112798,"logSize":6119}}
627002382	none	{"result":{"recorded":true,"address":627002382,"logSize":6120}}
227760531	none	{"result":{"recorded":true,"address":227760531,"logSize":6121}}
469330231	none	{"result":{"recorded":true,"address":469330231,"logSize":6122}}
629305160	none	{"result":{"recorded":true,"address":629305160,"logSize":6123}}
1418634678	none	{"result":{"recorded":true,"address":1418634678,"logSize":6124}}
1466371153	none	{"result":{"recorded":true,"address":1466371153,"logSize":6125}}
2027073107	none	{"result":{"recorded":true,"address":2027073107,"logSize":6126}}
1521462652	none	{"result":{"recorded":true,"address":1521462652,"logSize":6127}}
1689890070	none	{"result":{"recorded":true,"address":1689890070,"logSize":6128}}
2054801683	none	{"result":{"recorded":true,"address":2054801683,"logSize":6129}}
1020873205	none	{"result":{"recorded":true,"address":1020873205,"logSize":6130}}
388172750	none	{"result":{"recorded":true,"address":388172750,"logSize":6131}}
1827418487	none	{"result":{"recorded":true,"address":1827418487,"logSize":6132}}
358510145	none	{"result":{"recorded":true,"address":358510145,"logSize":6133}}
1390134302	none	{"result":{"recorded":true,"address":1390134302,"logSize":6134}}
584818885	none	{"result":{"recorded":true,"address":584818885,"logSize":6135}}
2085794776	none	{"result":{"recorded":true,"address":2085794776,"logSize":6136}}
1759296925	none	{"result":{"recorded":true,"address":1759296925,"logSize":6137}}
1766727011	none	{"result":{"recorded":true,"address":1766727011,"logSize":6138}}
789472758	none	{"result":{"recorded":true,"address":789472758,"logSize":6139}}
563979187	none	{"result":{"recorded":true,"address":563979187,"logSize":6140}}
909436345	none	{"result":{"recorded":true,"address":909436345,"logSize":6141}}
1039560871	none	{"result":{"recorded":true,"address":1039560871,"logSize":6142}}
246985522	none	{"result":{"recorded":true,"address":246985522,"logSize":6143}}
1020652387	none	{"result":{"recorded":true,"address":1020652387,"logSize":6144}}
1403888066	none	{"result":{"recorded":true,"address":1403888066,"logSize":6145}}
1427554621	none	{"result":{"recorded":true,"address":1427554621,"logSize":6146}}
1759886785	none	{"result":{"recorded":true,"address":1759886785,"logSize":6147}}
77636347	none	{"result":{"recorded":true,"address":77636347,"logSize":6148}}
1150009911	none	{"result":{"recorded":true,"address":1150009911,"logSize":6149}}
1738813973	none	{"result":{"recorded":true,"address":1738813973,"logSize":6150}}
1857693439	none	{"result":{"recorded":true,"address":1857693439,"logSize":6151}}
391496434	none	{"result":{"recorded":true,"address":391496434,"logSize":6152}}
833633373	none	{"result":{"recorded":true,"address":833633373,"logSize":6153}}
1335586329	none	{"result":{"recorded":true,"address":1335586329,"logSize":6154}}
1334949941	none	{"result":{"recorded":true,"address":1334949941,"logSize":6155}}
1708394692	none	{"result":{"recorded":true,"address":1708394692,"logSize":6156}}
1059413684	none	{"result":{"recorded":true,"address":1059413684,"logSize":6157}}
1702109683	none	{"result":{"recorded":true,"address":1702109683,"logSize":6158}}
1230932055	none	{"result":{"recorded":true,"address":1230932055,"logSize":6159}}
1176093582	none	{"result":{"recorded":true,"address":1176093582,"logSize":6160}}
1877718965	none	{"result":{"recorded":true,"address":1877718965,"logSize":6161}}
1390463833	none	{"result":{"recorded":true,"address":1390463833,"logSize":6162}}
1106496131	none	{"result":{"recorded":true,"address":1106496131,"logSize":6163}}
44074926	none	{"result":{"recorded":true,"address":44074926,"logSize":6164}}
1807626826	none	{"result":{"recorded":true,"address":1807626826,"logSize":6165}}
369570373	none	{"result":{"recorded":true,"address":369570373,"logSize":6166}}
898338987	none	{"result":{"recorded":true,"address":898338987,"logSize":6167}}
1416916138	none	{"result":{"recorded":true,"address":1416916138,"logSize":6168}}
629380121	none	{"result":{"recorded":true,"address":629380121,"logSize":6169}}
1935832423	none	{"result":{"recorded":true,"address":1935832423,"logSize":6170}}
290011773	none	{"result":{"recorded":true,"address":290011773,"logSize":6171}}
1218364903	none	{"result":{"recorded":true,"address":1218364903,"logSize":6172}}
997854845	none	{"result":{"recorded":true,"address":997854845,"logSize":6173}}
661270190	none	{"result":{"recorded":true,"address":661270190,"logSize":6174}}
182042196	none	{"result":{"recorded":true,"address":182042196,"logSize":6175}}
692308040	none	{"result":{"recorded":true,"address":692308040,"logSize":6176}}
1358862453	none	{"result":{"recorded":true,"address":1358862453,"logSize":6177}}
1072952759	none	{"result":{"recorded":true,"address":1072952759,"logSize":6178}}
990765051	none	{"result":{"recorded":true,"address":990765051,"logSize":6179}}
57864667	none	{"result":{"recorded":true,"address":57864667,"logSize":6180}}
506997799	none	{"result":{"recorded":true,"address":506997799,"logSize":6181}}
1263190049	none	{"result":{"recorded":true,"address":1263190049,"logSize":6182}}
1810185115	none	{"result":{"recorded":true,"address":1810185115,"logSize":6183}}
1340191251	none	{"result":{"recorded":true,"address":1340191251,"logSize":6184}}
894037116	none	{"result":{"recorded":true,"address":894037116,"logSize":6185}}
449557416	none	{"result":{"recorded":true,"address":449557416,"logSize":6186}}
1260022722	none	{"result":{"recorded":true,"address":1260022722,"logSize":6187}}
1634315326	none	{"result":{"recorded":true,"address":1634315326,"logSize":6188}}
922268343	none	{"result":{"recorded":true,"address":922268343,"logSize":6189}}
1458280439	none	{"result":{"recorded":true,"address":1458280439,"logSize":6190}}
1413740481	none	{"result":{"recorded":true,"address":1413740481,"logSize":6191}}
525721166	none	{"result":{"recorded":true,"address":525721166,"logSize":6192}}
78511136	none	{"result":{"recorded":true,"address":78511136,"logSize":6193}}
2125958080	none	{"result":{"recorded":true,"address":2125958080,"logSize":6194}}
1415462881	none	{"result":{"recorded":true,"address":1415462881,"logSize":6195}}
131785060	none	{"result":{"recorded":true,"address":131785060,"logSize":6196}}
886600699	none	{"result":{"recorded":true,"address":886600699,"logSize":6197}}
1664572623	none	{"result":{"recorded":true,"address":1664572623,"logSize":6198}}
982868835	none	{"result":{"recorded":true,"address":982868835,"logSize":6199}}
879986060	none	{"result":{"recorded":true,"address":879986060,"logSize":6200}}
1201188291	none	{"result":{"recorded":true,"address":1201188291,"logSize":6201}}
1485063213	none	{"result":{"recorded":true,"address":1485063213,"logSize":6202}}
318198309	none	{"result":{"recorded":true,"address":318198309,"logSize":6203}}
1217769849	none	{"result":{"recorded":true,"address":1217769849,"logSize":6204}}
163102800	none	{"result":{"recorded":true,"address":163102800,"logSize":6205}}
133810057	none	{"result":{"recorded":true,"address":133810057,"logSize":6206}}
1205839284	none	{"result":{"recorded":true,"address":1205839284,"logSize":6207}}
1559127440	none	{"result":{"recorded":true,"address":1559127440,"logSize":6208}}
1549243167	none	{"result":{"recorded":true,"address":1549243167,"logSize":6209}}
1396422279	none	{"result":{"recorded":true,"address":1396422279,"logSize":6210}}
58063208	none	{"result":{"recorded":true,"address":58063208,"logSize":6211}}
1745677019	none	{"result":{"recorded":true,"address":1745677019,"logSize":6212}}
6484106	none	{"result":{"recorded":true,"address":6484106,"logSize":6213}}
1149810206	none	{"result":{"recorded":true,"address":1149810206,"logSize":6214}}
1432700589	none	{"result":{"recorded":true,"address":1432700589,"logSize":6215}}
851635988	none	{"result":{"recorded":true,"address":851635988,"logSize":6216}}
1518775587	none	{"result":{"recorded":true,"address":1518775587,"logSize":6217}}
978196462	none	{"result":{"recorded":true,"address":978196462,"logSize":6218}}
1178010489	none	{"result":{"recorded":true,"address":1178010489,"logSize":6219}}
68881092	none	{"result":{"recorded":true,"address":68881092,"logSize":6220}}
916406308	none	{"result":{"recorded":true,"address":916406308,"logSize":6221}}
540706083	none	{"result":{"recorded":true,"address":540706083,"logSize":6222}}
108936227	none	{"result":{"recorded":true,"address":108936227,"logSize":6223}}
814456580	none	{"result":{"recorded":true,"address":814456580,"logSize":6224}}
471115977	none	{"result":{"recorded":true,"address":471115977,"logSize":6225}}
252197439	none	{"result":{"recorded":true,"address":252197439,"logSize":6226}}
669016412	none	{"result":{"recorded":true,"address":669016412,"logSize":6227}}
585264564	none	{"result":{"recorded":true,"address":585264564,"logSize":6228}}
1502736462	none	{"result":{"recorded":true,"address":1502736462,"logSize":6229}}
36402024	none	{"result":{"recorded":true,"address":36402024,"logSize":6230}}
1399991595	none	{"result":{"recorded":true,"address":1399991595,"logSize":6231}}
1706647498	none	{"result":{"recorded":true,"address":1706647498,"logSize":6232}}
1563541350	none	{"result":{"recorded":true,"address":1563541350,"logSize":6233}}
1627626892	none	{"result":{"recorded":true,"address":1627626892,"logSize":6234}}
2111934956	none	{"result":{"recorded":true,"address":2111934956,"logSize":6235}}
416304597	none	{"result":{"recorded":true,"address":416304597,"logSize":6236}}
1025710871	none	{"result":{"recorded":true,"address":1025710871,"logSize":6237}}
1006309289	none	{"result":{"recorded":true,"address":1006309289,"logSize":6238}}
1927859337	none	{"result":{"recorded":true,"address":1927859337,"logSize":6239}}
941280749	none	{"result":{"recorded":true,"address":941280749,"logSize":6240}}
1893303396	none	{"result":{"recorded":true,"address":1893303396,"logSize":6241}}
1449665918	none	{"result":{"recorded":true,"address":1449665918,"logSize":6242}}
1017119888	none	{"result":{"recorded":true,"address":1017119888,"logSize":6243}}
283544889	none	{"result":{"recorded":true,"address":283544889,"logSize":6244}}
1823654563	none	{"result":{"recorded":true,"address":1823654563,"logSize":6245}}
848435182	none	{"result":{"recorded":true,"address":848435182,"logSize":6246}}
1908493226	none	{"result":{"recorded":true,"address":1908493226,"logSize":6247}}
203966664	none	{"result":{"recorded":true,"address":203966664,"logSize":6248}}
279068892	none	{"result":{"recorded":true,"address":279068892,"logSize":6249}}
1439278650	none	{"result":{"recorded":true,"address":1439278650,"logSize":6250}}
222938388	none	{"result":{"recorded":true,"address":222938388,"logSize":6251}}
680056558	none	{"result":{"recorded":true,"address":680056558,"logSize":6252}}
1857540893	none	{"result":{"recorded":true,"address":1857540893,"logSize":6253}}
1288902292	none	{"result":{"recorded":true,"address":1288902292,"logSize":6254}}
280982516	none	{"result":{"recorded":true,"address":280982516,"logSize":6255}}
1941707593	none	{"result":{"recorded":true,"address":1941707593,"logSize":6256}}
2137312513	none	{"result":{"recorded":true,"address":2137312513,"logSize":6257}}
30129389	none	{"result":{"recorded":true,"address":30129389,"logSize":6258}}
1650005089	none	{"result":{"recorded":true,"address":1650005089,"logSize":6259}}
813048563	none	{"result":{"recorded":true,"address":813048563,"logSize":6260}}
434276773	none	{"result":{"recorded":true,"address":434276773,"logSize":6261}}
874187960	none	{"result":{"recorded":true,"address":874187960,"logSize":6262}}
432938851	none	{"result":{"recorded":true,"address":432938851,"logSize":6263}}
830149080	none	{"result":{"recorded":true,"address":830149080,"logSize":6264}}
1688219395	none	{"result":{"recorded":true,"address":1688219395,"logSize":6265}}
201823638	none	{"result":{"recorded":true,"address":201823638,"logSize":6266}}
901773937	none	{"result":{"recorded":true,"address":901773937,"logSize":6267}}
1106051152	none	{"result":{"recorded":true,"address":1106051152,"logSize":6268}}
2067233154	none	{"result":{"recorded":true,"address":2067233154,"logSize":6269}}
1609149449	none	{"result":{"recorded":true,"address":1609149449,"logSize":6270}}
1116346055	none	{"result":{"recorded":true,"address":1116346055,"logSize":6271}}
1967822536	none	{"result":{"recorded":true,"address":1967822536,"logSize":6272}}
290327058	none	{"result":{"recorded":true,"address":290327058,"logSize":6273}}
2057211247	none	{"result":{"recorded":true,"address":2057211247,"logSize":6274}}
892887522	none	{"result":{"recorded":true,"address":892887522,"logSize":6275}}
930131351	none	{"result":{"recorded":true,"address":930131351,"logSize":6276}}
1007555531	none	{"result":{"recorded":true,"address":1007555531,"logSize":6277}}
1949218840	none	{"result":{"recorded":true,"address":1949218840,"logSize":6278}}
1908457131	none	{"result":{"recorded":true,"address":1908457131,"logSize":6279}}
438694190	none	{"result":{"recorded":true,"address":438694190,"logSize":6280}}
684447218	none	{"result":{"recorded":true,"address":684447218,"logSize":6281}}
64095452	none	{"result":{"recorded":true,"address":64095452,"logSize":6282}}
340492133	none	{"result":{"recorded":true,"address":340492133,"logSize":6283}}
229280282	none	{"result":{"recorded":true,"address":229280282,"logSize":6284}}
638532606	none	{"result":{"recorded":true,"address":638532606,"logSize":6285}}
755205383	none	{"result":{"recorded":true,"address":755205383,"logSize":6286}}
2051159061	none	{"result":{"recorded":true,"address":2051159061,"logSize":6287}}
584606870	none	{"result":{"recorded":true,"address":584606870,"logSize":6288}}
694623622	none	{"result":{"recorded":true,"address":694623622,"logSize":6289}}
876705906	none	{"result":{"recorded":true,"address":876705906,"logSize":6290}}
535639828	none	{"result":{"recorded":true,"address":535639828,"logSize":6291}}
931675884	none	{"result":{"recorded":true,"address":931675884,"logSize":6292}}
110652562	none	{"result":{"recorded":true,"address":110652562,"logSize":6293}}
650584494	none	{"result":{"recorded":true,"address":650584494,"logSize":6294}}
1929283509	none	{"result":{"recorded":true,"address":1929283509,"logSize":6295}}
2082172188	none	{"result":{"recorded":true,"address":2082172188,"logSize":6296}}
986949062	none	{"result":{"recorded":true,"address":986949062,"logSize":6297}}
1225925806	none	{"result":{"recorded":true,"address":1225925806,"logSize":6298}}
1245133950	none	{"result":{"recorded":true,"address":1245133950,"logSize":6299}}
1795869742	none	{"result":{"recorded":true,"address":1795869742,"logSize":6300}}
1740331397	none	{"result":{"recorded":true,"address":1740331397,"logSize":6301}}
1646865075	none	{"result":{"recorded":true,"address":1646865075,"logSize":6302}}
2073523685	none	{"result":{"recorded":true,"address":2073523685,"logSize":6303}}
1549221649	none	{"result":{"recorded":true,"address":1549221649,"logSize":6304}}
245870169	none	{"result":{"recorded":true,"address":245870169,"logSize":6305}}
1924026713	none	{"result":{"recorded":true,"address":1924026713,"logSize":6306}}
260577143	none	{"result":{"recorded":true,"address":260577143,"logSize":6307}}
1415448410	none	{"result":{"recorded":true,"address":1415448410,"logSize":6308}}
433171959	none	{"result":{"recorded":true,"address":433171959,"logSize":6309}}
1625589078	none	{"result":{"recorded":true,"address":1625589078,"logSize":6310}}
878731917	none	{"result":{"recorded":true,"address":878731917,"logSize":6311}}
165722893	none	{"result":{"recorded":true,"address":165722893,"logSize":6312}}
485991785	none	{"result":{"recorded":true,"address":485991785,"logSize":6313}}
854845559	none	{"result":{"recorded":true,"address":854845559,"logSize":6314}}
97200081	none	{"result":{"recorded":true,"address":97200081,"logSize":6315}}
428181853	none	{"result":{"recorded":true,"address":428181853,"logSize":6316}}
907400441	none	{"result":{"recorded":true,"address":907400441,"logSize":6317}}
1835888878	none	{"result":{"recorded":true,"address":1835888878,"logSize":6318}}
164676671	none	{"result":{"recorded":true,"address":164676671,"logSize":6319}}
33651378	none	{"result":{"recorded":true,"address":33651378,"logSize":6320}}
709196123	none	{"result":{"recorded":true,"address":709196123,"logSize":6321}}
522241815	none	{"result":{"recorded":true,"address":522241815,"logSize":6322}}
574273540	none	{"result":{"recorded":true,"address":574273540,"logSize":6323}}
1467967342	none	{"result":{"recorded":true,"address":1467967342,"logSize":6324}}
1406324935	none	{"result":{"recorded":true,"address":1406324935,"logSize":6325}}
1152478760	none	{"result":{"recorded":true,"address":1152478760,"logSize":6326}}
1151631556	none	{"result":{"recorded":true,"address":1151631556,"logSize":6327}}
647139570	none	{"result":{"recorded":true,"address":647139570,"logSize":6328}}
1339915303	none	{"result":{"recorded":true,"address":1339915303,"logSize":6329}}
904208976	none	{"result":{"recorded":true,"address":904208976,"logSize":6330}}
2016437840	none	{"result":{"recorded":true,"address":2016437840,"logSize":6331}}
735163267	none	{"result":{"recorded":true,"address":735163267,"logSize":6332}}
337604265	none	{"result":{"recorded":true,"address":337604265,"logSize":6333}}
1912172246	none	{"result":{"recorded":true,"address":1912172246,"logSize":6334}}
1747367021	none	{"result":{"recorded":true,"address":1747367021,"logSize":6335}}
1054362539	none	{"result":{"recorded":true,"address":1054362539,"logSize":6336}}
1630523238	none	{"result":{"recorded":true,"address":1630523238,"logSize":6337}}
845178396	none	{"result":{"recorded":true,"address":845178396,"logSize":6338}}
37640185	none	{"result":{"recorded":true,"address":37640185,"logSize":6339}}
674135765	none	{"result":{"recorded":true,"address":674135765,"logSize":6340}}
1511825122	none	{"result":{"recorded":true,"address":1511825122,"logSize":6341}}
1541858295	none	{"result":{"recorded":true,"address":1541858295,"logSize":6342}}
695128551	none	{"result":{"recorded":true,"address":695128551,"logSize":6343}}
1101539092	none	{"result":{"recorded":true,"address":1101539092,"logSize":6344}}
1624789249	none	{"result":{"recorded":true,"address":1624789249,"logSize":6345}}
2092896408	none	{"result":{"recorded":true,"address":2092896408,"logSize":6346}}
350920416	none	{"result":{"recorded":true,"address":350920416,"logSize":6347}}
1481144213	none	{"result":{"recorded":true,"address":1481144213,"logSize":6348}}
914435646	none	{"result":{"recorded":true,"address":914435646,"logSize":6349}}
149255489	none	{"result":{"recorded":true,"address":149255489,"logSize":6350}}
1818017644	none	{"result":{"recorded":true,"address":1818017644,"logSize":6351}}
539649253	none	{"result":{"recorded":true,"address":539649253,"logSize":6352}}
1258725524	none	{"result":{"recorded":true,"address":1258725524,"logSize":6353}}
2141715444	none	{"result":{"recorded":true,"address":2141715444,"logSize":6354}}
1458562296	none	{"result":{"recorded":true,"address":1458562296,"logSize":6355}}
228176475	none	{"result":{"recorded":true,"address":228176475,"logSize":6356}}
2018015404	none	{"result":{"recorded":true,"address":2018015404,"logSize":6357}}
773035146	none	{"result":{"recorded":true,"address":773035146,"logSize":6358}}
865776730	none	{"result":{"recorded":true,"address":865776730,"logSize":6359}}
14040932	none	{"result":{"recorded":true,"address":14040932,"logSize":6360}}
581062829	none	{"result":{"recorded":true,"address":581062829,"logSize":6361}}
947921387	none	{"result":{"recorded":true,"address":947921387,"logSize":6362}}
2045823743	none	{"result":{"recorded":true,"address":2045823743,"logSize":6363}}
2024069694	none	{"result":{"recorded":true,"address":2024069694,"logSize":6364}}
1590802865	none	{"result":{"recorded":true,"address":1590802865,"logSize":6365}}
525446714	none	{"result":{"recorded":true,"address":525446714,"logSize":6366}}
1406541418	none	{"result":{"recorded":true,"address":1406541418,"logSize":6367}}
1303715999	none	{"result":{"recorded":true,"address":1303715999,"logSize":6368}}
668193713	none	{"result":{"recorded":true,"address":668193713,"logSize":6369}}
1791793257	none	{"result":{"recorded":true,"address":1791793257,"logSize":6370}}
296037025	none	{"result":{"recorded":true,"address":296037025,"logSize":6371}}
105142007	none	{"result":{"recorded":true,"address":105142007,"logSize":6372}}
1907004243	none	{"result":{"recorded":true,"address":1907004243,"logSize":6373}}
755807188	none	{"result":{"recorded":true,"address":755807188,"logSize":6374}}
539023482	none	{"result":{"recorded":true,"address":539023482,"logSize":6375}}
597002710	none	{"result":{"recorded":true,"address":597002710,"logSize":6376}}
784073503	none	{"result":{"recorded":true,"address":784073503,"logSize":6377}}
1431187496	none	{"result":{"recorded":true,"address":1431187496,"logSize":6378}}
1152410847	none	{"result":{"recorded":true,"address":1152410847,"logSize":6379}}
1012369834	none	{"result":{"recorded":true,"address":1012369834,"logSize":6380}}
339770697	none	{"result":{"recorded":true,"address":339770697,"logSize":6381}}
1152844188	none	{"result":{"recorded":true,"address":1152844188,"logSize":6382}}
989803063	none	{"result":{"recorded":true,"address":989803063,"logSize":6383}}
2103636508	none	{"result":{"recorded":true,"address":2103636508,"logSize":6384}}
376460212	none	{"result":{"recorded":true,"address":376460212,"logSize":6385}}
1442639131	none	{"result":{"recorded":true,"address":1442639131,"logSize":6386}}
359260497	none	{"result":{"recorded":true,"address":359260497,"logSize":6387}}
209522074	none	{"result":{"recorded":true,"address":209522074,"logSize":6388}}
457159462	none	{"result":{"recorded":true,"address":457159462,"logSize":6389}}
77134826	none	{"result":{"recorded":true,"address":77134826,"logSize":6390}}
1139355740	none	{"result":{"recorded":true,"address":1139355740,"logSize":6391}}
1708525084	none	{"result":{"recorded":true,"address":1708525084,"logSize":6392}}
1825027471	none	{"result":{"recorded":true,"address":1825027471,"logSize":6393}}
915423096	none	{"result":{"recorded":true,"address":915423096,"logSize":6394}}
1175768117	none	{"result":{"recorded":true,"address":1175768117,"logSize":6395}}
151682824	none	{"result":{"recorded":true,"address":151682824,"logSize":6396}}
1892494678	none	{"result":{"recorded":true,"address":1892494678,"logSize":6397}}
1605121254	none	{"result":{"recorded":true,"address":1605121254,"logSize":6398}}
1273770379	none	{"result":{"recorded":true,"address":1273770379,"logSize":6399}}
186626939	none	{"result":{"recorded":true,"address":186626939,"logSize":6400}}
981262812	none	{"result":{"recorded":true,"address":981262812,"logSize":6401}}
1350507278	none	{"result":{"recorded":true,"address":1350507278,"logSize":6402}}
1154146790	none	{"result":{"recorded":true,"address":1154146790,"logSize":6403}}
1022286910	none	{"result":{"recorded":true,"address":1022286910,"logSize":6404}}
1967931897	none	{"result":{"recorded":true,"address":1967931897,"logSize":6405}}
773194097	none	{"result":{"recorded":true,"address":773194097,"logSize":6406}}
529023553	none	{"result":{"recorded":true,"address":529023553,"logSize":6407}}
1182871590	none	{"result":{"recorded":true,"address":1182871590,"logSize":6408}}
894351932	none	{"result":{"recorded":true,"address":894351932,"logSize":6409}}
2089728875	none	{"result":{"recorded":true,"address":2089728875,"logSize":6410}}
1327373278	none	{"result":{"recorded":true,"address":1327373278,"logSize":6411}}
1749780616	none	{"result":{"recorded":true,"address":1749780616,"logSize":6412}}
1781494308	none	{"result":{"recorded":true,"address":1781494308,"logSize":6413}}
1034990820	none	{"result":{"recorded":true,"address":1034990820,"logSize":6414}}
2021007595	none	{"result":{"recorded":true,"address":2021007595,"logSize":6415}}
976315466	none	{"result":{"recorded":true,"address":976315466,"logSize":6416}}
759930925	none	{"result":{"recorded":true,"address":759930925,"logSize":6417}}
1433120973	none	{"result":{"recorded":true,"address":1433120973,"logSize":6418}}
685389565	none	{"result":{"recorded":true,"address":685389565,"logSize":6419}}
211963423	none	{"result":{"recorded":true,"address":211963423,"logSize":6420}}
533353534	none	{"result":{"recorded":true,"address":533353534,"logSize":6421}}
473335637	none	{"result":{"recorded":true,"address":473335637,"logSize":6422}}
1018273732	none	{"result":{"recorded":true,"address":1018273732,"logSize":6423}}
108388774	none	{"result":{"recorded":true,"address":108388774,"logSize":6424}}
1577368273	none	{"result":{"recorded":true,"address":1577368273,"logSize":6425}}
1126473346	none	{"result":{"recorded":true,"address":1126473346,"logSize":6426}}
2132287548	none	{"result":{"recorded":true,"address":2132287548,"logSize":6427}}
9111794	none	{"result":{"recorded":true,"address":9111794,"logSize":6428}}
1618713397	none	{"result":{"recorded":true,"address":1618713397,"logSize":6429}}
1238100125	none	{"result":{"recorded":true,"address":1238100125,"logSize":6430}}
1951416990	none	{"result":{"recorded":true,"address":1951416990,"logSize":6431}}
539165399	none	{"result":{"recorded":true,"address":539165399,"logSize":6432}}
119375354	none	{"result":{"recorded":true,"address":119375354,"logSize":6433}}
244732407	none	{"result":{"recorded":true,"address":244732407,"logSize":6434}}
532110307	none	{"result":{"recorded":true,"address":532110307,"logSize":6435}}
1486432210	none	{"result":{"recorded":true,"address":1486432210,"logSize":6436}}
1961488755	none	{"result":{"recorded":true,"address":1961488755,"logSize":6437}}
1172552420	none	{"result":{"recorded":true,"address":1172552420,"logSize":6438}}
2057977495	none	{"result":{"recorded":true,"address":2057977495,"logSize":6439}}
1408074435	none	{"result":{"recorded":true,"address":1408074435,"logSize":6440}}
522663159	none	{"result":{"recorded":true,"address":522663159,"logSize":6441}}
1882064060	none	{"result":{"recorded":true,"address":1882064060,"logSize":6442}}
763670648	none	{"result":{"recorded":true,"address":763670648,"logSize":6443}}
2023407360	none	{"result":{"recorded":true,"address":2023407360,"logSize":6444}}
300049435	none	{"result":{"recorded":true,"address":300049435,"logSize":6445}}
1071812675	none	{"result":{"recorded":true,"address":1071812675,"logSize":6446}}
906395214	none	{"result":{"recorded":true,"address":906395214,"logSize":6447}}
1221005087	none	{"result":{"recorded":true,"address":1221005087,"logSize":6448}}
877345938	none	{"result":{"recorded":true,"address":877345938,"logSize":6449}}
1226130692	none	{"result":{"recorded":true,"address":1226130692,"logSize":6450}}
699068302	none	{"result":{"recorded":true,"address":699068302,"logSize":6451}}
516832974	none	{"result":{"recorded":true,"address":516832974,"logSize":6452}}
749616502	none	{"result":{"recorded":true,"address":749616502,"logSize":6453}}
1609854055	none	{"result":{"recorded":true,"address":1609854055,"logSize":6454}}
12531612	none	{"result":{"recorded":true,"address":12531612,"logSize":6455}}
336367944	none	{"result":{"recorded":true,"address":336367944,"logSize":6456}}
708983371	none	{"result":{"recorded":true,"address":708983371,"logSize":6457}}
2016193989	none	{"result":{"recorded":true,"address":2016193989,"logSize":6458}}
954304155	none	{"result":{"recorded":true,"address":954304155,"logSize":6459}}
324097885	none	{"result":{"recorded":true,"address":324097885,"logSize":6460}}
180362881	none	{"result":{"recorded":true,"address":180362881,"logSize":6461}}
1870285779	none	{"result":{"recorded":true,"address":1870285779,"logSize":6462}}
1778460700	none	{"result":{"recorded":true,"address":1778460700,"logSize":6463}}
657233425	none	{"result":{"recorded":true,"address":657233425,"logSize":6464}}
1841248847	none	{"result":{"recorded":true,"address":1841248847,"logSize":6465}}
1328338271	none	{"result":{"recorded":true,"address":1328338271,"logSize":6466}}
746469094	none	{"result":{"recorded":true,"address":746469094,"logSize":6467}}
664839298	none	{"result":{"recorded":true,"address":664839298,"logSize":6468}}
783510567	none	{"result":{"recorded":true,"address":783510567,"logSize":6469}}
38611788	none	{"result":{"recorded":true,"address":38611788,"logSize":6470}}
1221089750	none	{"result":{"recorded":true,"address":1221089750,"logSize":6471}}
503613639	none	{"result":{"recorded":true,"address":503613639,"logSize":6472}}
1104451908	none	{"result":{"recorded":true,"address":1104451908,"logSize":6473}}
1774672799	none	{"result":{"recorded":true,"address":1774672799,"logSize":6474}}
714776777	none	{"result":{"recorded":true,"address":714776777,"logSize":6475}}
300783619	none	{"result":{"recorded":true,"address":300783619,"logSize":6476}}
215146327	none	{"result":{"recorded":true,"address":215146327,"logSize":6477}}
86224425	none	{"result":{"recorded":true,"address":86224425,"logSize":6478}}
623004440	none	{"result":{"recorded":true,"address":623004440,"logSize":6479}}
1545616267	none	{"result":{"recorded":true,"address":1545616267,"logSize":6480}}
1029407489	none	{"result":{"recorded":true,"address":1029407489,"logSize":6481}}
2119027214	none	{"result":{"recorded":true,"address":2119027214,"logSize":6482}}
1334410843	none	{"result":{"recorded":true,"address":1334410843,"logSize":6483}}
332358968	none	{"result":{"recorded":true,"address":332358968,"logSize":6484}}
2066143509	none	{"result":{"recorded":true,"address":2066143509,"logSize":6485}}
1859704149	none	{"result":{"recorded":true,"address":1859704149,"logSize":6486}}
902499299	none	{"result":{"recorded":true,"address":902499299,"logSize":6487}}
851704042	none	{"result":{"recorded":true,"address":851704042,"logSize":6488}}
477420589	none	{"result":{"recorded":true,"address":477420589,"logSize":6489}}
1600225620	none	{"result":{"recorded":true,"address":1600225620,"logSize":6490}}
2102965364	none	{"result":{"recorded":true,"address":2102965364,"logSize":6491}}
1150077297	none	{"result":{"recorded":true,"address":1150077297,"logSize":6492}}
2040680952	none	{"result":{"recorded":true,"address":2040680952,"logSize":6493}}
459899552	none	{"result":{"recorded":true,"address":459899552,"logSize":6494}}
596150808	none	{"result":{"recorded":true,"address":596150808,"logSize":6495}}
619415138	none	{"result":{"recorded":true,"address":619415138,"logSize":6496}}
253002977	none	{"result":{"recorded":true,"address":253002977,"logSize":6497}}
1483881380	none	{"result":{"recorded":true,"address":1483881380,"logSize":6498}}
894687144	none	{"result":{"recorded":true,"address":894687144,"logSize":6499}}
968054237	none	{"result":{"recorded":true,"address":968054237,"logSize":6500}}
338573827	none	{"result":{"recorded":true,"address":338573827,"logSize":6501}}
1885904581	none	{"result":{"recorded":true,"address":1885904581,"logSize":6502}}
1379682875	none	{"result":{"recorded":true,"address":1379682875,"logSize":6503}}
23468324	none	{"result":{"recorded":true,"address":23468324,"logSize":6504}}
838173814	none	{"result":{"recorded":true,"address":838173814,"logSize":6505}}
518410480	none	{"result":{"recorded":true,"address":518410480,"logSize":6506}}
234125242	none	{"result":{"recorded":true,"address":234125242,"logSize":6507}}
2026813400	none	{"result":{"recorded":true,"address":2026813400,"logSize":6508}}
1648499000	none	{"result":{"recorded":true,"address":1648499000,"logSize":6509}}
127848818	none	{"result":{"recorded":true,"address":127848818,"logSize":6510}}
242662567	none	{"result":{"recorded":true,"address":242662567,"logSize":6511}}
748265802	none	{"result":{"recorded":true,"address":748265802,"logSize":6512}}
728324502	none	{"result":{"recorded":true,"address":728324502,"logSize":6513}}
923964582	none	{"result":{"recorded":true,"address":923964582,"logSize":6514}}
143573847	none	{"result":{"recorded":true,"address":143573847,"logSize":6515}}
651873247	none	{"result":{"recorded":true,"address":651873247,"logSize":6516}}
1627193942	none	{"result":{"recorded":true,"address":1627193942,"logSize":6517}}
1881555872	none	{"result":{"recorded":true,"address":1881555872,"logSize":6518}}
1420360256	none	{"result":{"recorded":true,"address":1420360256,"logSize":6519}}
480479663	none	{"result":{"recorded":true,"address":480479663,"logSize":6520}}
1971959888	none	{"result":{"recorded":true,"address":1971959888,"logSize":6521}}
610505621	none	{"result":{"recorded":true,"address":610505621,"logSize":6522}}
1533713177	none	{"result":{"recorded":true,"address":1533713177,"logSize":6523}}
1364121283	none	{"result":{"recorded":true,"address":1364121283,"logSize":6524}}
609786957	none	{"result":{"recorded":true,"address":609786957,"logSize":6525}}
998222744	none	{"result":{"recorded":true,"address":998222744,"logSize":6526}}
1858743655	none	{"result":{"recorded":true,"address":1858743655,"logSize":6527}}
483843682	none	{"result":{"recorded":true,"address":483843682,"logSize":6528}}
162862690	none	{"result":{"recorded":true,"address":162862690,"logSize":6529}}
1458093492	none	{"result":{"recorded":true,"address":1458093492,"logSize":6530}}
1590386532	none	{"result":{"recorded":true,"address":1590386532,"logSize":6531}}
1995052547	none	{"result":{"recorded":true,"address":1995052547,"logSize":6532}}
1061019432	none	{"result":{"recorded":true,"address":1061019432,"logSize":6533}}
262129748	none	{"result":{"recorded":true,"address":262129748,"logSize":6534}}
1047926047	none	{"result":{"recorded":true,"address":1047926047,"logSize":6535}}
524704763	none	{"result":{"recorded":true,"address":524704763,"logSize":6536}}
482486947	none	{"result":{"recorded":true,"address":482486947,"logSize":6537}}
662842533	none	{"result":{"recorded":true,"address":662842533,"logSize":6538}}
2072929574	none	{"result":{"recorded":true,"address":2072929574,"logSize":6539}}
1648547157	none	{"result":{"recorded":true,"address":1648547157,"logSize":6540}}
1612184027	none	{"result":{"recorded":true,"address":1612184027,"logSize":6541}}
907229891	none	{"result":{"recorded":true,"address":907229891,"logSize":6542}}
1498381348	none	{"result":{"recorded":true,"address":1498381348,"logSize":6543}}
564745821	none	{"result":{"recorded":true,"address":564745821,"logSize":6544}}
838252423	none	{"result":{"recorded":true,"address":838252423,"logSize":6545}}
458607249	none	{"result":{"recorded":true,"address":458607249,"logSize":6546}}
1006312877	none	{"result":{"recorded":true,"address":1006312877,"logSize":6547}}
1100721409	none	{"result":{"recorded":true,"address":1100721409,"logSize":6548}}
1669519108	none	{"result":{"recorded":true,"address":1669519108,"logSize":6549}}
632291445	none	{"result":{"recorded":true,"address":632291445,"logSize":6550}}
951005309	none	{"result":{"recorded":true,"address":951005309,"logSize":6551}}
420383931	none	{"result":{"recorded":true,"address":420383931,"logSize":6552}}
2093914466	none	{"result":{"recorded":true,"address":2093914466,"logSize":6553}}
898016340	none	{"result":{"recorded":true,"address":898016340,"logSize":6554}}
1365131047	none	{"result":{"recorded":true,"address":1365131047,"logSize":6555}}
2013027796	none	{"result":{"recorded":true,"address":2013027796,"logSize":6556}}
1676710986	none	{"result":{"recorded":true,"address":1676710986,"logSize":6557}}
1704452237	none	{"result":{"recorded":true,"address":1704452237,"logSize":6558}}
516235398	none	{"result":{"recorded":true,"address":516235398,"logSize":6559}}
494562926	none	{"result":{"recorded":true,"address":494562926,"logSize":6560}}
1693508190	none	{"result":{"recorded":true,"address":1693508190,"logSize":6561}}
1592587709	none	{"result":{"recorded":true,"address":1592587709,"logSize":6562}}
984522468	none	{"result":{"recorded":true,"address":984522468,"logSize":6563}}
1386427803	none	{"result":{"recorded":true,"address":1386427803,"logSize":6564}}
97067194	none	{"result":{"recorded":true,"address":97067194,"logSize":6565}}
1192483270	none	{"result":{"recorded":true,"address":1192483270,"logSize":6566}}
762697909	none	{"result":{"recorded":true,"address":762697909,"logSize":6567}}
1195309475	none	{"result":{"recorded":true,"address":1195309475,"logSize":6568}}
1749978039	none	{"result":{"recorded":true,"address":1749978039,"logSize":6569}}
1762666004	none	{"result":{"recorded":true,"address":1762666004,"logSize":6570}}
1115137958	none	{"result":{"recorded":true,"address":1115137958,"logSize":6571}}
516517859	none	{"result":{"recorded":true,"address":516517859,"logSize":6572}}
1920153843	none	{"result":{"recorded":true,"address":1920153843,"logSize":6573}}
950271563	none	{"result":{"recorded":true,"address":950271563,"logSize":6574}}
258504291	none	{"result":{"recorded":true,"address":258504291,"logSize":6575}}
486829494	none	{"result":{"recorded":true,"address":486829494,"logSize":6576}}
2143441685	none	{"result":{"recorded":true,"address":2143441685,"logSize":6577}}
2102996415	none	{"result":{"recorded":true,"address":2102996415,"logSize":6578}}
114603629	none	{"result":{"recorded":true,"address":114603629,"logSize":6579}}
659078670	none	{"result":{"recorded":true,"address":659078670,"logSize":6580}}
556007644	none	{"result":{"recorded":true,"address":556007644,"logSize":6581}}
1074316401	none	{"result":{"recorded":true,"address":1074316401,"logSize":6582}}
771716802	none	{"result":{"recorded":true,"address":771716802,"logSize":6583}}
661144846	none	{"result":{"recorded":true,"address":661144846,"logSize":6584}}
1738871377	none	{"result":{"recorded":true,"address":1738871377,"logSize":6585}}
322232993	none	{"result":{"recorded":true,"address":322232993,"logSize":6586}}
852531165	none	{"result":{"recorded":true,"address":852531165,"logSize":6587}}
1280712530	none	{"result":{"recorded":true,"address":1280712530,"logSize":6588}}
828430986	none	{"result":{"recorded":true,"address":828430986,"logSize":6589}}
332047550	none	{"result":{"recorded":true,"address":332047550,"logSize":6590}}
1938056016	none	{"result":{"recorded":true,"address":1938056016,"logSize":6591}}
1481429879	none	{"result":{"recorded":true,"address":1481429879,"logSize":6592}}
1417654221	none	{"result":{"recorded":true,"address":1417654221,"logSize":6593}}
680629549	none	{"result":{"recorded":true,"address":680629549,"logSize":6594}}
1249993019	none	{"result":{"recorded":true,"address":1249993019,"logSize":6595}}
892083833	none	{"result":{"recorded":true,"address":892083833,"logSize":6596}}
1180728949	none	{"result":{"recorded":true,"address":1180728949,"logSize":6597}}
509406518	none	{"result":{"recorded":true,"address":509406518,"logSize":6598}}
1128459710	none	{"result":{"recorded":true,"address":1128459710,"logSize":6599}}
331683194	none	{"result":{"recorded":true,"address":331683194,"logSize":6600}}
1401890766	none	{"result":{"recorded":true,"address":1401890766,"logSize":6601}}
1921171632	none	{"result":{"recorded":true,"address":1921171632,"logSize":6602}}
191344498	none	{"result":{"recorded":true,"address":191344498,"logSize":6603}}
1706400285	none	{"result":{"recorded":true,"address":1706400285,"logSize":6604}}
144313165	none	{"result":{"recorded":true,"address":144313165,"logSize":6605}}
837808913	none	{"result":{"recorded":true,"address":837808913,"logSize":6606}}
394046400	none	{"result":{"recorded":true,"address":394046400,"logSize":6607}}
1834674022	none	{"result":{"recorded":true,"address":1834674022,"logSize":6608}}
800948594	none	{"result":{"recorded":true,"address":800948594,"logSize":6609}}
544382750	none	{"result":{"recorded":true,"address":544382750,"logSize":6610}}
828561267	none	{"result":{"recorded":true,"address":828561267,"logSize":6611}}
1448726614	none	{"result":{"recorded":true,"address":1448726614,"logSize":6612}}
2064143237	none	{"result":{"recorded":true,"address":2064143237,"logSize":6613}}
777720471	none	{"result":{"recorded":true,"address":777720471,"logSize":6614}}
354959945	none	{"result":{"recorded":true,"address":354959945,"logSize":6615}}
178928669	none	{"result":{"recorded":true,"address":178928669,"logSize":6616}}
216939170	none	{"result":{"recorded":true,"address":216939170,"logSize":6617}}
1218233183	none	{"result":{"recorded":true,"address":1218233183,"logSize":6618}}
714898103	none	{"result":{"recorded":true,"address":714898103,"logSize":6619}}
236466807	none	{"result":{"recorded":true,"address":236466807,"logSize":6620}}
1292520891	none	{"result":{"recorded":true,"address":1292520891,"logSize":6621}}
538310733	none	{"result":{"recorded":true,"address":538310733,"logSize":6622}}
531445124	none	{"result":{"recorded":true,"address":531445124,"logSize":6623}}
1707306272	none	{"result":{"recorded":true,"address":1707306272,"logSize":6624}}
2146778369	none	{"result":{"recorded":true,"address":2146778369,"logSize":6625}}
756178761	none	{"result":{"recorded":true,"address":756178761,"logSize":6626}}
380540868	none	{"result":{"recorded":true,"address":380540868,"logSize":6627}}
666921892	none	{"result":{"recorded":true,"address":666921892,"logSize":6628}}
2107265758	none	{"result":{"recorded":true,"address":2107265758,"logSize":6629}}
492804729	none	{"result":{"recorded":true,"address":492804729,"logSize":6630}}
368902054	none	{"result":{"recorded":true,"address":368902054,"logSize":6631}}
865043592	none	{"result":{"recorded":true,"address":865043592,"logSize":6632}}
607416644	none	{"result":{"recorded":true,"address":607416644,"logSize":6633}}
362619515	none	{"result":{"recorded":true,"address":362619515,"logSize":6634}}
890161689	none	{"result":{"recorded":true,"address":890161689,"logSize":6635}}
1582509579	none	{"result":{"recorded":true,"address":1582509579,"logSize":6636}}
1958498426	none	{"result":{"recorded":true,"address":1958498426,"logSize":6637}}
92306193	none	{"result":{"recorded":true,"address":92306193,"logSize":6638}}
326733506	none	{"result":{"recorded":true,"address":326733506,"logSize":6639}}
1428738280	none	{"result":{"recorded":true,"address":1428738280,"logSize":6640}}
488062106	none	{"result":{"recorded":true,"address":488062106,"logSize":6641}}
1234646826	none	{"result":{"recorded":true,"address":1234646826,"logSize":6642}}
185816103	none	{"result":{"recorded":true,"address":185816103,"logSize":6643}}
1629106269	none	{"result":{"recorded":true,"address":1629106269,"logSize":6644}}
1778943485	none	{"result":{"recorded":true,"address":1778943485,"logSize":6645}}
1038227103	none	{"result":{"recorded":true,"address":1038227103,"logSize":6646}}
2146765597	none	{"result":{"recorded":true,"address":2146765597,"logSize":6647}}
1259704340	none	{"result":{"recorded":true,"address":1259704340,"logSize":6648}}
1187183759	none	{"result":{"recorded":true,"address":1187183759,"logSize":6649}}
1020623793	none	{"result":{"recorded":true,"address":1020623793,"logSize":6650}}
329786447	none	{"result":{"recorded":true,"address":329786447,"logSize":6651}}
2080903383	none	{"result":{"recorded":true,"address":2080903383,"logSize":6652}}
1732372020	none	{"result":{"recorded":true,"address":1732372020,"logSize":6653}}
948148580	none	{"result":{"recorded":true,"address":948148580,"logSize":6654}}
1890391410	none	{"result":{"recorded":true,"address":1890391410,"logSize":6655}}
823272536	none	{"result":{"recorded":true,"address":823272536,"logSize":6656}}
1712571512	none	{"result":{"recorded":true,"address":1712571512,"logSize":6657}}
309981440	none	{"result":{"recorded":true,"address":309981440,"logSize":6658}}
1542492148	none	{"result":{"recorded":true,"address":1542492148,"logSize":6659}}
1811501571	none	{"result":{"recorded":true,"address":1811501571,"logSize":6660}}
1005984764	none	{"result":{"recorded":true,"address":1005984764,"logSize":6661}}
1321765136	none	{"result":{"recorded":true,"address":1321765136,"logSize":6662}}
487946203	none	{"result":{"recorded":true,"address":487946203,"logSize":6663}}
124771036	none	{"result":{"recorded":true,"address":124771036,"logSize":6664}}
1759416968	none	{"result":{"recorded":true,"address":1759416968,"logSize":6665}}
955771312	none	{"result":{"recorded":true,"address":955771312,"logSize":6666}}
1570173709	none	{"result":{"recorded":true,"address":1570173709,"logSize":6667}}
1330813083	none	{"result":{"recorded":true,"address":1330813083,"logSize":6668}}
466857314	none	{"result":{"recorded":true,"address":466857314,"logSize":6669}}
1896549503	none	{"result":{"recorded":true,"address":1896549503,"logSize":6670}}
2083385804	none	{"result":{"recorded":true,"address":2083385804,"logSize":6671}}
303071783	none	{"result":{"recorded":true,"address":303071783,"logSize":6672}}
1789752996	none	{"result":{"recorded":true,"address":1789752996,"logSize":6673}}
926545627	none	{"result":{"recorded":true,"address":926545627,"logSize":6674}}
355587787	none	{"result":{"recorded":true,"address":355587787,"logSize":6675}}
352276310	none	{"result":{"recorded":true,"address":352276310,"logSize":6676}}
1768790780	none	{"result":{"recorded":true,"address":1768790780,"logSize":6677}}
86805440	none	{"result":{"recorded":true,"address":86805440,"logSize":6678}}
1186996214	none	{"result":{"recorded":true,"address":1186996214,"logSize":6679}}
884514780	none	{"result":{"recorded":true,"address":884514780,"logSize":6680}}
993635277	none	{"result":{"recorded":true,"address":993635277,"logSize":6681}}
770741959	none	{"result":{"recorded":true,"address":770741959,"logSize":6682}}
913497083	none	{"result":{"recorded":true,"address":913497083,"logSize":6683}}
379475073	none	{"result":{"recorded":true,"address":379475073,"logSize":6684}}
1278565387	none	{"result":{"recorded":true,"address":1278565387,"logSize":6685}}
2034650248	none	{"result":{"recorded":true,"address":2034650248,"logSize":6686}}
1529074628	none	{"result":{"recorded":true,"address":1529074628,"logSize":6687}}
1389289893	none	{"result":{"recorded":true,"address":1389289893,"logSize":6688}}
1999529282	none	{"result":{"recorded":true,"address":1999529282,"logSize":6689}}
43963162	none	{"result":{"recorded":true,"address":43963162,"logSize":6690}}
1047381411	none	{"result":{"recorded":true,"address":1047381411,"logSize":6691}}
2103518836	none	{"result":{"recorded":true,"address":2103518836,"logSize":6692}}
1012485208	none	{"result":{"recorded":true,"address":1012485208,"logSize":6693}}
486938988	none	{"result":{"recorded":true,"address":486938988,"logSize":6694}}
836199417	none	{"result":{"recorded":true,"address":836199417,"logSize":6695}}
1754216556	none	{"result":{"recorded":true,"address":1754216556,"logSize":6696}}
1834830563	none	{"result":{"recorded":true,"address":1834830563,"logSize":6697}}
