959202844	none	{"result":{"address":959202844,"states":["connect","run","respond"],"executing":true}}
37679234	none	{"result":{"address":37679234,"states":["connect","run","respond"],"executing":true}}
2074422509	none	{"result":{"address":2074422509,"states":["connect","run","respond"],"executing":true}}
1260698065	none	{"result":{"address":1260698065,"states":["connect","run","respond"],"executing":true}}
1049712340	none	{"result":{"address":1049712340,"states":["connect","run","respond"],"executing":true}}
562328083	none	{"result":{"address":562328083,"states":["connect","run","respond"],"executing":true}}
426179484	none	{"result":{"address":426179484,"states":["connect","run","respond"],"executing":true}}
369193179	none	{"result":{"address":369193179,"states":["connect","run","respond"],"executing":true}}
765129201	none	{"result":{"address":765129201,"states":["connect","run","respond"],"executing":true}}
2131498827	none	{"result":{"address":2131498827,"states":["connect","run","respond"],"executing":true}}
214405140	none	{"result":{"address":214405140,"states":["connect","run","respond"],"executing":true}}
388437144	none	{"result":{"address":388437144,"states":["connect","run","respond"],"executing":true}}
2146543810	none	{"result":{"address":2146543810,"states":["connect","run","respond"],"executing":true}}
1569654105	none	{"result":{"address":1569654105,"states":["connect","run","respond"],"executing":true}}
1467482693	none	{"result":{"address":1467482693,"states":["connect","run","respond"],"executing":true}}
457088810	none	{"result":{"address":457088810,"states":["connect","run","respond"],"executing":true}}
913126809	none	{"result":{"address":913126809,"states":["connect","run","respond"],"executing":true}}
2011248454	none	{"result":{"address":2011248454,"states":["connect","run","respond"],"executing":true}}
266026569	none	{"result":{"address":266026569,"states":["connect","run","respond"],"executing":true}}
1114207153	none	{"result":{"address":1114207153,"states":["connect","run","respond"],"executing":true}}
287945362	none	{"result":{"address":287945362,"states":["connect","run","respond"],"executing":true}}
48922713	none	{"result":{"address":48922713,"states":["connect","run","respond"],"executing":true}}
1470512167	none	{"result":{"address":1470512167,"states":["connect","run","respond"],"executing":true}}
817440613	none	{"result":{"address":817440613,"states":["connect","run","respond"],"executing":true}}
195119554	none	{"result":{"address":195119554,"states":["connect","run","respond"],"executing":true}}
1937121117	none	{"result":{"address":1937121117,"states":["connect","run","respond"],"executing":true}}
1191798101	none	{"result":{"address":1191798101,"states":["connect","run","respond"],"executing":true}}
539745039	none	{"result":{"address":539745039,"states":["connect","run","respond"],"executing":true}}
479715086	none	{"result":{"address":479715086,"states":["connect","run","respond"],"executing":true}}
230030978	none	{"result":{"address":230030978,"states":["connect","run","respond"],"executing":true}}
1184068005	none	{"result":{"address":1184068005,"states":["connect","run","respond"],"executing":true}}
206686785	none	{"result":{"address":206686785,"states":["connect","run","respond"],"executing":true}}
1456957601	none	{"result":{"address":1456957601,"states":["connect","run","respond"],"executing":true}}
422856827	none	{"result":{"address":422856827,"states":["connect","run","respond"],"executing":true}}
1856500620	none	{"result":{"address":1856500620,"states":["connect","run","respond"],"executing":true}}
1387103463	none	{"result":{"address":1387103463,"states":["connect","run","respond"],"executing":true}}
438165711	none	{"result":{"address":438165711,"states":["connect","run","respond"],"executing":true}}
891699335	none	{"result":{"address":891699335,"states":["connect","run","respond"],"executing":true}}
963960699	none	{"result":{"address":963960699,"states":["connect","run","respond"],"executing":true}}
575956985	none	{"result":{"address":575956985,"states":["connect","run","respond"],"executing":true}}
22400968	none	{"result":{"address":22400968,"states":["connect","run","respond"],"executing":true}}
613575023	none	{"result":{"address":613575023,"states":["connect","run","respond"],"executing":true}}
1197402197	none	{"result":{"address":1197402197,"states":["connect","run","respond"],"executing":true}}
772335172	none	{"result":{"address":772335172,"states":["connect","run","respond"],"executing":true}}
1460211186	none	{"result":{"address":1460211186,"states":["connect","run","respond"],"executing":true}}
1732941262	none	{"result":{"address":1732941262,"states":["connect","run","respond"],"executing":true}}
941695527	none	{"result":{"address":941695527,"states":["connect","run","respond"],"executing":true}}
1112988324	none	{"result":{"address":1112988324,"states":["connect","run","respond"],"executing":true}}
112727658	none	{"result":{"address":112727658,"states":["connect","run","respond"],"executing":true}}
2066528250	none	{"result":{"address":2066528250,"states":["connect","run","respond"],"executing":true}}
1120033694	none	{"result":{"address":1120033694,"states":["connect","run","respond"],"executing":true}}
1937177179	none	{"result":{"address":1937177179,"states":["connect","run","respond"],"executing":true}}
1377317701	none	{"result":{"address":1377317701,"states":["connect","run","respond"],"executing":true}}
348479381	none	{"result":{"address":348479381,"states":["connect","run","respond"],"executing":true}}
1245224633	none	{"result":{"address":1245224633,"states":["connect","run","respond"],"executing":true}}
1899775715	none	{"result":{"address":1899775715,"states":["connect","run","respond"],"executing":true}}
530891996	none	{"result":{"address":530891996,"states":["connect","run","respond"],"executing":true}}
1928641487	none	{"result":{"address":1928641487,"states":["connect","run","respond"],"executing":true}}
1120442167	none	{"result":{"address":1120442167,"states":["connect","run","respond"],"executing":true}}
1912817704	none	{"result":{"address":1912817704,"states":["connect","run","respond"],"executing":true}}
1672043667	none	{"result":{"address":1672043667,"states":["connect","run","respond"],"executing":true}}
1934265607	none	{"result":{"address":1934265607,"states":["connect","run","respond"],"executing":true}}
1046016221	none	{"result":{"address":1046016221,"states":["connect","run","respond"],"executing":true}}
1408499727	none	{"result":{"address":1408499727,"states":["connect","run","respond"],"executing":true}}
160316634	none	{"result":{"address":160316634,"states":["connect","run","respond"],"executing":true}}
252371155	none	{"result":{"address":252371155,"states":["connect","run","respond"],"executing":true}}
978676253	none	{"result":{"address":978676253,"states":["connect","run","respond"],"executing":true}}
1558420783	none	{"result":{"address":1558420783,"states":["connect","run","respond"],"executing":true}}
477874547	none	{"result":{"address":477874547,"states":["connect","run","respond"],"executing":true}}
527806321	none	{"result":{"address":527806321,"states":["connect","run","respond"],"executing":true}}
576514537	none	{"result":{"address":576514537,"states":["connect","run","respond"],"executing":true}}
703401204	none	{"result":{"address":703401204,"states":["connect","run","respond"],"executing":true}}
1215762890	none	{"result":{"address":1215762890,"states":["connect","run","respond"],"executing":true}}
1030440014	none	{"result":{"address":1030440014,"states":["connect","run","respond"],"executing":true}}
1398728236	none	{"result":{"address":1398728236,"states":["connect","run","respond"],"executing":true}}
1087015743	none	{"result":{"address":1087015743,"states":["connect","run","respond"],"executing":true}}
21755759	none	{"result":{"address":21755759,"states":["connect","run","respond"],"executing":true}}
391421434	none	{"result":{"address":391421434,"states":["connect","run","respond"],"executing":true}}
153303356	none	{"result":{"address":153303356,"states":["connect","run","respond"],"executing":true}}
984578542	none	{"result":{"address":984578542,"states":["connect","run","respond"],"executing":true}}
352307538	none	{"result":{"address":352307538,"states":["connect","run","respond"],"executing":true}}
846734821	none	{"result":{"address":846734821,"states":["connect","run","respond"],"executing":true}}
1965898620	none	{"result":{"address":1965898620,"states":["connect","run","respond"],"executing":true}}
302181006	none	{"result":{"address":302181006,"states":["connect","run","respond"],"executing":true}}
344750155	none	{"result":{"address":344750155,"states":["connect","run","respond"],"executing":true}}
1961363425	none	{"result":{"address":1961363425,"states":["connect","run","respond"],"executing":true}}
777000610	none	{"result":{"address":777000610,"states":["connect","run","respond"],"executing":true}}
1872147519	none	{"result":{"address":1872147519,"states":["connect","run","respond"],"executing":true}}
503066160	none	{"result":{"address":503066160,"states":["connect","run","respond"],"executing":true}}
176590812	none	{"result":{"address":176590812,"states":["connect","run","respond"],"executing":true}}
1109170374	none	{"result":{"address":1109170374,"states":["connect","run","respond"],"executing":true}}
1530853526	none	{"result":{"address":1530853526,"states":["connect","run","respond"],"executing":true}}
1	none	{"result":{"address":1,"states":["connect","run","respond"],"executing":true}}
2	none	{"result":{"address":2,"states":["connect","run","respond"],"executing":true}}
0	none	{"result":{"address":0,"states":["connect","run","respond"],"executing":true}}
11	none	{"result":{"address":11,"states":["connect","run","respond"],"executing":true}}
20	none	{"result":{"address":20,"states":["connect","run","respond"],"executing":true}}
15	none	{"result":{"address":15,"states":["connect","run","respond"],"executing":true}}
19	none	{"result":{"address":19,"states":["connect","run","respond"],"executing":true}}
14	none	{"result":{"address":14,"states":["connect","run","respond"],"executing":true}}
7	none	{"result":{"address":7,"states":["connect","run","respond"],"executing":true}}
8	none	{"result":{"address":8,"states":["connect","run","respond"],"executing":true}}
13	none	{"result":{"address":13,"states":["connect","run","respond"],"executing":true}}
9	none	{"result":{"address":9,"states":["connect","run","respond"],"executing":true}}
10	none	{"result":{"address":10,"states":["connect","run","respond"],"executing":true}}
3	none	{"result":{"address":3,"states":["connect","run","respond"],"executing":true}}
4	none	{"result":{"address":4,"states":["connect","run","respond"],"executing":true}}
18	none	{"result":{"address":18,"states":["connect","run","respond"],"executing":true}}
17	none	{"result":{"address":17,"states":["connect","run","respond"],"executing":true}}
5	none	{"result":{"address":5,"states":["connect","run","respond"],"executing":true}}
6	none	{"result":{"address":6,"states":["connect","run","respond"],"executing":true}}
16	none	{"result":{"address":16,"states":["connect","run","respond"],"executing":true}}
33	none	{"result":{"address":33,"states":["connect","run","respond"],"executing":true}}
41	none	{"result":{"address":41,"states":["connect","run","respond"],"executing":true}}
35	none	{"result":{"address":35,"states":["connect","run","respond"],"executing":true}}
26	none	{"result":{"address":26,"states":["connect","run","respond"],"executing":true}}
36	none	{"result":{"address":36,"states":["connect","run","respond"],"executing":true}}
23	none	{"result":{"address":23,"states":["connect","run","respond"],"executing":true}}
37	none	{"result":{"address":37,"states":["connect","run","respond"],"executing":true}}
21	none	{"result":{"address":21,"states":["connect","run","respond"],"executing":true}}
34	none	{"result":{"address":34,"states":["connect","run","respond"],"executing":true}}
24	none	{"result":{"address":24,"states":["connect","run","respond"],"executing":true}}
38	none	{"result":{"address":38,"states":["connect","run","respond"],"executing":true}}
39	none	{"result":{"address":39,"states":["connect","run","respond"],"executing":true}}
27	none	{"result":{"address":27,"states":["connect","run","respond"],"executing":true}}
30	none	{"result":{"address":30,"states":["connect","run","respond"],"executing":true}}
28	none	{"result":{"address":28,"states":["connect","run","respond"],"executing":true}}
43	none	{"result":{"address":43,"states":["connect","run","respond"],"executing":true}}
25	none	{"result":{"address":25,"states":["connect","run","respond"],"executing":true}}
32	none	{"result":{"address":32,"states":["connect","run","respond"],"executing":true}}
42	none	{"result":{"address":42,"states":["connect","run","respond"],"executing":true}}
40	none	{"result":{"address":40,"states":["connect","run","respond"],"executing":true}}
127	none	{"result":{"address":127,"states":["connect","run","respond"],"executing":true}}
158	none	{"result":{"address":158,"states":["connect","run","respond"],"executing":true}}
100	none	{"result":{"address":100,"states":["connect","run","respond"],"executing":true}}
149	none	{"result":{"address":149,"states":["connect","run","respond"],"executing":true}}
145	none	{"result":{"address":145,"states":["connect","run","respond"],"executing":true}}
174	none	{"result":{"address":174,"states":["connect","run","respond"],"executing":true}}
171	none	{"result":{"address":171,"states":["connect","run","respond"],"executing":true}}
115	none	{"result":{"address":115,"states":["connect","run","respond"],"executing":true}}
106	none	{"result":{"address":106,"states":["connect","run","respond"],"executing":true}}
138	none	{"result":{"address":138,"states":["connect","run","respond"],"executing":true}}
113	none	{"result":{"address":113,"states":["connect","run","respond"],"executing":true}}
125	none	{"result":{"address":125,"states":["connect","run","respond"],"executing":true}}
151	none	{"result":{"address":151,"states":["connect","run","respond"],"executing":true}}
170	none	{"result":{"address":170,"states":["connect","run","respond"],"executing":true}}
161	none	{"result":{"address":161,"states":["connect","run","respond"],"executing":true}}
112	none	{"result":{"address":112,"states":["connect","run","respond"],"executing":true}}
156	none	{"result":{"address":156,"states":["connect","run","respond"],"executing":true}}
144	none	{"result":{"address":144,"states":["connect","run","respond"],"executing":true}}
122	none	{"result":{"address":122,"states":["connect","run","respond"],"executing":true}}
172	none	{"result":{"address":172,"states":["connect","run","respond"],"executing":true}}
119	none	{"result":{"address":119,"states":["connect","run","respond"],"executing":true}}
159	none	{"result":{"address":159,"states":["connect","run","respond"],"executing":true}}
110	none	{"result":{"address":110,"states":["connect","run","respond"],"executing":true}}
143	none	{"result":{"address":143,"states":["connect","run","respond"],"executing":true}}
111	none	{"result":{"address":111,"states":["connect","run","respond"],"executing":true}}
168	none	{"result":{"address":168,"states":["connect","run","respond"],"executing":true}}
152	none	{"result":{"address":152,"states":["connect","run","respond"],"executing":true}}
175	none	{"result":{"address":175,"states":["connect","run","respond"],"executing":true}}
148	none	{"result":{"address":148,"states":["connect","run","respond"],"executing":true}}
164	none	{"result":{"address":164,"states":["connect","run","respond"],"executing":true}}
116	none	{"result":{"address":116,"states":["connect","run","respond"],"executing":true}}
135	none	{"result":{"address":135,"states":["connect","run","respond"],"executing":true}}
163	none	{"result":{"address":163,"states":["connect","run","respond"],"executing":true}}
108	none	{"result":{"address":108,"states":["connect","run","respond"],"executing":true}}
102	none	{"result":{"address":102,"states":["connect","run","respond"],"executing":true}}
120	none	{"result":{"address":120,"states":["connect","run","respond"],"executing":true}}
133	none	{"result":{"address":133,"states":["connect","run","respond"],"executing":true}}
173	none	{"result":{"address":173,"states":["connect","run","respond"],"executing":true}}
155	none	{"result":{"address":155,"states":["connect","run","respond"],"executing":true}}
146	none	{"result":{"address":146,"states":["connect","run","respond"],"executing":true}}
114	none	{"result":{"address":114,"states":["connect","run","respond"],"executing":true}}
103	none	{"result":{"address":103,"states":["connect","run","respond"],"executing":true}}
150	none	{"result":{"address":150,"states":["connect","run","respond"],"executing":true}}
166	none	{"result":{"address":166,"states":["connect","run","respond"],"executing":true}}
104	none	{"result":{"address":104,"states":["connect","run","respond"],"executing":true}}
140	none	{"result":{"address":140,"states":["connect","run","respond"],"executing":true}}
157	none	{"result":{"address":157,"states":["connect","run","respond"],"executing":true}}
169	none	{"result":{"address":169,"states":["connect","run","respond"],"executing":true}}
167	none	{"result":{"address":167,"states":["connect","run","respond"],"executing":true}}
128	none	{"result":{"address":128,"states":["connect","run","respond"],"executing":true}}
123	none	{"result":{"address":123,"states":["connect","run","respond"],"executing":true}}
139	none	{"result":{"address":139,"states":["connect","run","respond"],"executing":true}}
107	none	{"result":{"address":107,"states":["connect","run","respond"],"executing":true}}
131	none	{"result":{"address":131,"states":["connect","run","respond"],"executing":true}}
142	none	{"result":{"address":142,"states":["connect","run","respond"],"executing":true}}
124	none	{"result":{"address":124,"states":["connect","run","respond"],"executing":true}}
162	none	{"result":{"address":162,"states":["connect","run","respond"],"executing":true}}
12	none	{"result":{"address":12,"states":["connect","run","respond"],"executing":true}}
31	none	{"result":{"address":31,"states":["connect","run","respond"],"executing":true}}
48	none	{"result":{"address":48,"states":["connect","run","respond"],"executing":true}}
47	none	{"result":{"address":47,"states":["connect","run","respond"],"executing":true}}
44	none	{"result":{"address":44,"states":["connect","run","respond"],"executing":true}}
22	none	{"result":{"address":22,"states":["connect","run","respond"],"executing":true}}
60	none	{"result":{"address":60,"states":["connect","run","respond"],"executing":true}}
76	none	{"result":{"address":76,"states":["connect","run","respond"],"executing":true}}
51	none	{"result":{"address":51,"states":["connect","run","respond"],"executing":true}}
45	none	{"result":{"address":45,"states":["connect","run","respond"],"executing":true}}
52	none	{"result":{"address":52,"states":["connect","run","respond"],"executing":true}}
75	none	{"result":{"address":75,"states":["connect","run","respond"],"executing":true}}
53	none	{"result":{"address":53,"states":["connect","run","respond"],"executing":true}}
29	none	{"result":{"address":29,"states":["connect","run","respond"],"executing":true}}
63	none	{"result":{"address":63,"states":["connect","run","respond"],"executing":true}}
65	none	{"result":{"address":65,"states":["connect","run","respond"],"executing":true}}
74	none	{"result":{"address":74,"states":["connect","run","respond"],"executing":true}}
62	none	{"result":{"address":62,"states":["connect","run","respond"],"executing":true}}
55	none	{"result":{"address":55,"states":["connect","run","respond"],"executing":true}}
58	none	{"result":{"address":58,"states":["connect","run","respond"],"executing":true}}
57	none	{"result":{"address":57,"states":["connect","run","respond"],"executing":true}}
70	none	{"result":{"address":70,"states":["connect","run","respond"],"executing":true}}
73	none	{"result":{"address":73,"states":["connect","run","respond"],"executing":true}}
72	none	{"result":{"address":72,"states":["connect","run","respond"],"executing":true}}
71	none	{"result":{"address":71,"states":["connect","run","respond"],"executing":true}}
54	none	{"result":{"address":54,"states":["connect","run","respond"],"executing":true}}
46	none	{"result":{"address":46,"states":["connect","run","respond"],"executing":true}}
64	none	{"result":{"address":64,"states":["connect","run","respond"],"executing":true}}
66	none	{"result":{"address":66,"states":["connect","run","respond"],"executing":true}}
50	none	{"result":{"address":50,"states":["connect","run","respond"],"executing":true}}
67	none	{"result":{"address":67,"states":["connect","run","respond"],"executing":true}}
69	none	{"result":{"address":69,"states":["connect","run","respond"],"executing":true}}
68	none	{"result":{"address":68,"states":["connect","run","respond"],"executing":true}}
61	none	{"result":{"address":61,"states":["connect","run","respond"],"executing":true}}
59	none	{"result":{"address":59,"states":["connect","run","respond"],"executing":true}}
56	none	{"result":{"address":56,"states":["connect","run","respond"],"executing":true}}
49	none	{"result":{"address":49,"states":["connect","run","respond"],"executing":true}}
1048495670	none	{"result":{"address":1048495670,"states":["connect","run","respond"],"executing":true}}
2009808879	none	{"result":{"address":2009808879,"states":["connect","run","respond"],"executing":true}}
552962686	none	{"result":{"address":552962686,"states":["connect","run","respond"],"executing":true}}
608617920	none	{"result":{"address":608617920,"states":["connect","run","respond"],"executing":true}}
1436446370	none	{"result":{"address":1436446370,"states":["connect","run","respond"],"executing":true}}
1946648912	none	{"result":{"address":1946648912,"states":["connect","run","respond"],"executing":true}}
1686358996	none	{"result":{"address":1686358996,"states":["connect","run","respond"],"executing":true}}
1297582063	none	{"result":{"address":1297582063,"states":["connect","run","respond"],"executing":true}}
1051235729	none	{"result":{"address":1051235729,"states":["connect","run","respond"],"executing":true}}
752301913	none	{"result":{"address":752301913,"states":["connect","run","respond"],"executing":true}}
141483273	none	{"result":{"address":141483273,"states":["connect","run","respond"],"executing":true}}
1060916931	none	{"result":{"address":1060916931,"states":["connect","run","respond"],"executing":true}}
213923412	none	{"result":{"address":213923412,"states":["connect","run","respond"],"executing":true}}
1677564079	none	{"result":{"address":1677564079,"states":["connect","run","respond"],"executing":true}}
328048719	none	{"result":{"address":328048719,"states":["connect","run","respond"],"executing":true}}
1983529062	none	{"result":{"address":1983529062,"states":["connect","run","respond"],"executing":true}}
1604562425	none	{"result":{"address":1604562425,"states":["connect","run","respond"],"executing":true}}
1220279988	none	{"result":{"address":1220279988,"states":["connect","run","respond"],"executing":true}}
868347593	none	{"result":{"address":868347593,"states":["connect","run","respond"],"executing":true}}
1507106729	none	{"result":{"address":1507106729,"states":["connect","run","respond"],"executing":true}}
1573324843	none	{"result":{"address":1573324843,"states":["connect","run","respond"],"executing":true}}
1330249741	none	{"result":{"address":1330249741,"states":["connect","run","respond"],"executing":true}}
1103414927	none	{"result":{"address":1103414927,"states":["connect","run","respond"],"executing":true}}
2108577516	none	{"result":{"address":2108577516,"states":["connect","run","respond"],"executing":true}}
47037103	none	{"result":{"address":47037103,"states":["connect","run","respond"],"executing":true}}
2087808404	none	{"result":{"address":2087808404,"states":["connect","run","respond"],"executing":true}}
976697948	none	{"result":{"address":976697948,"states":["connect","run","respond"],"executing":true}}
811672820	none	{"result":{"address":811672820,"states":["connect","run","respond"],"executing":true}}
216167346	none	{"result":{"address":216167346,"states":["connect","run","respond"],"executing":true}}
511444571	none	{"result":{"address":511444571,"states":["connect","run","respond"],"executing":true}}
33922801	none	{"result":{"address":33922801,"states":["connect","run","respond"],"executing":true}}
1464902194	none	{"result":{"address":1464902194,"states":["connect","run","respond"],"executing":true}}
403463418	none	{"result":{"address":403463418,"states":["connect","run","respond"],"executing":true}}
123602119	none	{"result":{"address":123602119,"states":["connect","run","respond"],"executing":true}}
142555668	none	{"result":{"address":142555668,"states":["connect","run","respond"],"executing":true}}
463551535	none	{"result":{"address":463551535,"states":["connect","run","respond"],"executing":true}}
421672028	none	{"result":{"address":421672028,"states":["connect","run","respond"],"executing":true}}
1940480051	none	{"result":{"address":1940480051,"states":["connect","run","respond"],"executing":true}}
88545582	none	{"result":{"address":88545582,"states":["connect","run","respond"],"executing":true}}
1315714911	none	{"result":{"address":1315714911,"states":["connect","run","respond"],"executing":true}}
1191868278	none	{"result":{"address":1191868278,"states":["connect","run","respond"],"executing":true}}
997452183	none	{"result":{"address":997452183,"states":["connect","run","respond"],"executing":true}}
835876871	none	{"result":{"address":835876871,"states":["connect","run","respond"],"executing":true}}
1167919727	none	{"result":{"address":1167919727,"states":["connect","run","respond"],"executing":true}}
82284243	none	{"result":{"address":82284243,"states":["connect","run","respond"],"executing":true}}
2136613742	none	{"result":{"address":2136613742,"states":["connect","run","respond"],"executing":true}}
1192743055	none	{"result":{"address":1192743055,"states":["connect","run","respond"],"executing":true}}
1731756449	none	{"result":{"address":1731756449,"states":["connect","run","respond"],"executing":true}}
441581357	none	{"result":{"address":441581357,"states":["connect","run","respond"],"executing":true}}
793027831	none	{"result":{"address":793027831,"states":["connect","run","respond"],"executing":true}}
278439435	none	{"result":{"address":278439435,"states":["connect","run","respond"],"executing":true}}
1172778403	none	{"result":{"address":1172778403,"states":["connect","run","respond"],"executing":true}}
600299346	none	{"result":{"address":600299346,"states":["connect","run","respond"],"executing":true}}
408518959	none	{"result":{"address":408518959,"states":["connect","run","respond"],"executing":true}}
955617491	none	{"result":{"address":955617491,"states":["connect","run","respond"],"executing":true}}
1031101266	none	{"result":{"address":1031101266,"states":["connect","run","respond"],"executing":true}}
530408781	none	{"result":{"address":530408781,"states":["connect","run","respond"],"executing":true}}
1205664936	none	{"result":{"address":1205664936,"states":["connect","run","respond"],"executing":true}}
487949254	none	{"result":{"address":487949254,"states":["connect","run","respond"],"executing":true}}
2086395453	none	{"result":{"address":2086395453,"states":["connect","run","respond"],"executing":true}}
799579510	none	{"result":{"address":799579510,"states":["connect","run","respond"],"executing":true}}
2002455635	none	{"result":{"address":2002455635,"states":["connect","run","respond"],"executing":true}}
1453598566	none	{"result":{"address":1453598566,"states":["connect","run","respond"],"executing":true}}
1414961526	none	{"result":{"address":1414961526,"states":["connect","run","respond"],"executing":true}}
1748034376	none	{"result":{"address":1748034376,"states":["connect","run","respond"],"executing":true}}
595207604	none	{"result":{"address":595207604,"states":["connect","run","respond"],"executing":true}}
1991205357	none	{"result":{"address":1991205357,"states":["connect","run","respond"],"executing":true}}
1244354341	none	{"result":{"address":1244354341,"states":["connect","run","respond"],"executing":true}}
2038096071	none	{"result":{"address":2038096071,"states":["connect","run","respond"],"executing":true}}
1577994210	none	{"result":{"address":1577994210,"states":["connect","run","respond"],"executing":true}}
829294081	none	{"result":{"address":829294081,"states":["connect","run","respond"],"executing":true}}
660952248	none	{"result":{"address":660952248,"states":["connect","run","respond"],"executing":true}}
526701953	none	{"result":{"address":526701953,"states":["connect","run","respond"],"executing":true}}
1987404497	none	{"result":{"address":1987404497,"states":["connect","run","respond"],"executing":true}}
2031927237	none	{"result":{"address":2031927237,"states":["connect","run","respond"],"executing":true}}
885177250	none	{"result":{"address":885177250,"states":["connect","run","respond"],"executing":true}}
860298833	none	{"result":{"address":860298833,"states":["connect","run","respond"],"executing":true}}
814209281	none	{"result":{"address":814209281,"states":["connect","run","respond"],"executing":true}}
101302558	none	{"result":{"address":101302558,"states":["connect","run","respond"],"executing":true}}
2066750974	none	{"result":{"address":2066750974,"states":["connect","run","respond"],"executing":true}}
1477216060	none	{"result":{"address":1477216060,"states":["connect","run","respond"],"executing":true}}
619992512	none	{"result":{"address":619992512,"states":["connect","run","respond"],"executing":true}}
1441338643	none	{"result":{"address":1441338643,"states":["connect","run","respond"],"executing":true}}
1919670021	none	{"result":{"address":1919670021,"states":["connect","run","respond"],"executing":true}}
1787525872	none	{"result":{"address":1787525872,"states":["connect","run","respond"],"executing":true}}
77638566	none	{"result":{"address":77638566,"states":["connect","run","respond"],"executing":true}}
1226273161	none	{"result":{"address":1226273161,"states":["connect","run","respond"],"executing":true}}
506228438	none	{"result":{"address":506228438,"states":["connect","run","respond"],"executing":true}}
893517190	none	{"result":{"address":893517190,"states":["connect","run","respond"],"executing":true}}
1302300733	none	{"result":{"address":1302300733,"states":["connect","run","respond"],"executing":true}}
1877356300	none	{"result":{"address":1877356300,"states":["connect","run","respond"],"executing":true}}
667342829	none	{"result":{"address":667342829,"states":["connect","run","respond"],"executing":true}}
1670697252	none	{"result":{"address":1670697252,"states":["connect","run","respond"],"executing":true}}
35055285	none	{"result":{"address":35055285,"states":["connect","run","respond"],"executing":true}}
1161780600	none	{"result":{"address":1161780600,"states":["connect","run","respond"],"executing":true}}
235216697	none	{"result":{"address":235216697,"states":["connect","run","respond"],"executing":true}}
1063365428	none	{"result":{"address":1063365428,"states":["connect","run","respond"],"executing":true}}
1339485116	none	{"result":{"address":1339485116,"states":["connect","run","respond"],"executing":true}}
98032551	none	{"result":{"address":98032551,"states":["connect","run","respond"],"executing":true}}
1178396534	none	{"result":{"address":1178396534,"states":["connect","run","respond"],"executing":true}}
1285340262	none	{"result":{"address":1285340262,"states":["connect","run","respond"],"executing":true}}
1662429581	none	{"result":{"address":1662429581,"states":["connect","run","respond"],"executing":true}}
1555653307	none	{"result":{"address":1555653307,"states":["connect","run","respond"],"executing":true}}
995324755	none	{"result":{"address":995324755,"states":["connect","run","respond"],"executing":true}}
1576619784	none	{"result":{"address":1576619784,"states":["connect","run","respond"],"executing":true}}
136646697	none	{"result":{"address":136646697,"states":["connect","run","respond"],"executing":true}}
1895225237	none	{"result":{"address":1895225237,"states":["connect","run","respond"],"executing":true}}
1190717137	none	{"result":{"address":1190717137,"states":["connect","run","respond"],"executing":true}}
337290154	none	{"result":{"address":337290154,"states":["connect","run","respond"],"executing":true}}
1303397198	none	{"result":{"address":1303397198,"states":["connect","run","respond"],"executing":true}}
737376558	none	{"result":{"address":737376558,"states":["connect","run","respond"],"executing":true}}
1813119388	none	{"result":{"address":1813119388,"states":["connect","run","respond"],"executing":true}}
1400026813	none	{"result":{"address":1400026813,"states":["connect","run","respond"],"executing":true}}
1077898343	none	{"result":{"address":1077898343,"states":["connect","run","respond"],"executing":true}}
970295077	none	{"result":{"address":970295077,"states":["connect","run","respond"],"executing":true}}
1059241019	none	{"result":{"address":1059241019,"states":["connect","run","respond"],"executing":true}}
1073271105	none	{"result":{"address":1073271105,"states":["connect","run","respond"],"executing":true}}
1649929318	none	{"result":{"address":1649929318,"states":["connect","run","respond"],"executing":true}}
1789179333	none	{"result":{"address":1789179333,"states":["connect","run","respond"],"executing":true}}
275625241	none	{"result":{"address":275625241,"states":["connect","run","respond"],"executing":true}}
1295971270	none	{"result":{"address":1295971270,"states":["connect","run","respond"],"executing":true}}
444339849	none	{"result":{"address":444339849,"states":["connect","run","respond"],"executing":true}}
1639411352	none	{"result":{"address":1639411352,"states":["connect","run","respond"],"executing":true}}
324489744	none	{"result":{"address":324489744,"states":["connect","run","respond"],"executing":true}}
2132840844	none	{"result":{"address":2132840844,"states":["connect","run","respond"],"executing":true}}
561989990	none	{"result":{"address":561989990,"states":["connect","run","respond"],"executing":true}}
1920363564	none	{"result":{"address":1920363564,"states":["connect","run","respond"],"executing":true}}
1450945524	none	{"result":{"address":1450945524,"states":["connect","run","respond"],"executing":true}}
528014941	none	{"result":{"address":528014941,"states":["connect","run","respond"],"executing":true}}
1209790398	none	{"result":{"address":1209790398,"states":["connect","run","respond"],"executing":true}}
787213910	none	{"result":{"address":787213910,"states":["connect","run","respond"],"executing":true}}
1755425499	none	{"result":{"address":1755425499,"states":["connect","run","respond"],"executing":true}}
673701053	none	{"result":{"address":673701053,"states":["connect","run","respond"],"executing":true}}
57458814	none	{"result":{"address":57458814,"states":["connect","run","respond"],"executing":true}}
347236268	none	{"result":{"address":347236268,"states":["connect","run","respond"],"executing":true}}
519093443	none	{"result":{"address":519093443,"states":["connect","run","respond"],"executing":true}}
1590062004	none	{"result":{"address":1590062004,"states":["connect","run","respond"],"executing":true}}
726895164	none	{"result":{"address":726895164,"states":["connect","run","respond"],"executing":true}}
25901804	none	{"result":{"address":25901804,"states":["connect","run","respond"],"executing":true}}
1399310232	none	{"result":{"address":1399310232,"states":["connect","run","respond"],"executing":true}}
2116951075	none	{"result":{"address":2116951075,"states":["connect","run","respond"],"executing":true}}
1203383460	none	{"result":{"address":1203383460,"states":["connect","run","respond"],"executing":true}}
1424160833	none	{"result":{"address":1424160833,"states":["connect","run","respond"],"executing":true}}
87182792	none	{"result":{"address":87182792,"states":["connect","run","respond"],"executing":true}}
1198213092	none	{"result":{"address":1198213092,"states":["connect","run","respond"],"executing":true}}
1850331176	none	{"result":{"address":1850331176,"states":["connect","run","respond"],"executing":true}}
36010594	none	{"result":{"address":36010594,"states":["connect","run","respond"],"executing":true}}
2039025281	none	{"result":{"address":2039025281,"states":["connect","run","respond"],"executing":true}}
12844124	none	{"result":{"address":12844124,"states":["connect","run","respond"],"executing":true}}
353771226	none	{"result":{"address":353771226,"states":["connect","run","respond"],"executing":true}}
1479162050	none	{"result":{"address":1479162050,"states":["connect","run","respond"],"executing":true}}
27877965	none	{"result":{"address":27877965,"states":["connect","run","respond"],"executing":true}}
1595493561	none	{"result":{"address":1595493561,"states":["connect","run","respond"],"executing":true}}
197774821	none	{"result":{"address":197774821,"states":["connect","run","respond"],"executing":true}}
1075797630	none	{"result":{"address":1075797630,"states":["connect","run","respond"],"executing":true}}
1071997680	none	{"result":{"address":1071997680,"states":["connect","run","respond"],"executing":true}}
1612833461	none	{"result":{"address":1612833461,"states":["connect","run","respond"],"executing":true}}
384347323	none	{"result":{"address":384347323,"states":["connect","run","respond"],"executing":true}}
1013604874	none	{"result":{"address":1013604874,"states":["connect","run","respond"],"executing":true}}
170907184	none	{"result":{"address":170907184,"states":["connect","run","respond"],"executing":true}}
723090095	none	{"result":{"address":723090095,"states":["connect","run","respond"],"executing":true}}
1319592214	none	{"result":{"address":1319592214,"states":["connect","run","respond"],"executing":true}}
43551205	none	{"result":{"address":43551205,"states":["connect","run","respond"],"executing":true}}
1555066060	none	{"result":{"address":1555066060,"states":["connect","run","respond"],"executing":true}}
176248336	none	{"result":{"address":176248336,"states":["connect","run","respond"],"executing":true}}
880192051	none	{"result":{"address":880192051,"states":["connect","run","respond"],"executing":true}}
2125166681	none	{"result":{"address":2125166681,"states":["connect","run","respond"],"executing":true}}
285547285	none	{"result":{"address":285547285,"states":["connect","run","respond"],"executing":true}}
1666176112	none	{"result":{"address":1666176112,"states":["connect","run","respond"],"executing":true}}
816339247	none	{"result":{"address":816339247,"states":["connect","run","respond"],"executing":true}}
44832702	none	{"result":{"address":44832702,"states":["connect","run","respond"],"executing":true}}
1779426064	none	{"result":{"address":1779426064,"states":["connect","run","respond"],"executing":true}}
432435883	none	{"result":{"address":432435883,"states":["connect","run","respond"],"executing":true}}
1120852274	none	{"result":{"address":1120852274,"states":["connect","run","respond"],"executing":true}}
1407214126	none	{"result":{"address":1407214126,"states":["connect","run","respond"],"executing":true}}
1478952872	none	{"result":{"address":1478952872,"states":["connect","run","respond"],"executing":true}}
1299598575	none	{"result":{"address":1299598575,"states":["connect","run","respond"],"executing":true}}
269247378	none	{"result":{"address":269247378,"states":["connect","run","respond"],"executing":true}}
1356938892	none	{"result":{"address":1356938892,"states":["connect","run","respond"],"executing":true}}
864532629	none	{"result":{"address":864532629,"states":["connect","run","respond"],"executing":true}}
1865419260	none	{"result":{"address":1865419260,"states":["connect","run","respond"],"executing":true}}
674891375	none	{"result":{"address":674891375,"states":["connect","run","respond"],"executing":true}}
565507153	none	{"result":{"address":565507153,"states":["connect","run","respond"],"executing":true}}
1621526186	none	{"result":{"address":1621526186,"states":["connect","run","respond"],"executing":true}}
13444181	none	{"result":{"address":13444181,"states":["connect","run","respond"],"executing":true}}
23216883	none	{"result":{"address":23216883,"states":["connect","run","respond"],"executing":true}}
1928356350	none	{"result":{"address":1928356350,"states":["connect","run","respond"],"executing":true}}
1986506094	none	{"result":{"address":1986506094,"states":["connect","run","respond"],"executing":true}}
189135364	none	{"result":{"address":189135364,"states":["connect","run","respond"],"executing":true}}
1377765425	none	{"result":{"address":1377765425,"states":["connect","run","respond"],"executing":true}}
950031549	none	{"result":{"address":950031549,"states":["connect","run","respond"],"executing":true}}
1736677017	none	{"result":{"address":1736677017,"states":["connect","run","respond"],"executing":true}}
4231658	none	{"result":{"address":4231658,"states":["connect","run","respond"],"executing":true}}
1375889058	none	{"result":{"address":1375889058,"states":["connect","run","respond"],"executing":true}}
1015302685	none	{"result":{"address":1015302685,"states":["connect","run","respond"],"executing":true}}
1322094192	none	{"result":{"address":1322094192,"states":["connect","run","respond"],"executing":true}}
335392425	none	{"result":{"address":335392425,"states":["connect","run","respond"],"executing":true}}
971184537	none	{"result":{"address":971184537,"states":["connect","run","respond"],"executing":true}}
115666054	none	{"result":{"address":115666054,"states":["connect","run","respond"],"executing":true}}
621452749	none	{"result":{"address":621452749,"states":["connect","run","respond"],"executing":true}}
96301714	none	{"result":{"address":96301714,"states":["connect","run","respond"],"executing":true}}
1870191952	none	{"result":{"address":1870191952,"states":["connect","run","respond"],"executing":true}}
1046601306	none	{"result":{"address":1046601306,"states":["connect","run","respond"],"executing":true}}
1087937672	none	{"result":{"address":1087937672,"states":["connect","run","respond"],"executing":true}}
761231822	none	{"result":{"address":761231822,"states":["connect","run","respond"],"executing":true}}
1232467787	none	{"result":{"address":1232467787,"states":["connect","run","respond"],"executing":true}}
292172573	none	{"result":{"address":292172573,"states":["connect","run","respond"],"executing":true}}
279398584	none	{"result":{"address":279398584,"states":["connect","run","respond"],"executing":true}}
722182104	none	{"result":{"address":722182104,"states":["connect","run","respond"],"executing":true}}
1226047398	none	{"result":{"address":1226047398,"states":["connect","run","respond"],"executing":true}}
129750791	none	{"result":{"address":129750791,"states":["connect","run","respond"],"executing":true}}
88119220	none	{"result":{"address":88119220,"states":["connect","run","respond"],"executing":true}}
329406881	none	{"result":{"address":329406881,"states":["connect","run","respond"],"executing":true}}
29003735	none	{"result":{"address":29003735,"states":["connect","run","respond"],"executing":true}}
1517477154	none	{"result":{"address":1517477154,"states":["connect","run","respond"],"executing":true}}
2147327509	none	{"result":{"address":2147327509,"states":["connect","run","respond"],"executing":true}}
825655934	none	{"result":{"address":825655934,"states":["connect","run","respond"],"executing":true}}
2052078540	none	{"result":{"address":2052078540,"states":["connect","run","respond"],"executing":true}}
2097698449	none	{"result":{"address":2097698449,"states":["connect","run","respond"],"executing":true}}
1592969690	none	{"result":{"address":1592969690,"states":["connect","run","respond"],"executing":true}}
2119807958	none	{"result":{"address":2119807958,"states":["connect","run","respond"],"executing":true}}
591740076	none	{"result":{"address":591740076,"states":["connect","run","respond"],"executing":true}}
949611615	none	{"result":{"address":949611615,"states":["connect","run","respond"],"executing":true}}
609196423	none	{"result":{"address":609196423,"states":["connect","run","respond"],"executing":true}}
1872401212	none	{"result":{"address":1872401212,"states":["connect","run","respond"],"executing":true}}
1581795682	none	{"result":{"address":1581795682,"states":["connect","run","respond"],"executing":true}}
1036648215	none	{"result":{"address":1036648215,"states":["connect","run","respond"],"executing":true}}
1536049101	none	{"result":{"address":1536049101,"states":["connect","run","respond"],"executing":true}}
97206662	none	{"result":{"address":97206662,"states":["connect","run","respond"],"executing":true}}
623877855	none	{"result":{"address":623877855,"states":["connect","run","respond"],"executing":true}}
406306213	none	{"result":{"address":406306213,"states":["connect","run","respond"],"executing":true}}
1309471155	none	{"result":{"address":1309471155,"states":["connect","run","respond"],"executing":true}}
1972639838	none	{"result":{"address":1972639838,"states":["connect","run","respond"],"executing":true}}
656266634	none	{"result":{"address":656266634,"states":["connect","run","respond"],"executing":true}}
548621197	none	{"result":{"address":548621197,"states":["connect","run","respond"],"executing":true}}
1147226036	none	{"result":{"address":1147226036,"states":["connect","run","respond"],"executing":true}}
928159111	none	{"result":{"address":928159111,"states":["connect","run","respond"],"executing":true}}
1003764820	none	{"result":{"address":1003764820,"states":["connect","run","respond"],"executing":true}}
2131054849	none	{"result":{"address":2131054849,"states":["connect","run","respond"],"executing":true}}
1507184388	none	{"result":{"address":1507184388,"states":["connect","run","respond"],"executing":true}}
200806197	none	{"result":{"address":200806197,"states":["connect","run","respond"],"executing":true}}
1936222721	none	{"result":{"address":1936222721,"states":["connect","run","respond"],"executing":true}}
910395016	none	{"result":{"address":910395016,"states":["connect","run","respond"],"executing":true}}
1683049475	none	{"result":{"address":1683049475,"states":["connect","run","respond"],"executing":true}}
140629248	none	{"result":{"address":140629248,"states":["connect","run","respond"],"executing":true}}
868612872	none	{"result":{"address":868612872,"states":["connect","run","respond"],"executing":true}}
1979857035	none	{"result":{"address":1979857035,"states":["connect","run","respond"],"executing":true}}
1281298716	none	{"result":{"address":1281298716,"states":["connect","run","respond"],"executing":true}}
1709111229	none	{"result":{"address":1709111229,"states":["connect","run","respond"],"executing":true}}
88944353	none	{"result":{"address":88944353,"states":["connect","run","respond"],"executing":true}}
122903028	none	{"result":{"address":122903028,"states":["connect","run","respond"],"executing":true}}
70899133	none	{"result":{"address":70899133,"states":["connect","run","respond"],"executing":true}}
479237559	none	{"result":{"address":479237559,"states":["connect","run","respond"],"executing":true}}
1548909154	none	{"result":{"address":1548909154,"states":["connect","run","respond"],"executing":true}}
761537005	none	{"result":{"address":761537005,"states":["connect","run","respond"],"executing":true}}
452556444	none	{"result":{"address":452556444,"states":["connect","run","respond"],"executing":true}}
475431819	none	{"result":{"address":475431819,"states":["connect","run","respond"],"executing":true}}
1213426193	none	{"result":{"address":1213426193,"states":["connect","run","respond"],"executing":true}}
123069387	none	{"result":{"address":123069387,"states":["connect","run","respond"],"executing":true}}
1729390156	none	{"result":{"address":1729390156,"states":["connect","run","respond"],"executing":true}}
2039989143	none	{"result":{"address":2039989143,"states":["connect","run","respond"],"executing":true}}
898099308	none	{"result":{"address":898099308,"states":["connect","run","respond"],"executing":true}}
32773663	none	{"result":{"address":32773663,"states":["connect","run","respond"],"executing":true}}
2025260482	none	{"result":{"address":2025260482,"states":["connect","run","respond"],"executing":true}}
1296654612	none	{"result":{"address":1296654612,"states":["connect","run","respond"],"executing":true}}
1842607377	none	{"result":{"address":1842607377,"states":["connect","run","respond"],"executing":true}}
381180106	none	{"result":{"address":381180106,"states":["connect","run","respond"],"executing":true}}
2089142129	none	{"result":{"address":2089142129,"states":["connect","run","respond"],"executing":true}}
1498991422	none	{"result":{"address":1498991422,"states":["connect","run","respond"],"executing":true}}
989560832	none	{"result":{"address":989560832,"states":["connect","run","respond"],"executing":true}}
536618827	none	{"result":{"address":536618827,"states":["connect","run","respond"],"executing":true}}
2141529217	none	{"result":{"address":2141529217,"states":["connect","run","respond"],"executing":true}}
1846341492	none	{"result":{"address":1846341492,"states":["connect","run","respond"],"executing":true}}
1529149485	none	{"result":{"address":1529149485,"states":["connect","run","respond"],"executing":true}}
1796270613	none	{"result":{"address":1796270613,"states":["connect","run","respond"],"executing":true}}
1969442307	none	{"result":{"address":1969442307,"states":["connect","run","respond"],"executing":true}}
1756321840	none	{"result":{"address":1756321840,"states":["connect","run","respond"],"executing":true}}
313552967	none	{"result":{"address":313552967,"states":["connect","run","respond"],"executing":true}}
876103689	none	{"result":{"address":876103689,"states":["connect","run","respond"],"executing":true}}
29653	none	{"result":{"address":29653,"states":["connect","run","respond"],"executing":true}}
1292847316	none	{"result":{"address":1292847316,"states":["connect","run","respond"],"executing":true}}
320096301	none	{"result":{"address":320096301,"states":["connect","run","respond"],"executing":true}}
1744509556	none	{"result":{"address":1744509556,"states":["connect","run","respond"],"executing":true}}
607327515	none	{"result":{"address":607327515,"states":["connect","run","respond"],"executing":true}}
1528159324	none	{"result":{"address":1528159324,"states":["connect","run","respond"],"executing":true}}
1202912290	none	{"result":{"address":1202912290,"states":["connect","run","respond"],"executing":true}}
134230444	none	{"result":{"address":134230444,"states":["connect","run","respond"],"executing":true}}
1919316497	none	{"result":{"address":1919316497,"states":["connect","run","respond"],"executing":true}}
72451953	none	{"result":{"address":72451953,"states":["connect","run","respond"],"executing":true}}
1766151296	none	{"result":{"address":1766151296,"states":["connect","run","respond"],"executing":true}}
1314653892	none	{"result":{"address":1314653892,"states":["connect","run","respond"],"executing":true}}
1514683873	none	{"result":{"address":1514683873,"states":["connect","run","respond"],"executing":true}}
1681473395	none	{"result":{"address":1681473395,"states":["connect","run","respond"],"executing":true}}
794068715	none	{"result":{"address":794068715,"states":["connect","run","respond"],"executing":true}}
564395553	none	{"result":{"address":564395553,"states":["connect","run","respond"],"executing":true}}
311381432	none	{"result":{"address":311381432,"states":["connect","run","respond"],"executing":true}}
1419041395	none	{"result":{"address":1419041395,"states":["connect","run","respond"],"executing":true}}
210921084	none	{"result":{"address":210921084,"states":["connect","run","respond"],"executing":true}}
1245309947	none	{"result":{"address":1245309947,"states":["connect","run","respond"],"executing":true}}
1048018318	none	{"result":{"address":1048018318,"states":["connect","run","respond"],"executing":true}}
1152260432	none	{"result":{"address":1152260432,"states":["connect","run","respond"],"executing":true}}
632658421	none	{"result":{"address":632658421,"states":["connect","run","respond"],"executing":true}}
1413983856	none	{"result":{"address":1413983856,"states":["connect","run","respond"],"executing":true}}
1443456958	none	{"result":{"address":1443456958,"states":["connect","run","respond"],"executing":true}}
1090196132	none	{"result":{"address":1090196132,"states":["connect","run","respond"],"executing":true}}
551451669	none	{"result":{"address":551451669,"states":["connect","run","respond"],"executing":true}}
1292482988	none	{"result":{"address":1292482988,"states":["connect","run","respond"],"executing":true}}
1215815894	none	{"result":{"address":1215815894,"states":["connect","run","respond"],"executing":true}}
786330557	none	{"result":{"address":786330557,"states":["connect","run","respond"],"executing":true}}
1068947831	none	{"result":{"address":1068947831,"states":["connect","run","respond"],"executing":true}}
1158329592	none	{"result":{"address":1158329592,"states":["connect","run","respond"],"executing":true}}
1392724506	none	{"result":{"address":1392724506,"states":["connect","run","respond"],"executing":true}}
1896774446	none	{"result":{"address":1896774446,"states":["connect","run","respond"],"executing":true}}
1920706316	none	{"result":{"address":1920706316,"states":["connect","run","respond"],"executing":true}}
1904104919	none	{"result":{"address":1904104919,"states":["connect","run","respond"],"executing":true}}
472973698	none	{"result":{"address":472973698,"states":["connect","run","respond"],"executing":true}}
1394424880	none	{"result":{"address":1394424880,"states":["connect","run","respond"],"executing":true}}
1898744856	none	{"result":{"address":1898744856,"states":["connect","run","respond"],"executing":true}}
1878631230	none	{"result":{"address":1878631230,"states":["connect","run","respond"],"executing":true}}
1408801689	none	{"result":{"address":1408801689,"states":["connect","run","respond"],"executing":true}}
877764384	none	{"result":{"address":877764384,"states":["connect","run","respond"],"executing":true}}
799216531	none	{"result":{"address":799216531,"states":["connect","run","respond"],"executing":true}}
729404816	none	{"result":{"address":729404816,"states":["connect","run","respond"],"executing":true}}
446474366	none	{"result":{"address":446474366,"states":["connect","run","respond"],"executing":true}}
1616823686	none	{"result":{"address":1616823686,"states":["connect","run","respond"],"executing":true}}
215140891	none	{"result":{"address":215140891,"states":["connect","run","respond"],"executing":true}}
1226010996	none	{"result":{"address":1226010996,"states":["connect","run","respond"],"executing":true}}
416939403	none	{"result":{"address":416939403,"states":["connect","run","respond"],"executing":true}}
411057647	none	{"result":{"address":411057647,"states":["connect","run","respond"],"executing":true}}
637797606	none	{"result":{"address":637797606,"states":["connect","run","respond"],"executing":true}}
403049592	none	{"result":{"address":403049592,"states":["connect","run","respond"],"executing":true}}
238142643	none	{"result":{"address":238142643,"states":["connect","run","respond"],"executing":true}}
1683792733	none	{"result":{"address":1683792733,"states":["connect","run","respond"],"executing":true}}
243604351	none	{"result":{"address":243604351,"states":["connect","run","respond"],"executing":true}}
1821910980	none	{"result":{"address":1821910980,"states":["connect","run","respond"],"executing":true}}
1451035097	none	{"result":{"address":1451035097,"states":["connect","run","respond"],"executing":true}}
13154752	none	{"result":{"address":13154752,"states":["connect","run","respond"],"executing":true}}
765077656	none	{"result":{"address":765077656,"states":["connect","run","respond"],"executing":true}}
604746656	none	{"result":{"address":604746656,"states":["connect","run","respond"],"executing":true}}
1824935189	none	{"result":{"address":1824935189,"states":["connect","run","respond"],"executing":true}}
878546502	none	{"result":{"address":878546502,"states":["connect","run","respond"],"executing":true}}
1407088907	none	{"result":{"address":1407088907,"states":["connect","run","respond"],"executing":true}}
1010649235	none	{"result":{"address":1010649235,"states":["connect","run","respond"],"executing":true}}
656547038	none	{"result":{"address":656547038,"states":["connect","run","respond"],"executing":true}}
1295328284	none	{"result":{"address":1295328284,"states":["connect","run","respond"],"executing":true}}
128771465	none	{"result":{"address":128771465,"states":["connect","run","respond"],"executing":true}}
1817844122	none	{"result":{"address":1817844122,"states":["connect","run","respond"],"executing":true}}
1308339893	none	{"result":{"address":1308339893,"states":["connect","run","respond"],"executing":true}}
820380514	none	{"result":{"address":820380514,"states":["connect","run","respond"],"executing":true}}
190579551	none	{"result":{"address":190579551,"states":["connect","run","respond"],"executing":true}}
993065084	none	{"result":{"address":993065084,"states":["connect","run","respond"],"executing":true}}
202392106	none	{"result":{"address":202392106,"states":["connect","run","respond"],"executing":true}}
1765063155	none	{"result":{"address":1765063155,"states":["connect","run","respond"],"executing":true}}
1930616531	none	{"result":{"address":1930616531,"states":["connect","run","respond"],"executing":true}}
2059761629	none	{"result":{"address":2059761629,"states":["connect","run","respond"],"executing":true}}
2085360384	none	{"result":{"address":2085360384,"states":["connect","run","respond"],"executing":true}}
226686543	none	{"result":{"address":226686543,"states":["connect","run","respond"],"executing":true}}
706159915	none	{"result":{"address":706159915,"states":["connect","run","respond"],"executing":true}}
898246737	none	{"result":{"address":898246737,"states":["connect","run","respond"],"executing":true}}
1019462843	none	{"result":{"address":1019462843,"states":["connect","run","respond"],"executing":true}}
383117290	none	{"result":{"address":383117290,"states":["connect","run","respond"],"executing":true}}
1903222418	none	{"result":{"address":1903222418,"states":["connect","run","respond"],"executing":true}}
1272493585	none	{"result":{"address":1272493585,"states":["connect","run","respond"],"executing":true}}
714846086	none	{"result":{"address":714846086,"states":["connect","run","respond"],"executing":true}}
335396891	none	{"result":{"address":335396891,"states":["connect","run","respond"],"executing":true}}
318378773	none	{"result":{"address":318378773,"states":["connect","run","respond"],"executing":true}}
500451602	none	{"result":{"address":500451602,"states":["connect","run","respond"],"executing":true}}
1037447932	none	{"result":{"address":1037447932,"states":["connect","run","respond"],"executing":true}}
1539965012	none	{"result":{"address":1539965012,"states":["connect","run","respond"],"executing":true}}
2099331081	none	{"result":{"address":2099331081,"states":["connect","run","respond"],"executing":true}}
1296695954	none	{"result":{"address":1296695954,"states":["connect","run","respond"],"executing":true}}
1242334139	none	{"result":{"address":1242334139,"states":["connect","run","respond"],"executing":true}}
1074365167	none	{"result":{"address":1074365167,"states":["connect","run","respond"],"executing":true}}
1570613900	none	{"result":{"address":1570613900,"states":["connect","run","respond"],"executing":true}}
1662877438	none	{"result":{"address":1662877438,"states":["connect","run","respond"],"executing":true}}
1741831649	none	{"result":{"address":1741831649,"states":["connect","run","respond"],"executing":true}}
1859931995	none	{"result":{"address":1859931995,"states":["connect","run","respond"],"executing":true}}
658739091	none	{"result":{"address":658739091,"states":["connect","run","respond"],"executing":true}}
501422840	none	{"result":{"address":501422840,"states":["connect","run","respond"],"executing":true}}
43153420	none	{"result":{"address":43153420,"states":["connect","run","respond"],"executing":true}}
376010152	none	{"result":{"address":376010152,"states":["connect","run","respond"],"executing":true}}
486419650	none	{"result":{"address":486419650,"states":["connect","run","respond"],"executing":true}}
1770299801	none	{"result":{"address":1770299801,"states":["connect","run","respond"],"executing":true}}
712130263	none	{"result":{"address":712130263,"states":["connect","run","respond"],"executing":true}}
732061559	none	{"result":{"address":732061559,"states":["connect","run","respond"],"executing":true}}
277616335	none	{"result":{"address":277616335,"states":["connect","run","respond"],"executing":true}}
1905680846	none	{"result":{"address":1905680846,"states":["connect","run","respond"],"executing":true}}
208745153	none	{"result":{"address":208745153,"states":["connect","run","respond"],"executing":true}}
981396994	none	{"result":{"address":981396994,"states":["connect","run","respond"],"executing":true}}
678953153	none	{"result":{"address":678953153,"states":["connect","run","respond"],"executing":true}}
228694838	none	{"result":{"address":228694838,"states":["connect","run","respond"],"executing":true}}
311461963	none	{"result":{"address":311461963,"states":["connect","run","respond"],"executing":true}}
424923240	none	{"result":{"address":424923240,"states":["connect","run","respond"],"executing":true}}
678618831	none	{"result":{"address":678618831,"states":["connect","run","respond"],"executing":true}}
274130227	none	{"result":{"address":274130227,"states":["connect","run","respond"],"executing":true}}
12449239	none	{"result":{"address":12449239,"states":["connect","run","respond"],"executing":true}}
1156423110	none	{"result":{"address":1156423110,"states":["connect","run","respond"],"executing":true}}
1332433814	none	{"result":{"address":1332433814,"states":["connect","run","respond"],"executing":true}}
1561088402	none	{"result":{"address":1561088402,"states":["connect","run","respond"],"executing":true}}
1878734280	none	{"result":{"address":1878734280,"states":["connect","run","respond"],"executing":true}}
1456941740	none	{"result":{"address":1456941740,"states":["connect","run","respond"],"executing":true}}
274203759	none	{"result":{"address":274203759,"states":["connect","run","respond"],"executing":true}}
702184442	none	{"result":{"address":702184442,"states":["connect","run","respond"],"executing":true}}
1672087321	none	{"result":{"address":1672087321,"states":["connect","run","respond"],"executing":true}}
1121744498	none	{"result":{"address":1121744498,"states":["connect","run","respond"],"executing":true}}
412619050	none	{"result":{"address":412619050,"states":["connect","run","respond"],"executing":true}}
2114772256	none	{"result":{"address":2114772256,"states":["connect","run","respond"],"executing":true}}
1753728661	none	{"result":{"address":1753728661,"states":["connect","run","respond"],"executing":true}}
1010791977	none	{"result":{"address":1010791977,"states":["connect","run","respond"],"executing":true}}
368442952	none	{"result":{"address":368442952,"states":["connect","run","respond"],"executing":true}}
409800845	none	{"result":{"address":409800845,"states":["connect","run","respond"],"executing":true}}
914264226	none	{"result":{"address":914264226,"states":["connect","run","respond"],"executing":true}}
1800431426	none	{"result":{"address":1800431426,"states":["connect","run","respond"],"executing":true}}
211430454	none	{"result":{"address":211430454,"states":["connect","run","respond"],"executing":true}}
1702613748	none	{"result":{"address":1702613748,"states":["connect","run","respond"],"executing":true}}
1705973050	none	{"result":{"address":1705973050,"states":["connect","run","respond"],"executing":true}}
546145657	none	{"result":{"address":546145657,"states":["connect","run","respond"],"executing":true}}
1351806391	none	{"result":{"address":1351806391,"states":["connect","run","respond"],"executing":true}}
1063170477	none	{"result":{"address":1063170477,"states":["connect","run","respond"],"executing":true}}
769773647	none	{"result":{"address":769773647,"states":["connect","run","respond"],"executing":true}}
220208490	none	{"result":{"address":220208490,"states":["connect","run","respond"],"executing":true}}
950652136	none	{"result":{"address":950652136,"states":["connect","run","respond"],"executing":true}}
1697314199	none	{"result":{"address":1697314199,"states":["connect","run","respond"],"executing":true}}
286576602	none	{"result":{"address":286576602,"states":["connect","run","respond"],"executing":true}}
971775435	none	{"result":{"address":971775435,"states":["connect","run","respond"],"executing":true}}
140094962	none	{"result":{"address":140094962,"states":["connect","run","respond"],"executing":true}}
1327362869	none	{"result":{"address":1327362869,"states":["connect","run","respond"],"executing":true}}
68198758	none	{"result":{"address":68198758,"states":["connect","run","respond"],"executing":true}}
181981753	none	{"result":{"address":181981753,"states":["connect","run","respond"],"executing":true}}
196938756	none	{"result":{"address":196938756,"states":["connect","run","respond"],"executing":true}}
1146247837	none	{"result":{"address":1146247837,"states":["connect","run","respond"],"executing":true}}
764604842	none	{"result":{"address":764604842,"states":["connect","run","respond"],"executing":true}}
1984712693	none	{"result":{"address":1984712693,"states":["connect","run","respond"],"executing":true}}
1752435513	none	{"result":{"address":1752435513,"states":["connect","run","respond"],"executing":true}}
1200755287	none	{"result":{"address":1200755287,"states":["connect","run","respond"],"executing":true}}
1390999602	none	{"result":{"address":1390999602,"states":["connect","run","respond"],"executing":true}}
1607217268	none	{"result":{"address":1607217268,"states":["connect","run","respond"],"executing":true}}
599510947	none	{"result":{"address":599510947,"states":["connect","run","respond"],"executing":true}}
1410592570	none	{"result":{"address":1410592570,"states":["connect","run","respond"],"executing":true}}
1984984896	none	{"result":{"address":1984984896,"states":["connect","run","respond"],"executing":true}}
122051043	none	{"result":{"address":122051043,"states":["connect","run","respond"],"executing":true}}
1415656163	none	{"result":{"address":1415656163,"states":["connect","run","respond"],"executing":true}}
46651823	none	{"result":{"address":46651823,"states":["connect","run","respond"],"executing":true}}
2013434886	none	{"result":{"address":2013434886,"states":["connect","run","respond"],"executing":true}}
1523951934	none	{"result":{"address":1523951934,"states":["connect","run","respond"],"executing":true}}
1296598634	none	{"result":{"address":1296598634,"states":["connect","run","respond"],"executing":true}}
331991150	none	{"result":{"address":331991150,"states":["connect","run","respond"],"executing":true}}
1238909764	none	{"result":{"address":1238909764,"states":["connect","run","respond"],"executing":true}}
246518208	none	{"result":{"address":246518208,"states":["connect","run","respond"],"executing":true}}
1764871818	none	{"result":{"address":1764871818,"states":["connect","run","respond"],"executing":true}}
523978828	none	{"result":{"address":523978828,"states":["connect","run","respond"],"executing":true}}
1264539222	none	{"result":{"address":1264539222,"states":["connect","run","respond"],"executing":true}}
1421552148	none	{"result":{"address":1421552148,"states":["connect","run","respond"],"executing":true}}
1544571612	none	{"result":{"address":1544571612,"states":["connect","run","respond"],"executing":true}}
219776755	none	{"result":{"address":219776755,"states":["connect","run","respond"],"executing":true}}
852376209	none	{"result":{"address":852376209,"states":["connect","run","respond"],"executing":true}}
368946842	none	{"result":{"address":368946842,"states":["connect","run","respond"],"executing":true}}
1175405164	none	{"result":{"address":1175405164,"states":["connect","run","respond"],"executing":true}}
1679823821	none	{"result":{"address":1679823821,"states":["connect","run","respond"],"executing":true}}
1550900342	none	{"result":{"address":1550900342,"states":["connect","run","respond"],"executing":true}}
428009620	none	{"result":{"address":428009620,"states":["connect","run","respond"],"executing":true}}
918733900	none	{"result":{"address":918733900,"states":["connect","run","respond"],"executing":true}}
162741824	none	{"result":{"address":162741824,"states":["connect","run","respond"],"executing":true}}
343578741	none	{"result":{"address":343578741,"states":["connect","run","respond"],"executing":true}}
1756902715	none	{"result":{"address":1756902715,"states":["connect","run","respond"],"executing":true}}
111596764	none	{"result":{"address":111596764,"states":["connect","run","respond"],"executing":true}}
252139079	none	{"result":{"address":252139079,"states":["connect","run","respond"],"executing":true}}
403835451	none	{"result":{"address":403835451,"states":["connect","run","respond"],"executing":true}}
795223465	none	{"result":{"address":795223465,"states":["connect","run","respond"],"executing":true}}
327153763	none	{"result":{"address":327153763,"states":["connect","run","respond"],"executing":true}}
341319233	none	{"result":{"address":341319233,"states":["connect","run","respond"],"executing":true}}
1291358428	none	{"result":{"address":1291358428,"states":["connect","run","respond"],"executing":true}}
7697435	none	{"result":{"address":7697435,"states":["connect","run","respond"],"executing":true}}
1374313457	none	{"result":{"address":1374313457,"states":["connect","run","respond"],"executing":true}}
1995122000	none	{"result":{"address":1995122000,"states":["connect","run","respond"],"executing":true}}
1572502022	none	{"result":{"address":1572502022,"states":["connect","run","respond"],"executing":true}}
594125029	none	{"result":{"address":594125029,"states":["connect","run","respond"],"executing":true}}
1816060520	none	{"result":{"address":1816060520,"states":["connect","run","respond"],"executing":true}}
1915262678	none	{"result":{"address":1915262678,"states":["connect","run","respond"],"executing":true}}
282160118	none	{"result":{"address":282160118,"states":["connect","run","respond"],"executing":true}}
96263791	none	{"result":{"address":96263791,"states":["connect","run","respond"],"executing":true}}
483430617	none	{"result":{"address":483430617,"states":["connect","run","respond"],"executing":true}}
628342974	none	{"result":{"address":628342974,"states":["connect","run","respond"],"executing":true}}
1284143458	none	{"result":{"address":1284143458,"states":["connect","run","respond"],"executing":true}}
341300403	none	{"result":{"address":341300403,"states":["connect","run","respond"],"executing":true}}
476738207	none	{"result":{"address":476738207,"states":["connect","run","respond"],"executing":true}}
1074212924	none	{"result":{"address":1074212924,"states":["connect","run","respond"],"executing":true}}
2107742222	none	{"result":{"address":2107742222,"states":["connect","run","respond"],"executing":true}}
1108636502	none	{"result":{"address":1108636502,"states":["connect","run","respond"],"executing":true}}
436878706	none	{"result":{"address":436878706,"states":["connect","run","respond"],"executing":true}}
755289280	none	{"result":{"address":755289280,"states":["connect","run","respond"],"executing":true}}
1733643925	none	{"result":{"address":1733643925,"states":["connect","run","respond"],"executing":true}}
2079281492	none	{"result":{"address":2079281492,"states":["connect","run","respond"],"executing":true}}
2072914219	none	{"result":{"address":2072914219,"states":["connect","run","respond"],"executing":true}}
903184700	none	{"result":{"address":903184700,"states":["connect","run","respond"],"executing":true}}
769693397	none	{"result":{"address":769693397,"states":["connect","run","respond"],"executing":true}}
532285823	none	{"result":{"address":532285823,"states":["connect","run","respond"],"executing":true}}
135098312	none	{"result":{"address":135098312,"states":["connect","run","respond"],"executing":true}}
1133381653	none	{"result":{"address":1133381653,"states":["connect","run","respond"],"executing":true}}
1704062683	none	{"result":{"address":1704062683,"states":["connect","run","respond"],"executing":true}}
1806701771	none	{"result":{"address":1806701771,"states":["connect","run","respond"],"executing":true}}
1463880635	none	{"result":{"address":1463880635,"states":["connect","run","respond"],"executing":true}}
1508319917	none	{"result":{"address":1508319917,"states":["connect","run","respond"],"executing":true}}
45124761	none	{"result":{"address":45124761,"states":["connect","run","respond"],"executing":true}}
58067986	none	{"result":{"address":58067986,"states":["connect","run","respond"],"executing":true}}
1578857992	none	{"result":{"address":1578857992,"states":["connect","run","respond"],"executing":true}}
1599398065	none	{"result":{"address":1599398065,"states":["connect","run","respond"],"executing":true}}
728605924	none	{"result":{"address":728605924,"states":["connect","run","respond"],"executing":true}}
22617455	none	{"result":{"address":22617455,"states":["connect","run","respond"],"executing":true}}
773818855	none	{"result":{"address":773818855,"states":["connect","run","respond"],"executing":true}}
129321872	none	{"result":{"address":129321872,"states":["connect","run","respond"],"executing":true}}
1157697431	none	{"result":{"address":1157697431,"states":["connect","run","respond"],"executing":true}}
1862340460	none	{"result":{"address":1862340460,"states":["connect","run","respond"],"executing":true}}
503651041	none	{"result":{"address":503651041,"states":["connect","run","respond"],"executing":true}}
864697701	none	{"result":{"address":864697701,"states":["connect","run","respond"],"executing":true}}
1681219698	none	{"result":{"address":1681219698,"states":["connect","run","respond"],"executing":true}}
827951881	none	{"result":{"address":827951881,"states":["connect","run","respond"],"executing":true}}
1236951314	none	{"result":{"address":1236951314,"states":["connect","run","respond"],"executing":true}}
1426185154	none	{"result":{"address":1426185154,"states":["connect","run","respond"],"executing":true}}
1208047893	none	{"result":{"address":1208047893,"states":["connect","run","respond"],"executing":true}}
1724435055	none	{"result":{"address":1724435055,"states":["connect","run","respond"],"executing":true}}
1375817832	none	{"result":{"address":1375817832,"states":["connect","run","respond"],"executing":true}}
1845620833	none	{"result":{"address":1845620833,"states":["connect","run","respond"],"executing":true}}
901974134	none	{"result":{"address":901974134,"states":["connect","run","respond"],"executing":true}}
1347340529	none	{"result":{"address":1347340529,"states":["connect","run","respond"],"executing":true}}
939756829	none	{"result":{"address":939756829,"states":["connect","run","respond"],"executing":true}}
593598638	none	{"result":{"address":593598638,"states":["connect","run","respond"],"executing":true}}
1657424696	none	{"result":{"address":1657424696,"states":["connect","run","respond"],"executing":true}}
816541811	none	{"result":{"address":816541811,"states":["connect","run","respond"],"executing":true}}
668501573	none	{"result":{"address":668501573,"states":["connect","run","respond"],"executing":true}}
1194896560	none	{"result":{"address":1194896560,"states":["connect","run","respond"],"executing":true}}
784079365	none	{"result":{"address":784079365,"states":["connect","run","respond"],"executing":true}}
935212607	none	{"result":{"address":935212607,"states":["connect","run","respond"],"executing":true}}
2065977461	none	{"result":{"address":2065977461,"states":["connect","run","respond"],"executing":true}}
1393319530	none	{"result":{"address":1393319530,"states":["connect","run","respond"],"executing":true}}
585745533	none	{"result":{"address":585745533,"states":["connect","run","respond"],"executing":true}}
960300879	none	{"result":{"address":960300879,"states":["connect","run","respond"],"executing":true}}
1257208218	none	{"result":{"address":1257208218,"states":["connect","run","respond"],"executing":true}}
85157617	none	{"result":{"address":85157617,"states":["connect","run","respond"],"executing":true}}
1477654912	none	{"result":{"address":1477654912,"states":["connect","run","respond"],"executing":true}}
902080269	none	{"result":{"address":902080269,"states":["connect","run","respond"],"executing":true}}
1783328908	none	{"result":{"address":1783328908,"states":["connect","run","respond"],"executing":true}}
1255147211	none	{"result":{"address":1255147211,"states":["connect","run","respond"],"executing":true}}
1556626494	none	{"result":{"address":1556626494,"states":["connect","run","respond"],"executing":true}}
2134126308	none	{"result":{"address":2134126308,"states":["connect","run","respond"],"executing":true}}
792699168	none	{"result":{"address":792699168,"states":["connect","run","respond"],"executing":true}}
99457482	none	{"result":{"address":99457482,"states":["connect","run","respond"],"executing":true}}
967838144	none	{"result":{"address":967838144,"states":["connect","run","respond"],"executing":true}}
2034692786	none	{"result":{"address":2034692786,"states":["connect","run","respond"],"executing":true}}
1895158597	none	{"result":{"address":1895158597,"states":["connect","run","respond"],"executing":true}}
1337867592	none	{"result":{"address":1337867592,"states":["connect","run","respond"],"executing":true}}
994793117	none	{"result":{"address":994793117,"states":["connect","run","respond"],"executing":true}}
1978894682	none	{"result":{"address":1978894682,"states":["connect","run","respond"],"executing":true}}
50277371	none	{"result":{"address":50277371,"states":["connect","run","respond"],"executing":true}}
1432465168	none	{"result":{"address":1432465168,"states":["connect","run","respond"],"executing":true}}
870359683	none	{"result":{"address":870359683,"states":["connect","run","respond"],"executing":true}}
1496811094	none	{"result":{"address":1496811094,"states":["connect","run","respond"],"executing":true}}
625212535	none	{"result":{"address":625212535,"states":["connect","run","respond"],"executing":true}}
257505730	none	{"result":{"address":257505730,"states":["connect","run","respond"],"executing":true}}
198855772	none	{"result":{"address":198855772,"states":["connect","run","respond"],"executing":true}}
1915411385	none	{"result":{"address":1915411385,"states":["connect","run","respond"],"executing":true}}
845434521	none	{"result":{"address":845434521,"states":["connect","run","respond"],"executing":true}}
1342432380	none	{"result":{"address":1342432380,"states":["connect","run","respond"],"executing":true}}
786625051	none	{"result":{"address":786625051,"states":["connect","run","respond"],"executing":true}}
157746000	none	{"result":{"address":157746000,"states":["connect","run","respond"],"executing":true}}
964974224	none	{"result":{"address":964974224,"states":["connect","run","respond"],"executing":true}}
401986930	none	{"result":{"address":401986930,"states":["connect","run","respond"],"executing":true}}
1592402271	none	{"result":{"address":1592402271,"states":["connect","run","respond"],"executing":true}}
809520287	none	{"result":{"address":809520287,"states":["connect","run","respond"],"executing":true}}
2058054148	none	{"result":{"address":2058054148,"states":["connect","run","respond"],"executing":true}}
2046153160	none	{"result":{"address":2046153160,"states":["connect","run","respond"],"executing":true}}
1811219563	none	{"result":{"address":1811219563,"states":["connect","run","respond"],"executing":true}}
1918185598	none	{"result":{"address":1918185598,"states":["connect","run","respond"],"executing":true}}
1893028300	none	{"result":{"address":1893028300,"states":["connect","run","respond"],"executing":true}}
1989508566	none	{"result":{"address":1989508566,"states":["connect","run","respond"],"executing":true}}
62761516	none	{"result":{"address":62761516,"states":["connect","run","respond"],"executing":true}}
1904329297	none	{"result":{"address":1904329297,"states":["connect","run","respond"],"executing":true}}
1157620024	none	{"result":{"address":1157620024,"states":["connect","run","respond"],"executing":true}}
1231913367	none	{"result":{"address":1231913367,"states":["connect","run","respond"],"executing":true}}
958034473	none	{"result":{"address":958034473,"states":["connect","run","respond"],"executing":true}}
294019723	none	{"result":{"address":294019723,"states":["connect","run","respond"],"executing":true}}
1202424028	none	{"result":{"address":1202424028,"states":["connect","run","respond"],"executing":true}}
519161305	none	{"result":{"address":519161305,"states":["connect","run","respond"],"executing":true}}
105398329	none	{"result":{"address":105398329,"states":["connect","run","respond"],"executing":true}}
364768342	none	{"result":{"address":364768342,"states":["connect","run","respond"],"executing":true}}
914683370	none	{"result":{"address":914683370,"states":["connect","run","respond"],"executing":true}}
1840584297	none	{"result":{"address":1840584297,"states":["connect","run","respond"],"executing":true}}
1026577202	none	{"result":{"address":1026577202,"states":["connect","run","respond"],"executing":true}}
481031414	none	{"result":{"address":481031414,"states":["connect","run","respond"],"executing":true}}
1633470287	none	{"result":{"address":1633470287,"states":["connect","run","respond"],"executing":true}}
2083072505	none	{"result":{"address":2083072505,"states":["connect","run","respond"],"executing":true}}
1524806902	none	{"result":{"address":1524806902,"states":["connect","run","respond"],"executing":true}}
184336133	none	{"result":{"address":184336133,"states":["connect","run","respond"],"executing":true}}
1376039355	none	{"result":{"address":1376039355,"states":["connect","run","respond"],"executing":true}}
179986785	none	{"result":{"address":179986785,"states":["connect","run","respond"],"executing":true}}
1176384844	none	{"result":{"address":1176384844,"states":["connect","run","respond"],"executing":true}}
2056427961	none	{"result":{"address":2056427961,"states":["connect","run","respond"],"executing":true}}
880340535	none	{"result":{"address":880340535,"states":["connect","run","respond"],"executing":true}}
602370993	none	{"result":{"address":602370993,"states":["connect","run","respond"],"executing":true}}
105805182	none	{"result":{"address":105805182,"states":["connect","run","respond"],"executing":true}}
1071098891	none	{"result":{"address":1071098891,"states":["connect","run","respond"],"executing":true}}
79698665	none	{"result":{"address":79698665,"states":["connect","run","respond"],"executing":true}}
1438939474	none	{"result":{"address":1438939474,"states":["connect","run","respond"],"executing":true}}
1402117135	none	{"result":{"address":1402117135,"states":["connect","run","respond"],"executing":true}}
2104605885	none	{"result":{"address":2104605885,"states":["connect","run","respond"],"executing":true}}
297047770	none	{"result":{"address":297047770,"states":["connect","run","respond"],"executing":true}}
1314982983	none	{"result":{"address":1314982983,"states":["connect","run","respond"],"executing":true}}
743393003	none	{"result":{"address":743393003,"states":["connect","run","respond"],"executing":true}}
1544668559	none	{"result":{"address":1544668559,"states":["connect","run","respond"],"executing":true}}
2024836843	none	{"result":{"address":2024836843,"states":["connect","run","respond"],"executing":true}}
2086253895	none	{"result":{"address":2086253895,"states":["connect","run","respond"],"executing":true}}
1823792290	none	{"result":{"address":1823792290,"states":["connect","run","respond"],"executing":true}}
565764934	none	{"result":{"address":565764934,"states":["connect","run","respond"],"executing":true}}
1918958257	none	{"result":{"address":1918958257,"states":["connect","run","respond"],"executing":true}}
443661124	none	{"result":{"address":443661124,"states":["connect","run","respond"],"executing":true}}
1212692974	none	{"result":{"address":1212692974,"states":["connect","run","respond"],"executing":true}}
1672226404	none	{"result":{"address":1672226404,"states":["connect","run","respond"],"executing":true}}
1470459934	none	{"result":{"address":1470459934,"states":["connect","run","respond"],"executing":true}}
1076591857	none	{"result":{"address":1076591857,"states":["connect","run","respond"],"executing":true}}
6303741	none	{"result":{"address":6303741,"states":["connect","run","respond"],"executing":true}}
234441107	none	{"result":{"address":234441107,"states":["connect","run","respond"],"executing":true}}
942982897	none	{"result":{"address":942982897,"states":["connect","run","respond"],"executing":true}}
647907816	none	{"result":{"address":647907816,"states":["connect","run","respond"],"executing":true}}
1883312412	none	{"result":{"address":1883312412,"states":["connect","run","respond"],"executing":true}}
17553500	none	{"result":{"address":17553500,"states":["connect","run","respond"],"executing":true}}
791377555	none	{"result":{"address":791377555,"states":["connect","run","respond"],"executing":true}}
155990013	none	{"result":{"address":155990013,"states":["connect","run","respond"],"executing":true}}
193857844	none	{"result":{"address":193857844,"states":["connect","run","respond"],"executing":true}}
1359333303	none	{"result":{"address":1359333303,"states":["connect","run","respond"],"executing":true}}
985900158	none	{"result":{"address":985900158,"states":["connect","run","respond"],"executing":true}}
309074770	none	{"result":{"address":309074770,"states":["connect","run","respond"],"executing":true}}
283849903	none	{"result":{"address":283849903,"states":["connect","run","respond"],"executing":true}}
2093263070	none	{"result":{"address":2093263070,"states":["connect","run","respond"],"executing":true}}
1767419646	none	{"result":{"address":1767419646,"states":["connect","run","respond"],"executing":true}}
208756584	none	{"result":{"address":208756584,"states":["connect","run","respond"],"executing":true}}
2107492183	none	{"result":{"address":2107492183,"states":["connect","run","respond"],"executing":true}}
1769540258	none	{"result":{"address":1769540258,"states":["connect","run","respond"],"executing":true}}
1297590000	none	{"result":{"address":1297590000,"states":["connect","run","respond"],"executing":true}}
1474408149	none	{"result":{"address":1474408149,"states":["connect","run","respond"],"executing":true}}
726888466	none	{"result":{"address":726888466,"states":["connect","run","respond"],"executing":true}}
1199413691	none	{"result":{"address":1199413691,"states":["connect","run","respond"],"executing":true}}
1711401274	none	{"result":{"address":1711401274,"states":["connect","run","respond"],"executing":true}}
391637309	none	{"result":{"address":391637309,"states":["connect","run","respond"],"executing":true}}
991380838	none	{"result":{"address":991380838,"states":["connect","run","respond"],"executing":true}}
1669936041	none	{"result":{"address":1669936041,"states":["connect","run","respond"],"executing":true}}
1560719997	none	{"result":{"address":1560719997,"states":["connect","run","respond"],"executing":true}}
70222790	none	{"result":{"address":70222790,"states":["connect","run","respond"],"executing":true}}
1542375435	none	{"result":{"address":1542375435,"states":["connect","run","respond"],"executing":true}}
1457833263	none	{"result":{"address":1457833263,"states":["connect","run","respond"],"executing":true}}
492853787	none	{"result":{"address":492853787,"states":["connect","run","respond"],"executing":true}}
27693136	none	{"result":{"address":27693136,"states":["connect","run","respond"],"executing":true}}
1042216029	none	{"result":{"address":1042216029,"states":["connect","run","respond"],"executing":true}}
1770232446	none	{"result":{"address":1770232446,"states":["connect","run","respond"],"executing":true}}
1334608293	none	{"result":{"address":1334608293,"states":["connect","run","respond"],"executing":true}}
1645931756	none	{"result":{"address":1645931756,"states":["connect","run","respond"],"executing":true}}
1548555867	none	{"result":{"address":1548555867,"states":["connect","run","respond"],"executing":true}}
1611588439	none	{"result":{"address":1611588439,"states":["connect","run","respond"],"executing":true}}
411241858	none	{"result":{"address":411241858,"states":["connect","run","respond"],"executing":true}}
2124867638	none	{"result":{"address":2124867638,"states":["connect","run","respond"],"executing":true}}
718157567	none	{"result":{"address":718157567,"states":["connect","run","respond"],"executing":true}}
1193120073	none	{"result":{"address":1193120073,"states":["connect","run","respond"],"executing":true}}
1820806969	none	{"result":{"address":1820806969,"states":["connect","run","respond"],"executing":true}}
1777263397	none	{"result":{"address":1777263397,"states":["connect","run","respond"],"executing":true}}
2035870797	none	{"result":{"address":2035870797,"states":["connect","run","respond"],"executing":true}}
234369841	none	{"result":{"address":234369841,"states":["connect","run","respond"],"executing":true}}
1045231600	none	{"result":{"address":1045231600,"states":["connect","run","respond"],"executing":true}}
1036742323	none	{"result":{"address":1036742323,"states":["connect","run","respond"],"executing":true}}
2091052648	none	{"result":{"address":2091052648,"states":["connect","run","respond"],"executing":true}}
2056570528	none	{"result":{"address":2056570528,"states":["connect","run","respond"],"executing":true}}
71786675	none	{"result":{"address":71786675,"states":["connect","run","respond"],"executing":true}}
1770789522	none	{"result":{"address":1770789522,"states":["connect","run","respond"],"executing":true}}
1564599843	none	{"result":{"address":1564599843,"states":["connect","run","respond"],"executing":true}}
1975043337	none	{"result":{"address":1975043337,"states":["connect","run","respond"],"executing":true}}
681556051	none	{"result":{"address":681556051,"states":["connect","run","respond"],"executing":true}}
1550506311	none	{"result":{"address":1550506311,"states":["connect","run","respond"],"executing":true}}
96504344	none	{"result":{"address":96504344,"states":["connect","run","respond"],"executing":true}}
246998458	none	{"result":{"address":246998458,"states":["connect","run","respond"],"executing":true}}
787691064	none	{"result":{"address":787691064,"states":["connect","run","respond"],"executing":true}}
1136960562	none	{"result":{"address":1136960562,"states":["connect","run","respond"],"executing":true}}
1527916958	none	{"result":{"address":1527916958,"states":["connect","run","respond"],"executing":true}}
231370266	none	{"result":{"address":231370266,"states":["connect","run","respond"],"executing":true}}
753643440	none	{"result":{"address":753643440,"states":["connect","run","respond"],"executing":true}}
418458040	none	{"result":{"address":418458040,"states":["connect","run","respond"],"executing":true}}
2067524003	none	{"result":{"address":2067524003,"states":["connect","run","respond"],"executing":true}}
1170979896	none	{"result":{"address":1170979896,"states":["connect","run","respond"],"executing":true}}
1487517230	none	{"result":{"address":1487517230,"states":["connect","run","respond"],"executing":true}}
1094389665	none	{"result":{"address":1094389665,"states":["connect","run","respond"],"executing":true}}
67570123	none	{"result":{"address":67570123,"states":["connect","run","respond"],"executing":true}}
913394596	none	{"result":{"address":913394596,"states":["connect","run","respond"],"executing":true}}
312502910	none	{"result":{"address":312502910,"states":["connect","run","respond"],"executing":true}}
2045477755	none	{"result":{"address":2045477755,"states":["connect","run","respond"],"executing":true}}
85621385	none	{"result":{"address":85621385,"states":["connect","run","respond"],"executing":true}}
1985542501	none	{"result":{"address":1985542501,"states":["connect","run","respond"],"executing":true}}
1647271411	none	{"result":{"address":1647271411,"states":["connect","run","respond"],"executing":true}}
283498349	none	{"result":{"address":283498349,"states":["connect","run","respond"],"executing":true}}
2057774261	none	{"result":{"address":2057774261,"states":["connect","run","respond"],"executing":true}}
974149236	none	{"result":{"address":974149236,"states":["connect","run","respond"],"executing":true}}
63491427	none	{"result":{"address":63491427,"states":["connect","run","respond"],"executing":true}}
646308458	none	{"result":{"address":646308458,"states":["connect","run","respond"],"executing":true}}
125363491	none	{"result":{"address":125363491,"states":["connect","run","respond"],"executing":true}}
2041536716	none	{"result":{"address":2041536716,"states":["connect","run","respond"],"executing":true}}
2018867444	none	{"result":{"address":2018867444,"states":["connect","run","respond"],"executing":true}}
767139227	none	{"result":{"address":767139227,"states":["connect","run","respond"],"executing":true}}
1226618949	none	{"result":{"address":1226618949,"states":["connect","run","respond"],"executing":true}}
434070238	none	{"result":{"address":434070238,"states":["connect","run","respond"],"executing":true}}
449789430	none	{"result":{"address":449789430,"states":["connect","run","respond"],"executing":true}}
290116621	none	{"result":{"address":290116621,"states":["connect","run","respond"],"executing":true}}
1480327434	none	{"result":{"address":1480327434,"states":["connect","run","respond"],"executing":true}}
471389995	none	{"result":{"address":471389995,"states":["connect","run","respond"],"executing":true}}
350365513	none	{"result":{"address":350365513,"states":["connect","run","respond"],"executing":true}}
1217107875	none	{"result":{"address":1217107875,"states":["connect","run","respond"],"executing":true}}
1772094648	none	{"result":{"address":1772094648,"states":["connect","run","respond"],"executing":true}}
1938076803	none	{"result":{"address":1938076803,"states":["connect","run","respond"],"executing":true}}
1714124878	none	{"result":{"address":1714124878,"states":["connect","run","respond"],"executing":true}}
733228467	none	{"result":{"address":733228467,"states":["connect","run","respond"],"executing":true}}
2012204583	none	{"result":{"address":2012204583,"states":["connect","run","respond"],"executing":true}}
144097230	none	{"result":{"address":144097230,"states":["connect","run","respond"],"executing":true}}
1642454160	none	{"result":{"address":1642454160,"states":["connect","run","respond"],"executing":true}}
1945701154	none	{"result":{"address":1945701154,"states":["connect","run","respond"],"executing":true}}
1682926969	none	{"result":{"address":1682926969,"states":["connect","run","respond"],"executing":true}}
2011721677	none	{"result":{"address":2011721677,"states":["connect","run","respond"],"executing":true}}
1820549341	none	{"result":{"address":1820549341,"states":["connect","run","respond"],"executing":true}}
1389629264	none	{"result":{"address":1389629264,"states":["connect","run","respond"],"executing":true}}
1634462202	none	{"result":{"address":1634462202,"states":["connect","run","respond"],"executing":true}}
1770234149	none	{"result":{"address":1770234149,"states":["connect","run","respond"],"executing":true}}
1546185353	none	{"result":{"address":1546185353,"states":["connect","run","respond"],"executing":true}}
797076243	none	{"result":{"address":797076243,"states":["connect","run","respond"],"executing":true}}
344550421	none	{"result":{"address":344550421,"states":["connect","run","respond"],"executing":true}}
242698108	none	{"result":{"address":242698108,"states":["connect","run","respond"],"executing":true}}
959618215	none	{"result":{"address":959618215,"states":["connect","run","respond"],"executing":true}}
679846436	none	{"result":{"address":679846436,"states":["connect","run","respond"],"executing":true}}
372622104	none	{"result":{"address":372622104,"states":["connect","run","respond"],"executing":true}}
829057395	none	{"result":{"address":829057395,"states":["connect","run","respond"],"executing":true}}
904659669	none	{"result":{"address":904659669,"states":["connect","run","respond"],"executing":true}}
740069479	none	{"result":{"address":740069479,"states":["connect","run","respond"],"executing":true}}
1734964043	none	{"result":{"address":1734964043,"states":["connect","run","respond"],"executing":true}}
1486538304	none	{"result":{"address":1486538304,"states":["connect","run","respond"],"executing":true}}
860445055	none	{"result":{"address":860445055,"states":["connect","run","respond"],"executing":true}}
473557235	none	{"result":{"address":473557235,"states":["connect","run","respond"],"executing":true}}
1719251920	none	{"result":{"address":1719251920,"states":["connect","run","respond"],"executing":true}}
423840972	none	{"result":{"address":423840972,"states":["connect","run","respond"],"executing":true}}
2088973565	none	{"result":{"address":2088973565,"states":["connect","run","respond"],"executing":true}}
358142976	none	{"result":{"address":358142976,"states":["connect","run","respond"],"executing":true}}
1428742326	none	{"result":{"address":1428742326,"states":["connect","run","respond"],"executing":true}}
510327466	none	{"result":{"address":510327466,"states":["connect","run","respond"],"executing":true}}
333736003	none	{"result":{"address":333736003,"states":["connect","run","respond"],"executing":true}}
1444558554	none	{"result":{"address":1444558554,"states":["connect","run","respond"],"executing":true}}
655718863	none	{"result":{"address":655718863,"states":["connect","run","respond"],"executing":true}}
1030085368	none	{"result":{"address":1030085368,"states":["connect","run","respond"],"executing":true}}
227650178	none	{"result":{"address":227650178,"states":["connect","run","respond"],"executing":true}}
412167888	none	{"result":{"address":412167888,"states":["connect","run","respond"],"executing":true}}
369377056	none	{"result":{"address":369377056,"states":["connect","run","respond"],"executing":true}}
1771275374	none	{"result":{"address":1771275374,"states":["connect","run","respond"],"executing":true}}
255808812	none	{"result":{"address":255808812,"states":["connect","run","respond"],"executing":true}}
461919048	none	{"result":{"address":461919048,"states":["connect","run","respond"],"executing":true}}
812135049	none	{"result":{"address":812135049,"states":["connect","run","respond"],"executing":true}}
1509290096	none	{"result":{"address":1509290096,"states":["connect","run","respond"],"executing":true}}
1445433288	none	{"result":{"address":1445433288,"states":["connect","run","respond"],"executing":true}}
464146844	none	{"result":{"address":464146844,"states":["connect","run","respond"],"executing":true}}
634820816	none	{"result":{"address":634820816,"states":["connect","run","respond"],"executing":true}}
841232821	none	{"result":{"address":841232821,"states":["connect","run","respond"],"executing":true}}
1897896185	none	{"result":{"address":1897896185,"states":["connect","run","respond"],"executing":true}}
29890285	none	{"result":{"address":29890285,"states":["connect","run","respond"],"executing":true}}
790083784	none	{"result":{"address":790083784,"states":["connect","run","respond"],"executing":true}}
1257743534	none	{"result":{"address":1257743534,"states":["connect","run","respond"],"executing":true}}
1994451306	none	{"result":{"address":1994451306,"states":["connect","run","respond"],"executing":true}}
514636000	none	{"result":{"address":514636000,"states":["connect","run","respond"],"executing":true}}
1318273071	none	{"result":{"address":1318273071,"states":["connect","run","respond"],"executing":true}}
723288094	none	{"result":{"address":723288094,"states":["connect","run","respond"],"executing":true}}
1439434413	none	{"result":{"address":1439434413,"states":["connect","run","respond"],"executing":true}}
1047158041	none	{"result":{"address":1047158041,"states":["connect","run","respond"],"executing":true}}
520456120	none	{"result":{"address":520456120,"states":["connect","run","respond"],"executing":true}}
847049186	none	{"result":{"address":847049186,"states":["connect","run","respond"],"executing":true}}
1082339402	none	{"result":{"address":1082339402,"states":["connect","run","respond"],"executing":true}}
1077911746	none	{"result":{"address":1077911746,"states":["connect","run","respond"],"executing":true}}
836925100	none	{"result":{"address":836925100,"states":["connect","run","respond"],"executing":true}}
2009613151	none	{"result":{"address":2009613151,"states":["connect","run","respond"],"executing":true}}
1722570643	none	{"result":{"address":1722570643,"states":["connect","run","respond"],"executing":true}}
2142269624	none	{"result":{"address":2142269624,"states":["connect","run","respond"],"executing":true}}
1006268324	none	{"result":{"address":1006268324,"states":["connect","run","respond"],"executing":true}}
541874075	none	{"result":{"address":541874075,"states":["connect","run","respond"],"executing":true}}
132197069	none	{"result":{"address":132197069,"states":["connect","run","respond"],"executing":true}}
1402126788	none	{"result":{"address":1402126788,"states":["connect","run","respond"],"executing":true}}
1763502009	none	{"result":{"address":1763502009,"states":["connect","run","respond"],"executing":true}}
2096063091	none	{"result":{"address":2096063091,"states":["connect","run","respond"],"executing":true}}
1515739979	none	{"result":{"address":1515739979,"states":["connect","run","respond"],"executing":true}}
840991672	none	{"result":{"address":840991672,"states":["connect","run","respond"],"executing":true}}
663792816	none	{"result":{"address":663792816,"states":["connect","run","respond"],"executing":true}}
1032436964	none	{"result":{"address":1032436964,"states":["connect","run","respond"],"executing":true}}
1388040408	none	{"result":{"address":1388040408,"states":["connect","run","respond"],"executing":true}}
460904589	none	{"result":{"address":460904589,"states":["connect","run","respond"],"executing":true}}
1659982757	none	{"result":{"address":1659982757,"states":["connect","run","respond"],"executing":true}}
1921830513	none	{"result":{"address":1921830513,"states":["connect","run","respond"],"executing":true}}
1731252516	none	{"result":{"address":1731252516,"states":["connect","run","respond"],"executing":true}}
924497989	none	{"result":{"address":924497989,"states":["connect","run","respond"],"executing":true}}
1693833115	none	{"result":{"address":1693833115,"states":["connect","run","respond"],"executing":true}}
451592733	none	{"result":{"address":451592733,"states":["connect","run","respond"],"executing":true}}
1655501418	none	{"result":{"address":1655501418,"states":["connect","run","respond"],"executing":true}}
199425089	none	{"result":{"address":199425089,"states":["connect","run","respond"],"executing":true}}
497117185	none	{"result":{"address":497117185,"states":["connect","run","respond"],"executing":true}}
1489499947	none	{"result":{"address":1489499947,"states":["connect","run","respond"],"executing":true}}
558166277	none	{"result":{"address":558166277,"states":["connect","run","respond"],"executing":true}}
505162489	none	{"result":{"address":505162489,"states":["connect","run","respond"],"executing":true}}
877753479	none	{"result":{"address":877753479,"states":["connect","run","respond"],"executing":true}}
11936445	none	{"result":{"address":11936445,"states":["connect","run","respond"],"executing":true}}
949928232	none	{"result":{"address":949928232,"states":["connect","run","respond"],"executing":true}}
818206350	none	{"result":{"address":818206350,"states":["connect","run","respond"],"executing":true}}
1934092805	none	{"result":{"address":1934092805,"states":["connect","run","respond"],"executing":true}}
644643036	none	{"result":{"address":644643036,"states":["connect","run","respond"],"executing":true}}
218956691	none	{"result":{"address":218956691,"states":["connect","run","respond"],"executing":true}}
918385843	none	{"result":{"address":918385843,"states":["connect","run","respond"],"executing":true}}
1936012918	none	{"result":{"address":1936012918,"states":["connect","run","respond"],"executing":true}}
566558825	none	{"result":{"address":566558825,"states":["connect","run","respond"],"executing":true}}
1973292407	none	{"result":{"address":1973292407,"states":["connect","run","respond"],"executing":true}}
56690344	none	{"result":{"address":56690344,"states":["connect","run","respond"],"executing":true}}
1061335474	none	{"result":{"address":1061335474,"states":["connect","run","respond"],"executing":true}}
982286109	none	{"result":{"address":982286109,"states":["connect","run","respond"],"executing":true}}
2009286914	none	{"result":{"address":2009286914,"states":["connect","run","respond"],"executing":true}}
361960570	none	{"result":{"address":361960570,"states":["connect","run","respond"],"executing":true}}
1632140723	none	{"result":{"address":1632140723,"states":["connect","run","respond"],"executing":true}}
490129550	none	{"result":{"address":490129550,"states":["connect","run","respond"],"executing":true}}
215710204	none	{"result":{"address":215710204,"states":["connect","run","respond"],"executing":true}}
1845803635	none	{"result":{"address":1845803635,"states":["connect","run","respond"],"executing":true}}
696537948	none	{"result":{"address":696537948,"states":["connect","run","respond"],"executing":true}}
665396313	none	{"result":{"address":665396313,"states":["connect","run","respond"],"executing":true}}
1686249732	none	{"result":{"address":1686249732,"states":["connect","run","respond"],"executing":true}}
1388239160	none	{"result":{"address":1388239160,"states":["connect","run","respond"],"executing":true}}
139369172	none	{"result":{"address":139369172,"states":["connect","run","respond"],"executing":true}}
1378210567	none	{"result":{"address":1378210567,"states":["connect","run","respond"],"executing":true}}
1080689992	none	{"result":{"address":1080689992,"states":["connect","run","respond"],"executing":true}}
1626195831	none	{"result":{"address":1626195831,"states":["connect","run","respond"],"executing":true}}
1526475525	none	{"result":{"address":1526475525,"states":["connect","run","respond"],"executing":true}}
1534052912	none	{"result":{"address":1534052912,"states":["connect","run","respond"],"executing":true}}
1424961240	none	{"result":{"address":1424961240,"states":["connect","run","respond"],"executing":true}}
682095959	none	{"result":{"address":682095959,"states":["connect","run","respond"],"executing":true}}
819035849	none	{"result":{"address":819035849,"states":["connect","run","respond"],"executing":true}}
1799586680	none	{"result":{"address":1799586680,"states":["connect","run","respond"],"executing":true}}
666932192	none	{"result":{"address":666932192,"states":["connect","run","respond"],"executing":true}}
374670135	none	{"result":{"address":374670135,"states":["connect","run","respond"],"executing":true}}
2092794805	none	{"result":{"address":2092794805,"states":["connect","run","respond"],"executing":true}}
1597605445	none	{"result":{"address":1597605445,"states":["connect","run","respond"],"executing":true}}
4505120	none	{"result":{"address":4505120,"states":["connect","run","respond"],"executing":true}}
1656677386	none	{"result":{"address":1656677386,"states":["connect","run","respond"],"executing":true}}
1175345701	none	{"result":{"address":1175345701,"states":["connect","run","respond"],"executing":true}}
1108963852	none	{"result":{"address":1108963852,"states":["connect","run","respond"],"executing":true}}
75642414	none	{"result":{"address":75642414,"states":["connect","run","respond"],"executing":true}}
21367312	none	{"result":{"address":21367312,"states":["connect","run","respond"],"executing":true}}
1260897219	none	{"result":{"address":1260897219,"states":["connect","run","respond"],"executing":true}}
626055523	none	{"result":{"address":626055523,"states":["connect","run","respond"],"executing":true}}
1357016217	none	{"result":{"address":1357016217,"states":["connect","run","respond"],"executing":true}}
1360454150	none	{"result":{"address":1360454150,"states":["connect","run","respond"],"executing":true}}
1990707376	none	{"result":{"address":1990707376,"states":["connect","run","respond"],"executing":true}}
158156657	none	{"result":{"address":158156657,"states":["connect","run","respond"],"executing":true}}
1091322538	none	{"result":{"address":1091322538,"states":["connect","run","respond"],"executing":true}}
1047432595	none	{"result":{"address":1047432595,"states":["connect","run","respond"],"executing":true}}
2045482743	none	{"result":{"address":2045482743,"states":["connect","run","respond"],"executing":true}}
1696102782	none	{"result":{"address":1696102782,"states":["connect","run","respond"],"executing":true}}
2089710325	none	{"result":{"address":2089710325,"states":["connect","run","respond"],"executing":true}}
1067719700	none	{"result":{"address":1067719700,"states":["connect","run","respond"],"executing":true}}
1256394756	none	{"result":{"address":1256394756,"states":["connect","run","respond"],"executing":true}}
1418930412	none	{"result":{"address":1418930412,"states":["connect","run","respond"],"executing":true}}
1303913319	none	{"result":{"address":1303913319,"states":["connect","run","respond"],"executing":true}}
2055187148	none	{"result":{"address":2055187148,"states":["connect","run","respond"],"executing":true}}
215774999	none	{"result":{"address":215774999,"states":["connect","run","respond"],"executing":true}}
1797994963	none	{"result":{"address":1797994963,"states":["connect","run","respond"],"executing":true}}
2047703229	none	{"result":{"address":2047703229,"states":["connect","run","respond"],"executing":true}}
1113518214	none	{"result":{"address":1113518214,"states":["connect","run","respond"],"executing":true}}
136566613	none	{"result":{"address":136566613,"states":["connect","run","respond"],"executing":true}}
1964660299	none	{"result":{"address":1964660299,"states":["connect","run","respond"],"executing":true}}
526923371	none	{"result":{"address":526923371,"states":["connect","run","respond"],"executing":true}}
826013730	none	{"result":{"address":826013730,"states":["connect","run","respond"],"executing":true}}
12238320	none	{"result":{"address":12238320,"states":["connect","run","respond"],"executing":true}}
2006217237	none	{"result":{"address":2006217237,"states":["connect","run","respond"],"executing":true}}
1749464416	none	{"result":{"address":1749464416,"states":["connect","run","respond"],"executing":true}}
493538240	none	{"result":{"address":493538240,"states":["connect","run","respond"],"executing":true}}
149393136	none	{"result":{"address":149393136,"states":["connect","run","respond"],"executing":true}}
1910952601	none	{"result":{"address":1910952601,"states":["connect","run","respond"],"executing":true}}
1436597855	none	{"result":{"address":1436597855,"states":["connect","run","respond"],"executing":true}}
362009639	none	{"result":{"address":362009639,"states":["connect","run","respond"],"executing":true}}
1041959945	none	{"result":{"address":1041959945,"states":["connect","run","respond"],"executing":true}}
895890620	none	{"result":{"address":895890620,"states":["connect","run","respond"],"executing":true}}
1606243123	none	{"result":{"address":1606243123,"states":["connect","run","respond"],"executing":true}}
344786858	none	{"result":{"address":344786858,"states":["connect","run","respond"],"executing":true}}
707945112	none	{"result":{"address":707945112,"states":["connect","run","respond"],"executing":true}}
747471922	none	{"result":{"address":747471922,"states":["connect","run","respond"],"executing":true}}
2064364450	none	{"result":{"address":2064364450,"states":["connect","run","respond"],"executing":true}}
1811669579	none	{"result":{"address":1811669579,"states":["connect","run","respond"],"executing":true}}
1700129577	none	{"result":{"address":1700129577,"states":["connect","run","respond"],"executing":true}}
389266780	none	{"result":{"address":389266780,"states":["connect","run","respond"],"executing":true}}
1574091598	none	{"result":{"address":1574091598,"states":["connect","run","respond"],"executing":true}}
977593075	none	{"result":{"address":977593075,"states":["connect","run","respond"],"executing":true}}
1115222676	none	{"result":{"address":1115222676,"states":["connect","run","respond"],"executing":true}}
1014444201	none	{"result":{"address":1014444201,"states":["connect","run","respond"],"executing":true}}
156742298	none	{"result":{"address":156742298,"states":["connect","run","respond"],"executing":true}}
417048842	none	{"result":{"address":417048842,"states":["connect","run","respond"],"executing":true}}
1187975852	none	{"result":{"address":1187975852,"states":["connect","run","respond"],"executing":true}}
773891497	none	{"result":{"address":773891497,"states":["connect","run","respond"],"executing":true}}
1568136726	none	{"result":{"address":1568136726,"states":["connect","run","respond"],"executing":true}}
1967808702	none	{"result":{"address":1967808702,"states":["connect","run","respond"],"executing":true}}
570356875	none	{"result":{"address":570356875,"states":["connect","run","respond"],"executing":true}}
1705311857	none	{"result":{"address":1705311857,"states":["connect","run","respond"],"executing":true}}
543472244	none	{"result":{"address":543472244,"states":["connect","run","respond"],"executing":true}}
791770949	none	{"result":{"address":791770949,"states":["connect","run","respond"],"executing":true}}
690616760	none	{"result":{"address":690616760,"states":["connect","run","respond"],"executing":true}}
547351224	none	{"result":{"address":547351224,"states":["connect","run","respond"],"executing":true}}
860668061	none	{"result":{"address":860668061,"states":["connect","run","respond"],"executing":true}}
331843680	none	{"result":{"address":331843680,"states":["connect","run","respond"],"executing":true}}
1870693957	none	{"result":{"address":1870693957,"states":["connect","run","respond"],"executing":true}}
1185862192	none	{"result":{"address":1185862192,"states":["connect","run","respond"],"executing":true}}
1192907834	none	{"result":{"address":1192907834,"states":["connect","run","respond"],"executing":true}}
2126735583	none	{"result":{"address":2126735583,"states":["connect","run","respond"],"executing":true}}
469800416	none	{"result":{"address":469800416,"states":["connect","run","respond"],"executing":true}}
1569661737	none	{"result":{"address":1569661737,"states":["connect","run","respond"],"executing":true}}
1251202434	none	{"result":{"address":1251202434,"states":["connect","run","respond"],"executing":true}}
646609200	none	{"result":{"address":646609200,"states":["connect","run","respond"],"executing":true}}
1099520409	none	{"result":{"address":1099520409,"states":["connect","run","respond"],"executing":true}}
1146185326	none	{"result":{"address":1146185326,"states":["connect","run","respond"],"executing":true}}
1358379660	none	{"result":{"address":1358379660,"states":["connect","run","respond"],"executing":true}}
1478647895	none	{"result":{"address":1478647895,"states":["connect","run","respond"],"executing":true}}
472553712	none	{"result":{"address":472553712,"states":["connect","run","respond"],"executing":true}}
1210667314	none	{"result":{"address":1210667314,"states":["connect","run","respond"],"executing":true}}
110970384	none	{"result":{"address":110970384,"states":["connect","run","respond"],"executing":true}}
1755932773	none	{"result":{"address":1755932773,"states":["connect","run","respond"],"executing":true}}
2125554683	none	{"result":{"address":2125554683,"states":["connect","run","respond"],"executing":true}}
852271784	none	{"result":{"address":852271784,"states":["connect","run","respond"],"executing":true}}
388619089	none	{"result":{"address":388619089,"states":["connect","run","respond"],"executing":true}}
1134162429	none	{"result":{"address":1134162429,"states":["connect","run","respond"],"executing":true}}
1744168090	none	{"result":{"address":1744168090,"states":["connect","run","respond"],"executing":true}}
1210610809	none	{"result":{"address":1210610809,"states":["connect","run","respond"],"executing":true}}
1456833708	none	{"result":{"address":1456833708,"states":["connect","run","respond"],"executing":true}}
1441031366	none	{"result":{"address":1441031366,"states":["connect","run","respond"],"executing":true}}
438832276	none	{"result":{"address":438832276,"states":["connect","run","respond"],"executing":true}}
1024903447	none	{"result":{"address":1024903447,"states":["connect","run","respond"],"executing":true}}
1262314247	none	{"result":{"address":1262314247,"states":["connect","run","respond"],"executing":true}}
238051002	none	{"result":{"address":238051002,"states":["connect","run","respond"],"executing":true}}
989282434	none	{"result":{"address":989282434,"states":["connect","run","respond"],"executing":true}}
1308476480	none	{"result":{"address":1308476480,"states":["connect","run","respond"],"executing":true}}
2088728086	none	{"result":{"address":2088728086,"states":["connect","run","respond"],"executing":true}}
34958058	none	{"result":{"address":34958058,"states":["connect","run","respond"],"executing":true}}
420852823	none	{"result":{"address":420852823,"states":["connect","run","respond"],"executing":true}}
125895649	none	{"result":{"address":125895649,"states":["connect","run","respond"],"executing":true}}
486670605	none	{"result":{"address":486670605,"states":["connect","run","respond"],"executing":true}}
884732239	none	{"result":{"address":884732239,"states":["connect","run","respond"],"executing":true}}
1854834305	none	{"result":{"address":1854834305,"states":["connect","run","respond"],"executing":true}}
1529093961	none	{"result":{"address":1529093961,"states":["connect","run","respond"],"executing":true}}
32120306	none	{"result":{"address":32120306,"states":["connect","run","respond"],"executing":true}}
331219422	none	{"result":{"address":331219422,"states":["connect","run","respond"],"executing":true}}
1362846041	none	{"result":{"address":1362846041,"states":["connect","run","respond"],"executing":true}}
1407850151	none	{"result":{"address":1407850151,"states":["connect","run","respond"],"executing":true}}
923994509	none	{"result":{"address":923994509,"states":["connect","run","respond"],"executing":true}}
122766802	none	{"result":{"address":122766802,"states":["connect","run","respond"],"executing":true}}
625718395	none	{"result":{"address":625718395,"states":["connect","run","respond"],"executing":true}}
1710288132	none	{"result":{"address":1710288132,"states":["connect","run","respond"],"executing":true}}
1638584085	none	{"result":{"address":1638584085,"states":["connect","run","respond"],"executing":true}}
579515430	none	{"result":{"address":579515430,"states":["connect","run","respond"],"executing":true}}
117995493	none	{"result":{"address":117995493,"states":["connect","run","respond"],"executing":true}}
1474022027	none	{"result":{"address":1474022027,"states":["connect","run","respond"],"executing":true}}
1614300795	none	{"result":{"address":1614300795,"states":["connect","run","respond"],"executing":true}}
1815337876	none	{"result":{"address":1815337876,"states":["connect","run","respond"],"executing":true}}
2016333128	none	{"result":{"address":2016333128,"states":["connect","run","respond"],"executing":true}}
2122588878	none	{"result":{"address":2122588878,"states":["connect","run","respond"],"executing":true}}
434871843	none	{"result":{"address":434871843,"states":["connect","run","respond"],"executing":true}}
154655837	none	{"result":{"address":154655837,"states":["connect","run","respond"],"executing":true}}
944903158	none	{"result":{"address":944903158,"states":["connect","run","respond"],"executing":true}}
738205832	none	{"result":{"address":738205832,"states":["connect","run","respond"],"executing":true}}
326966636	none	{"result":{"address":326966636,"states":["connect","run","respond"],"executing":true}}
386122528	none	{"result":{"address":386122528,"states":["connect","run","respond"],"executing":true}}
828800133	none	{"result":{"address":828800133,"states":["connect","run","respond"],"executing":true}}
1217112210	none	{"result":{"address":1217112210,"states":["connect","run","respond"],"executing":true}}
980148502	none	{"result":{"address":980148502,"states":["connect","run","respond"],"executing":true}}
1776139420	none	{"result":{"address":1776139420,"states":["connect","run","respond"],"executing":true}}
1777161620	none	{"result":{"address":1777161620,"states":["connect","run","respond"],"executing":true}}
1516602096	none	{"result":{"address":1516602096,"states":["connect","run","respond"],"executing":true}}
1667455483	none	{"result":{"address":1667455483,"states":["connect","run","respond"],"executing":true}}
1001776111	none	{"result":{"address":1001776111,"states":["connect","run","respond"],"executing":true}}
669190564	none	{"result":{"address":669190564,"states":["connect","run","respond"],"executing":true}}
76355081	none	{"result":{"address":76355081,"states":["connect","run","respond"],"executing":true}}
253179285	none	{"result":{"address":253179285,"states":["connect","run","respond"],"executing":true}}
2134340845	none	{"result":{"address":2134340845,"states":["connect","run","respond"],"executing":true}}
1908930936	none	{"result":{"address":1908930936,"states":["connect","run","respond"],"executing":true}}
1364378947	none	{"result":{"address":1364378947,"states":["connect","run","respond"],"executing":true}}
1964393657	none	{"result":{"address":1964393657,"states":["connect","run","respond"],"executing":true}}
1989713050	none	{"result":{"address":1989713050,"states":["connect","run","respond"],"executing":true}}
1510641559	none	{"result":{"address":1510641559,"states":["connect","run","respond"],"executing":true}}
296154839	none	{"result":{"address":296154839,"states":["connect","run","respond"],"executing":true}}
469597439	none	{"result":{"address":469597439,"states":["connect","run","respond"],"executing":true}}
1949103822	none	{"result":{"address":1949103822,"states":["connect","run","respond"],"executing":true}}
1844594934	none	{"result":{"address":1844594934,"states":["connect","run","respond"],"executing":true}}
127064636	none	{"result":{"address":127064636,"states":["connect","run","respond"],"executing":true}}
286626819	none	{"result":{"address":286626819,"states":["connect","run","respond"],"executing":true}}
1327387237	none	{"result":{"address":1327387237,"states":["connect","run","respond"],"executing":true}}
27818455	none	{"result":{"address":27818455,"states":["connect","run","respond"],"executing":true}}
1028874616	none	{"result":{"address":1028874616,"states":["connect","run","respond"],"executing":true}}
696090864	none	{"result":{"address":696090864,"states":["connect","run","respond"],"executing":true}}
744998022	none	{"result":{"address":744998022,"states":["connect","run","respond"],"executing":true}}
18418243	none	{"result":{"address":18418243,"states":["connect","run","respond"],"executing":true}}
175286714	none	{"result":{"address":175286714,"states":["connect","run","respond"],"executing":true}}
891594522	none	{"result":{"address":891594522,"states":["connect","run","respond"],"executing":true}}
307652359	none	{"result":{"address":307652359,"states":["connect","run","respond"],"executing":true}}
1114754908	none	{"result":{"address":1114754908,"states":["connect","run","respond"],"executing":true}}
343063882	none	{"result":{"address":343063882,"states":["connect","run","respond"],"executing":true}}
1811912013	none	{"result":{"address":1811912013,"states":["connect","run","respond"],"executing":true}}
50299021	none	{"result":{"address":50299021,"states":["connect","run","respond"],"executing":true}}
507948589	none	{"result":{"address":507948589,"states":["connect","run","respond"],"executing":true}}
1565662182	none	{"result":{"address":1565662182,"states":["connect","run","respond"],"executing":true}}
1901338648	none	{"result":{"address":1901338648,"states":["connect","run","respond"],"executing":true}}
337524754	none	{"result":{"address":337524754,"states":["connect","run","respond"],"executing":true}}
448674279	none	{"result":{"address":448674279,"states":["connect","run","respond"],"executing":true}}
1006358584	none	{"result":{"address":1006358584,"states":["connect","run","respond"],"executing":true}}
1365258048	none	{"result":{"address":1365258048,"states":["connect","run","respond"],"executing":true}}
1975175123	none	{"result":{"address":1975175123,"states":["connect","run","respond"],"executing":true}}
1171720773	none	{"result":{"address":1171720773,"states":["connect","run","respond"],"executing":true}}
1715605681	none	{"result":{"address":1715605681,"states":["connect","run","respond"],"executing":true}}
1458602398	none	{"result":{"address":1458602398,"states":["connect","run","respond"],"executing":true}}
1132739564	none	{"result":{"address":1132739564,"states":["connect","run","respond"],"executing":true}}
1068587681	none	{"result":{"address":1068587681,"states":["connect","run","respond"],"executing":true}}
512176188	none	{"result":{"address":512176188,"states":["connect","run","respond"],"executing":true}}
1472763073	none	{"result":{"address":1472763073,"states":["connect","run","respond"],"executing":true}}
1365829805	none	{"result":{"address":1365829805,"states":["connect","run","respond"],"executing":true}}
1800801432	none	{"result":{"address":1800801432,"states":["connect","run","respond"],"executing":true}}
1685469316	none	{"result":{"address":1685469316,"states":["connect","run","respond"],"executing":true}}
199210709	none	{"result":{"address":199210709,"states":["connect","run","respond"],"executing":true}}
1119349442	none	{"result":{"address":1119349442,"states":["connect","run","respond"],"executing":true}}
612892086	none	{"result":{"address":612892086,"states":["connect","run","respond"],"executing":true}}
1743070561	none	{"result":{"address":1743070561,"states":["connect","run","respond"],"executing":true}}
884554403	none	{"result":{"address":884554403,"states":["connect","run","respond"],"executing":true}}
208788895	none	{"result":{"address":208788895,"states":["connect","run","respond"],"executing":true}}
523805452	none	{"result":{"address":523805452,"states":["connect","run","respond"],"executing":true}}
326014957	none	{"result":{"address":326014957,"states":["connect","run","respond"],"executing":true}}
877375932	none	{"result":{"address":877375932,"states":["connect","run","respond"],"executing":true}}
1367955023	none	{"result":{"address":1367955023,"states":["connect","run","respond"],"executing":true}}
680859490	none	{"result":{"address":680859490,"states":["connect","run","respond"],"executing":true}}
910339261	none	{"result":{"address":910339261,"states":["connect","run","respond"],"executing":true}}
1704098201	none	{"result":{"address":1704098201,"states":["connect","run","respond"],"executing":true}}
1394413664	none	{"result":{"address":1394413664,"states":["connect","run","respond"],"executing":true}}
1380793764	none	{"result":{"address":1380793764,"states":["connect","run","respond"],"executing":true}}
198205769	none	{"result":{"address":198205769,"states":["connect","run","respond"],"executing":true}}
812911417	none	{"result":{"address":812911417,"states":["connect","run","respond"],"executing":true}}
1434178105	none	{"result":{"address":1434178105,"states":["connect","run","respond"],"executing":true}}
632493115	none	{"result":{"address":632493115,"states":["connect","run","respond"],"executing":true}}
1424868624	none	{"result":{"address":1424868624,"states":["connect","run","respond"],"executing":true}}
1488711757	none	{"result":{"address":1488711757,"states":["connect","run","respond"],"executing":true}}
717997771	none	{"result":{"address":717997771,"states":["connect","run","respond"],"executing":true}}
439579489	none	{"result":{"address":439579489,"states":["connect","run","respond"],"executing":true}}
1026479370	none	{"result":{"address":1026479370,"states":["connect","run","respond"],"executing":true}}
1661176721	none	{"result":{"address":1661176721,"states":["connect","run","respond"],"executing":true}}
2022029158	none	{"result":{"address":2022029158,"states":["connect","run","respond"],"executing":true}}
1627881473	none	{"result":{"address":1627881473,"states":["connect","run","respond"],"executing":true}}
1574601393	none	{"result":{"address":1574601393,"states":["connect","run","respond"],"executing":true}}
1726581826	none	{"result":{"address":1726581826,"states":["connect","run","respond"],"executing":true}}
387461505	none	{"result":{"address":387461505,"states":["connect","run","respond"],"executing":true}}
1467843081	none	{"result":{"address":1467843081,"states":["connect","run","respond"],"executing":true}}
884746313	none	{"result":{"address":884746313,"states":["connect","run","respond"],"executing":true}}
920880696	none	{"result":{"address":920880696,"states":["connect","run","respond"],"executing":true}}
168223953	none	{"result":{"address":168223953,"states":["connect","run","respond"],"executing":true}}
1165374421	none	{"result":{"address":1165374421,"states":["connect","run","respond"],"executing":true}}
1747463222	none	{"result":{"address":1747463222,"states":["connect","run","respond"],"executing":true}}
2022377031	none	{"result":{"address":2022377031,"states":["connect","run","respond"],"executing":true}}
1428988384	none	{"result":{"address":1428988384,"states":["connect","run","respond"],"executing":true}}
1935732930	none	{"result":{"address":1935732930,"states":["connect","run","respond"],"executing":true}}
2132904576	none	{"result":{"address":2132904576,"states":["connect","run","respond"],"executing":true}}
778751524	none	{"result":{"address":778751524,"states":["connect","run","respond"],"executing":true}}
1148152457	none	{"result":{"address":1148152457,"states":["connect","run","respond"],"executing":true}}
1099756550	none	{"result":{"address":1099756550,"states":["connect","run","respond"],"executing":true}}
694331891	none	{"result":{"address":694331891,"states":["connect","run","respond"],"executing":true}}
1665730864	none	{"result":{"address":1665730864,"states":["connect","run","respond"],"executing":true}}
1542219515	none	{"result":{"address":1542219515,"states":["connect","run","respond"],"executing":true}}
2074631613	none	{"result":{"address":2074631613,"states":["connect","run","respond"],"executing":true}}
1326104751	none	{"result":{"address":1326104751,"states":["connect","run","respond"],"executing":true}}
1795203166	none	{"result":{"address":1795203166,"states":["connect","run","respond"],"executing":true}}
2139225621	none	{"result":{"address":2139225621,"states":["connect","run","respond"],"executing":true}}
2007100631	none	{"result":{"address":2007100631,"states":["connect","run","respond"],"executing":true}}
464111428	none	{"result":{"address":464111428,"states":["connect","run","respond"],"executing":true}}
1372605887	none	{"result":{"address":1372605887,"states":["connect","run","respond"],"executing":true}}
1982674603	none	{"result":{"address":1982674603,"states":["connect","run","respond"],"executing":true}}
1730473426	none	{"result":{"address":1730473426,"states":["connect","run","respond"],"executing":true}}
506624875	none	{"result":{"address":506624875,"states":["connect","run","respond"],"executing":true}}
743758493	none	{"result":{"address":743758493,"states":["connect","run","respond"],"executing":true}}
1052055667	none	{"result":{"address":1052055667,"states":["connect","run","respond"],"executing":true}}
1592210097	none	{"result":{"address":1592210097,"states":["connect","run","respond"],"executing":true}}
462092111	none	{"result":{"address":462092111,"states":["connect","run","respond"],"executing":true}}
1490794160	none	{"result":{"address":1490794160,"states":["connect","run","respond"],"executing":true}}
1075707840	none	{"result":{"address":1075707840,"states":["connect","run","respond"],"executing":true}}
965646278	none	{"result":{"address":965646278,"states":["connect","run","respond"],"executing":true}}
1081564910	none	{"result":{"address":1081564910,"states":["connect","run","respond"],"executing":true}}
1318367813	none	{"result":{"address":1318367813,"states":["connect","run","respond"],"executing":true}}
131441659	none	{"result":{"address":131441659,"states":["connect","run","respond"],"executing":true}}
260854155	none	{"result":{"address":260854155,"states":["connect","run","respond"],"executing":true}}
594151161	none	{"result":{"address":594151161,"states":["connect","run","respond"],"executing":true}}
1895474059	none	{"result":{"address":1895474059,"states":["connect","run","respond"],"executing":true}}
1793182786	none	{"result":{"address":1793182786,"states":["connect","run","respond"],"executing":true}}
218199364	none	{"result":{"address":218199364,"states":["connect","run","respond"],"executing":true}}
1593076224	none	{"result":{"address":1593076224,"states":["connect","run","respond"],"executing":true}}
557000135	none	{"result":{"address":557000135,"states":["connect","run","respond"],"executing":true}}
987273245	none	{"result":{"address":987273245,"states":["connect","run","respond"],"executing":true}}
694416666	none	{"result":{"address":694416666,"states":["connect","run","respond"],"executing":true}}
1473832329	none	{"result":{"address":1473832329,"states":["connect","run","respond"],"executing":true}}
1735020103	none	{"result":{"address":1735020103,"states":["connect","run","respond"],"executing":true}}
1160293085	none	{"result":{"address":1160293085,"states":["connect","run","respond"],"executing":true}}
720133455	none	{"result":{"address":720133455,"states":["connect","run","respond"],"executing":true}}
2024456044	none	{"result":{"address":2024456044,"states":["connect","run","respond"],"executing":true}}
1781203575	none	{"result":{"address":1781203575,"states":["connect","run","respond"],"executing":true}}
637531130	none	{"result":{"address":637531130,"states":["connect","run","respond"],"executing":true}}
994727805	none	{"result":{"address":994727805,"states":["connect","run","respond"],"executing":true}}
313761071	none	{"result":{"address":313761071,"states":["connect","run","respond"],"executing":true}}
1180738093	none	{"result":{"address":1180738093,"states":["connect","run","respond"],"executing":true}}
385256709	none	{"result":{"address":385256709,"states":["connect","run","respond"],"executing":true}}
358200399	none	{"result":{"address":358200399,"states":["connect","run","respond"],"executing":true}}
1451726579	none	{"result":{"address":1451726579,"states":["connect","run","respond"],"executing":true}}
485127046	none	{"result":{"address":485127046,"states":["connect","run","respond"],"executing":true}}
695527306	none	{"result":{"address":695527306,"states":["connect","run","respond"],"executing":true}}
2078882029	none	{"result":{"address":2078882029,"states":["connect","run","respond"],"executing":true}}
1524051532	none	{"result":{"address":1524051532,"states":["connect","run","respond"],"executing":true}}
1875439582	none	{"result":{"address":1875439582,"states":["connect","run","respond"],"executing":true}}
667718288	none	{"result":{"address":667718288,"states":["connect","run","respond"],"executing":true}}
376233339	none	{"result":{"address":376233339,"states":["connect","run","respond"],"executing":true}}
1935911638	none	{"result":{"address":1935911638,"states":["connect","run","respond"],"executing":true}}
1546274412	none	{"result":{"address":1546274412,"states":["connect","run","respond"],"executing":true}}
1989859018	none	{"result":{"address":1989859018,"states":["connect","run","respond"],"executing":true}}
2121630738	none	{"result":{"address":2121630738,"states":["connect","run","respond"],"executing":true}}
1939984849	none	{"result":{"address":1939984849,"states":["connect","run","respond"],"executing":true}}
1237457371	none	{"result":{"address":1237457371,"states":["connect","run","respond"],"executing":true}}
1409936157	none	{"result":{"address":1409936157,"states":["connect","run","respond"],"executing":true}}
1161273445	none	{"result":{"address":1161273445,"states":["connect","run","respond"],"executing":true}}
239611085	none	{"result":{"address":239611085,"states":["connect","run","respond"],"executing":true}}
630096875	none	{"result":{"address":630096875,"states":["connect","run","respond"],"executing":true}}
1622168425	none	{"result":{"address":1622168425,"states":["connect","run","respond"],"executing":true}}
817380753	none	{"result":{"address":817380753,"states":["connect","run","respond"],"executing":true}}
1777683502	none	{"result":{"address":1777683502,"states":["connect","run","respond"],"executing":true}}
2108583700	none	{"result":{"address":2108583700,"states":["connect","run","respond"],"executing":true}}
1783416154	none	{"result":{"address":1783416154,"states":["connect","run","respond"],"executing":true}}
9506145	none	{"result":{"address":9506145,"states":["connect","run","respond"],"executing":true}}
703438032	none	{"result":{"address":703438032,"states":["connect","run","respond"],"executing":true}}
1170448405	none	{"result":{"address":1170448405,"states":["connect","run","respond"],"executing":true}}
1847495566	none	{"result":{"address":1847495566,"states":["connect","run","respond"],"executing":true}}
1841541485	none	{"result":{"address":1841541485,"states":["connect","run","respond"],"executing":true}}
2138134054	none	{"result":{"address":2138134054,"states":["connect","run","respond"],"executing":true}}
1115760960	none	{"result":{"address":1115760960,"states":["connect","run","respond"],"executing":true}}
1670290548	none	{"result":{"address":1670290548,"states":["connect","run","respond"],"executing":true}}
1334835297	none	{"result":{"address":1334835297,"states":["connect","run","respond"],"executing":true}}
1905450297	none	{"result":{"address":1905450297,"states":["connect","run","respond"],"executing":true}}
233669317	none	{"result":{"address":233669317,"states":["connect","run","respond"],"executing":true}}
1717512289	none	{"result":{"address":1717512289,"states":["connect","run","respond"],"executing":true}}
1918539274	none	{"result":{"address":1918539274,"states":["connect","run","respond"],"executing":true}}
519701994	none	{"result":{"address":519701994,"states":["connect","run","respond"],"executing":true}}
1865214645	none	{"result":{"address":1865214645,"states":["connect","run","respond"],"executing":true}}
954195918	none	{"result":{"address":954195918,"states":["connect","run","respond"],"executing":true}}
1711417748	none	{"result":{"address":1711417748,"states":["connect","run","respond"],"executing":true}}
1696038580	none	{"result":{"address":1696038580,"states":["connect","run","respond"],"executing":true}}
1372194354	none	{"result":{"address":1372194354,"states":["connect","run","respond"],"executing":true}}
968099519	none	{"result":{"address":968099519,"states":["connect","run","respond"],"executing":true}}
310084379	none	{"result":{"address":310084379,"states":["connect","run","respond"],"executing":true}}
28861476	none	{"result":{"address":28861476,"states":["connect","run","respond"],"executing":true}}
1917335838	none	{"result":{"address":1917335838,"states":["connect","run","respond"],"executing":true}}
612894855	none	{"result":{"address":612894855,"states":["connect","run","respond"],"executing":true}}
907271101	none	{"result":{"address":907271101,"states":["connect","run","respond"],"executing":true}}
1865194717	none	{"result":{"address":1865194717,"states":["connect","run","respond"],"executing":true}}
1042981713	none	{"result":{"address":1042981713,"states":["connect","run","respond"],"executing":true}}
472445939	none	{"result":{"address":472445939,"states":["connect","run","respond"],"executing":true}}
2052740147	none	{"result":{"address":2052740147,"states":["connect","run","respond"],"executing":true}}
265347892	none	{"result":{"address":265347892,"states":["connect","run","respond"],"executing":true}}
1649994708	none	{"result":{"address":1649994708,"states":["connect","run","respond"],"executing":true}}
357999594	none	{"result":{"address":357999594,"states":["connect","run","respond"],"executing":true}}
433649562	none	{"result":{"address":433649562,"states":["connect","run","respond"],"executing":true}}
1118348666	none	{"result":{"address":1118348666,"states":["connect","run","respond"],"executing":true}}
2127715146	none	{"result":{"address":2127715146,"states":["connect","run","respond"],"executing":true}}
2094444243	none	{"result":{"address":2094444243,"states":["connect","run","respond"],"executing":true}}
346044751	none	{"result":{"address":346044751,"states":["connect","run","respond"],"executing":true}}
1092503819	none	{"result":{"address":1092503819,"states":["connect","run","respond"],"executing":true}}
1126424856	none	{"result":{"address":1126424856,"states":["connect","run","respond"],"executing":true}}
145372524	none	{"result":{"address":145372524,"states":["connect","run","respond"],"executing":true}}
1568332159	none	{"result":{"address":1568332159,"states":["connect","run","respond"],"executing":true}}
74250941	none	{"result":{"address":74250941,"states":["connect","run","respond"],"executing":true}}
644583398	none	{"result":{"address":644583398,"states":["connect","run","respond"],"executing":true}}
455363671	none	{"result":{"address":455363671,"states":["connect","run","respond"],"executing":true}}
1587662160	none	{"result":{"address":1587662160,"states":["connect","run","respond"],"executing":true}}
1266574154	none	{"result":{"address":1266574154,"states":["connect","run","respond"],"executing":true}}
1794904848	none	{"result":{"address":1794904848,"states":["connect","run","respond"],"executing":true}}
1289675079	none	{"result":{"address":1289675079,"states":["connect","run","respond"],"executing":true}}
152612242	none	{"result":{"address":152612242,"states":["connect","run","respond"],"executing":true}}
1053877154	none	{"result":{"address":1053877154,"states":["connect","run","respond"],"executing":true}}
305362903	none	{"result":{"address":305362903,"states":["connect","run","respond"],"executing":true}}
959542700	none	{"result":{"address":959542700,"states":["connect","run","respond"],"executing":true}}
1770198476	none	{"result":{"address":1770198476,"states":["connect","run","respond"],"executing":true}}
642621885	none	{"result":{"address":642621885,"states":["connect","run","respond"],"executing":true}}
1305077724	none	{"result":{"address":1305077724,"states":["connect","run","respond"],"executing":true}}
1458554486	none	{"result":{"address":1458554486,"states":["connect","run","respond"],"executing":true}}
1883596944	none	{"result":{"address":1883596944,"states":["connect","run","respond"],"executing":true}}
1987383026	none	{"result":{"address":1987383026,"states":["connect","run","respond"],"executing":true}}
1368607318	none	{"result":{"address":1368607318,"states":["connect","run","respond"],"executing":true}}
219070564	none	{"result":{"address":219070564,"states":["connect","run","respond"],"executing":true}}
1798610339	none	{"result":{"address":1798610339,"states":["connect","run","respond"],"executing":true}}
1881729747	none	{"result":{"address":1881729747,"states":["connect","run","respond"],"executing":true}}
226381849	none	{"result":{"address":226381849,"states":["connect","run","respond"],"executing":true}}
1378046571	none	{"result":{"address":1378046571,"states":["connect","run","respond"],"executing":true}}
1865188422	none	{"result":{"address":1865188422,"states":["connect","run","respond"],"executing":true}}
1595989859	none	{"result":{"address":1595989859,"states":["connect","run","respond"],"executing":true}}
2019191552	none	{"result":{"address":2019191552,"states":["connect","run","respond"],"executing":true}}
1828535565	none	{"result":{"address":1828535565,"states":["connect","run","respond"],"executing":true}}
943019585	none	{"result":{"address":943019585,"states":["connect","run","respond"],"executing":true}}
2112398663	none	{"result":{"address":2112398663,"states":["connect","run","respond"],"executing":true}}
103438675	none	{"result":{"address":103438675,"states":["connect","run","respond"],"executing":true}}
604685120	none	{"result":{"address":604685120,"states":["connect","run","respond"],"executing":true}}
2000308963	none	{"result":{"address":2000308963,"states":["connect","run","respond"],"executing":true}}
306098229	none	{"result":{"address":306098229,"states":["connect","run","respond"],"executing":true}}
1093754608	none	{"result":{"address":1093754608,"states":["connect","run","respond"],"executing":true}}
524949027	none	{"result":{"address":524949027,"states":["connect","run","respond"],"executing":true}}
820432536	none	{"result":{"address":820432536,"states":["connect","run","respond"],"executing":true}}
2061934987	none	{"result":{"address":2061934987,"states":["connect","run","respond"],"executing":true}}
1741791156	none	{"result":{"address":1741791156,"states":["connect","run","respond"],"executing":true}}
1565270916	none	{"result":{"address":1565270916,"states":["connect","run","respond"],"executing":true}}
1098753264	none	{"result":{"address":1098753264,"states":["connect","run","respond"],"executing":true}}
222734458	none	{"result":{"address":222734458,"states":["connect","run","respond"],"executing":true}}
1829665863	none	{"result":{"address":1829665863,"states":["connect","run","respond"],"executing":true}}
797336092	none	{"result":{"address":797336092,"states":["connect","run","respond"],"executing":true}}
718173499	none	{"result":{"address":718173499,"states":["connect","run","respond"],"executing":true}}
473963438	none	{"result":{"address":473963438,"states":["connect","run","respond"],"executing":true}}
1864216034	none	{"result":{"address":1864216034,"states":["connect","run","respond"],"executing":true}}
558095078	none	{"result":{"address":558095078,"states":["connect","run","respond"],"executing":true}}
715373179	none	{"result":{"address":715373179,"states":["connect","run","respond"],"executing":true}}
1743675426	none	{"result":{"address":1743675426,"states":["connect","run","respond"],"executing":true}}
175571699	none	{"result":{"address":175571699,"states":["connect","run","respond"],"executing":true}}
643578486	none	{"result":{"address":643578486,"states":["connect","run","respond"],"executing":true}}
1675225999	none	{"result":{"address":1675225999,"states":["connect","run","respond"],"executing":true}}
1630974808	none	{"result":{"address":1630974808,"states":["connect","run","respond"],"executing":true}}
217901494	none	{"result":{"address":217901494,"states":["connect","run","respond"],"executing":true}}
824587025	none	{"result":{"address":824587025,"states":["connect","run","respond"],"executing":true}}
1943722810	none	{"result":{"address":1943722810,"states":["connect","run","respond"],"executing":true}}
1372485420	none	{"result":{"address":1372485420,"states":["connect","run","respond"],"executing":true}}
518959229	none	{"result":{"address":518959229,"states":["connect","run","respond"],"executing":true}}
373709208	none	{"result":{"address":373709208,"states":["connect","run","respond"],"executing":true}}
1249624721	none	{"result":{"address":1249624721,"states":["connect","run","respond"],"executing":true}}
217416072	none	{"result":{"address":217416072,"states":["connect","run","respond"],"executing":true}}
567052276	none	{"result":{"address":567052276,"states":["connect","run","respond"],"executing":true}}
1535239053	none	{"result":{"address":1535239053,"states":["connect","run","respond"],"executing":true}}
1416218536	none	{"result":{"address":1416218536,"states":["connect","run","respond"],"executing":true}}
846190071	none	{"result":{"address":846190071,"states":["connect","run","respond"],"executing":true}}
2058386790	none	{"result":{"address":2058386790,"states":["connect","run","respond"],"executing":true}}
1163807831	none	{"result":{"address":1163807831,"states":["connect","run","respond"],"executing":true}}
2112433731	none	{"result":{"address":2112433731,"states":["connect","run","respond"],"executing":true}}
453940786	none	{"result":{"address":453940786,"states":["connect","run","respond"],"executing":true}}
1935018235	none	{"result":{"address":1935018235,"states":["connect","run","respond"],"executing":true}}
1063945414	none	{"result":{"address":1063945414,"states":["connect","run","respond"],"executing":true}}
1271952705	none	{"result":{"address":1271952705,"states":["connect","run","respond"],"executing":true}}
1228772306	none	{"result":{"address":1228772306,"states":["connect","run","respond"],"executing":true}}
768357198	none	{"result":{"address":768357198,"states":["connect","run","respond"],"executing":true}}
2004733561	none	{"result":{"address":2004733561,"states":["connect","run","respond"],"executing":true}}
93039339	none	{"result":{"address":93039339,"states":["connect","run","respond"],"executing":true}}
1713939803	none	{"result":{"address":1713939803,"states":["connect","run","respond"],"executing":true}}
1263259252	none	{"result":{"address":1263259252,"states":["connect","run","respond"],"executing":true}}
1000569637	none	{"result":{"address":1000569637,"states":["connect","run","respond"],"executing":true}}
1976925113	none	{"result":{"address":1976925113,"states":["connect","run","respond"],"executing":true}}
552674594	none	{"result":{"address":552674594,"states":["connect","run","respond"],"executing":true}}
354899534	none	{"result":{"address":354899534,"states":["connect","run","respond"],"executing":true}}
621210726	none	{"result":{"address":621210726,"states":["connect","run","respond"],"executing":true}}
1514257198	none	{"result":{"address":1514257198,"states":["connect","run","respond"],"executing":true}}
198020377	none	{"result":{"address":198020377,"states":["connect","run","respond"],"executing":true}}
1973597308	none	{"result":{"address":1973597308,"states":["connect","run","respond"],"executing":true}}
2022902993	none	{"result":{"address":2022902993,"states":["connect","run","respond"],"executing":true}}
1577738401	none	{"result":{"address":1577738401,"states":["connect","run","respond"],"executing":true}}
1682203852	none	{"result":{"address":1682203852,"states":["connect","run","respond"],"executing":true}}
268023190	none	{"result":{"address":268023190,"states":["connect","run","respond"],"executing":true}}
568833836	none	{"result":{"address":568833836,"states":["connect","run","respond"],"executing":true}}
254435480	none	{"result":{"address":254435480,"states":["connect","run","respond"],"executing":true}}
1775316538	none	{"result":{"address":1775316538,"states":["connect","run","respond"],"executing":true}}
1288078959	none	{"result":{"address":1288078959,"states":["connect","run","respond"],"executing":true}}
1157048677	none	{"result":{"address":1157048677,"states":["connect","run","respond"],"executing":true}}
1862893022	none	{"result":{"address":1862893022,"states":["connect","run","respond"],"executing":true}}
167668297	none	{"result":{"address":167668297,"states":["connect","run","respond"],"executing":true}}
613823672	none	{"result":{"address":613823672,"states":["connect","run","respond"],"executing":true}}
311728701	none	{"result":{"address":311728701,"states":["connect","run","respond"],"executing":true}}
505711453	none	{"result":{"address":505711453,"states":["connect","run","respond"],"executing":true}}
272039154	none	{"result":{"address":272039154,"states":["connect","run","respond"],"executing":true}}
1922144270	none	{"result":{"address":1922144270,"states":["connect","run","respond"],"executing":true}}
1779026166	none	{"result":{"address":1779026166,"states":["connect","run","respond"],"executing":true}}
161371605	none	{"result":{"address":161371605,"states":["connect","run","respond"],"executing":true}}
562470329	none	{"result":{"address":562470329,"states":["connect","run","respond"],"executing":true}}
1642838187	none	{"result":{"address":1642838187,"states":["connect","run","respond"],"executing":true}}
1220363999	none	{"result":{"address":1220363999,"states":["connect","run","respond"],"executing":true}}
1672042166	none	{"result":{"address":1672042166,"states":["connect","run","respond"],"executing":true}}
1623379529	none	{"result":{"address":1623379529,"states":["connect","run","respond"],"executing":true}}
325900726	none	{"result":{"address":325900726,"states":["connect","run","respond"],"executing":true}}
184262862	none	{"result":{"address":184262862,"states":["connect","run","respond"],"executing":true}}
1325667342	none	{"result":{"address":1325667342,"states":["connect","run","respond"],"executing":true}}
631357990	none	{"result":{"address":631357990,"states":["connect","run","respond"],"executing":true}}
22189836	none	{"result":{"address":22189836,"states":["connect","run","respond"],"executing":true}}
867444486	none	{"result":{"address":867444486,"states":["connect","run","respond"],"executing":true}}
1254955058	none	{"result":{"address":1254955058,"states":["connect","run","respond"],"executing":true}}
621596932	none	{"result":{"address":621596932,"states":["connect","run","respond"],"executing":true}}
664475805	none	{"result":{"address":664475805,"states":["connect","run","respond"],"executing":true}}
1768210515	none	{"result":{"address":1768210515,"states":["connect","run","respond"],"executing":true}}
662810547	none	{"result":{"address":662810547,"states":["connect","run","respond"],"executing":true}}
1509478777	none	{"result":{"address":1509478777,"states":["connect","run","respond"],"executing":true}}
263087878	none	{"result":{"address":263087878,"states":["connect","run","respond"],"executing":true}}
1316757421	none	{"result":{"address":1316757421,"states":["connect","run","respond"],"executing":true}}
90294902	none	{"result":{"address":90294902,"states":["connect","run","respond"],"executing":true}}
1051583811	none	{"result":{"address":1051583811,"states":["connect","run","respond"],"executing":true}}
1580421121	none	{"result":{"address":1580421121,"states":["connect","run","respond"],"executing":true}}
1865996790	none	{"result":{"address":1865996790,"states":["connect","run","respond"],"executing":true}}
1640074381	none	{"result":{"address":1640074381,"states":["connect","run","respond"],"executing":true}}
2020371331	none	{"result":{"address":2020371331,"states":["connect","run","respond"],"executing":true}}
1764858656	none	{"result":{"address":1764858656,"states":["connect","run","respond"],"executing":true}}
999912862	none	{"result":{"address":999912862,"states":["connect","run","respond"],"executing":true}}
91495871	none	{"result":{"address":91495871,"states":["connect","run","respond"],"executing":true}}
429656594	none	{"result":{"address":429656594,"states":["connect","run","respond"],"executing":true}}
1883620284	none	{"result":{"address":1883620284,"states":["connect","run","respond"],"executing":true}}
1616227188	none	{"result":{"address":1616227188,"states":["connect","run","respond"],"executing":true}}
87514426	none	{"result":{"address":87514426,"states":["connect","run","respond"],"executing":true}}
742194614	none	{"result":{"address":742194614,"states":["connect","run","respond"],"executing":true}}
1835230151	none	{"result":{"address":1835230151,"states":["connect","run","respond"],"executing":true}}
2008006704	none	{"result":{"address":2008006704,"states":["connect","run","respond"],"executing":true}}
1352442658	none	{"result":{"address":1352442658,"states":["connect","run","respond"],"executing":true}}
290755352	none	{"result":{"address":290755352,"states":["connect","run","respond"],"executing":true}}
1487192655	none	{"result":{"address":1487192655,"states":["connect","run","respond"],"executing":true}}
384040550	none	{"result":{"address":384040550,"states":["connect","run","respond"],"executing":true}}
1164986213	none	{"result":{"address":1164986213,"states":["connect","run","respond"],"executing":true}}
1377476245	none	{"result":{"address":1377476245,"states":["connect","run","respond"],"executing":true}}
2014745978	none	{"result":{"address":2014745978,"states":["connect","run","respond"],"executing":true}}
1459849597	none	{"result":{"address":1459849597,"states":["connect","run","respond"],"executing":true}}
354606567	none	{"result":{"address":354606567,"states":["connect","run","respond"],"executing":true}}
340792988	none	{"result":{"address":340792988,"states":["connect","run","respond"],"executing":true}}
1797155100	none	{"result":{"address":1797155100,"states":["connect","run","respond"],"executing":true}}
865482302	none	{"result":{"address":865482302,"states":["connect","run","respond"],"executing":true}}
807398637	none	{"result":{"address":807398637,"states":["connect","run","respond"],"executing":true}}
821442354	none	{"result":{"address":821442354,"states":["connect","run","respond"],"executing":true}}
942573184	none	{"result":{"address":942573184,"states":["connect","run","respond"],"executing":true}}
848507923	none	{"result":{"address":848507923,"states":["connect","run","respond"],"executing":true}}
1679682452	none	{"result":{"address":1679682452,"states":["connect","run","respond"],"executing":true}}
1677043320	none	{"result":{"address":1677043320,"states":["connect","run","respond"],"executing":true}}
1819677873	none	{"result":{"address":1819677873,"states":["connect","run","respond"],"executing":true}}
1703467419	none	{"result":{"address":1703467419,"states":["connect","run","respond"],"executing":true}}
111887561	none	{"result":{"address":111887561,"states":["connect","run","respond"],"executing":true}}
267513059	none	{"result":{"address":267513059,"states":["connect","run","respond"],"executing":true}}
340566721	none	{"result":{"address":340566721,"states":["connect","run","respond"],"executing":true}}
1086675256	none	{"result":{"address":1086675256,"states":["connect","run","respond"],"executing":true}}
1516781264	none	{"result":{"address":1516781264,"states":["connect","run","respond"],"executing":true}}
1662912110	none	{"result":{"address":1662912110,"states":["connect","run","respond"],"executing":true}}
1115143177	none	{"result":{"address":1115143177,"states":["connect","run","respond"],"executing":true}}
1990844956	none	{"result":{"address":1990844956,"states":["connect","run","respond"],"executing":true}}
905509568	none	{"result":{"address":905509568,"states":["connect","run","respond"],"executing":true}}
1255207656	none	{"result":{"address":1255207656,"states":["connect","run","respond"],"executing":true}}
122860580	none	{"result":{"address":122860580,"states":["connect","run","respond"],"executing":true}}
1783861158	none	{"result":{"address":1783861158,"states":["connect","run","respond"],"executing":true}}
1119945900	none	{"result":{"address":1119945900,"states":["connect","run","respond"],"executing":true}}
1174394312	none	{"result":{"address":1174394312,"states":["connect","run","respond"],"executing":true}}
302370193	none	{"result":{"address":302370193,"states":["connect","run","respond"],"executing":true}}
324750820	none	{"result":{"address":324750820,"states":["connect","run","respond"],"executing":true}}
1977932247	none	{"result":{"address":1977932247,"states":["connect","run","respond"],"executing":true}}
1035666186	none	{"result":{"address":1035666186,"states":["connect","run","respond"],"executing":true}}
629895569	none	{"result":{"address":629895569,"states":["connect","run","respond"],"executing":true}}
2017750350	none	{"result":{"address":2017750350,"states":["connect","run","respond"],"executing":true}}
535029388	none	{"result":{"address":535029388,"states":["connect","run","respond"],"executing":true}}
738686772	none	{"result":{"address":738686772,"states":["connect","run","respond"],"executing":true}}
285559373	none	{"result":{"address":285559373,"states":["connect","run","respond"],"executing":true}}
1103827651	none	{"result":{"address":1103827651,"states":["connect","run","respond"],"executing":true}}
1807835521	none	{"result":{"address":1807835521,"states":["connect","run","respond"],"executing":true}}
965678829	none	{"result":{"address":965678829,"states":["connect","run","respond"],"executing":true}}
1117411101	none	{"result":{"address":1117411101,"states":["connect","run","respond"],"executing":true}}
119227852	none	{"result":{"address":119227852,"states":["connect","run","respond"],"executing":true}}
789251021	none	{"result":{"address":789251021,"states":["connect","run","respond"],"executing":true}}
1476492130	none	{"result":{"address":1476492130,"states":["connect","run","respond"],"executing":true}}
2138509140	none	{"result":{"address":2138509140,"states":["connect","run","respond"],"executing":true}}
671372500	none	{"result":{"address":671372500,"states":["connect","run","respond"],"executing":true}}
1893957859	none	{"result":{"address":1893957859,"states":["connect","run","respond"],"executing":true}}
1712965545	none	{"result":{"address":1712965545,"states":["connect","run","respond"],"executing":true}}
594453927	none	{"result":{"address":594453927,"states":["connect","run","respond"],"executing":true}}
837002353	none	{"result":{"address":837002353,"states":["connect","run","respond"],"executing":true}}
1045522204	none	{"result":{"address":1045522204,"states":["connect","run","respond"],"executing":true}}
1119776177	none	{"result":{"address":1119776177,"states":["connect","run","respond"],"executing":true}}
849410313	none	{"result":{"address":849410313,"states":["connect","run","respond"],"executing":true}}
1376945067	none	{"result":{"address":1376945067,"states":["connect","run","respond"],"executing":true}}
1673950932	none	{"result":{"address":1673950932,"states":["connect","run","respond"],"executing":true}}
501972510	none	{"result":{"address":501972510,"states":["connect","run","respond"],"executing":true}}
189394270	none	{"result":{"address":189394270,"states":["connect","run","respond"],"executing":true}}
1506193070	none	{"result":{"address":1506193070,"states":["connect","run","respond"],"executing":true}}
1294393422	none	{"result":{"address":1294393422,"states":["connect","run","respond"],"executing":true}}
521044991	none	{"result":{"address":521044991,"states":["connect","run","respond"],"executing":true}}
1788975873	none	{"result":{"address":1788975873,"states":["connect","run","respond"],"executing":true}}
485634630	none	{"result":{"address":485634630,"states":["connect","run","respond"],"executing":true}}
874784178	none	{"result":{"address":874784178,"states":["connect","run","respond"],"executing":true}}
157879793	none	{"result":{"address":157879793,"states":["connect","run","respond"],"executing":true}}
1439158810	none	{"result":{"address":1439158810,"states":["connect","run","respond"],"executing":true}}
1498185025	none	{"result":{"address":1498185025,"states":["connect","run","respond"],"executing":true}}
1289281615	none	{"result":{"address":1289281615,"states":["connect","run","respond"],"executing":true}}
1520661972	none	{"result":{"address":1520661972,"states":["connect","run","respond"],"executing":true}}
1197457214	none	{"result":{"address":1197457214,"states":["connect","run","respond"],"executing":true}}
977096422	none	{"result":{"address":977096422,"states":["connect","run","respond"],"executing":true}}
447493279	none	{"result":{"address":447493279,"states":["connect","run","respond"],"executing":true}}
1653698779	none	{"result":{"address":1653698779,"states":["connect","run","respond"],"executing":true}}
896095162	none	{"result":{"address":896095162,"states":["connect","run","respond"],"executing":true}}
1390816764	none	{"result":{"address":1390816764,"states":["connect","run","respond"],"executing":true}}
568631353	none	{"result":{"address":568631353,"states":["connect","run","respond"],"executing":true}}
1650514757	none	{"result":{"address":1650514757,"states":["connect","run","respond"],"executing":true}}
1879793425	none	{"result":{"address":1879793425,"states":["connect","run","respond"],"executing":true}}
345649116	none	{"result":{"address":345649116,"states":["connect","run","respond"],"executing":true}}
2036229433	none	{"result":{"address":2036229433,"states":["connect","run","respond"],"executing":true}}
711636969	none	{"result":{"address":711636969,"states":["connect","run","respond"],"executing":true}}
2136444469	none	{"result":{"address":2136444469,"states":["connect","run","respond"],"executing":true}}
1445676455	none	{"result":{"address":1445676455,"states":["connect","run","respond"],"executing":true}}
1821756586	none	{"result":{"address":1821756586,"states":["connect","run","respond"],"executing":true}}
367472818	none	{"result":{"address":367472818,"states":["connect","run","respond"],"executing":true}}
1657374304	none	{"result":{"address":1657374304,"states":["connect","run","respond"],"executing":true}}
282215178	none	{"result":{"address":282215178,"states":["connect","run","respond"],"executing":true}}
934849312	none	{"result":{"address":934849312,"states":["connect","run","respond"],"executing":true}}
356468672	none	{"result":{"address":356468672,"states":["connect","run","respond"],"executing":true}}
1011087712	none	{"result":{"address":1011087712,"states":["connect","run","respond"],"executing":true}}
1122433763	none	{"result":{"address":1122433763,"states":["connect","run","respond"],"executing":true}}
728984553	none	{"result":{"address":728984553,"states":["connect","run","respond"],"executing":true}}
1954541984	none	{"result":{"address":1954541984,"states":["connect","run","respond"],"executing":true}}
1107599646	none	{"result":{"address":1107599646,"states":["connect","run","respond"],"executing":true}}
1824370188	none	{"result":{"address":1824370188,"states":["connect","run","respond"],"executing":true}}
521034000	none	{"result":{"address":521034000,"states":["connect","run","respond"],"executing":true}}
1613566190	none	{"result":{"address":1613566190,"states":["connect","run","respond"],"executing":true}}
630269612	none	{"result":{"address":630269612,"states":["connect","run","respond"],"executing":true}}
182335107	none	{"result":{"address":182335107,"states":["connect","run","respond"],"executing":true}}
901674209	none	{"result":{"address":901674209,"states":["connect","run","respond"],"executing":true}}
1413109304	none	{"result":{"address":1413109304,"states":["connect","run","respond"],"executing":true}}
1537795930	none	{"result":{"address":1537795930,"states":["connect","run","respond"],"executing":true}}
1274777750	none	{"result":{"address":1274777750,"states":["connect","run","respond"],"executing":true}}
731183785	none	{"result":{"address":731183785,"states":["connect","run","respond"],"executing":true}}
200394925	none	{"result":{"address":200394925,"states":["connect","run","respond"],"executing":true}}
1239337859	none	{"result":{"address":1239337859,"states":["connect","run","respond"],"executing":true}}
304006449	none	{"result":{"address":304006449,"states":["connect","run","respond"],"executing":true}}
1461627526	none	{"result":{"address":1461627526,"states":["connect","run","respond"],"executing":true}}
1138906758	none	{"result":{"address":1138906758,"states":["connect","run","respond"],"executing":true}}
648544542	none	{"result":{"address":648544542,"states":["connect","run","respond"],"executing":true}}
1200420447	none	{"result":{"address":1200420447,"states":["connect","run","respond"],"executing":true}}
1939453911	none	{"result":{"address":1939453911,"states":["connect","run","respond"],"executing":true}}
978775573	none	{"result":{"address":978775573,"states":["connect","run","respond"],"executing":true}}
1651428165	none	{"result":{"address":1651428165,"states":["connect","run","respond"],"executing":true}}
1607076777	none	{"result":{"address":1607076777,"states":["connect","run","respond"],"executing":true}}
201401561	none	{"result":{"address":201401561,"states":["connect","run","respond"],"executing":true}}
1756435046	none	{"result":{"address":1756435046,"states":["connect","run","respond"],"executing":true}}
1753295497	none	{"result":{"address":1753295497,"states":["connect","run","respond"],"executing":true}}
382661427	none	{"result":{"address":382661427,"states":["connect","run","respond"],"executing":true}}
1292142777	none	{"result":{"address":1292142777,"states":["connect","run","respond"],"executing":true}}
1594836296	none	{"result":{"address":1594836296,"states":["connect","run","respond"],"executing":true}}
1634472144	none	{"result":{"address":1634472144,"states":["connect","run","respond"],"executing":true}}
720998884	none	{"result":{"address":720998884,"states":["connect","run","respond"],"executing":true}}
1731115836	none	{"result":{"address":1731115836,"states":["connect","run","respond"],"executing":true}}
601280147	none	{"result":{"address":601280147,"states":["connect","run","respond"],"executing":true}}
516872435	none	{"result":{"address":516872435,"states":["connect","run","respond"],"executing":true}}
554135171	none	{"result":{"address":554135171,"states":["connect","run","respond"],"executing":true}}
1896288739	none	{"result":{"address":1896288739,"states":["connect","run","respond"],"executing":true}}
1132805497	none	{"result":{"address":1132805497,"states":["connect","run","respond"],"executing":true}}
1995491441	none	{"result":{"address":1995491441,"states":["connect","run","respond"],"executing":true}}
1220513377	none	{"result":{"address":1220513377,"states":["connect","run","respond"],"executing":true}}
403242490	none	{"result":{"address":403242490,"states":["connect","run","respond"],"executing":true}}
1094324104	none	{"result":{"address":1094324104,"states":["connect","run","respond"],"executing":true}}
276087503	none	{"result":{"address":276087503,"states":["connect","run","respond"],"executing":true}}
540549160	none	{"result":{"address":540549160,"states":["connect","run","respond"],"executing":true}}
1591961329	none	{"result":{"address":1591961329,"states":["connect","run","respond"],"executing":true}}
744904314	none	{"result":{"address":744904314,"states":["connect","run","respond"],"executing":true}}
132899590	none	{"result":{"address":132899590,"states":["connect","run","respond"],"executing":true}}
1416475345	none	{"result":{"address":1416475345,"states":["connect","run","respond"],"executing":true}}
1641339604	none	{"result":{"address":1641339604,"states":["connect","run","respond"],"executing":true}}
1049516596	none	{"result":{"address":1049516596,"states":["connect","run","respond"],"executing":true}}
1596241077	none	{"result":{"address":1596241077,"states":["connect","run","respond"],"executing":true}}
1716625498	none	{"result":{"address":1716625498,"states":["connect","run","respond"],"executing":true}}
1604222302	none	{"result":{"address":1604222302,"states":["connect","run","respond"],"executing":true}}
1458101479	none	{"result":{"address":1458101479,"states":["connect","run","respond"],"executing":true}}
1032274359	none	{"result":{"address":1032274359,"states":["connect","run","respond"],"executing":true}}
42029985	none	{"result":{"address":42029985,"states":["connect","run","respond"],"executing":true}}
1393183554	none	{"result":{"address":1393183554,"states":["connect","run","respond"],"executing":true}}
264703942	none	{"result":{"address":264703942,"states":["connect","run","respond"],"executing":true}}
542070975	none	{"result":{"address":542070975,"states":["connect","run","respond"],"executing":true}}
315183529	none	{"result":{"address":315183529,"states":["connect","run","respond"],"executing":true}}
1330306944	none	{"result":{"address":1330306944,"states":["connect","run","respond"],"executing":true}}
1561487338	none	{"result":{"address":1561487338,"states":["connect","run","respond"],"executing":true}}
601695867	none	{"result":{"address":601695867,"states":["connect","run","respond"],"executing":true}}
1716682116	none	{"result":{"address":1716682116,"states":["connect","run","respond"],"executing":true}}
805056778	none	{"result":{"address":805056778,"states":["connect","run","respond"],"executing":true}}
663072896	none	{"result":{"address":663072896,"states":["connect","run","respond"],"executing":true}}
1500867395	none	{"result":{"address":1500867395,"states":["connect","run","respond"],"executing":true}}
1624545666	none	{"result":{"address":1624545666,"states":["connect","run","respond"],"executing":true}}
636508536	none	{"result":{"address":636508536,"states":["connect","run","respond"],"executing":true}}
2056318278	none	{"result":{"address":2056318278,"states":["connect","run","respond"],"executing":true}}
1786016468	none	{"result":{"address":1786016468,"states":["connect","run","respond"],"executing":true}}
50214988	none	{"result":{"address":50214988,"states":["connect","run","respond"],"executing":true}}
1102116938	none	{"result":{"address":1102116938,"states":["connect","run","respond"],"executing":true}}
129468364	none	{"result":{"address":129468364,"states":["connect","run","respond"],"executing":true}}
1336853872	none	{"result":{"address":1336853872,"states":["connect","run","respond"],"executing":true}}
1823749900	none	{"result":{"address":1823749900,"states":["connect","run","respond"],"executing":true}}
752704889	none	{"result":{"address":752704889,"states":["connect","run","respond"],"executing":true}}
400321148	none	{"result":{"address":400321148,"states":["connect","run","respond"],"executing":true}}
346756689	none	{"result":{"address":346756689,"states":["connect","run","respond"],"executing":true}}
1757156725	none	{"result":{"address":1757156725,"states":["connect","run","respond"],"executing":true}}
1587422450	none	{"result":{"address":1587422450,"states":["connect","run","respond"],"executing":true}}
1836208687	none	{"result":{"address":1836208687,"states":["connect","run","respond"],"executing":true}}
124656618	none	{"result":{"address":124656618,"states":["connect","run","respond"],"executing":true}}
960714330	none	{"result":{"address":960714330,"states":["connect","run","respond"],"executing":true}}
260796391	none	{"result":{"address":260796391,"states":["connect","run","respond"],"executing":true}}
1410231788	none	{"result":{"address":1410231788,"states":["connect","run","respond"],"executing":true}}
831065738	none	{"result":{"address":831065738,"states":["connect","run","respond"],"executing":true}}
121213427	none	{"result":{"address":121213427,"states":["connect","run","respond"],"executing":true}}
498042476	none	{"result":{"address":498042476,"states":["connect","run","respond"],"executing":true}}
501419148	none	{"result":{"address":501419148,"states":["connect","run","respond"],"executing":true}}
53387278	none	{"result":{"address":53387278,"states":["connect","run","respond"],"executing":true}}
1174961576	none	{"result":{"address":1174961576,"states":["connect","run","respond"],"executing":true}}
689283831	none	{"result":{"address":689283831,"states":["connect","run","respond"],"executing":true}}
1843070075	none	{"result":{"address":1843070075,"states":["connect","run","respond"],"executing":true}}
1278753790	none	{"result":{"address":1278753790,"states":["connect","run","respond"],"executing":true}}
2074658597	none	{"result":{"address":2074658597,"states":["connect","run","respond"],"executing":true}}
144517217	none	{"result":{"address":144517217,"states":["connect","run","respond"],"executing":true}}
1894416304	none	{"result":{"address":1894416304,"states":["connect","run","respond"],"executing":true}}
2027016329	none	{"result":{"address":2027016329,"states":["connect","run","respond"],"executing":true}}
1077136575	none	{"result":{"address":1077136575,"states":["connect","run","respond"],"executing":true}}
1704216592	none	{"result":{"address":1704216592,"states":["connect","run","respond"],"executing":true}}
1881912203	none	{"result":{"address":1881912203,"states":["connect","run","respond"],"executing":true}}
775411855	none	{"result":{"address":775411855,"states":["connect","run","respond"],"executing":true}}
368881484	none	{"result":{"address":368881484,"states":["connect","run","respond"],"executing":true}}
357029560	none	{"result":{"address":357029560,"states":["connect","run","respond"],"executing":true}}
1210300911	none	{"result":{"address":1210300911,"states":["connect","run","respond"],"executing":true}}
1894677903	none	{"result":{"address":1894677903,"states":["connect","run","respond"],"executing":true}}
797449421	none	{"result":{"address":797449421,"states":["connect","run","respond"],"executing":true}}
1302135245	none	{"result":{"address":1302135245,"states":["connect","run","respond"],"executing":true}}
1006473214	none	{"result":{"address":1006473214,"states":["connect","run","respond"],"executing":true}}
1187780617	none	{"result":{"address":1187780617,"states":["connect","run","respond"],"executing":true}}
1710211687	none	{"result":{"address":1710211687,"states":["connect","run","respond"],"executing":true}}
1776577773	none	{"result":{"address":1776577773,"states":["connect","run","respond"],"executing":true}}
938071873	none	{"result":{"address":938071873,"states":["connect","run","respond"],"executing":true}}
390740791	none	{"result":{"address":390740791,"states":["connect","run","respond"],"executing":true}}
1532175785	none	{"result":{"address":1532175785,"states":["connect","run","respond"],"executing":true}}
1759810412	none	{"result":{"address":1759810412,"states":["connect","run","respond"],"executing":true}}
1742502357	none	{"result":{"address":1742502357,"states":["connect","run","respond"],"executing":true}}
1691628156	none	{"result":{"address":1691628156,"states":["connect","run","respond"],"executing":true}}
1185254972	none	{"result":{"address":1185254972,"states":["connect","run","respond"],"executing":true}}
928107652	none	{"result":{"address":928107652,"states":["connect","run","respond"],"executing":true}}
300150511	none	{"result":{"address":300150511,"states":["connect","run","respond"],"executing":true}}
460699776	none	{"result":{"address":460699776,"states":["connect","run","respond"],"executing":true}}
1515815203	none	{"result":{"address":1515815203,"states":["connect","run","respond"],"executing":true}}
1449504952	none	{"result":{"address":1449504952,"states":["connect","run","respond"],"executing":true}}
1041481624	none	{"result":{"address":1041481624,"states":["connect","run","respond"],"executing":true}}
548325508	none	{"result":{"address":548325508,"states":["connect","run","respond"],"executing":true}}
245494840	none	{"result":{"address":245494840,"states":["connect","run","respond"],"executing":true}}
205932369	none	{"result":{"address":205932369,"states":["connect","run","respond"],"executing":true}}
1754197643	none	{"result":{"address":1754197643,"states":["connect","run","respond"],"executing":true}}
1747318922	none	{"result":{"address":1747318922,"states":["connect","run","respond"],"executing":true}}
2088198150	none	{"result":{"address":2088198150,"states":["connect","run","respond"],"executing":true}}
1244277222	none	{"result":{"address":1244277222,"states":["connect","run","respond"],"executing":true}}
1884645783	none	{"result":{"address":1884645783,"states":["connect","run","respond"],"executing":true}}
2113424170	none	{"result":{"address":2113424170,"states":["connect","run","respond"],"executing":true}}
255431209	none	{"result":{"address":255431209,"states":["connect","run","respond"],"executing":true}}
577378613	none	{"result":{"address":577378613,"states":["connect","run","respond"],"executing":true}}
1363544137	none	{"result":{"address":1363544137,"states":["connect","run","respond"],"executing":true}}
1513789845	none	{"result":{"address":1513789845,"states":["connect","run","respond"],"executing":true}}
172079089	none	{"result":{"address":172079089,"states":["connect","run","respond"],"executing":true}}
1080384242	none	{"result":{"address":1080384242,"states":["connect","run","respond"],"executing":true}}
1115489475	none	{"result":{"address":1115489475,"states":["connect","run","respond"],"executing":true}}
1510531815	none	{"result":{"address":1510531815,"states":["connect","run","respond"],"executing":true}}
1734956877	none	{"result":{"address":1734956877,"states":["connect","run","respond"],"executing":true}}
1942356918	none	{"result":{"address":1942356918,"states":["connect","run","respond"],"executing":true}}
20070071	none	{"result":{"address":20070071,"states":["connect","run","respond"],"executing":true}}
75835573	none	{"result":{"address":75835573,"states":["connect","run","respond"],"executing":true}}
1592923622	none	{"result":{"address":1592923622,"states":["connect","run","respond"],"executing":true}}
112256307	none	{"result":{"address":112256307,"states":["connect","run","respond"],"executing":true}}
629513722	none	{"result":{"address":629513722,"states":["connect","run","respond"],"executing":true}}
1687967917	none	{"result":{"address":1687967917,"states":["connect","run","respond"],"executing":true}}
1688170125	none	{"result":{"address":1688170125,"states":["connect","run","respond"],"executing":true}}
1380267638	none	{"result":{"address":1380267638,"states":["connect","run","respond"],"executing":true}}
498455284	none	{"result":{"address":498455284,"states":["connect","run","respond"],"executing":true}}
1481259600	none	{"result":{"address":1481259600,"states":["connect","run","respond"],"executing":true}}
591283475	none	{"result":{"address":591283475,"states":["connect","run","respond"],"executing":true}}
2108489862	none	{"result":{"address":2108489862,"states":["connect","run","respond"],"executing":true}}
1665390555	none	{"result":{"address":1665390555,"states":["connect","run","respond"],"executing":true}}
199770216	none	{"result":{"address":199770216,"states":["connect","run","respond"],"executing":true}}
894792156	none	{"result":{"address":894792156,"states":["connect","run","respond"],"executing":true}}
1627629870	none	{"result":{"address":1627629870,"states":["connect","run","respond"],"executing":true}}
1290232620	none	{"result":{"address":1290232620,"states":["connect","run","respond"],"executing":true}}
833521866	none	{"result":{"address":833521866,"states":["connect","run","respond"],"executing":true}}
2120197991	none	{"result":{"address":2120197991,"states":["connect","run","respond"],"executing":true}}
179257024	none	{"result":{"address":179257024,"states":["connect","run","respond"],"executing":true}}
1751402304	none	{"result":{"address":1751402304,"states":["connect","run","respond"],"executing":true}}
1084485776	none	{"result":{"address":1084485776,"states":["connect","run","respond"],"executing":true}}
1472062877	none	{"result":{"address":1472062877,"states":["connect","run","respond"],"executing":true}}
1009817147	none	{"result":{"address":1009817147,"states":["connect","run","respond"],"executing":true}}
532721157	none	{"result":{"address":532721157,"states":["connect","run","respond"],"executing":true}}
697366327	none	{"result":{"address":697366327,"states":["connect","run","respond"],"executing":true}}
1212285403	none	{"result":{"address":1212285403,"states":["connect","run","respond"],"executing":true}}
1848789174	none	{"result":{"address":1848789174,"states":["connect","run","respond"],"executing":true}}
1185879317	none	{"result":{"address":1185879317,"states":["connect","run","respond"],"executing":true}}
1014693151	none	{"result":{"address":1014693151,"states":["connect","run","respond"],"executing":true}}
931612225	none	{"result":{"address":931612225,"states":["connect","run","respond"],"executing":true}}
1048343641	none	{"result":{"address":1048343641,"states":["connect","run","respond"],"executing":true}}
1467066217	none	{"result":{"address":1467066217,"states":["connect","run","respond"],"executing":true}}
465453814	none	{"result":{"address":465453814,"states":["connect","run","respond"],"executing":true}}
589361670	none	{"result":{"address":589361670,"states":["connect","run","respond"],"executing":true}}
1405638564	none	{"result":{"address":1405638564,"states":["connect","run","respond"],"executing":true}}
1007341701	none	{"result":{"address":1007341701,"states":["connect","run","respond"],"executing":true}}
1784199364	none	{"result":{"address":1784199364,"states":["connect","run","respond"],"executing":true}}
675643027	none	{"result":{"address":675643027,"states":["connect","run","respond"],"executing":true}}
825924847	none	{"result":{"address":825924847,"states":["connect","run","respond"],"executing":true}}
91081187	none	{"result":{"address":91081187,"states":["connect","run","respond"],"executing":true}}
867502704	none	{"result":{"address":867502704,"states":["connect","run","respond"],"executing":true}}
1553396083	none	{"result":{"address":1553396083,"states":["connect","run","respond"],"executing":true}}
207732233	none	{"result":{"address":207732233,"states":["connect","run","respond"],"executing":true}}
299459256	none	{"result":{"address":299459256,"states":["connect","run","respond"],"executing":true}}
74818047	none	{"result":{"address":74818047,"states":["connect","run","respond"],"executing":true}}
2044184316	none	{"result":{"address":2044184316,"states":["connect","run","respond"],"executing":true}}
29467247	none	{"result":{"address":29467247,"states":["connect","run","respond"],"executing":true}}
1107426181	none	{"result":{"address":1107426181,"states":["connect","run","respond"],"executing":true}}
590639460	none	{"result":{"address":590639460,"states":["connect","run","respond"],"executing":true}}
53136866	none	{"result":{"address":53136866,"states":["connect","run","respond"],"executing":true}}
1960423866	none	{"result":{"address":1960423866,"states":["connect","run","respond"],"executing":true}}
1805889807	none	{"result":{"address":1805889807,"states":["connect","run","respond"],"executing":true}}
1878660647	none	{"result":{"address":1878660647,"states":["connect","run","respond"],"executing":true}}
1376057571	none	{"result":{"address":1376057571,"states":["connect","run","respond"],"executing":true}}
1426807751	none	{"result":{"address":1426807751,"states":["connect","run","respond"],"executing":true}}
1042451550	none	{"result":{"address":1042451550,"states":["connect","run","respond"],"executing":true}}
1539512082	none	{"result":{"address":1539512082,"states":["connect","run","respond"],"executing":true}}
1860663688	none	{"result":{"address":1860663688,"states":["connect","run","respond"],"executing":true}}
199959359	none	{"result":{"address":199959359,"states":["connect","run","respond"],"executing":true}}
1409857627	none	{"result":{"address":1409857627,"states":["connect","run","respond"],"executing":true}}
363543379	none	{"result":{"address":363543379,"states":["connect","run","respond"],"executing":true}}
1003418458	none	{"result":{"address":1003418458,"states":["connect","run","respond"],"executing":true}}
802747806	none	{"result":{"address":802747806,"states":["connect","run","respond"],"executing":true}}
1543748224	none	{"result":{"address":1543748224,"states":["connect","run","respond"],"executing":true}}
160960181	none	{"result":{"address":160960181,"states":["connect","run","respond"],"executing":true}}
2022296892	none	{"result":{"address":2022296892,"states":["connect","run","respond"],"executing":true}}
1711376600	none	{"result":{"address":1711376600,"states":["connect","run","respond"],"executing":true}}
1951760791	none	{"result":{"address":1951760791,"states":["connect","run","respond"],"executing":true}}
1086245909	none	{"result":{"address":1086245909,"states":["connect","run","respond"],"executing":true}}
917244306	none	{"result":{"address":917244306,"states":["connect","run","respond"],"executing":true}}
683085987	none	{"result":{"address":683085987,"states":["connect","run","respond"],"executing":true}}
744663982	none	{"result":{"address":744663982,"states":["connect","run","respond"],"executing":true}}
1895893428	none	{"result":{"address":1895893428,"states":["connect","run","respond"],"executing":true}}
137396755	none	{"result":{"address":137396755,"states":["connect","run","respond"],"executing":true}}
1897224899	none	{"result":{"address":1897224899,"states":["connect","run","respond"],"executing":true}}
1805352217	none	{"result":{"address":1805352217,"states":["connect","run","respond"],"executing":true}}
121160271	none	{"result":{"address":121160271,"states":["connect","run","respond"],"executing":true}}
1514097068	none	{"result":{"address":1514097068,"states":["connect","run","respond"],"executing":true}}
1117461158	none	{"result":{"address":1117461158,"states":["connect","run","respond"],"executing":true}}
205072714	none	{"result":{"address":205072714,"states":["connect","run","respond"],"executing":true}}
467847368	none	{"result":{"address":467847368,"states":["connect","run","respond"],"executing":true}}
144014023	none	{"result":{"address":144014023,"states":["connect","run","respond"],"executing":true}}
640685304	none	{"result":{"address":640685304,"states":["connect","run","respond"],"executing":true}}
485767441	none	{"result":{"address":485767441,"states":["connect","run","respond"],"executing":true}}
2123895210	none	{"result":{"address":2123895210,"states":["connect","run","respond"],"executing":true}}
1932988626	none	{"result":{"address":1932988626,"states":["connect","run","respond"],"executing":true}}
1124330835	none	{"result":{"address":1124330835,"states":["connect","run","respond"],"executing":true}}
974375870	none	{"result":{"address":974375870,"states":["connect","run","respond"],"executing":true}}
648933783	none	{"result":{"address":648933783,"states":["connect","run","respond"],"executing":true}}
980051274	none	{"result":{"address":980051274,"states":["connect","run","respond"],"executing":true}}
1624830653	none	{"result":{"address":1624830653,"states":["connect","run","respond"],"executing":true}}
528639730	none	{"result":{"address":528639730,"states":["connect","run","respond"],"executing":true}}
528912657	none	{"result":{"address":528912657,"states":["connect","run","respond"],"executing":true}}
1823421649	none	{"result":{"address":1823421649,"states":["connect","run","respond"],"executing":true}}
1799249797	none	{"result":{"address":1799249797,"states":["connect","run","respond"],"executing":true}}
1880621594	none	{"result":{"address":1880621594,"states":["connect","run","respond"],"executing":true}}
5031788	none	{"result":{"address":5031788,"states":["connect","run","respond"],"executing":true}}
541855760	none	{"result":{"address":541855760,"states":["connect","run","respond"],"executing":true}}
1594372621	none	{"result":{"address":1594372621,"states":["connect","run","respond"],"executing":true}}
2057035073	none	{"result":{"address":2057035073,"states":["connect","run","respond"],"executing":true}}
467421763	none	{"result":{"address":467421763,"states":["connect","run","respond"],"executing":true}}
950831277	none	{"result":{"address":950831277,"states":["connect","run","respond"],"executing":true}}
644582017	none	{"result":{"address":644582017,"states":["connect","run","respond"],"executing":true}}
1151060857	none	{"result":{"address":1151060857,"states":["connect","run","respond"],"executing":true}}
1182135097	none	{"result":{"address":1182135097,"states":["connect","run","respond"],"executing":true}}
812770227	none	{"result":{"address":812770227,"states":["connect","run","respond"],"executing":true}}
1968708626	none	{"result":{"address":1968708626,"states":["connect","run","respond"],"executing":true}}
1969724117	none	{"result":{"address":1969724117,"states":["connect","run","respond"],"executing":true}}
1082092418	none	{"result":{"address":1082092418,"states":["connect","run","respond"],"executing":true}}
957728797	none	{"result":{"address":957728797,"states":["connect","run","respond"],"executing":true}}
92913723	none	{"result":{"address":92913723,"states":["connect","run","respond"],"executing":true}}
482170806	none	{"result":{"address":482170806,"states":["connect","run","respond"],"executing":true}}
1859237285	none	{"result":{"address":1859237285,"states":["connect","run","respond"],"executing":true}}
263159604	none	{"result":{"address":263159604,"states":["connect","run","respond"],"executing":true}}
1140733065	none	{"result":{"address":1140733065,"states":["connect","run","respond"],"executing":true}}
1771561643	none	{"result":{"address":1771561643,"states":["connect","run","respond"],"executing":true}}
1062115367	none	{"result":{"address":1062115367,"states":["connect","run","respond"],"executing":true}}
1856354235	none	{"result":{"address":1856354235,"states":["connect","run","respond"],"executing":true}}
1287692548	none	{"result":{"address":1287692548,"states":["connect","run","respond"],"executing":true}}
1012944389	none	{"result":{"address":1012944389,"states":["connect","run","respond"],"executing":true}}
1274218910	none	{"result":{"address":1274218910,"states":["connect","run","respond"],"executing":true}}
1635403366	none	{"result":{"address":1635403366,"states":["connect","run","respond"],"executing":true}}
291899211	none	{"result":{"address":291899211,"states":["connect","run","respond"],"executing":true}}
828147602	none	{"result":{"address":828147602,"states":["connect","run","respond"],"executing":true}}
226363841	none	{"result":{"address":226363841,"states":["connect","run","respond"],"executing":true}}
179161221	none	{"result":{"address":179161221,"states":["connect","run","respond"],"executing":true}}
779246851	none	{"result":{"address":779246851,"states":["connect","run","respond"],"executing":true}}
698390944	none	{"result":{"address":698390944,"states":["connect","run","respond"],"executing":true}}
1649750884	none	{"result":{"address":1649750884,"states":["connect","run","respond"],"executing":true}}
1868589873	none	{"result":{"address":1868589873,"states":["connect","run","respond"],"executing":true}}
945105422	none	{"result":{"address":945105422,"states":["connect","run","respond"],"executing":true}}
258292465	none	{"result":{"address":258292465,"states":["connect","run","respond"],"executing":true}}
2108860412	none	{"result":{"address":2108860412,"states":["connect","run","respond"],"executing":true}}
365353739	none	{"result":{"address":365353739,"states":["connect","run","respond"],"executing":true}}
123548395	none	{"result":{"address":123548395,"states":["connect","run","respond"],"executing":true}}
2043388795	none	{"result":{"address":2043388795,"states":["connect","run","respond"],"executing":true}}
381599842	none	{"result":{"address":381599842,"states":["connect","run","respond"],"executing":true}}
121290291	none	{"result":{"address":121290291,"states":["connect","run","respond"],"executing":true}}
968957920	none	{"result":{"address":968957920,"states":["connect","run","respond"],"executing":true}}
1895681722	none	{"result":{"address":1895681722,"states":["connect","run","respond"],"executing":true}}
244998899	none	{"result":{"address":244998899,"states":["connect","run","respond"],"executing":true}}
846674169	none	{"result":{"address":846674169,"states":["connect","run","respond"],"executing":true}}
1071330652	none	{"result":{"address":1071330652,"states":["connect","run","respond"],"executing":true}}
1528462994	none	{"result":{"address":1528462994,"states":["connect","run","respond"],"executing":true}}
1151833179	none	{"result":{"address":1151833179,"states":["connect","run","respond"],"executing":true}}
1712434062	none	{"result":{"address":1712434062,"states":["connect","run","respond"],"executing":true}}
1622384515	none	{"result":{"address":1622384515,"states":["connect","run","respond"],"executing":true}}
368316406	none	{"result":{"address":368316406,"states":["connect","run","respond"],"executing":true}}
169584134	none	{"result":{"address":169584134,"states":["connect","run","respond"],"executing":true}}
437398096	none	{"result":{"address":437398096,"states":["connect","run","respond"],"executing":true}}
918054821	none	{"result":{"address":918054821,"states":["connect","run","respond"],"executing":true}}
196472217	none	{"result":{"address":196472217,"states":["connect","run","respond"],"executing":true}}
1162819506	none	{"result":{"address":1162819506,"states":["connect","run","respond"],"executing":true}}
1101856595	none	{"result":{"address":1101856595,"states":["connect","run","respond"],"executing":true}}
1724135681	none	{"result":{"address":1724135681,"states":["connect","run","respond"],"executing":true}}
621471195	none	{"result":{"address":621471195,"states":["connect","run","respond"],"executing":true}}
2114331194	none	{"result":{"address":2114331194,"states":["connect","run","respond"],"executing":true}}
953957563	none	{"result":{"address":953957563,"states":["connect","run","respond"],"executing":true}}
242356473	none	{"result":{"address":242356473,"states":["connect","run","respond"],"executing":true}}
457200841	none	{"result":{"address":457200841,"states":["connect","run","respond"],"executing":true}}
825934873	none	{"result":{"address":825934873,"states":["connect","run","respond"],"executing":true}}
727809221	none	{"result":{"address":727809221,"states":["connect","run","respond"],"executing":true}}
2099316900	none	{"result":{"address":2099316900,"states":["connect","run","respond"],"executing":true}}
1799384425	none	{"result":{"address":1799384425,"states":["connect","run","respond"],"executing":true}}
1224521658	none	{"result":{"address":1224521658,"states":["connect","run","respond"],"executing":true}}
1395911997	none	{"result":{"address":1395911997,"states":["connect","run","respond"],"executing":true}}
125234404	none	{"result":{"address":125234404,"states":["connect","run","respond"],"executing":true}}
993691354	none	{"result":{"address":993691354,"states":["connect","run","respond"],"executing":true}}
16159087	none	{"result":{"address":16159087,"states":["connect","run","respond"],"executing":true}}
549297960	none	{"result":{"address":549297960,"states":["connect","run","respond"],"executing":true}}
812067162	none	{"result":{"address":812067162,"states":["connect","run","respond"],"executing":true}}
2086377446	none	{"result":{"address":2086377446,"states":["connect","run","respond"],"executing":true}}
1311150194	none	{"result":{"address":1311150194,"states":["connect","run","respond"],"executing":true}}
1503169914	none	{"result":{"address":1503169914,"states":["connect","run","respond"],"executing":true}}
387404716	none	{"result":{"address":387404716,"states":["connect","run","respond"],"executing":true}}
1802826271	none	{"result":{"address":1802826271,"states":["connect","run","respond"],"executing":true}}
2035104031	none	{"result":{"address":2035104031,"states":["connect","run","respond"],"executing":true}}
913189051	none	{"result":{"address":913189051,"states":["connect","run","respond"],"executing":true}}
1334549866	none	{"result":{"address":1334549866,"states":["connect","run","respond"],"executing":true}}
812771911	none	{"result":{"address":812771911,"states":["connect","run","respond"],"executing":true}}
164079657	none	{"result":{"address":164079657,"states":["connect","run","respond"],"executing":true}}
1319062494	none	{"result":{"address":1319062494,"states":["connect","run","respond"],"executing":true}}
499956718	none	{"result":{"address":499956718,"states":["connect","run","respond"],"executing":true}}
391828084	none	{"result":{"address":391828084,"states":["connect","run","respond"],"executing":true}}
186760381	none	{"result":{"address":186760381,"states":["connect","run","respond"],"executing":true}}
1925227377	none	{"result":{"address":1925227377,"states":["connect","run","respond"],"executing":true}}
1086221838	none	{"result":{"address":1086221838,"states":["connect","run","respond"],"executing":true}}
996829266	none	{"result":{"address":996829266,"states":["connect","run","respond"],"executing":true}}
213747514	none	{"result":{"address":213747514,"states":["connect","run","respond"],"executing":true}}
1298574501	none	{"result":{"address":1298574501,"states":["connect","run","respond"],"executing":true}}
211971676	none	{"result":{"address":211971676,"states":["connect","run","respond"],"executing":true}}
1995800642	none	{"result":{"address":1995800642,"states":["connect","run","respond"],"executing":true}}
792271645	none	{"result":{"address":792271645,"states":["connect","run","respond"],"executing":true}}
235587907	none	{"result":{"address":235587907,"states":["connect","run","respond"],"executing":true}}
1193949033	none	{"result":{"address":1193949033,"states":["connect","run","respond"],"executing":true}}
1836425937	none	{"result":{"address":1836425937,"states":["connect","run","respond"],"executing":true}}
391592381	none	{"result":{"address":391592381,"states":["connect","run","respond"],"executing":true}}
1569468239	none	{"result":{"address":1569468239,"states":["connect","run","respond"],"executing":true}}
2094607319	none	{"result":{"address":2094607319,"states":["connect","run","respond"],"executing":true}}
359713574	none	{"result":{"address":359713574,"states":["connect","run","respond"],"executing":true}}
551651394	none	{"result":{"address":551651394,"states":["connect","run","respond"],"executing":true}}
1040267825	none	{"result":{"address":1040267825,"states":["connect","run","respond"],"executing":true}}
1178736540	none	{"result":{"address":1178736540,"states":["connect","run","respond"],"executing":true}}
1580426687	none	{"result":{"address":1580426687,"states":["connect","run","respond"],"executing":true}}
930840106	none	{"result":{"address":930840106,"states":["connect","run","respond"],"executing":true}}
1674002423	none	{"result":{"address":1674002423,"states":["connect","run","respond"],"executing":true}}
115327697	none	{"result":{"address":115327697,"states":["connect","run","respond"],"executing":true}}
719238420	none	{"result":{"address":719238420,"states":["connect","run","respond"],"executing":true}}
496417114	none	{"result":{"address":496417114,"states":["connect","run","respond"],"executing":true}}
600190738	none	{"result":{"address":600190738,"states":["connect","run","respond"],"executing":true}}
1562513344	none	{"result":{"address":1562513344,"states":["connect","run","respond"],"executing":true}}
1834918378	none	{"result":{"address":1834918378,"states":["connect","run","respond"],"executing":true}}
2130612723	none	{"result":{"address":2130612723,"states":["connect","run","respond"],"executing":true}}
227796146	none	{"result":{"address":227796146,"states":["connect","run","respond"],"executing":true}}
40758138	none	{"result":{"address":40758138,"states":["connect","run","respond"],"executing":true}}
669494666	none	{"result":{"address":669494666,"states":["connect","run","respond"],"executing":true}}
1558061778	none	{"result":{"address":1558061778,"states":["connect","run","respond"],"executing":true}}
1398819754	none	{"result":{"address":1398819754,"states":["connect","run","respond"],"executing":true}}
2106934064	none	{"result":{"address":2106934064,"states":["connect","run","respond"],"executing":true}}
132116717	none	{"result":{"address":132116717,"states":["connect","run","respond"],"executing":true}}
1045190166	none	{"result":{"address":1045190166,"states":["connect","run","respond"],"executing":true}}
235079412	none	{"result":{"address":235079412,"states":["connect","run","respond"],"executing":true}}
703274536	none	{"result":{"address":703274536,"states":["connect","run","respond"],"executing":true}}
1607918172	none	{"result":{"address":1607918172,"states":["connect","run","respond"],"executing":true}}
738901878	none	{"result":{"address":738901878,"states":["connect","run","respond"],"executing":true}}
8732522	none	{"result":{"address":8732522,"states":["connect","run","respond"],"executing":true}}
384515722	none	{"result":{"address":384515722,"states":["connect","run","respond"],"executing":true}}
1784189669	none	{"result":{"address":1784189669,"states":["connect","run","respond"],"executing":true}}
1720464562	none	{"result":{"address":1720464562,"states":["connect","run","respond"],"executing":true}}
487069203	none	{"result":{"address":487069203,"states":["connect","run","respond"],"executing":true}}
598300570	none	{"result":{"address":598300570,"states":["connect","run","respond"],"executing":true}}
228086835	none	{"result":{"address":228086835,"states":["connect","run","respond"],"executing":true}}
247564737	none	{"result":{"address":247564737,"states":["connect","run","respond"],"executing":true}}
456792275	none	{"result":{"address":456792275,"states":["connect","run","respond"],"executing":true}}
1820957066	none	{"result":{"address":1820957066,"states":["connect","run","respond"],"executing":true}}
1736882146	none	{"result":{"address":1736882146,"states":["connect","run","respond"],"executing":true}}
1765929749	none	{"result":{"address":1765929749,"states":["connect","run","respond"],"executing":true}}
883053962	none	{"result":{"address":883053962,"states":["connect","run","respond"],"executing":true}}
842476015	none	{"result":{"address":842476015,"states":["connect","run","respond"],"executing":true}}
193194783	none	{"result":{"address":193194783,"states":["connect","run","respond"],"executing":true}}
983701104	none	{"result":{"address":983701104,"states":["connect","run","respond"],"executing":true}}
206825047	none	{"result":{"address":206825047,"states":["connect","run","respond"],"executing":true}}
716650491	none	{"result":{"address":716650491,"states":["connect","run","respond"],"executing":true}}
1574307069	none	{"result":{"address":1574307069,"states":["connect","run","respond"],"executing":true}}
2097798776	none	{"result":{"address":2097798776,"states":["connect","run","respond"],"executing":true}}
416459983	none	{"result":{"address":416459983,"states":["connect","run","respond"],"executing":true}}
242012560	none	{"result":{"address":242012560,"states":["connect","run","respond"],"executing":true}}
2056067487	none	{"result":{"address":2056067487,"states":["connect","run","respond"],"executing":true}}
2094538152	none	{"result":{"address":2094538152,"states":["connect","run","respond"],"executing":true}}
769850356	none	{"result":{"address":769850356,"states":["connect","run","respond"],"executing":true}}
1275102355	none	{"result":{"address":1275102355,"states":["connect","run","respond"],"executing":true}}
98677596	none	{"result":{"address":98677596,"states":["connect","run","respond"],"executing":true}}
1210411354	none	{"result":{"address":1210411354,"states":["connect","run","respond"],"executing":true}}
1814161272	none	{"result":{"address":1814161272,"states":["connect","run","respond"],"executing":true}}
1107549854	none	{"result":{"address":1107549854,"states":["connect","run","respond"],"executing":true}}
1339164934	none	{"result":{"address":1339164934,"states":["connect","run","respond"],"executing":true}}
1173084940	none	{"result":{"address":1173084940,"states":["connect","run","respond"],"executing":true}}
720922635	none	{"result":{"address":720922635,"states":["connect","run","respond"],"executing":true}}
242148234	none	{"result":{"address":242148234,"states":["connect","run","respond"],"executing":true}}
1443340595	none	{"result":{"address":1443340595,"states":["connect","run","respond"],"executing":true}}
414092373	none	{"result":{"address":414092373,"states":["connect","run","respond"],"executing":true}}
1622058723	none	{"result":{"address":1622058723,"states":["connect","run","respond"],"executing":true}}
183530084	none	{"result":{"address":183530084,"states":["connect","run","respond"],"executing":true}}
1270097991	none	{"result":{"address":1270097991,"states":["connect","run","respond"],"executing":true}}
303945921	none	{"result":{"address":303945921,"states":["connect","run","respond"],"executing":true}}
1067851843	none	{"result":{"address":1067851843,"states":["connect","run","respond"],"executing":true}}
3418553	none	{"result":{"address":3418553,"states":["connect","run","respond"],"executing":true}}
1610112992	none	{"result":{"address":1610112992,"states":["connect","run","respond"],"executing":true}}
1626402060	none	{"result":{"address":1626402060,"states":["connect","run","respond"],"executing":true}}
206681109	none	{"result":{"address":206681109,"states":["connect","run","respond"],"executing":true}}
299349329	none	{"result":{"address":299349329,"states":["connect","run","respond"],"executing":true}}
406229680	none	{"result":{"address":406229680,"states":["connect","run","respond"],"executing":true}}
1336815820	none	{"result":{"address":1336815820,"states":["connect","run","respond"],"executing":true}}
980081225	none	{"result":{"address":980081225,"states":["connect","run","respond"],"executing":true}}
903384181	none	{"result":{"address":903384181,"states":["connect","run","respond"],"executing":true}}
1268748791	none	{"result":{"address":1268748791,"states":["connect","run","respond"],"executing":true}}
1991773290	none	{"result":{"address":1991773290,"states":["connect","run","respond"],"executing":true}}
20085204	none	{"result":{"address":20085204,"states":["connect","run","respond"],"executing":true}}
685461737	none	{"result":{"address":685461737,"states":["connect","run","respond"],"executing":true}}
1540521559	none	{"result":{"address":1540521559,"states":["connect","run","respond"],"executing":true}}
1842687580	none	{"result":{"address":1842687580,"states":["connect","run","respond"],"executing":true}}
730219933	none	{"result":{"address":730219933,"states":["connect","run","respond"],"executing":true}}
779636503	none	{"result":{"address":779636503,"states":["connect","run","respond"],"executing":true}}
1359103332	none	{"result":{"address":1359103332,"states":["connect","run","respond"],"executing":true}}
518582941	none	{"result":{"address":518582941,"states":["connect","run","respond"],"executing":true}}
2069885499	none	{"result":{"address":2069885499,"states":["connect","run","respond"],"executing":true}}
1596522692	none	{"result":{"address":1596522692,"states":["connect","run","respond"],"executing":true}}
774870511	none	{"result":{"address":774870511,"states":["connect","run","respond"],"executing":true}}
1950533790	none	{"result":{"address":1950533790,"states":["connect","run","respond"],"executing":true}}
1479416451	none	{"result":{"address":1479416451,"states":["connect","run","respond"],"executing":true}}
2124460203	none	{"result":{"address":2124460203,"states":["connect","run","respond"],"executing":true}}
938160983	none	{"result":{"address":938160983,"states":["connect","run","respond"],"executing":true}}
2069693109	none	{"result":{"address":2069693109,"states":["connect","run","respond"],"executing":true}}
397892118	none	{"result":{"address":397892118,"states":["connect","run","respond"],"executing":true}}
1099604589	none	{"result":{"address":1099604589,"states":["connect","run","respond"],"executing":true}}
57937205	none	{"result":{"address":57937205,"states":["connect","run","respond"],"executing":true}}
355321928	none	{"result":{"address":355321928,"states":["connect","run","respond"],"executing":true}}
479316276	none	{"result":{"address":479316276,"states":["connect","run","respond"],"executing":true}}
343724366	none	{"result":{"address":343724366,"states":["connect","run","respond"],"executing":true}}
1960902330	none	{"result":{"address":1960902330,"states":["connect","run","respond"],"executing":true}}
1965016004	none	{"result":{"address":1965016004,"states":["connect","run","respond"],"executing":true}}
173818259	none	{"result":{"address":173818259,"states":["connect","run","respond"],"executing":true}}
1199814635	none	{"result":{"address":1199814635,"states":["connect","run","respond"],"executing":true}}
747296631	none	{"result":{"address":747296631,"states":["connect","run","respond"],"executing":true}}
776608094	none	{"result":{"address":776608094,"states":["connect","run","respond"],"executing":true}}
107805514	none	{"result":{"address":107805514,"states":["connect","run","respond"],"executing":true}}
1111742350	none	{"result":{"address":1111742350,"states":["connect","run","respond"],"executing":true}}
2126827009	none	{"result":{"address":2126827009,"states":["connect","run","respond"],"executing":true}}
2055182001	none	{"result":{"address":2055182001,"states":["connect","run","respond"],"executing":true}}
106928824	none	{"result":{"address":106928824,"states":["connect","run","respond"],"executing":true}}
1177886036	none	{"result":{"address":1177886036,"states":["connect","run","respond"],"executing":true}}
1357396170	none	{"result":{"address":1357396170,"states":["connect","run","respond"],"executing":true}}
1152342180	none	{"result":{"address":1152342180,"states":["connect","run","respond"],"executing":true}}
1907311526	none	{"result":{"address":1907311526,"states":["connect","run","respond"],"executing":true}}
273918390	none	{"result":{"address":273918390,"states":["connect","run","respond"],"executing":true}}
1241155833	none	{"result":{"address":1241155833,"states":["connect","run","respond"],"executing":true}}
504192412	none	{"result":{"address":504192412,"states":["connect","run","respond"],"executing":true}}
1368217287	none	{"result":{"address":1368217287,"states":["connect","run","respond"],"executing":true}}
824863725	none	{"result":{"address":824863725,"states":["connect","run","respond"],"executing":true}}
1356814012	none	{"result":{"address":1356814012,"states":["connect","run","respond"],"executing":true}}
442983870	none	{"result":{"address":442983870,"states":["connect","run","respond"],"executing":true}}
199473571	none	{"result":{"address":199473571,"states":["connect","run","respond"],"executing":true}}
406253695	none	{"result":{"address":406253695,"states":["connect","run","respond"],"executing":true}}
901693632	none	{"result":{"address":901693632,"states":["connect","run","respond"],"executing":true}}
445623661	none	{"result":{"address":445623661,"states":["connect","run","respond"],"executing":true}}
1842582457	none	{"result":{"address":1842582457,"states":["connect","run","respond"],"executing":true}}
1770074063	none	{"result":{"address":1770074063,"states":["connect","run","respond"],"executing":true}}
288870181	none	{"result":{"address":288870181,"states":["connect","run","respond"],"executing":true}}
1986718216	none	{"result":{"address":1986718216,"states":["connect","run","respond"],"executing":true}}
2132720816	none	{"result":{"address":2132720816,"states":["connect","run","respond"],"executing":true}}
683194224	none	{"result":{"address":683194224,"states":["connect","run","respond"],"executing":true}}
1132368876	none	{"result":{"address":1132368876,"states":["connect","run","respond"],"executing":true}}
1262441797	none	{"result":{"address":1262441797,"states":["connect","run","respond"],"executing":true}}
1965919109	none	{"result":{"address":1965919109,"states":["connect","run","respond"],"executing":true}}
2134001906	none	{"result":{"address":2134001906,"states":["connect","run","respond"],"executing":true}}
226037517	none	{"result":{"address":226037517,"states":["connect","run","respond"],"executing":true}}
367833969	none	{"result":{"address":367833969,"states":["connect","run","respond"],"executing":true}}
1214618474	none	{"result":{"address":1214618474,"states":["connect","run","respond"],"executing":true}}
710090217	none	{"result":{"address":710090217,"states":["connect","run","respond"],"executing":true}}
424716174	none	{"result":{"address":424716174,"states":["connect","run","respond"],"executing":true}}
1887405383	none	{"result":{"address":1887405383,"states":["connect","run","respond"],"executing":true}}
1199156033	none	{"result":{"address":1199156033,"states":["connect","run","respond"],"executing":true}}
1067653083	none	{"result":{"address":1067653083,"states":["connect","run","respond"],"executing":true}}
1829145789	none	{"result":{"address":1829145789,"states":["connect","run","respond"],"executing":true}}
1772487660	none	{"result":{"address":1772487660,"states":["connect","run","respond"],"executing":true}}
498620497	none	{"result":{"address":498620497,"states":["connect","run","respond"],"executing":true}}
1265030288	none	{"result":{"address":1265030288,"states":["connect","run","respond"],"executing":true}}
875975276	none	{"result":{"address":875975276,"states":["connect","run","respond"],"executing":true}}
747994331	none	{"result":{"address":747994331,"states":["connect","run","respond"],"executing":true}}
1210456662	none	{"result":{"address":1210456662,"states":["connect","run","respond"],"executing":true}}
1700993824	none	{"result":{"address":1700993824,"states":["connect","run","respond"],"executing":true}}
441404872	none	{"result":{"address":441404872,"states":["connect","run","respond"],"executing":true}}
2129278995	none	{"result":{"address":2129278995,"states":["connect","run","respond"],"executing":true}}
817871093	none	{"result":{"address":817871093,"states":["connect","run","respond"],"executing":true}}
268065562	none	{"result":{"address":268065562,"states":["connect","run","respond"],"executing":true}}
2115121293	none	{"result":{"address":2115121293,"states":["connect","run","respond"],"executing":true}}
703029487	none	{"result":{"address":703029487,"states":["connect","run","respond"],"executing":true}}
93597970	none	{"result":{"address":93597970,"states":["connect","run","respond"],"executing":true}}
848426895	none	{"result":{"address":848426895,"states":["connect","run","respond"],"executing":true}}
930087083	none	{"result":{"address":930087083,"states":["connect","run","respond"],"executing":true}}
1753666911	none	{"result":{"address":1753666911,"states":["connect","run","respond"],"executing":true}}
87803362	none	{"result":{"address":87803362,"states":["connect","run","respond"],"executing":true}}
954408748	none	{"result":{"address":954408748,"states":["connect","run","respond"],"executing":true}}
405953799	none	{"result":{"address":405953799,"states":["connect","run","respond"],"executing":true}}
619547852	none	{"result":{"address":619547852,"states":["connect","run","respond"],"executing":true}}
209445741	none	{"result":{"address":209445741,"states":["connect","run","respond"],"executing":true}}
1282140445	none	{"result":{"address":1282140445,"states":["connect","run","respond"],"executing":true}}
1462779319	none	{"result":{"address":1462779319,"states":["connect","run","respond"],"executing":true}}
2002754275	none	{"result":{"address":2002754275,"states":["connect","run","respond"],"executing":true}}
286169189	none	{"result":{"address":286169189,"states":["connect","run","respond"],"executing":true}}
926172071	none	{"result":{"address":926172071,"states":["connect","run","respond"],"executing":true}}
1475483545	none	{"result":{"address":1475483545,"states":["connect","run","respond"],"executing":true}}
854180911	none	{"result":{"address":854180911,"states":["connect","run","respond"],"executing":true}}
325381557	none	{"result":{"address":325381557,"states":["connect","run","respond"],"executing":true}}
764575518	none	{"result":{"address":764575518,"states":["connect","run","respond"],"executing":true}}
60497158	none	{"result":{"address":60497158,"states":["connect","run","respond"],"executing":true}}
1588654932	none	{"result":{"address":1588654932,"states":["connect","run","respond"],"executing":true}}
1553201298	none	{"result":{"address":1553201298,"states":["connect","run","respond"],"executing":true}}
1816610100	none	{"result":{"address":1816610100,"states":["connect","run","respond"],"executing":true}}
1846585693	none	{"result":{"address":1846585693,"states":["connect","run","respond"],"executing":true}}
1918294850	none	{"result":{"address":1918294850,"states":["connect","run","respond"],"executing":true}}
554571511	none	{"result":{"address":554571511,"states":["connect","run","respond"],"executing":true}}
1993136980	none	{"result":{"address":1993136980,"states":["connect","run","respond"],"executing":true}}
2059036117	none	{"result":{"address":2059036117,"states":["connect","run","respond"],"executing":true}}
1521665995	none	{"result":{"address":1521665995,"states":["connect","run","respond"],"executing":true}}
1570105178	none	{"result":{"address":1570105178,"states":["connect","run","respond"],"executing":true}}
95406201	none	{"result":{"address":95406201,"states":["connect","run","respond"],"executing":true}}
354835566	none	{"result":{"address":354835566,"states":["connect","run","respond"],"executing":true}}
265577626	none	{"result":{"address":265577626,"states":["connect","run","respond"],"executing":true}}
517838098	none	{"result":{"address":517838098,"states":["connect","run","respond"],"executing":true}}
632692637	none	{"result":{"address":632692637,"states":["connect","run","respond"],"executing":true}}
1470286037	none	{"result":{"address":1470286037,"states":["connect","run","respond"],"executing":true}}
801212571	none	{"result":{"address":801212571,"states":["connect","run","respond"],"executing":true}}
1457179985	none	{"result":{"address":1457179985,"states":["connect","run","respond"],"executing":true}}
1990312830	none	{"result":{"address":1990312830,"states":["connect","run","respond"],"executing":true}}
681666333	none	{"result":{"address":681666333,"states":["connect","run","respond"],"executing":true}}
871128176	none	{"result":{"address":871128176,"states":["connect","run","respond"],"executing":true}}
1525399482	none	{"result":{"address":1525399482,"states":["connect","run","respond"],"executing":true}}
970672304	none	{"result":{"address":970672304,"states":["connect","run","respond"],"executing":true}}
1217129872	none	{"result":{"address":1217129872,"states":["connect","run","respond"],"executing":true}}
2039380000	none	{"result":{"address":2039380000,"states":["connect","run","respond"],"executing":true}}
1904119922	none	{"result":{"address":1904119922,"states":["connect","run","respond"],"executing":true}}
888969048	none	{"result":{"address":888969048,"states":["connect","run","respond"],"executing":true}}
1582574581	none	{"result":{"address":1582574581,"states":["connect","run","respond"],"executing":true}}
2029215853	none	{"result":{"address":2029215853,"states":["connect","run","respond"],"executing":true}}
668763062	none	{"result":{"address":668763062,"states":["connect","run","respond"],"executing":true}}
1170255834	none	{"result":{"address":1170255834,"states":["connect","run","respond"],"executing":true}}
1636147859	none	{"result":{"address":1636147859,"states":["connect","run","respond"],"executing":true}}
1342286336	none	{"result":{"address":1342286336,"states":["connect","run","respond"],"executing":true}}
170208382	none	{"result":{"address":170208382,"states":["connect","run","respond"],"executing":true}}
606122732	none	{"result":{"address":606122732,"states":["connect","run","respond"],"executing":true}}
963193813	none	{"result":{"address":963193813,"states":["connect","run","respond"],"executing":true}}
79826389	none	{"result":{"address":79826389,"states":["connect","run","respond"],"executing":true}}
374204060	none	{"result":{"address":374204060,"states":["connect","run","respond"],"executing":true}}
570784590	none	{"result":{"address":570784590,"states":["connect","run","respond"],"executing":true}}
801129256	none	{"result":{"address":801129256,"states":["connect","run","respond"],"executing":true}}
729684076	none	{"result":{"address":729684076,"states":["connect","run","respond"],"executing":true}}
1727253778	none	{"result":{"address":1727253778,"states":["connect","run","respond"],"executing":true}}
376820440	none	{"result":{"address":376820440,"states":["connect","run","respond"],"executing":true}}
250475204	none	{"result":{"address":250475204,"states":["connect","run","respond"],"executing":true}}
720491552	none	{"result":{"address":720491552,"states":["connect","run","respond"],"executing":true}}
1870587412	none	{"result":{"address":1870587412,"states":["connect","run","respond"],"executing":true}}
859235615	none	{"result":{"address":859235615,"states":["connect","run","respond"],"executing":true}}
180735030	none	{"result":{"address":180735030,"states":["connect","run","respond"],"executing":true}}
1964856025	none	{"result":{"address":1964856025,"states":["connect","run","respond"],"executing":true}}
785266420	none	{"result":{"address":785266420,"states":["connect","run","respond"],"executing":true}}
2129315972	none	{"result":{"address":2129315972,"states":["connect","run","respond"],"executing":true}}
1664001104	none	{"result":{"address":1664001104,"states":["connect","run","respond"],"executing":true}}
1554040327	none	{"result":{"address":1554040327,"states":["connect","run","respond"],"executing":true}}
1283884139	none	{"result":{"address":1283884139,"states":["connect","run","respond"],"executing":true}}
1459630237	none	{"result":{"address":1459630237,"states":["connect","run","respond"],"executing":true}}
119293441	none	{"result":{"address":119293441,"states":["connect","run","respond"],"executing":true}}
1842699313	none	{"result":{"address":1842699313,"states":["connect","run","respond"],"executing":true}}
92457640	none	{"result":{"address":92457640,"states":["connect","run","respond"],"executing":true}}
1005909261	none	{"result":{"address":1005909261,"states":["connect","run","respond"],"executing":true}}
1741726	none	{"result":{"address":1741726,"states":["connect","run","respond"],"executing":true}}
767585196	none	{"result":{"address":767585196,"states":["connect","run","respond"],"executing":true}}
644989811	none	{"result":{"address":644989811,"states":["connect","run","respond"],"executing":true}}
685428015	none	{"result":{"address":685428015,"states":["connect","run","respond"],"executing":true}}
1372768330	none	{"result":{"address":1372768330,"states":["connect","run","respond"],"executing":true}}
1684111114	none	{"result":{"address":1684111114,"states":["connect","run","respond"],"executing":true}}
806872537	none	{"result":{"address":806872537,"states":["connect","run","respond"],"executing":true}}
1330030155	none	{"result":{"address":1330030155,"states":["connect","run","respond"],"executing":true}}
1086651043	none	{"result":{"address":1086651043,"states":["connect","run","respond"],"executing":true}}
1555171738	none	{"result":{"address":1555171738,"states":["connect","run","respond"],"executing":true}}
1782964344	none	{"result":{"address":1782964344,"states":["connect","run","respond"],"executing":true}}
1408254217	none	{"result":{"address":1408254217,"states":["connect","run","respond"],"executing":true}}
720057212	none	{"result":{"address":720057212,"states":["connect","run","respond"],"executing":true}}
1406233195	none	{"result":{"address":1406233195,"states":["connect","run","respond"],"executing":true}}
1628291322	none	{"result":{"address":1628291322,"states":["connect","run","respond"],"executing":true}}
1718154728	none	{"result":{"address":1718154728,"states":["connect","run","respond"],"executing":true}}
221910470	none	{"result":{"address":221910470,"states":["connect","run","respond"],"executing":true}}
255686192	none	{"result":{"address":255686192,"states":["connect","run","respond"],"executing":true}}
1077421061	none	{"result":{"address":1077421061,"states":["connect","run","respond"],"executing":true}}
1906776711	none	{"result":{"address":1906776711,"states":["connect","run","respond"],"executing":true}}
1789049050	none	{"result":{"address":1789049050,"states":["connect","run","respond"],"executing":true}}
1941181613	none	{"result":{"address":1941181613,"states":["connect","run","respond"],"executing":true}}
27322948	none	{"result":{"address":27322948,"states":["connect","run","respond"],"executing":true}}
930525878	none	{"result":{"address":930525878,"states":["connect","run","respond"],"executing":true}}
515709275	none	{"result":{"address":515709275,"states":["connect","run","respond"],"executing":true}}
1012322014	none	{"result":{"address":1012322014,"states":["connect","run","respond"],"executing":true}}
139333369	none	{"result":{"address":139333369,"states":["connect","run","respond"],"executing":true}}
1073543033	none	{"result":{"address":1073543033,"states":["connect","run","respond"],"executing":true}}
393943416	none	{"result":{"address":393943416,"states":["connect","run","respond"],"executing":true}}
693005946	none	{"result":{"address":693005946,"states":["connect","run","respond"],"executing":true}}
304662929	none	{"result":{"address":304662929,"states":["connect","run","respond"],"executing":true}}
215972870	none	{"result":{"address":215972870,"states":["connect","run","respond"],"executing":true}}
1389701891	none	{"result":{"address":1389701891,"states":["connect","run","respond"],"executing":true}}
1123777427	none	{"result":{"address":1123777427,"states":["connect","run","respond"],"executing":true}}
1890604842	none	{"result":{"address":1890604842,"states":["connect","run","respond"],"executing":true}}
825997320	none	{"result":{"address":825997320,"states":["connect","run","respond"],"executing":true}}
1828628695	none	{"result":{"address":1828628695,"states":["connect","run","respond"],"executing":true}}
1250120906	none	{"result":{"address":1250120906,"states":["connect","run","respond"],"executing":true}}
1063110394	none	{"result":{"address":1063110394,"states":["connect","run","respond"],"executing":true}}
844138588	none	{"result":{"address":844138588,"states":["connect","run","respond"],"executing":true}}
509998479	none	{"result":{"address":509998479,"states":["connect","run","respond"],"executing":true}}
1085750922	none	{"result":{"address":1085750922,"states":["connect","run","respond"],"executing":true}}
1562773337	none	{"result":{"address":1562773337,"states":["connect","run","respond"],"executing":true}}
591685969	none	{"result":{"address":591685969,"states":["connect","run","respond"],"executing":true}}
1894827825	none	{"result":{"address":1894827825,"states":["connect","run","respond"],"executing":true}}
317256355	none	{"result":{"address":317256355,"states":["connect","run","respond"],"executing":true}}
1543683200	none	{"result":{"address":1543683200,"states":["connect","run","respond"],"executing":true}}
1404458405	none	{"result":{"address":1404458405,"states":["connect","run","respond"],"executing":true}}
601730692	none	{"result":{"address":601730692,"states":["connect","run","respond"],"executing":true}}
2093520412	none	{"result":{"address":2093520412,"states":["connect","run","respond"],"executing":true}}
1490313345	none	{"result":{"address":1490313345,"states":["connect","run","respond"],"executing":true}}
1974100485	none	{"result":{"address":1974100485,"states":["connect","run","respond"],"executing":true}}
509297160	none	{"result":{"address":509297160,"states":["connect","run","respond"],"executing":true}}
1476636974	none	{"result":{"address":1476636974,"states":["connect","run","respond"],"executing":true}}
515849979	none	{"result":{"address":515849979,"states":["connect","run","respond"],"executing":true}}
340662248	none	{"result":{"address":340662248,"states":["connect","run","respond"],"executing":true}}
1263664037	none	{"result":{"address":1263664037,"states":["connect","run","respond"],"executing":true}}
1559053334	none	{"result":{"address":1559053334,"states":["connect","run","respond"],"executing":true}}
470424037	none	{"result":{"address":470424037,"states":["connect","run","respond"],"executing":true}}
1472297111	none	{"result":{"address":1472297111,"states":["connect","run","respond"],"executing":true}}
163595401	none	{"result":{"address":163595401,"states":["connect","run","respond"],"executing":true}}
1884042558	none	{"result":{"address":1884042558,"states":["connect","run","respond"],"executing":true}}
1567036357	none	{"result":{"address":1567036357,"states":["connect","run","respond"],"executing":true}}
379443879	none	{"result":{"address":379443879,"states":["connect","run","respond"],"executing":true}}
557871236	none	{"result":{"address":557871236,"states":["connect","run","respond"],"executing":true}}
1362146840	none	{"result":{"address":1362146840,"states":["connect","run","respond"],"executing":true}}
1590132365	none	{"result":{"address":1590132365,"states":["connect","run","respond"],"executing":true}}
1308135066	none	{"result":{"address":1308135066,"states":["connect","run","respond"],"executing":true}}
1659104538	none	{"result":{"address":1659104538,"states":["connect","run","respond"],"executing":true}}
434507980	none	{"result":{"address":434507980,"states":["connect","run","respond"],"executing":true}}
83624878	none	{"result":{"address":83624878,"states":["connect","run","respond"],"executing":true}}
1471323359	none	{"result":{"address":1471323359,"states":["connect","run","respond"],"executing":true}}
696709391	none	{"result":{"address":696709391,"states":["connect","run","respond"],"executing":true}}
1372717658	none	{"result":{"address":1372717658,"states":["connect","run","respond"],"executing":true}}
1984292371	none	{"result":{"address":1984292371,"states":["connect","run","respond"],"executing":true}}
126507638	none	{"result":{"address":126507638,"states":["connect","run","respond"],"executing":true}}
223174426	none	{"result":{"address":223174426,"states":["connect","run","respond"],"executing":true}}
50144189	none	{"result":{"address":50144189,"states":["connect","run","respond"],"executing":true}}
1192250427	none	{"result":{"address":1192250427,"states":["connect","run","respond"],"executing":true}}
994900746	none	{"result":{"address":994900746,"states":["connect","run","respond"],"executing":true}}
1387061236	none	{"result":{"address":1387061236,"states":["connect","run","respond"],"executing":true}}
486323264	none	{"result":{"address":486323264,"states":["connect","run","respond"],"executing":true}}
23161088	none	{"result":{"address":23161088,"states":["connect","run","respond"],"executing":true}}
1451310640	none	{"result":{"address":1451310640,"states":["connect","run","respond"],"executing":true}}
1525032215	none	{"result":{"address":1525032215,"states":["connect","run","respond"],"executing":true}}
532202156	none	{"result":{"address":532202156,"states":["connect","run","respond"],"executing":true}}
1580903797	none	{"result":{"address":1580903797,"states":["connect","run","respond"],"executing":true}}
1286743695	none	{"result":{"address":1286743695,"states":["connect","run","respond"],"executing":true}}
1762240103	none	{"result":{"address":1762240103,"states":["connect","run","respond"],"executing":true}}
1538169889	none	{"result":{"address":1538169889,"states":["connect","run","respond"],"executing":true}}
1608687944	none	{"result":{"address":1608687944,"states":["connect","run","respond"],"executing":true}}
1620228230	none	{"result":{"address":1620228230,"states":["connect","run","respond"],"executing":true}}
240265912	none	{"result":{"address":240265912,"states":["connect","run","respond"],"executing":true}}
1440914599	none	{"result":{"address":1440914599,"states":["connect","run","respond"],"executing":true}}
1846573400	none	{"result":{"address":1846573400,"states":["connect","run","respond"],"executing":true}}
1605700991	none	{"result":{"address":1605700991,"states":["connect","run","respond"],"executing":true}}
2117240553	none	{"result":{"address":2117240553,"states":["connect","run","respond"],"executing":true}}
501867343	none	{"result":{"address":501867343,"states":["connect","run","respond"],"executing":true}}
75387480	none	{"result":{"address":75387480,"states":["connect","run","respond"],"executing":true}}
9764455	none	{"result":{"address":9764455,"states":["connect","run","respond"],"executing":true}}
897301370	none	{"result":{"address":897301370,"states":["connect","run","respond"],"executing":true}}
1320166917	none	{"result":{"address":1320166917,"states":["connect","run","respond"],"executing":true}}
932736546	none	{"result":{"address":932736546,"states":["connect","run","respond"],"executing":true}}
1417566103	none	{"result":{"address":1417566103,"states":["connect","run","respond"],"executing":true}}
547504552	none	{"result":{"address":547504552,"states":["connect","run","respond"],"executing":true}}
1804789957	none	{"result":{"address":1804789957,"states":["connect","run","respond"],"executing":true}}
298286851	none	{"result":{"address":298286851,"states":["connect","run","respond"],"executing":true}}
835891575	none	{"result":{"address":835891575,"states":["connect","run","respond"],"executing":true}}
112422698	none	{"result":{"address":112422698,"states":["connect","run","respond"],"executing":true}}
1127580696	none	{"result":{"address":1127580696,"states":["connect","run","respond"],"executing":true}}
133395931	none	{"result":{"address":133395931,"states":["connect","run","respond"],"executing":true}}
1946462288	none	{"result":{"address":1946462288,"states":["connect","run","respond"],"executing":true}}
1082280104	none	{"result":{"address":1082280104,"states":["connect","run","respond"],"executing":true}}
1825081280	none	{"result":{"address":1825081280,"states":["connect","run","respond"],"executing":true}}
86331804	none	{"result":{"address":86331804,"states":["connect","run","respond"],"executing":true}}
844574254	none	{"result":{"address":844574254,"states":["connect","run","respond"],"executing":true}}
1811808542	none	{"result":{"address":1811808542,"states":["connect","run","respond"],"executing":true}}
1461542055	none	{"result":{"address":1461542055,"states":["connect","run","respond"],"executing":true}}
1041912291	none	{"result":{"address":1041912291,"states":["connect","run","respond"],"executing":true}}
68270150	none	{"result":{"address":68270150,"states":["connect","run","respond"],"executing":true}}
1002485399	none	{"result":{"address":1002485399,"states":["connect","run","respond"],"executing":true}}
1994527783	none	{"result":{"address":1994527783,"states":["connect","run","respond"],"executing":true}}
1338591415	none	{"result":{"address":1338591415,"states":["connect","run","respond"],"executing":true}}
628644602	none	{"result":{"address":628644602,"states":["connect","run","respond"],"executing":true}}
958414746	none	{"result":{"address":958414746,"states":["connect","run","respond"],"executing":true}}
1711829631	none	{"result":{"address":1711829631,"states":["connect","run","respond"],"executing":true}}
736765033	none	{"result":{"address":736765033,"states":["connect","run","respond"],"executing":true}}
1080483276	none	{"result":{"address":1080483276,"states":["connect","run","respond"],"executing":true}}
573991202	none	{"result":{"address":573991202,"states":["connect","run","respond"],"executing":true}}
290154351	none	{"result":{"address":290154351,"states":["connect","run","respond"],"executing":true}}
361831254	none	{"result":{"address":361831254,"states":["connect","run","respond"],"executing":true}}
1877929370	none	{"result":{"address":1877929370,"states":["connect","run","respond"],"executing":true}}
1484586289	none	{"result":{"address":1484586289,"states":["connect","run","respond"],"executing":true}}
761075088	none	{"result":{"address":761075088,"states":["connect","run","respond"],"executing":true}}
1389792069	none	{"result":{"address":1389792069,"states":["connect","run","respond"],"executing":true}}
693890614	none	{"result":{"address":693890614,"states":["connect","run","respond"],"executing":true}}
512642960	none	{"result":{"address":512642960,"states":["connect","run","respond"],"executing":true}}
1343833130	none	{"result":{"address":1343833130,"states":["connect","run","respond"],"executing":true}}
2084797849	none	{"result":{"address":2084797849,"states":["connect","run","respond"],"executing":true}}
2018069613	none	{"result":{"address":2018069613,"states":["connect","run","respond"],"executing":true}}
1761368909	none	{"result":{"address":1761368909,"states":["connect","run","respond"],"executing":true}}
1208432052	none	{"result":{"address":1208432052,"states":["connect","run","respond"],"executing":true}}
623982149	none	{"result":{"address":623982149,"states":["connect","run","respond"],"executing":true}}
1408466505	none	{"result":{"address":1408466505,"states":["connect","run","respond"],"executing":true}}
1930822985	none	{"result":{"address":1930822985,"states":["connect","run","respond"],"executing":true}}
920080245	none	{"result":{"address":920080245,"states":["connect","run","respond"],"executing":true}}
2070310125	none	{"result":{"address":2070310125,"states":["connect","run","respond"],"executing":true}}
545370857	none	{"result":{"address":545370857,"states":["connect","run","respond"],"executing":true}}
1602166019	none	{"result":{"address":1602166019,"states":["connect","run","respond"],"executing":true}}
192549671	none	{"result":{"address":192549671,"states":["connect","run","respond"],"executing":true}}
976805711	none	{"result":{"address":976805711,"states":["connect","run","respond"],"executing":true}}
397977918	none	{"result":{"address":397977918,"states":["connect","run","respond"],"executing":true}}
139595064	none	{"result":{"address":139595064,"states":["connect","run","respond"],"executing":true}}
887562783	none	{"result":{"address":887562783,"states":["connect","run","respond"],"executing":true}}
2037159669	none	{"result":{"address":2037159669,"states":["connect","run","respond"],"executing":true}}
1385855811	none	{"result":{"address":1385855811,"states":["connect","run","respond"],"executing":true}}
297180833	none	{"result":{"address":297180833,"states":["connect","run","respond"],"executing":true}}
261365149	none	{"result":{"address":261365149,"states":["connect","run","respond"],"executing":true}}
1399500359	none	{"result":{"address":1399500359,"states":["connect","run","respond"],"executing":true}}
1545010017	none	{"result":{"address":1545010017,"states":["connect","run","respond"],"executing":true}}
1864640788	none	{"result":{"address":1864640788,"states":["connect","run","respond"],"executing":true}}
1163416503	none	{"result":{"address":1163416503,"states":["connect","run","respond"],"executing":true}}
49740832	none	{"result":{"address":49740832,"states":["connect","run","respond"],"executing":true}}
315041484	none	{"result":{"address":315041484,"states":["connect","run","respond"],"executing":true}}
1908768019	none	{"result":{"address":1908768019,"states":["connect","run","respond"],"executing":true}}
940334920	none	{"result":{"address":940334920,"states":["connect","run","respond"],"executing":true}}
1978499118	none	{"result":{"address":1978499118,"states":["connect","run","respond"],"executing":true}}
78394766	none	{"result":{"address":78394766,"states":["connect","run","respond"],"executing":true}}
430645734	none	{"result":{"address":430645734,"states":["connect","run","respond"],"executing":true}}
599287292	none	{"result":{"address":599287292,"states":["connect","run","respond"],"executing":true}}
975468108	none	{"result":{"address":975468108,"states":["connect","run","respond"],"executing":true}}
44985961	none	{"result":{"address":44985961,"states":["connect","run","respond"],"executing":true}}
1330143731	none	{"result":{"address":1330143731,"states":["connect","run","respond"],"executing":true}}
419613101	none	{"result":{"address":419613101,"states":["connect","run","respond"],"executing":true}}
1533932686	none	{"result":{"address":1533932686,"states":["connect","run","respond"],"executing":true}}
1118759874	none	{"result":{"address":1118759874,"states":["connect","run","respond"],"executing":true}}
695428714	none	{"result":{"address":695428714,"states":["connect","run","respond"],"executing":true}}
654327900	none	{"result":{"address":654327900,"states":["connect","run","respond"],"executing":true}}
1127798986	none	{"result":{"address":1127798986,"states":["connect","run","respond"],"executing":true}}
408081356	none	{"result":{"address":408081356,"states":["connect","run","respond"],"executing":true}}
153665319	none	{"result":{"address":153665319,"states":["connect","run","respond"],"executing":true}}
1980832396	none	{"result":{"address":1980832396,"states":["connect","run","respond"],"executing":true}}
675713344	none	{"result":{"address":675713344,"states":["connect","run","respond"],"executing":true}}
517780272	none	{"result":{"address":517780272,"states":["connect","run","respond"],"executing":true}}
1436964818	none	{"result":{"address":1436964818,"states":["connect","run","respond"],"executing":true}}
1818035932	none	{"result":{"address":1818035932,"states":["connect","run","respond"],"executing":true}}
937148975	none	{"result":{"address":937148975,"states":["connect","run","respond"],"executing":true}}
1841388078	none	{"result":{"address":1841388078,"states":["connect","run","respond"],"executing":true}}
921284419	none	{"result":{"address":921284419,"states":["connect","run","respond"],"executing":true}}
618739454	none	{"result":{"address":618739454,"states":["connect","run","respond"],"executing":true}}
614123855	none	{"result":{"address":614123855,"states":["connect","run","respond"],"executing":true}}
1102371912	none	{"result":{"address":1102371912,"states":["connect","run","respond"],"executing":true}}
1966270644	none	{"result":{"address":1966270644,"states":["connect","run","respond"],"executing":true}}
1551864155	none	{"result":{"address":1551864155,"states":["connect","run","respond"],"executing":true}}
811651843	none	{"result":{"address":811651843,"states":["connect","run","respond"],"executing":true}}
2070798760	none	{"result":{"address":2070798760,"states":["connect","run","respond"],"executing":true}}
765920038	none	{"result":{"address":765920038,"states":["connect","run","respond"],"executing":true}}
827701289	none	{"result":{"address":827701289,"states":["connect","run","respond"],"executing":true}}
408811613	none	{"result":{"address":408811613,"states":["connect","run","respond"],"executing":true}}
169522156	none	{"result":{"address":169522156,"states":["connect","run","respond"],"executing":true}}
89684859	none	{"result":{"address":89684859,"states":["connect","run","respond"],"executing":true}}
361093589	none	{"result":{"address":361093589,"states":["connect","run","respond"],"executing":true}}
5745887	none	{"result":{"address":5745887,"states":["connect","run","respond"],"executing":true}}
2040687224	none	{"result":{"address":2040687224,"states":["connect","run","respond"],"executing":true}}
180011968	none	{"result":{"address":180011968,"states":["connect","run","respond"],"executing":true}}
1972824368	none	{"result":{"address":1972824368,"states":["connect","run","respond"],"executing":true}}
525439194	none	{"result":{"address":525439194,"states":["connect","run","respond"],"executing":true}}
620755985	none	{"result":{"address":620755985,"states":["connect","run","respond"],"executing":true}}
1227863755	none	{"result":{"address":1227863755,"states":["connect","run","respond"],"executing":true}}
479789254	none	{"result":{"address":479789254,"states":["connect","run","respond"],"executing":true}}
873003727	none	{"result":{"address":873003727,"states":["connect","run","respond"],"executing":true}}
1284410123	none	{"result":{"address":1284410123,"states":["connect","run","respond"],"executing":true}}
1344629366	none	{"result":{"address":1344629366,"states":["connect","run","respond"],"executing":true}}
1435264107	none	{"result":{"address":1435264107,"states":["connect","run","respond"],"executing":true}}
1536261028	none	{"result":{"address":1536261028,"states":["connect","run","respond"],"executing":true}}
2083747345	none	{"result":{"address":2083747345,"states":["connect","run","respond"],"executing":true}}
6268263	none	{"result":{"address":6268263,"states":["connect","run","respond"],"executing":true}}
545631406	none	{"result":{"address":545631406,"states":["connect","run","respond"],"executing":true}}
605685785	none	{"result":{"address":605685785,"states":["connect","run","respond"],"executing":true}}
2815164	none	{"result":{"address":2815164,"states":["connect","run","respond"],"executing":true}}
1159794942	none	{"result":{"address":1159794942,"states":["connect","run","respond"],"executing":true}}
622553609	none	{"result":{"address":622553609,"states":["connect","run","respond"],"executing":true}}
184740975	none	{"result":{"address":184740975,"states":["connect","run","respond"],"executing":true}}
1278532281	none	{"result":{"address":1278532281,"states":["connect","run","respond"],"executing":true}}
1710763387	none	{"result":{"address":1710763387,"states":["connect","run","respond"],"executing":true}}
366278255	none	{"result":{"address":366278255,"states":["connect","run","respond"],"executing":true}}
1942777808	none	{"result":{"address":1942777808,"states":["connect","run","respond"],"executing":true}}
386550386	none	{"result":{"address":386550386,"states":["connect","run","respond"],"executing":true}}
489378008	none	{"result":{"address":489378008,"states":["connect","run","respond"],"executing":true}}
809213297	none	{"result":{"address":809213297,"states":["connect","run","respond"],"executing":true}}
1183221359	none	{"result":{"address":1183221359,"states":["connect","run","respond"],"executing":true}}
386728718	none	{"result":{"address":386728718,"states":["connect","run","respond"],"executing":true}}
475632153	none	{"result":{"address":475632153,"states":["connect","run","respond"],"executing":true}}
1542326499	none	{"result":{"address":1542326499,"states":["connect","run","respond"],"executing":true}}
369591954	none	{"result":{"address":369591954,"states":["connect","run","respond"],"executing":true}}
323825865	none	{"result":{"address":323825865,"states":["connect","run","respond"],"executing":true}}
931755362	none	{"result":{"address":931755362,"states":["connect","run","respond"],"executing":true}}
952949007	none	{"result":{"address":952949007,"states":["connect","run","respond"],"executing":true}}
2048335365	none	{"result":{"address":2048335365,"states":["connect","run","respond"],"executing":true}}
1442651429	none	{"result":{"address":1442651429,"states":["connect","run","respond"],"executing":true}}
1912265266	none	{"result":{"address":1912265266,"states":["connect","run","respond"],"executing":true}}
1876930456	none	{"result":{"address":1876930456,"states":["connect","run","respond"],"executing":true}}
1277853494	none	{"result":{"address":1277853494,"states":["connect","run","respond"],"executing":true}}
1379079315	none	{"result":{"address":1379079315,"states":["connect","run","respond"],"executing":true}}
349913045	none	{"result":{"address":349913045,"states":["connect","run","respond"],"executing":true}}
1595467050	none	{"result":{"address":1595467050,"states":["connect","run","respond"],"executing":true}}
899873970	none	{"result":{"address":899873970,"states":["connect","run","respond"],"executing":true}}
1137604540	none	{"result":{"address":1137604540,"states":["connect","run","respond"],"executing":true}}
1942458063	none	{"result":{"address":1942458063,"states":["connect","run","respond"],"executing":true}}
1359003020	none	{"result":{"address":1359003020,"states":["connect","run","respond"],"executing":true}}
363842967	none	{"result":{"address":363842967,"states":["connect","run","respond"],"executing":true}}
295718118	none	{"result":{"address":295718118,"states":["connect","run","respond"],"executing":true}}
109316639	none	{"result":{"address":109316639,"states":["connect","run","respond"],"executing":true}}
1951285083	none	{"result":{"address":1951285083,"states":["connect","run","respond"],"executing":true}}
409102062	none	{"result":{"address":409102062,"states":["connect","run","respond"],"executing":true}}
2047542924	none	{"result":{"address":2047542924,"states":["connect","run","respond"],"executing":true}}
523621147	none	{"result":{"address":523621147,"states":["connect","run","respond"],"executing":true}}
1003319593	none	{"result":{"address":1003319593,"states":["connect","run","respond"],"executing":true}}
259856194	none	{"result":{"address":259856194,"states":["connect","run","respond"],"executing":true}}
1190846094	none	{"result":{"address":1190846094,"states":["connect","run","respond"],"executing":true}}
459937740	none	{"result":{"address":459937740,"states":["connect","run","respond"],"executing":true}}
1173177822	none	{"result":{"address":1173177822,"states":["connect","run","respond"],"executing":true}}
1970341466	none	{"result":{"address":1970341466,"states":["connect","run","respond"],"executing":true}}
1747824572	none	{"result":{"address":1747824572,"states":["connect","run","respond"],"executing":true}}
2010644319	none	{"result":{"address":2010644319,"states":["connect","run","respond"],"executing":true}}
1130258695	none	{"result":{"address":1130258695,"states":["connect","run","respond"],"executing":true}}
1057305900	none	{"result":{"address":1057305900,"states":["connect","run","respond"],"executing":true}}
1459084935	none	{"result":{"address":1459084935,"states":["connect","run","respond"],"executing":true}}
1791627759	none	{"result":{"address":1791627759,"states":["connect","run","respond"],"executing":true}}
1887424588	none	{"result":{"address":1887424588,"states":["connect","run","respond"],"executing":true}}
1326295353	none	{"result":{"address":1326295353,"states":["connect","run","respond"],"executing":true}}
1957817372	none	{"result":{"address":1957817372,"states":["connect","run","respond"],"executing":true}}
1875766955	none	{"result":{"address":1875766955,"states":["connect","run","respond"],"executing":true}}
1653485360	none	{"result":{"address":1653485360,"states":["connect","run","respond"],"executing":true}}
314473641	none	{"result":{"address":314473641,"states":["connect","run","respond"],"executing":true}}
288302941	none	{"result":{"address":288302941,"states":["connect","run","respond"],"executing":true}}
899894219	none	{"result":{"address":899894219,"states":["connect","run","respond"],"executing":true}}
552430771	none	{"result":{"address":552430771,"states":["connect","run","respond"],"executing":true}}
679149996	none	{"result":{"address":679149996,"states":["connect","run","respond"],"executing":true}}
808339887	none	{"result":{"address":808339887,"states":["connect","run","respond"],"executing":true}}
1783667040	none	{"result":{"address":1783667040,"states":["connect","run","respond"],"executing":true}}
1608101414	none	{"result":{"address":1608101414,"states":["connect","run","respond"],"executing":true}}
1296906767	none	{"result":{"address":1296906767,"states":["connect","run","respond"],"executing":true}}
1195378615	none	{"result":{"address":1195378615,"states":["connect","run","respond"],"executing":true}}
1724220302	none	{"result":{"address":1724220302,"states":["connect","run","respond"],"executing":true}}
705125105	none	{"result":{"address":705125105,"states":["connect","run","respond"],"executing":true}}
1838500043	none	{"result":{"address":1838500043,"states":["connect","run","respond"],"executing":true}}
735254221	none	{"result":{"address":735254221,"states":["connect","run","respond"],"executing":true}}
1088042268	none	{"result":{"address":1088042268,"states":["connect","run","respond"],"executing":true}}
2109469195	none	{"result":{"address":2109469195,"states":["connect","run","respond"],"executing":true}}
170196652	none	{"result":{"address":170196652,"states":["connect","run","respond"],"executing":true}}
2076606503	none	{"result":{"address":2076606503,"states":["connect","run","respond"],"executing":true}}
712086097	none	{"result":{"address":712086097,"states":["connect","run","respond"],"executing":true}}
51705949	none	{"result":{"address":51705949,"states":["connect","run","respond"],"executing":true}}
752419276	none	{"result":{"address":752419276,"states":["connect","run","respond"],"executing":true}}
850574242	none	{"result":{"address":850574242,"states":["connect","run","respond"],"executing":true}}
111529230	none	{"result":{"address":111529230,"states":["connect","run","respond"],"executing":true}}
114633002	none	{"result":{"address":114633002,"states":["connect","run","respond"],"executing":true}}
1412176234	none	{"result":{"address":1412176234,"states":["connect","run","respond"],"executing":true}}
1868102508	none	{"result":{"address":1868102508,"states":["connect","run","respond"],"executing":true}}
1965699752	none	{"result":{"address":1965699752,"states":["connect","run","respond"],"executing":true}}
16395014	none	{"result":{"address":16395014,"states":["connect","run","respond"],"executing":true}}
374987457	none	{"result":{"address":374987457,"states":["connect","run","respond"],"executing":true}}
1573920557	none	{"result":{"address":1573920557,"states":["connect","run","respond"],"executing":true}}
733326383	none	{"result":{"address":733326383,"states":["connect","run","respond"],"executing":true}}
447078654	none	{"result":{"address":447078654,"states":["connect","run","respond"],"executing":true}}
751686457	none	{"result":{"address":751686457,"states":["connect","run","respond"],"executing":true}}
1503952702	none	{"result":{"address":1503952702,"states":["connect","run","respond"],"executing":true}}
423790707	none	{"result":{"address":423790707,"states":["connect","run","respond"],"executing":true}}
15962878	none	{"result":{"address":15962878,"states":["connect","run","respond"],"executing":true}}
1169296845	none	{"result":{"address":1169296845,"states":["connect","run","respond"],"executing":true}}
625647669	none	{"result":{"address":625647669,"states":["connect","run","respond"],"executing":true}}
826520420	none	{"result":{"address":826520420,"states":["connect","run","respond"],"executing":true}}
1450277196	none	{"result":{"address":1450277196,"states":["connect","run","respond"],"executing":true}}
946500114	none	{"result":{"address":946500114,"states":["connect","run","respond"],"executing":true}}
1378238958	none	{"result":{"address":1378238958,"states":["connect","run","respond"],"executing":true}}
1011509394	none	{"result":{"address":1011509394,"states":["connect","run","respond"],"executing":true}}
791020989	none	{"result":{"address":791020989,"states":["connect","run","respond"],"executing":true}}
487851547	none	{"result":{"address":487851547,"states":["connect","run","respond"],"executing":true}}
151087834	none	{"result":{"address":151087834,"states":["connect","run","respond"],"executing":true}}
1127264801	none	{"result":{"address":1127264801,"states":["connect","run","respond"],"executing":true}}
510117519	none	{"result":{"address":510117519,"states":["connect","run","respond"],"executing":true}}
1082139621	none	{"result":{"address":1082139621,"states":["connect","run","respond"],"executing":true}}
1560641244	none	{"result":{"address":1560641244,"states":["connect","run","respond"],"executing":true}}
1809324482	none	{"result":{"address":1809324482,"states":["connect","run","respond"],"executing":true}}
1132647691	none	{"result":{"address":1132647691,"states":["connect","run","respond"],"executing":true}}
718706932	none	{"result":{"address":718706932,"states":["connect","run","respond"],"executing":true}}
1641269560	none	{"result":{"address":1641269560,"states":["connect","run","respond"],"executing":true}}
1112748164	none	{"result":{"address":1112748164,"states":["connect","run","respond"],"executing":true}}
208087919	none	{"result":{"address":208087919,"states":["connect","run","respond"],"executing":true}}
1318087048	none	{"result":{"address":1318087048,"states":["connect","run","respond"],"executing":true}}
994092145	none	{"result":{"address":994092145,"states":["connect","run","respond"],"executing":true}}
2073286347	none	{"result":{"address":2073286347,"states":["connect","run","respond"],"executing":true}}
1603781306	none	{"result":{"address":1603781306,"states":["connect","run","respond"],"executing":true}}
751375262	none	{"result":{"address":751375262,"states":["connect","run","respond"],"executing":true}}
1848355543	none	{"result":{"address":1848355543,"states":["connect","run","respond"],"executing":true}}
1185470539	none	{"result":{"address":1185470539,"states":["connect","run","respond"],"executing":true}}
2031349763	none	{"result":{"address":2031349763,"states":["connect","run","respond"],"executing":true}}
1526084193	none	{"result":{"address":1526084193,"states":["connect","run","respond"],"executing":true}}
950947299	none	{"result":{"address":950947299,"states":["connect","run","respond"],"executing":true}}
93198115	none	{"result":{"address":93198115,"states":["connect","run","respond"],"executing":true}}
798404831	none	{"result":{"address":798404831,"states":["connect","run","respond"],"executing":true}}
1065814043	none	{"result":{"address":1065814043,"states":["connect","run","respond"],"executing":true}}
775393569	none	{"result":{"address":775393569,"states":["connect","run","respond"],"executing":true}}
48900218	none	{"result":{"address":48900218,"states":["connect","run","respond"],"executing":true}}
328037863	none	{"result":{"address":328037863,"states":["connect","run","respond"],"executing":true}}
359505883	none	{"result":{"address":359505883,"states":["connect","run","respond"],"executing":true}}
1834198640	none	{"result":{"address":1834198640,"states":["connect","run","respond"],"executing":true}}
822697426	none	{"result":{"address":822697426,"states":["connect","run","respond"],"executing":true}}
1672014911	none	{"result":{"address":1672014911,"states":["connect","run","respond"],"executing":true}}
721013970	none	{"result":{"address":721013970,"states":["connect","run","respond"],"executing":true}}
1304341550	none	{"result":{"address":1304341550,"states":["connect","run","respond"],"executing":true}}
1221456620	none	{"result":{"address":1221456620,"states":["connect","run","respond"],"executing":true}}
617017117	none	{"result":{"address":617017117,"states":["connect","run","respond"],"executing":true}}
135952582	none	{"result":{"address":135952582,"states":["connect","run","respond"],"executing":true}}
462064914	none	{"result":{"address":462064914,"states":["connect","run","respond"],"executing":true}}
4109392	none	{"result":{"address":4109392,"states":["connect","run","respond"],"executing":true}}
172621121	none	{"result":{"address":172621121,"states":["connect","run","respond"],"executing":true}}
1633271580	none	{"result":{"address":1633271580,"states":["connect","run","respond"],"executing":true}}
692509991	none	{"result":{"address":692509991,"states":["connect","run","respond"],"executing":true}}
1671156530	none	{"result":{"address":1671156530,"states":["connect","run","respond"],"executing":true}}
1041429303	none	{"result":{"address":1041429303,"states":["connect","run","respond"],"executing":true}}
1568224264	none	{"result":{"address":1568224264,"states":["connect","run","respond"],"executing":true}}
1978291936	none	{"result":{"address":1978291936,"states":["connect","run","respond"],"executing":true}}
255770103	none	{"result":{"address":255770103,"states":["connect","run","respond"],"executing":true}}
956569869	none	{"result":{"address":956569869,"states":["connect","run","respond"],"executing":true}}
1923217104	none	{"result":{"address":1923217104,"states":["connect","run","respond"],"executing":true}}
1089183307	none	{"result":{"address":1089183307,"states":["connect","run","respond"],"executing":true}}
1866800917	none	{"result":{"address":1866800917,"states":["connect","run","respond"],"executing":true}}
377311619	none	{"result":{"address":377311619,"states":["connect","run","respond"],"executing":true}}
54565295	none	{"result":{"address":54565295,"states":["connect","run","respond"],"executing":true}}
818583397	none	{"result":{"address":818583397,"states":["connect","run","respond"],"executing":true}}
1328652789	none	{"result":{"address":1328652789,"states":["connect","run","respond"],"executing":true}}
938139001	none	{"result":{"address":938139001,"states":["connect","run","respond"],"executing":true}}
1939357528	none	{"result":{"address":1939357528,"states":["connect","run","respond"],"executing":true}}
582501322	none	{"result":{"address":582501322,"states":["connect","run","respond"],"executing":true}}
824975518	none	{"result":{"address":824975518,"states":["connect","run","respond"],"executing":true}}
770052575	none	{"result":{"address":770052575,"states":["connect","run","respond"],"executing":true}}
405719727	none	{"result":{"address":405719727,"states":["connect","run","respond"],"executing":true}}
128150342	none	{"result":{"address":128150342,"states":["connect","run","respond"],"executing":true}}
1815160753	none	{"result":{"address":1815160753,"states":["connect","run","respond"],"executing":true}}
1206788570	none	{"result":{"address":1206788570,"states":["connect","run","respond"],"executing":true}}
1258384385	none	{"result":{"address":1258384385,"states":["connect","run","respond"],"executing":true}}
1572295476	none	{"result":{"address":1572295476,"states":["connect","run","respond"],"executing":true}}
1405006093	none	{"result":{"address":1405006093,"states":["connect","run","respond"],"executing":true}}
1908051973	none	{"result":{"address":1908051973,"states":["connect","run","respond"],"executing":true}}
522445469	none	{"result":{"address":522445469,"states":["connect","run","respond"],"executing":true}}
1441721827	none	{"result":{"address":1441721827,"states":["connect","run","respond"],"executing":true}}
1981327320	none	{"result":{"address":1981327320,"states":["connect","run","respond"],"executing":true}}
2078505569	none	{"result":{"address":2078505569,"states":["connect","run","respond"],"executing":true}}
1632437994	none	{"result":{"address":1632437994,"states":["connect","run","respond"],"executing":true}}
213973967	none	{"result":{"address":213973967,"states":["connect","run","respond"],"executing":true}}
515338605	none	{"result":{"address":515338605,"states":["connect","run","respond"],"executing":true}}
294000678	none	{"result":{"address":294000678,"states":["connect","run","respond"],"executing":true}}
76494289	none	{"result":{"address":76494289,"states":["connect","run","respond"],"executing":true}}
1026556857	none	{"result":{"address":1026556857,"states":["connect","run","respond"],"executing":true}}
761227847	none	{"result":{"address":761227847,"states":["connect","run","respond"],"executing":true}}
1221879483	none	{"result":{"address":1221879483,"states":["connect","run","respond"],"executing":true}}
1115685754	none	{"result":{"address":1115685754,"states":["connect","run","respond"],"executing":true}}
285696587	none	{"result":{"address":285696587,"states":["connect","run","respond"],"executing":true}}
659380279	none	{"result":{"address":659380279,"states":["connect","run","respond"],"executing":true}}
529994265	none	{"result":{"address":529994265,"states":["connect","run","respond"],"executing":true}}
199281670	none	{"result":{"address":199281670,"states":["connect","run","respond"],"executing":true}}
1550201728	none	{"result":{"address":1550201728,"states":["connect","run","respond"],"executing":true}}
1056244946	none	{"result":{"address":1056244946,"states":["connect","run","respond"],"executing":true}}
2071216313	none	{"result":{"address":2071216313,"states":["connect","run","respond"],"executing":true}}
1746403927	none	{"result":{"address":1746403927,"states":["connect","run","respond"],"executing":true}}
1506160656	none	{"result":{"address":1506160656,"states":["connect","run","respond"],"executing":true}}
1752736589	none	{"result":{"address":1752736589,"states":["connect","run","respond"],"executing":true}}
539764335	none	{"result":{"address":539764335,"states":["connect","run","respond"],"executing":true}}
148182515	none	{"result":{"address":148182515,"states":["connect","run","respond"],"executing":true}}
1851523858	none	{"result":{"address":1851523858,"states":["connect","run","respond"],"executing":true}}
718600715	none	{"result":{"address":718600715,"states":["connect","run","respond"],"executing":true}}
432434468	none	{"result":{"address":432434468,"states":["connect","run","respond"],"executing":true}}
469721958	none	{"result":{"address":469721958,"states":["connect","run","respond"],"executing":true}}
1202447640	none	{"result":{"address":1202447640,"states":["connect","run","respond"],"executing":true}}
1595632373	none	{"result":{"address":1595632373,"states":["connect","run","respond"],"executing":true}}
422494770	none	{"result":{"address":422494770,"states":["connect","run","respond"],"executing":true}}
1466108209	none	{"result":{"address":1466108209,"states":["connect","run","respond"],"executing":true}}
533581952	none	{"result":{"address":533581952,"states":["connect","run","respond"],"executing":true}}
465333394	none	{"result":{"address":465333394,"states":["connect","run","respond"],"executing":true}}
696030057	none	{"result":{"address":696030057,"states":["connect","run","respond"],"executing":true}}
1192554590	none	{"result":{"address":1192554590,"states":["connect","run","respond"],"executing":true}}
582564962	none	{"result":{"address":582564962,"states":["connect","run","respond"],"executing":true}}
1768700989	none	{"result":{"address":1768700989,"states":["connect","run","respond"],"executing":true}}
1196189078	none	{"result":{"address":1196189078,"states":["connect","run","respond"],"executing":true}}
1556017505	none	{"result":{"address":1556017505,"states":["connect","run","respond"],"executing":true}}
959897451	none	{"result":{"address":959897451,"states":["connect","run","respond"],"executing":true}}
2015077545	none	{"result":{"address":2015077545,"states":["connect","run","respond"],"executing":true}}
937378473	none	{"result":{"address":937378473,"states":["connect","run","respond"],"executing":true}}
1494692037	none	{"result":{"address":1494692037,"states":["connect","run","respond"],"executing":true}}
926698276	none	{"result":{"address":926698276,"states":["connect","run","respond"],"executing":true}}
1309828702	none	{"result":{"address":1309828702,"states":["connect","run","respond"],"executing":true}}
338722577	none	{"result":{"address":338722577,"states":["connect","run","respond"],"executing":true}}
1733053924	none	{"result":{"address":1733053924,"states":["connect","run","respond"],"executing":true}}
955652932	none	{"result":{"address":955652932,"states":["connect","run","respond"],"executing":true}}
1249323499	none	{"result":{"address":1249323499,"states":["connect","run","respond"],"executing":true}}
753514987	none	{"result":{"address":753514987,"states":["connect","run","respond"],"executing":true}}
1778997769	none	{"result":{"address":1778997769,"states":["connect","run","respond"],"executing":true}}
569513426	none	{"result":{"address":569513426,"states":["connect","run","respond"],"executing":true}}
1271074882	none	{"result":{"address":1271074882,"states":["connect","run","respond"],"executing":true}}
822207739	none	{"result":{"address":822207739,"states":["connect","run","respond"],"executing":true}}
197254715	none	{"result":{"address":197254715,"states":["connect","run","respond"],"executing":true}}
432078058	none	{"result":{"address":432078058,"states":["connect","run","respond"],"executing":true}}
1425060334	none	{"result":{"address":1425060334,"states":["connect","run","respond"],"executing":true}}
419093433	none	{"result":{"address":419093433,"states":["connect","run","respond"],"executing":true}}
1702483919	none	{"result":{"address":1702483919,"states":["connect","run","respond"],"executing":true}}
1692539238	none	{"result":{"address":1692539238,"states":["connect","run","respond"],"executing":true}}
945803886	none	{"result":{"address":945803886,"states":["connect","run","respond"],"executing":true}}
1476033347	none	{"result":{"address":1476033347,"states":["connect","run","respond"],"executing":true}}
1287363424	none	{"result":{"address":1287363424,"states":["connect","run","respond"],"executing":true}}
1880416359	none	{"result":{"address":1880416359,"states":["connect","run","respond"],"executing":true}}
1103182832	none	{"result":{"address":1103182832,"states":["connect","run","respond"],"executing":true}}
416142807	none	{"result":{"address":416142807,"states":["connect","run","respond"],"executing":true}}
1840936299	none	{"result":{"address":1840936299,"states":["connect","run","respond"],"executing":true}}
203607478	none	{"result":{"address":203607478,"states":["connect","run","respond"],"executing":true}}
1226602196	none	{"result":{"address":1226602196,"states":["connect","run","respond"],"executing":true}}
765151496	none	{"result":{"address":765151496,"states":["connect","run","respond"],"executing":true}}
1519662769	none	{"result":{"address":1519662769,"states":["connect","run","respond"],"executing":true}}
700726272	none	{"result":{"address":700726272,"states":["connect","run","respond"],"executing":true}}
2025019018	none	{"result":{"address":2025019018,"states":["connect","run","respond"],"executing":true}}
1970325520	none	{"result":{"address":1970325520,"states":["connect","run","respond"],"executing":true}}
1156083513	none	{"result":{"address":1156083513,"states":["connect","run","respond"],"executing":true}}
137808824	none	{"result":{"address":137808824,"states":["connect","run","respond"],"executing":true}}
735813461	none	{"result":{"address":735813461,"states":["connect","run","respond"],"executing":true}}
1253764829	none	{"result":{"address":1253764829,"states":["connect","run","respond"],"executing":true}}
2000920896	none	{"result":{"address":2000920896,"states":["connect","run","respond"],"executing":true}}
488638197	none	{"result":{"address":488638197,"states":["connect","run","respond"],"executing":true}}
994134042	none	{"result":{"address":994134042,"states":["connect","run","respond"],"executing":true}}
887296966	none	{"result":{"address":887296966,"states":["connect","run","respond"],"executing":true}}
663603414	none	{"result":{"address":663603414,"states":["connect","run","respond"],"executing":true}}
595668630	none	{"result":{"address":595668630,"states":["connect","run","respond"],"executing":true}}
1556445249	none	{"result":{"address":1556445249,"states":["connect","run","respond"],"executing":true}}
1709586557	none	{"result":{"address":1709586557,"states":["connect","run","respond"],"executing":true}}
823361474	none	{"result":{"address":823361474,"states":["connect","run","respond"],"executing":true}}
2126935429	none	{"result":{"address":2126935429,"states":["connect","run","respond"],"executing":true}}
417187674	none	{"result":{"address":417187674,"states":["connect","run","respond"],"executing":true}}
619178517	none	{"result":{"address":619178517,"states":["connect","run","respond"],"executing":true}}
1777732355	none	{"result":{"address":1777732355,"states":["connect","run","respond"],"executing":true}}
797842387	none	{"result":{"address":797842387,"states":["connect","run","respond"],"executing":true}}
1512209198	none	{"result":{"address":1512209198,"states":["connect","run","respond"],"executing":true}}
1407247587	none	{"result":{"address":1407247587,"states":["connect","run","respond"],"executing":true}}
1141935155	none	{"result":{"address":1141935155,"states":["connect","run","respond"],"executing":true}}
982240618	none	{"result":{"address":982240618,"states":["connect","run","respond"],"executing":true}}
338243550	none	{"result":{"address":338243550,"states":["connect","run","respond"],"executing":true}}
166497276	none	{"result":{"address":166497276,"states":["connect","run","respond"],"executing":true}}
1816467026	none	{"result":{"address":1816467026,"states":["connect","run","respond"],"executing":true}}
932844954	none	{"result":{"address":932844954,"states":["connect","run","respond"],"executing":true}}
290752961	none	{"result":{"address":290752961,"states":["connect","run","respond"],"executing":true}}
1624997793	none	{"result":{"address":1624997793,"states":["connect","run","respond"],"executing":true}}
209572159	none	{"result":{"address":209572159,"states":["connect","run","respond"],"executing":true}}
1675711321	none	{"result":{"address":1675711321,"states":["connect","run","respond"],"executing":true}}
562601668	none	{"result":{"address":562601668,"states":["connect","run","respond"],"executing":true}}
99836388	none	{"result":{"address":99836388,"states":["connect","run","respond"],"executing":true}}
538450721	none	{"result":{"address":538450721,"states":["connect","run","respond"],"executing":true}}
1524018699	none	{"result":{"address":1524018699,"states":["connect","run","respond"],"executing":true}}
1889745967	none	{"result":{"address":1889745967,"states":["connect","run","respond"],"executing":true}}
592084925	none	{"result":{"address":592084925,"states":["connect","run","respond"],"executing":true}}
1387519740	none	{"result":{"address":1387519740,"states":["connect","run","respond"],"executing":true}}
410132873	none	{"result":{"address":410132873,"states":["connect","run","respond"],"executing":true}}
168918032	none	{"result":{"address":168918032,"states":["connect","run","respond"],"executing":true}}
1840732030	none	{"result":{"address":1840732030,"states":["connect","run","respond"],"executing":true}}
916104168	none	{"result":{"address":916104168,"states":["connect","run","respond"],"executing":true}}
1113187823	none	{"result":{"address":1113187823,"states":["connect","run","respond"],"executing":true}}
1024112704	none	{"result":{"address":1024112704,"states":["connect","run","respond"],"executing":true}}
1569828543	none	{"result":{"address":1569828543,"states":["connect","run","respond"],"executing":true}}
1760734469	none	{"result":{"address":1760734469,"states":["connect","run","respond"],"executing":true}}
122753034	none	{"result":{"address":122753034,"states":["connect","run","respond"],"executing":true}}
2098715469	none	{"result":{"address":2098715469,"states":["connect","run","respond"],"executing":true}}
1308760602	none	{"result":{"address":1308760602,"states":["connect","run","respond"],"executing":true}}
1023714895	none	{"result":{"address":1023714895,"states":["connect","run","respond"],"executing":true}}
1338031512	none	{"result":{"address":1338031512,"states":["connect","run","respond"],"executing":true}}
1836030957	none	{"result":{"address":1836030957,"states":["connect","run","respond"],"executing":true}}
760194255	none	{"result":{"address":760194255,"states":["connect","run","respond"],"executing":true}}
641074058	none	{"result":{"address":641074058,"states":["connect","run","respond"],"executing":true}}
582287696	none	{"result":{"address":582287696,"states":["connect","run","respond"],"executing":true}}
645986093	none	{"result":{"address":645986093,"states":["connect","run","respond"],"executing":true}}
307306680	none	{"result":{"address":307306680,"states":["connect","run","respond"],"executing":true}}
1846770736	none	{"result":{"address":1846770736,"states":["connect","run","respond"],"executing":true}}
553014489	none	{"result":{"address":553014489,"states":["connect","run","respond"],"executing":true}}
2138414646	none	{"result":{"address":2138414646,"states":["connect","run","respond"],"executing":true}}
981413202	none	{"result":{"address":981413202,"states":["connect","run","respond"],"executing":true}}
302495039	none	{"result":{"address":302495039,"states":["connect","run","respond"],"executing":true}}
308459673	none	{"result":{"address":308459673,"states":["connect","run","respond"],"executing":true}}
173259604	none	{"result":{"address":173259604,"states":["connect","run","respond"],"executing":true}}
971567180	none	{"result":{"address":971567180,"states":["connect","run","respond"],"executing":true}}
771154774	none	{"result":{"address":771154774,"states":["connect","run","respond"],"executing":true}}
1264083756	none	{"result":{"address":1264083756,"states":["connect","run","respond"],"executing":true}}
2051652613	none	{"result":{"address":2051652613,"states":["connect","run","respond"],"executing":true}}
912524653	none	{"result":{"address":912524653,"states":["connect","run","respond"],"executing":true}}
1116468112	none	{"result":{"address":1116468112,"states":["connect","run","respond"],"executing":true}}
2097615062	none	{"result":{"address":2097615062,"states":["connect","run","respond"],"executing":true}}
1478442857	none	{"result":{"address":1478442857,"states":["connect","run","respond"],"executing":true}}
1696869121	none	{"result":{"address":1696869121,"states":["connect","run","respond"],"executing":true}}
1862956237	none	{"result":{"address":1862956237,"states":["connect","run","respond"],"executing":true}}
1835586362	none	{"result":{"address":1835586362,"states":["connect","run","respond"],"executing":true}}
464163699	none	{"result":{"address":464163699,"states":["connect","run","respond"],"executing":true}}
1753317872	none	{"result":{"address":1753317872,"states":["connect","run","respond"],"executing":true}}
1839559839	none	{"result":{"address":1839559839,"states":["connect","run","respond"],"executing":true}}
481300605	none	{"result":{"address":481300605,"states":["connect","run","respond"],"executing":true}}
613765502	none	{"result":{"address":613765502,"states":["connect","run","respond"],"executing":true}}
959929344	none	{"result":{"address":959929344,"states":["connect","run","respond"],"executing":true}}
463532782	none	{"result":{"address":463532782,"states":["connect","run","respond"],"executing":true}}
1477487733	none	{"result":{"address":1477487733,"states":["connect","run","respond"],"executing":true}}
1252469200	none	{"result":{"address":1252469200,"states":["connect","run","respond"],"executing":true}}
955294439	none	{"result":{"address":955294439,"states":["connect","run","respond"],"executing":true}}
442801998	none	{"result":{"address":442801998,"states":["connect","run","respond"],"executing":true}}
1349627105	none	{"result":{"address":1349627105,"states":["connect","run","respond"],"executing":true}}
1131745558	none	{"result":{"address":1131745558,"states":["connect","run","respond"],"executing":true}}
1996885220	none	{"result":{"address":1996885220,"states":["connect","run","respond"],"executing":true}}
1869863566	none	{"result":{"address":1869863566,"states":["connect","run","respond"],"executing":true}}
613985876	none	{"result":{"address":613985876,"states":["connect","run","respond"],"executing":true}}
1040706488	none	{"result":{"address":1040706488,"states":["connect","run","respond"],"executing":true}}
1477943487	none	{"result":{"address":1477943487,"states":["connect","run","respond"],"executing":true}}
408069928	none	{"result":{"address":408069928,"states":["connect","run","respond"],"executing":true}}
878159651	none	{"result":{"address":878159651,"states":["connect","run","respond"],"executing":true}}
1113752349	none	{"result":{"address":1113752349,"states":["connect","run","respond"],"executing":true}}
1499837749	none	{"result":{"address":1499837749,"states":["connect","run","respond"],"executing":true}}
358462297	none	{"result":{"address":358462297,"states":["connect","run","respond"],"executing":true}}
1833354090	none	{"result":{"address":1833354090,"states":["connect","run","respond"],"executing":true}}
986291744	none	{"result":{"address":986291744,"states":["connect","run","respond"],"executing":true}}
1578533539	none	{"result":{"address":1578533539,"states":["connect","run","respond"],"executing":true}}
1304403164	none	{"result":{"address":1304403164,"states":["connect","run","respond"],"executing":true}}
825190274	none	{"result":{"address":825190274,"states":["connect","run","respond"],"executing":true}}
2074822365	none	{"result":{"address":2074822365,"states":["connect","run","respond"],"executing":true}}
2103061004	none	{"result":{"address":2103061004,"states":["connect","run","respond"],"executing":true}}
1326534438	none	{"result":{"address":1326534438,"states":["connect","run","respond"],"executing":true}}
1329180001	none	{"result":{"address":1329180001,"states":["connect","run","respond"],"executing":true}}
1978876181	none	{"result":{"address":1978876181,"states":["connect","run","respond"],"executing":true}}
1101239475	none	{"result":{"address":1101239475,"states":["connect","run","respond"],"executing":true}}
1321066541	none	{"result":{"address":1321066541,"states":["connect","run","respond"],"executing":true}}
1286998670	none	{"result":{"address":1286998670,"states":["connect","run","respond"],"executing":true}}
997541664	none	{"result":{"address":997541664,"states":["connect","run","respond"],"executing":true}}
1308653003	none	{"result":{"address":1308653003,"states":["connect","run","respond"],"executing":true}}
631839703	none	{"result":{"address":631839703,"states":["connect","run","respond"],"executing":true}}
2089380921	none	{"result":{"address":2089380921,"states":["connect","run","respond"],"executing":true}}
908220444	none	{"result":{"address":908220444,"states":["connect","run","respond"],"executing":true}}
1631164397	none	{"result":{"address":1631164397,"states":["connect","run","respond"],"executing":true}}
1764876116	none	{"result":{"address":1764876116,"states":["connect","run","respond"],"executing":true}}
621116828	none	{"result":{"address":621116828,"states":["connect","run","respond"],"executing":true}}
658959034	none	{"result":{"address":658959034,"states":["connect","run","respond"],"executing":true}}
1151029934	none	{"result":{"address":1151029934,"states":["connect","run","respond"],"executing":true}}
151676548	none	{"result":{"address":151676548,"states":["connect","run","respond"],"executing":true}}
622490424	none	{"result":{"address":622490424,"states":["connect","run","respond"],"executing":true}}
1446778463	none	{"result":{"address":1446778463,"states":["connect","run","respond"],"executing":true}}
1614244996	none	{"result":{"address":1614244996,"states":["connect","run","respond"],"executing":true}}
1838138365	none	{"result":{"address":1838138365,"states":["connect","run","respond"],"executing":true}}
2023859215	none	{"result":{"address":2023859215,"states":["connect","run","respond"],"executing":true}}
1024750381	none	{"result":{"address":1024750381,"states":["connect","run","respond"],"executing":true}}
936359116	none	{"result":{"address":936359116,"states":["connect","run","respond"],"executing":true}}
1813725438	none	{"result":{"address":1813725438,"states":["connect","run","respond"],"executing":true}}
110237498	none	{"result":{"address":110237498,"states":["connect","run","respond"],"executing":true}}
454543877	none	{"result":{"address":454543877,"states":["connect","run","respond"],"executing":true}}
1773848115	none	{"result":{"address":1773848115,"states":["connect","run","respond"],"executing":true}}
1464559251	none	{"result":{"address":1464559251,"states":["connect","run","respond"],"executing":true}}
1467398053	none	{"result":{"address":1467398053,"states":["connect","run","respond"],"executing":true}}
471396532	none	{"result":{"address":471396532,"states":["connect","run","respond"],"executing":true}}
1700631775	none	{"result":{"address":1700631775,"states":["connect","run","respond"],"executing":true}}
2136807529	none	{"result":{"address":2136807529,"states":["connect","run","respond"],"executing":true}}
896847803	none	{"result":{"address":896847803,"states":["connect","run","respond"],"executing":true}}
48248937	none	{"result":{"address":48248937,"states":["connect","run","respond"],"executing":true}}
1856763383	none	{"result":{"address":1856763383,"states":["connect","run","respond"],"executing":true}}
1759151204	none	{"result":{"address":1759151204,"states":["connect","run","respond"],"executing":true}}
2048768297	none	{"result":{"address":2048768297,"states":["connect","run","respond"],"executing":true}}
132470315	none	{"result":{"address":132470315,"states":["connect","run","respond"],"executing":true}}
456764061	none	{"result":{"address":456764061,"states":["connect","run","respond"],"executing":true}}
73840659	none	{"result":{"address":73840659,"states":["connect","run","respond"],"executing":true}}
1500252798	none	{"result":{"address":1500252798,"states":["connect","run","respond"],"executing":true}}
136672366	none	{"result":{"address":136672366,"states":["connect","run","respond"],"executing":true}}
1650405007	none	{"result":{"address":1650405007,"states":["connect","run","respond"],"executing":true}}
216947922	none	{"result":{"address":216947922,"states":["connect","run","respond"],"executing":true}}
366432903	none	{"result":{"address":366432903,"states":["connect","run","respond"],"executing":true}}
1852914470	none	{"result":{"address":1852914470,"states":["connect","run","respond"],"executing":true}}
856327733	none	{"result":{"address":856327733,"states":["connect","run","respond"],"executing":true}}
968056958	none	{"result":{"address":968056958,"states":["connect","run","respond"],"executing":true}}
1308682992	none	{"result":{"address":1308682992,"states":["connect","run","respond"],"executing":true}}
579741483	none	{"result":{"address":579741483,"states":["connect","run","respond"],"executing":true}}
1725192667	none	{"result":{"address":1725192667,"states":["connect","run","respond"],"executing":true}}
1586201885	none	{"result":{"address":1586201885,"states":["connect","run","respond"],"executing":true}}
2043289491	none	{"result":{"address":2043289491,"states":["connect","run","respond"],"executing":true}}
678691138	none	{"result":{"address":678691138,"states":["connect","run","respond"],"executing":true}}
1617846684	none	{"result":{"address":1617846684,"states":["connect","run","respond"],"executing":true}}
1343492509	none	{"result":{"address":1343492509,"states":["connect","run","respond"],"executing":true}}
2144379655	none	{"result":{"address":2144379655,"states":["connect","run","respond"],"executing":true}}
128530376	none	{"result":{"address":128530376,"states":["connect","run","respond"],"executing":true}}
1054558670	none	{"result":{"address":1054558670,"states":["connect","run","respond"],"executing":true}}
1193202316	none	{"result":{"address":1193202316,"states":["connect","run","respond"],"executing":true}}
721248350	none	{"result":{"address":721248350,"states":["connect","run","respond"],"executing":true}}
228508953	none	{"result":{"address":228508953,"states":["connect","run","respond"],"executing":true}}
771139204	none	{"result":{"address":771139204,"states":["connect","run","respond"],"executing":true}}
1343154950	none	{"result":{"address":1343154950,"states":["connect","run","respond"],"executing":true}}
183600040	none	{"result":{"address":183600040,"states":["connect","run","respond"],"executing":true}}
143285965	none	{"result":{"address":143285965,"states":["connect","run","respond"],"executing":true}}
263655656	none	{"result":{"address":263655656,"states":["connect","run","respond"],"executing":true}}
1089020167	none	{"result":{"address":1089020167,"states":["connect","run","respond"],"executing":true}}
297588174	none	{"result":{"address":297588174,"states":["connect","run","respond"],"executing":true}}
1114809813	none	{"result":{"address":1114809813,"states":["connect","run","respond"],"executing":true}}
1833964015	none	{"result":{"address":1833964015,"states":["connect","run","respond"],"executing":true}}
1277895318	none	{"result":{"address":1277895318,"states":["connect","run","respond"],"executing":true}}
819022895	none	{"result":{"address":819022895,"states":["connect","run","respond"],"executing":true}}
2034962652	none	{"result":{"address":2034962652,"states":["connect","run","respond"],"executing":true}}
805170311	none	{"result":{"address":805170311,"states":["connect","run","respond"],"executing":true}}
1620876166	none	{"result":{"address":1620876166,"states":["connect","run","respond"],"executing":true}}
1455438382	none	{"result":{"address":1455438382,"states":["connect","run","respond"],"executing":true}}
1444937246	none	{"result":{"address":1444937246,"states":["connect","run","respond"],"executing":true}}
373960355	none	{"result":{"address":373960355,"states":["connect","run","respond"],"executing":true}}
2143166489	none	{"result":{"address":2143166489,"states":["connect","run","respond"],"executing":true}}
634142353	none	{"result":{"address":634142353,"states":["connect","run","respond"],"executing":true}}
123385477	none	{"result":{"address":123385477,"states":["connect","run","respond"],"executing":true}}
398991155	none	{"result":{"address":398991155,"states":["connect","run","respond"],"executing":true}}
2131985233	none	{"result":{"address":2131985233,"states":["connect","run","respond"],"executing":true}}
1329869745	none	{"result":{"address":1329869745,"states":["connect","run","respond"],"executing":true}}
512953368	none	{"result":{"address":512953368,"states":["connect","run","respond"],"executing":true}}
350076773	none	{"result":{"address":350076773,"states":["connect","run","respond"],"executing":true}}
1010442192	none	{"result":{"address":1010442192,"states":["connect","run","respond"],"executing":true}}
527041115	none	{"result":{"address":527041115,"states":["connect","run","respond"],"executing":true}}
441666870	none	{"result":{"address":441666870,"states":["connect","run","respond"],"executing":true}}
1947612756	none	{"result":{"address":1947612756,"states":["connect","run","respond"],"executing":true}}
1946547840	none	{"result":{"address":1946547840,"states":["connect","run","respond"],"executing":true}}
1102992358	none	{"result":{"address":1102992358,"states":["connect","run","respond"],"executing":true}}
1177347777	none	{"result":{"address":1177347777,"states":["connect","run","respond"],"executing":true}}
1666975386	none	{"result":{"address":1666975386,"states":["connect","run","respond"],"executing":true}}
1093426890	none	{"result":{"address":1093426890,"states":["connect","run","respond"],"executing":true}}
1664935490	none	{"result":{"address":1664935490,"states":["connect","run","respond"],"executing":true}}
1064384031	none	{"result":{"address":1064384031,"states":["connect","run","respond"],"executing":true}}
1742747981	none	{"result":{"address":1742747981,"states":["connect","run","respond"],"executing":true}}
1729082314	none	{"result":{"address":1729082314,"states":["connect","run","respond"],"executing":true}}
502570514	none	{"result":{"address":502570514,"states":["connect","run","respond"],"executing":true}}
391492348	none	{"result":{"address":391492348,"states":["connect","run","respond"],"executing":true}}
550022448	none	{"result":{"address":550022448,"states":["connect","run","respond"],"executing":true}}
1587033864	none	{"result":{"address":1587033864,"states":["connect","run","respond"],"executing":true}}
1189083867	none	{"result":{"address":1189083867,"states":["connect","run","respond"],"executing":true}}
251653648	none	{"result":{"address":251653648,"states":["connect","run","respond"],"executing":true}}
1800855617	none	{"result":{"address":1800855617,"states":["connect","run","respond"],"executing":true}}
1246940830	none	{"result":{"address":1246940830,"states":["connect","run","respond"],"executing":true}}
1598501140	none	{"result":{"address":1598501140,"states":["connect","run","respond"],"executing":true}}
1682413561	none	{"result":{"address":1682413561,"states":["connect","run","respond"],"executing":true}}
57915992	none	{"result":{"address":57915992,"states":["connect","run","respond"],"executing":true}}
1577085854	none	{"result":{"address":1577085854,"states":["connect","run","respond"],"executing":true}}
1141276524	none	{"result":{"address":1141276524,"states":["connect","run","respond"],"executing":true}}
789406523	none	{"result":{"address":789406523,"states":["connect","run","respond"],"executing":true}}
1810489268	none	{"result":{"address":1810489268,"states":["connect","run","respond"],"executing":true}}
1727282765	none	{"result":{"address":1727282765,"states":["connect","run","respond"],"executing":true}}
795091014	none	{"result":{"address":795091014,"states":["connect","run","respond"],"executing":true}}
1691798530	none	{"result":{"address":1691798530,"states":["connect","run","respond"],"executing":true}}
2097700185	none	{"result":{"address":2097700185,"states":["connect","run","respond"],"executing":true}}
23973260	none	{"result":{"address":23973260,"states":["connect","run","respond"],"executing":true}}
1051538749	none	{"result":{"address":1051538749,"states":["connect","run","respond"],"executing":true}}
966960878	none	{"result":{"address":966960878,"states":["connect","run","respond"],"executing":true}}
55217994	none	{"result":{"address":55217994,"states":["connect","run","respond"],"executing":true}}
949421873	none	{"result":{"address":949421873,"states":["connect","run","respond"],"executing":true}}
1724791462	none	{"result":{"address":1724791462,"states":["connect","run","respond"],"executing":true}}
1609670493	none	{"result":{"address":1609670493,"states":["connect","run","respond"],"executing":true}}
876564760	none	{"result":{"address":876564760,"states":["connect","run","respond"],"executing":true}}
778736765	none	{"result":{"address":778736765,"states":["connect","run","respond"],"executing":true}}
94969449	none	{"result":{"address":94969449,"states":["connect","run","respond"],"executing":true}}
386241114	none	{"result":{"address":386241114,"states":["connect","run","respond"],"executing":true}}
1294155272	none	{"result":{"address":1294155272,"states":["connect","run","respond"],"executing":true}}
1218643989	none	{"result":{"address":1218643989,"states":["connect","run","respond"],"executing":true}}
636262520	none	{"result":{"address":636262520,"states":["connect","run","respond"],"executing":true}}
554514458	none	{"result":{"address":554514458,"states":["connect","run","respond"],"executing":true}}
457923661	none	{"result":{"address":457923661,"states":["connect","run","respond"],"executing":true}}
1564150329	none	{"result":{"address":1564150329,"states":["connect","run","respond"],"executing":true}}
293175465	none	{"result":{"address":293175465,"states":["connect","run","respond"],"executing":true}}
1477218730	none	{"result":{"address":1477218730,"states":["connect","run","respond"],"executing":true}}
156567517	none	{"result":{"address":156567517,"states":["connect","run","respond"],"executing":true}}
1858392928	none	{"result":{"address":1858392928,"states":["connect","run","respond"],"executing":true}}
61383577	none	{"result":{"address":61383577,"states":["connect","run","respond"],"executing":true}}
509850777	none	{"result":{"address":509850777,"states":["connect","run","respond"],"executing":true}}
602956542	none	{"result":{"address":602956542,"states":["connect","run","respond"],"executing":true}}
1665831430	none	{"result":{"address":1665831430,"states":["connect","run","respond"],"executing":true}}
1813078972	none	{"result":{"address":1813078972,"states":["connect","run","respond"],"executing":true}}
2109913619	none	{"result":{"address":2109913619,"states":["connect","run","respond"],"executing":true}}
978601082	none	{"result":{"address":978601082,"states":["connect","run","respond"],"executing":true}}
1317789421	none	{"result":{"address":1317789421,"states":["connect","run","respond"],"executing":true}}
394862111	none	{"result":{"address":394862111,"states":["connect","run","respond"],"executing":true}}
186096427	none	{"result":{"address":186096427,"states":["connect","run","respond"],"executing":true}}
1543347012	none	{"result":{"address":1543347012,"states":["connect","run","respond"],"executing":true}}
1278946760	none	{"result":{"address":1278946760,"states":["connect","run","respond"],"executing":true}}
1248357410	none	{"result":{"address":1248357410,"states":["connect","run","respond"],"executing":true}}
380373259	none	{"result":{"address":380373259,"states":["connect","run","respond"],"executing":true}}
1453713860	none	{"result":{"address":1453713860,"states":["connect","run","respond"],"executing":true}}
248515802	none	{"result":{"address":248515802,"states":["connect","run","respond"],"executing":true}}
1575894266	none	{"result":{"address":1575894266,"states":["connect","run","respond"],"executing":true}}
1257252674	none	{"result":{"address":1257252674,"states":["connect","run","respond"],"executing":true}}
1497799131	none	{"result":{"address":1497799131,"states":["connect","run","respond"],"executing":true}}
1546723970	none	{"result":{"address":1546723970,"states":["connect","run","respond"],"executing":true}}
1569928808	none	{"result":{"address":1569928808,"states":["connect","run","respond"],"executing":true}}
1747707043	none	{"result":{"address":1747707043,"states":["connect","run","respond"],"executing":true}}
1364019353	none	{"result":{"address":1364019353,"states":["connect","run","respond"],"executing":true}}
843264435	none	{"result":{"address":843264435,"states":["connect","run","respond"],"executing":true}}
787406729	none	{"result":{"address":787406729,"states":["connect","run","respond"],"executing":true}}
1935770392	none	{"result":{"address":1935770392,"states":["connect","run","respond"],"executing":true}}
550289635	none	{"result":{"address":550289635,"states":["connect","run","respond"],"executing":true}}
838474972	none	{"result":{"address":838474972,"states":["connect","run","respond"],"executing":true}}
660714739	none	{"result":{"address":660714739,"states":["connect","run","respond"],"executing":true}}
175545631	none	{"result":{"address":175545631,"states":["connect","run","respond"],"executing":true}}
1876495676	none	{"result":{"address":1876495676,"states":["connect","run","respond"],"executing":true}}
1011423423	none	{"result":{"address":1011423423,"states":["connect","run","respond"],"executing":true}}
1328094966	none	{"result":{"address":1328094966,"states":["connect","run","respond"],"executing":true}}
856703220	none	{"result":{"address":856703220,"states":["connect","run","respond"],"executing":true}}
1535156621	none	{"result":{"address":1535156621,"states":["connect","run","respond"],"executing":true}}
1384549367	none	{"result":{"address":1384549367,"states":["connect","run","respond"],"executing":true}}
814348661	none	{"result":{"address":814348661,"states":["connect","run","respond"],"executing":true}}
410798692	none	{"result":{"address":410798692,"states":["connect","run","respond"],"executing":true}}
268096616	none	{"result":{"address":268096616,"states":["connect","run","respond"],"executing":true}}
2101158010	none	{"result":{"address":2101158010,"states":["connect","run","respond"],"executing":true}}
817720447	none	{"result":{"address":817720447,"states":["connect","run","respond"],"executing":true}}
853496158	none	{"result":{"address":853496158,"states":["connect","run","respond"],"executing":true}}
412980176	none	{"result":{"address":412980176,"states":["connect","run","respond"],"executing":true}}
1684120097	none	{"result":{"address":1684120097,"states":["connect","run","respond"],"executing":true}}
964840660	none	{"result":{"address":964840660,"states":["connect","run","respond"],"executing":true}}
353909637	none	{"result":{"address":353909637,"states":["connect","run","respond"],"executing":true}}
2014842246	none	{"result":{"address":2014842246,"states":["connect","run","respond"],"executing":true}}
1386075133	none	{"result":{"address":1386075133,"states":["connect","run","respond"],"executing":true}}
1284849832	none	{"result":{"address":1284849832,"states":["connect","run","respond"],"executing":true}}
1101618997	none	{"result":{"address":1101618997,"states":["connect","run","respond"],"executing":true}}
21915965	none	{"result":{"address":21915965,"states":["connect","run","respond"],"executing":true}}
984366039	none	{"result":{"address":984366039,"states":["connect","run","respond"],"executing":true}}
842013447	none	{"result":{"address":842013447,"states":["connect","run","respond"],"executing":true}}
1451194760	none	{"result":{"address":1451194760,"states":["connect","run","respond"],"executing":true}}
80785504	none	{"result":{"address":80785504,"states":["connect","run","respond"],"executing":true}}
1091349750	none	{"result":{"address":1091349750,"states":["connect","run","respond"],"executing":true}}
1515235778	none	{"result":{"address":1515235778,"states":["connect","run","respond"],"executing":true}}
971356459	none	{"result":{"address":971356459,"states":["connect","run","respond"],"executing":true}}
683738739	none	{"result":{"address":683738739,"states":["connect","run","respond"],"executing":true}}
1632982839	none	{"result":{"address":1632982839,"states":["connect","run","respond"],"executing":true}}
288067692	none	{"result":{"address":288067692,"states":["connect","run","respond"],"executing":true}}
2077623363	none	{"result":{"address":2077623363,"states":["connect","run","respond"],"executing":true}}
1373497985	none	{"result":{"address":1373497985,"states":["connect","run","respond"],"executing":true}}
746129395	none	{"result":{"address":746129395,"states":["connect","run","respond"],"executing":true}}
1793833448	none	{"result":{"address":1793833448,"states":["connect","run","respond"],"executing":true}}
1088911317	none	{"result":{"address":1088911317,"states":["connect","run","respond"],"executing":true}}
714201052	none	{"result":{"address":714201052,"states":["connect","run","respond"],"executing":true}}
1544112841	none	{"result":{"address":1544112841,"states":["connect","run","respond"],"executing":true}}
847421537	none	{"result":{"address":847421537,"states":["connect","run","respond"],"executing":true}}
200105371	none	{"result":{"address":200105371,"states":["connect","run","respond"],"executing":true}}
1641239036	none	{"result":{"address":1641239036,"states":["connect","run","respond"],"executing":true}}
710143108	none	{"result":{"address":710143108,"states":["connect","run","respond"],"executing":true}}
1902014781	none	{"result":{"address":1902014781,"states":["connect","run","respond"],"executing":true}}
22561042	none	{"result":{"address":22561042,"states":["connect","run","respond"],"executing":true}}
1283662411	none	{"result":{"address":1283662411,"states":["connect","run","respond"],"executing":true}}
1341453758	none	{"result":{"address":1341453758,"states":["connect","run","respond"],"executing":true}}
962407761	none	{"result":{"address":962407761,"states":["connect","run","respond"],"executing":true}}
795616559	none	{"result":{"address":795616559,"states":["connect","run","respond"],"executing":true}}
1867439343	none	{"result":{"address":1867439343,"states":["connect","run","respond"],"executing":true}}
353703552	none	{"result":{"address":353703552,"states":["connect","run","respond"],"executing":true}}
1837917156	none	{"result":{"address":1837917156,"states":["connect","run","respond"],"executing":true}}
1230581376	none	{"result":{"address":1230581376,"states":["connect","run","respond"],"executing":true}}
1996675723	none	{"result":{"address":1996675723,"states":["connect","run","respond"],"executing":true}}
1228727178	none	{"result":{"address":1228727178,"states":["connect","run","respond"],"executing":true}}
1002951108	none	{"result":{"address":1002951108,"states":["connect","run","respond"],"executing":true}}
325996457	none	{"result":{"address":325996457,"states":["connect","run","respond"],"executing":true}}
1429303313	none	{"result":{"address":1429303313,"states":["connect","run","respond"],"executing":true}}
1248307379	none	{"result":{"address":1248307379,"states":["connect","run","respond"],"executing":true}}
1916492724	none	{"result":{"address":1916492724,"states":["connect","run","respond"],"executing":true}}
1970447573	none	{"result":{"address":1970447573,"states":["connect","run","respond"],"executing":true}}
1357565838	none	{"result":{"address":1357565838,"states":["connect","run","respond"],"executing":true}}
221069264	none	{"result":{"address":221069264,"states":["connect","run","respond"],"executing":true}}
1240533431	none	{"result":{"address":1240533431,"states":["connect","run","respond"],"executing":true}}
1959761814	none	{"result":{"address":1959761814,"states":["connect","run","respond"],"executing":true}}
331622578	none	{"result":{"address":331622578,"states":["connect","run","respond"],"executing":true}}
1286297483	none	{"result":{"address":1286297483,"states":["connect","run","respond"],"executing":true}}
1247996777	none	{"result":{"address":1247996777,"states":["connect","run","respond"],"executing":true}}
1811742300	none	{"result":{"address":1811742300,"states":["connect","run","respond"],"executing":true}}
228216582	none	{"result":{"address":228216582,"states":["connect","run","respond"],"executing":true}}
22991588	none	{"result":{"address":22991588,"states":["connect","run","respond"],"executing":true}}
63358087	none	{"result":{"address":63358087,"states":["connect","run","respond"],"executing":true}}
1305712452	none	{"result":{"address":1305712452,"states":["connect","run","respond"],"executing":true}}
1789534072	none	{"result":{"address":1789534072,"states":["connect","run","respond"],"executing":true}}
1101893905	none	{"result":{"address":1101893905,"states":["connect","run","respond"],"executing":true}}
601869718	none	{"result":{"address":601869718,"states":["connect","run","respond"],"executing":true}}
1819084565	none	{"result":{"address":1819084565,"states":["connect","run","respond"],"executing":true}}
881029157	none	{"result":{"address":881029157,"states":["connect","run","respond"],"executing":true}}
915103051	none	{"result":{"address":915103051,"states":["connect","run","respond"],"executing":true}}
1262527111	none	{"result":{"address":1262527111,"states":["connect","run","respond"],"executing":true}}
1367801299	none	{"result":{"address":1367801299,"states":["connect","run","respond"],"executing":true}}
573713475	none	{"result":{"address":573713475,"states":["connect","run","respond"],"executing":true}}
910137025	none	{"result":{"address":910137025,"states":["connect","run","respond"],"executing":true}}
708185353	none	{"result":{"address":708185353,"states":["connect","run","respond"],"executing":true}}
176863125	none	{"result":{"address":176863125,"states":["connect","run","respond"],"executing":true}}
913380868	none	{"result":{"address":913380868,"states":["connect","run","respond"],"executing":true}}
310599634	none	{"result":{"address":310599634,"states":["connect","run","respond"],"executing":true}}
323570089	none	{"result":{"address":323570089,"states":["connect","run","respond"],"executing":true}}
540358895	none	{"result":{"address":540358895,"states":["connect","run","respond"],"executing":true}}
238178767	none	{"result":{"address":238178767,"states":["connect","run","respond"],"executing":true}}
917651422	none	{"result":{"address":917651422,"states":["connect","run","respond"],"executing":true}}
1733015303	none	{"result":{"address":1733015303,"states":["connect","run","respond"],"executing":true}}
1866074496	none	{"result":{"address":1866074496,"states":["connect","run","respond"],"executing":true}}
1803431418	none	{"result":{"address":1803431418,"states":["connect","run","respond"],"executing":true}}
406985837	none	{"result":{"address":406985837,"states":["connect","run","respond"],"executing":true}}
607862026	none	{"result":{"address":607862026,"states":["connect","run","respond"],"executing":true}}
71996608	none	{"result":{"address":71996608,"states":["connect","run","respond"],"executing":true}}
1332227346	none	{"result":{"address":1332227346,"states":["connect","run","respond"],"executing":true}}
1944644310	none	{"result":{"address":1944644310,"states":["connect","run","respond"],"executing":true}}
1455593366	none	{"result":{"address":1455593366,"states":["connect","run","respond"],"executing":true}}
1492936007	none	{"result":{"address":1492936007,"states":["connect","run","respond"],"executing":true}}
508811374	none	{"result":{"address":508811374,"states":["connect","run","respond"],"executing":true}}
62487346	none	{"result":{"address":62487346,"states":["connect","run","respond"],"executing":true}}
647154997	none	{"result":{"address":647154997,"states":["connect","run","respond"],"executing":true}}
1257437542	none	{"result":{"address":1257437542,"states":["connect","run","respond"],"executing":true}}
628892498	none	{"result":{"address":628892498,"states":["connect","run","respond"],"executing":true}}
395974340	none	{"result":{"address":395974340,"states":["connect","run","respond"],"executing":true}}
1655060802	none	{"result":{"address":1655060802,"states":["connect","run","respond"],"executing":true}}
1722344935	none	{"result":{"address":1722344935,"states":["connect","run","respond"],"executing":true}}
1698919496	none	{"result":{"address":1698919496,"states":["connect","run","respond"],"executing":true}}
472618146	none	{"result":{"address":472618146,"states":["connect","run","respond"],"executing":true}}
415268739	none	{"result":{"address":415268739,"states":["connect","run","respond"],"executing":true}}
1755718854	none	{"result":{"address":1755718854,"states":["connect","run","respond"],"executing":true}}
691474169	none	{"result":{"address":691474169,"states":["connect","run","respond"],"executing":true}}
2111812224	none	{"result":{"address":2111812224,"states":["connect","run","respond"],"executing":true}}
1494796410	none	{"result":{"address":1494796410,"states":["connect","run","respond"],"executing":true}}
753734953	none	{"result":{"address":753734953,"states":["connect","run","respond"],"executing":true}}
1714434300	none	{"result":{"address":1714434300,"states":["connect","run","respond"],"executing":true}}
513877661	none	{"result":{"address":513877661,"states":["connect","run","respond"],"executing":true}}
2076980527	none	{"result":{"address":2076980527,"states":["connect","run","respond"],"executing":true}}
592337780	none	{"result":{"address":592337780,"states":["connect","run","respond"],"executing":true}}
1853770526	none	{"result":{"address":1853770526,"states":["connect","run","respond"],"executing":true}}
375530527	none	{"result":{"address":375530527,"states":["connect","run","respond"],"executing":true}}
48071726	none	{"result":{"address":48071726,"states":["connect","run","respond"],"executing":true}}
199697500	none	{"result":{"address":199697500,"states":["connect","run","respond"],"executing":true}}
1386607262	none	{"result":{"address":1386607262,"states":["connect","run","respond"],"executing":true}}
898499321	none	{"result":{"address":898499321,"states":["connect","run","respond"],"executing":true}}
1948715358	none	{"result":{"address":1948715358,"states":["connect","run","respond"],"executing":true}}
1122389113	none	{"result":{"address":1122389113,"states":["connect","run","respond"],"executing":true}}
810899671	none	{"result":{"address":810899671,"states":["connect","run","respond"],"executing":true}}
485258328	none	{"result":{"address":485258328,"states":["connect","run","respond"],"executing":true}}
1219385285	none	{"result":{"address":1219385285,"states":["connect","run","respond"],"executing":true}}
1345273071	none	{"result":{"address":1345273071,"states":["connect","run","respond"],"executing":true}}
770428567	none	{"result":{"address":770428567,"states":["connect","run","respond"],"executing":true}}
1863333856	none	{"result":{"address":1863333856,"states":["connect","run","respond"],"executing":true}}
534666446	none	{"result":{"address":534666446,"states":["connect","run","respond"],"executing":true}}
1814589543	none	{"result":{"address":1814589543,"states":["connect","run","respond"],"executing":true}}
492441064	none	{"result":{"address":492441064,"states":["connect","run","respond"],"executing":true}}
342486741	none	{"result":{"address":342486741,"states":["connect","run","respond"],"executing":true}}
1309156388	none	{"result":{"address":1309156388,"states":["connect","run","respond"],"executing":true}}
125668966	none	{"result":{"address":125668966,"states":["connect","run","respond"],"executing":true}}
1500432727	none	{"result":{"address":1500432727,"states":["connect","run","respond"],"executing":true}}
893724981	none	{"result":{"address":893724981,"states":["connect","run","respond"],"executing":true}}
245923216	none	{"result":{"address":245923216,"states":["connect","run","respond"],"executing":true}}
785682461	none	{"result":{"address":785682461,"states":["connect","run","respond"],"executing":true}}
1845981780	none	{"result":{"address":1845981780,"states":["connect","run","respond"],"executing":true}}
1139461538	none	{"result":{"address":1139461538,"states":["connect","run","respond"],"executing":true}}
876040824	none	{"result":{"address":876040824,"states":["connect","run","respond"],"executing":true}}
1133724086	none	{"result":{"address":1133724086,"states":["connect","run","respond"],"executing":true}}
1066845887	none	{"result":{"address":1066845887,"states":["connect","run","respond"],"executing":true}}
800858711	none	{"result":{"address":800858711,"states":["connect","run","respond"],"executing":true}}
60088819	none	{"result":{"address":60088819,"states":["connect","run","respond"],"executing":true}}
404938796	none	{"result":{"address":404938796,"states":["connect","run","respond"],"executing":true}}
1639883537	none	{"result":{"address":1639883537,"states":["connect","run","respond"],"executing":true}}
643716288	none	{"result":{"address":643716288,"states":["connect","run","respond"],"executing":true}}
490350198	none	{"result":{"address":490350198,"states":["connect","run","respond"],"executing":true}}
1512844828	none	{"result":{"address":1512844828,"states":["connect","run","respond"],"executing":true}}
1404692844	none	{"result":{"address":1404692844,"states":["connect","run","respond"],"executing":true}}
1402471063	none	{"result":{"address":1402471063,"states":["connect","run","respond"],"executing":true}}
887172986	none	{"result":{"address":887172986,"states":["connect","run","respond"],"executing":true}}
1008006323	none	{"result":{"address":1008006323,"states":["connect","run","respond"],"executing":true}}
2093444551	none	{"result":{"address":2093444551,"states":["connect","run","respond"],"executing":true}}
865377589	none	{"result":{"address":865377589,"states":["connect","run","respond"],"executing":true}}
877191927	none	{"result":{"address":877191927,"states":["connect","run","respond"],"executing":true}}
499880509	none	{"result":{"address":499880509,"states":["connect","run","respond"],"executing":true}}
1518087803	none	{"result":{"address":1518087803,"states":["connect","run","respond"],"executing":true}}
451049991	none	{"result":{"address":451049991,"states":["connect","run","respond"],"executing":true}}
929729794	none	{"result":{"address":929729794,"states":["connect","run","respond"],"executing":true}}
1403280590	none	{"result":{"address":1403280590,"states":["connect","run","respond"],"executing":true}}
299922099	none	{"result":{"address":299922099,"states":["connect","run","respond"],"executing":true}}
1680462554	none	{"result":{"address":1680462554,"states":["connect","run","respond"],"executing":true}}
1632142663	none	{"result":{"address":1632142663,"states":["connect","run","respond"],"executing":true}}
1983343558	none	{"result":{"address":1983343558,"states":["connect","run","respond"],"executing":true}}
1066641287	none	{"result":{"address":1066641287,"states":["connect","run","respond"],"executing":true}}
621728552	none	{"result":{"address":621728552,"states":["connect","run","respond"],"executing":true}}
1037775831	none	{"result":{"address":1037775831,"states":["connect","run","respond"],"executing":true}}
1055973805	none	{"result":{"address":1055973805,"states":["connect","run","respond"],"executing":true}}
1130910989	none	{"result":{"address":1130910989,"states":["connect","run","respond"],"executing":true}}
604222996	none	{"result":{"address":604222996,"states":["connect","run","respond"],"executing":true}}
1458810131	none	{"result":{"address":1458810131,"states":["connect","run","respond"],"executing":true}}
1141780208	none	{"result":{"address":1141780208,"states":["connect","run","respond"],"executing":true}}
415104200	none	{"result":{"address":415104200,"states":["connect","run","respond"],"executing":true}}
801077062	none	{"result":{"address":801077062,"states":["connect","run","respond"],"executing":true}}
1836905595	none	{"result":{"address":1836905595,"states":["connect","run","respond"],"executing":true}}
1460202677	none	{"result":{"address":1460202677,"states":["connect","run","respond"],"executing":true}}
1921754225	none	{"result":{"address":1921754225,"states":["connect","run","respond"],"executing":true}}
278730742	none	{"result":{"address":278730742,"states":["connect","run","respond"],"executing":true}}
660825250	none	{"result":{"address":660825250,"states":["connect","run","respond"],"executing":true}}
467745833	none	{"result":{"address":467745833,"states":["connect","run","respond"],"executing":true}}
167063069	none	{"result":{"address":167063069,"states":["connect","run","respond"],"executing":true}}
1566293966	none	{"result":{"address":1566293966,"states":["connect","run","respond"],"executing":true}}
1836826885	none	{"result":{"address":1836826885,"states":["connect","run","respond"],"executing":true}}
42097189	none	{"result":{"address":42097189,"states":["connect","run","respond"],"executing":true}}
729603790	none	{"result":{"address":729603790,"states":["connect","run","respond"],"executing":true}}
420285405	none	{"result":{"address":420285405,"states":["connect","run","respond"],"executing":true}}
1180466942	none	{"result":{"address":1180466942,"states":["connect","run","respond"],"executing":true}}
46991327	none	{"result":{"address":46991327,"states":["connect","run","respond"],"executing":true}}
1954446604	none	{"result":{"address":1954446604,"states":["connect","run","respond"],"executing":true}}
993460703	none	{"result":{"address":993460703,"states":["connect","run","respond"],"executing":true}}
966981823	none	{"result":{"address":966981823,"states":["connect","run","respond"],"executing":true}}
1915015519	none	{"result":{"address":1915015519,"states":["connect","run","respond"],"executing":true}}
1169001017	none	{"result":{"address":1169001017,"states":["connect","run","respond"],"executing":true}}
97948325	none	{"result":{"address":97948325,"states":["connect","run","respond"],"executing":true}}
1391916467	none	{"result":{"address":1391916467,"states":["connect","run","respond"],"executing":true}}
197146314	none	{"result":{"address":197146314,"states":["connect","run","respond"],"executing":true}}
1199234891	none	{"result":{"address":1199234891,"states":["connect","run","respond"],"executing":true}}
1732409948	none	{"result":{"address":1732409948,"states":["connect","run","respond"],"executing":true}}
275183658	none	{"result":{"address":275183658,"states":["connect","run","respond"],"executing":true}}
396348846	none	{"result":{"address":396348846,"states":["connect","run","respond"],"executing":true}}
1593669772	none	{"result":{"address":1593669772,"states":["connect","run","respond"],"executing":true}}
786133842	none	{"result":{"address":786133842,"states":["connect","run","respond"],"executing":true}}
1680274853	none	{"result":{"address":1680274853,"states":["connect","run","respond"],"executing":true}}
317463988	none	{"result":{"address":317463988,"states":["connect","run","respond"],"executing":true}}
1413859284	none	{"result":{"address":1413859284,"states":["connect","run","respond"],"executing":true}}
403907948	none	{"result":{"address":403907948,"states":["connect","run","respond"],"executing":true}}
140033397	none	{"result":{"address":140033397,"states":["connect","run","respond"],"executing":true}}
1335008897	none	{"result":{"address":1335008897,"states":["connect","run","respond"],"executing":true}}
1832620009	none	{"result":{"address":1832620009,"states":["connect","run","respond"],"executing":true}}
778931001	none	{"result":{"address":778931001,"states":["connect","run","respond"],"executing":true}}
392122348	none	{"result":{"address":392122348,"states":["connect","run","respond"],"executing":true}}
1010234169	none	{"result":{"address":1010234169,"states":["connect","run","respond"],"executing":true}}
739549502	none	{"result":{"address":739549502,"states":["connect","run","respond"],"executing":true}}
260970980	none	{"result":{"address":260970980,"states":["connect","run","respond"],"executing":true}}
1191822396	none	{"result":{"address":1191822396,"states":["connect","run","respond"],"executing":true}}
1567045830	none	{"result":{"address":1567045830,"states":["connect","run","respond"],"executing":true}}
89764177	none	{"result":{"address":89764177,"states":["connect","run","respond"],"executing":true}}
153995361	none	{"result":{"address":153995361,"states":["connect","run","respond"],"executing":true}}
582834453	none	{"result":{"address":582834453,"states":["connect","run","respond"],"executing":true}}
1315794167	none	{"result":{"address":1315794167,"states":["connect","run","respond"],"executing":true}}
646175659	none	{"result":{"address":646175659,"states":["connect","run","respond"],"executing":true}}
67029849	none	{"result":{"address":67029849,"states":["connect","run","respond"],"executing":true}}
878520491	none	{"result":{"address":878520491,"states":["connect","run","respond"],"executing":true}}
219440984	none	{"result":{"address":219440984,"states":["connect","run","respond"],"executing":true}}
58256534	none	{"result":{"address":58256534,"states":["connect","run","respond"],"executing":true}}
1449131774	none	{"result":{"address":1449131774,"states":["connect","run","respond"],"executing":true}}
1965804109	none	{"result":{"address":1965804109,"states":["connect","run","respond"],"executing":true}}
216227464	none	{"result":{"address":216227464,"states":["connect","run","respond"],"executing":true}}
1867073797	none	{"result":{"address":1867073797,"states":["connect","run","respond"],"executing":true}}
770683101	none	{"result":{"address":770683101,"states":["connect","run","respond"],"executing":true}}
1752111218	none	{"result":{"address":1752111218,"states":["connect","run","respond"],"executing":true}}
1336351323	none	{"result":{"address":1336351323,"states":["connect","run","respond"],"executing":true}}
411483635	none	{"result":{"address":411483635,"states":["connect","run","respond"],"executing":true}}
178240182	none	{"result":{"address":178240182,"states":["connect","run","respond"],"executing":true}}
812468095	none	{"result":{"address":812468095,"states":["connect","run","respond"],"executing":true}}
1980841442	none	{"result":{"address":1980841442,"states":["connect","run","respond"],"executing":true}}
1095735126	none	{"result":{"address":1095735126,"states":["connect","run","respond"],"executing":true}}
786403153	none	{"result":{"address":786403153,"states":["connect","run","respond"],"executing":true}}
627521116	none	{"result":{"address":627521116,"states":["connect","run","respond"],"executing":true}}
624239704	none	{"result":{"address":624239704,"states":["connect","run","respond"],"executing":true}}
1840703486	none	{"result":{"address":1840703486,"states":["connect","run","respond"],"executing":true}}
1627633704	none	{"result":{"address":1627633704,"states":["connect","run","respond"],"executing":true}}
1028706916	none	{"result":{"address":1028706916,"states":["connect","run","respond"],"executing":true}}
142892775	none	{"result":{"address":142892775,"states":["connect","run","respond"],"executing":true}}
2113723649	none	{"result":{"address":2113723649,"states":["connect","run","respond"],"executing":true}}
380345268	none	{"result":{"address":380345268,"states":["connect","run","respond"],"executing":true}}
1076849268	none	{"result":{"address":1076849268,"states":["connect","run","respond"],"executing":true}}
1514449705	none	{"result":{"address":1514449705,"states":["connect","run","respond"],"executing":true}}
1989616330	none	{"result":{"address":1989616330,"states":["connect","run","respond"],"executing":true}}
1026363543	none	{"result":{"address":1026363543,"states":["connect","run","respond"],"executing":true}}
1833358481	none	{"result":{"address":1833358481,"states":["connect","run","respond"],"executing":true}}
448980356	none	{"result":{"address":448980356,"states":["connect","run","respond"],"executing":true}}
1356074030	none	{"result":{"address":1356074030,"states":["connect","run","respond"],"executing":true}}
1308916109	none	{"result":{"address":1308916109,"states":["connect","run","respond"],"executing":true}}
430170888	none	{"result":{"address":430170888,"states":["connect","run","respond"],"executing":true}}
1105380132	none	{"result":{"address":1105380132,"states":["connect","run","respond"],"executing":true}}
1921247324	none	{"result":{"address":1921247324,"states":["connect","run","respond"],"executing":true}}
1112188435	none	{"result":{"address":1112188435,"states":["connect","run","respond"],"executing":true}}
9983855	none	{"result":{"address":9983855,"states":["connect","run","respond"],"executing":true}}
1597239714	none	{"result":{"address":1597239714,"states":["connect","run","respond"],"executing":true}}
814503984	none	{"result":{"address":814503984,"states":["connect","run","respond"],"executing":true}}
90764180	none	{"result":{"address":90764180,"states":["connect","run","respond"],"executing":true}}
522030007	none	{"result":{"address":522030007,"states":["connect","run","respond"],"executing":true}}
1364316662	none	{"result":{"address":1364316662,"states":["connect","run","respond"],"executing":true}}
1123474488	none	{"result":{"address":1123474488,"states":["connect","run","respond"],"executing":true}}
1793830020	none	{"result":{"address":1793830020,"states":["connect","run","respond"],"executing":true}}
328477360	none	{"result":{"address":328477360,"states":["connect","run","respond"],"executing":true}}
416860923	none	{"result":{"address":416860923,"states":["connect","run","respond"],"executing":true}}
36649824	none	{"result":{"address":36649824,"states":["connect","run","respond"],"executing":true}}
2040253526	none	{"result":{"address":2040253526,"states":["connect","run","respond"],"executing":true}}
193800760	none	{"result":{"address":193800760,"states":["connect","run","respond"],"executing":true}}
1469354867	none	{"result":{"address":1469354867,"states":["connect","run","respond"],"executing":true}}
1972901205	none	{"result":{"address":1972901205,"states":["connect","run","respond"],"executing":true}}
1178715820	none	{"result":{"address":1178715820,"states":["connect","run","respond"],"executing":true}}
249928465	none	{"result":{"address":249928465,"states":["connect","run","respond"],"executing":true}}
1526981048	none	{"result":{"address":1526981048,"states":["connect","run","respond"],"executing":true}}
1495066766	none	{"result":{"address":1495066766,"states":["connect","run","respond"],"executing":true}}
1624025398	none	{"result":{"address":1624025398,"states":["connect","run","respond"],"executing":true}}
1472829911	none	{"result":{"address":1472829911,"states":["connect","run","respond"],"executing":true}}
1819133079	none	{"result":{"address":1819133079,"states":["connect","run","respond"],"executing":true}}
1418564508	none	{"result":{"address":1418564508,"states":["connect","run","respond"],"executing":true}}
1060230313	none	{"result":{"address":1060230313,"states":["connect","run","respond"],"executing":true}}
1427108606	none	{"result":{"address":1427108606,"states":["connect","run","respond"],"executing":true}}
1904348676	none	{"result":{"address":1904348676,"states":["connect","run","respond"],"executing":true}}
831873413	none	{"result":{"address":831873413,"states":["connect","run","respond"],"executing":true}}
227611458	none	{"result":{"address":227611458,"states":["connect","run","respond"],"executing":true}}
150379866	none	{"result":{"address":150379866,"states":["connect","run","respond"],"executing":true}}
33096994	none	{"result":{"address":33096994,"states":["connect","run","respond"],"executing":true}}
458331131	none	{"result":{"address":458331131,"states":["connect","run","respond"],"executing":true}}
748144022	none	{"result":{"address":748144022,"states":["connect","run","respond"],"executing":true}}
2032275369	none	{"result":{"address":2032275369,"states":["connect","run","respond"],"executing":true}}
280754129	none	{"result":{"address":280754129,"states":["connect","run","respond"],"executing":true}}
1144481711	none	{"result":{"address":1144481711,"states":["connect","run","respond"],"executing":true}}
158411803	none	{"result":{"address":158411803,"states":["connect","run","respond"],"executing":true}}
1129213468	none	{"result":{"address":1129213468,"states":["connect","run","respond"],"executing":true}}
2063801377	none	{"result":{"address":2063801377,"states":["connect","run","respond"],"executing":true}}
1209539637	none	{"result":{"address":1209539637,"states":["connect","run","respond"],"executing":true}}
1109782555	none	{"result":{"address":1109782555,"states":["connect","run","respond"],"executing":true}}
594207824	none	{"result":{"address":594207824,"states":["connect","run","respond"],"executing":true}}
699040849	none	{"result":{"address":699040849,"states":["connect","run","respond"],"executing":true}}
1545564870	none	{"result":{"address":1545564870,"states":["connect","run","respond"],"executing":true}}
28774622	none	{"result":{"address":28774622,"states":["connect","run","respond"],"executing":true}}
1199580168	none	{"result":{"address":1199580168,"states":["connect","run","respond"],"executing":true}}
762381778	none	{"result":{"address":762381778,"states":["connect","run","respond"],"executing":true}}
1138516872	none	{"result":{"address":1138516872,"states":["connect","run","respond"],"executing":true}}
1110733308	none	{"result":{"address":1110733308,"states":["connect","run","respond"],"executing":true}}
2030288758	none	{"result":{"address":2030288758,"states":["connect","run","respond"],"executing":true}}
1441624849	none	{"result":{"address":1441624849,"states":["connect","run","respond"],"executing":true}}
1267330215	none	{"result":{"address":1267330215,"states":["connect","run","respond"],"executing":true}}
2077816450	none	{"result":{"address":2077816450,"states":["connect","run","respond"],"executing":true}}
29332894	none	{"result":{"address":29332894,"states":["connect","run","respond"],"executing":true}}
1660798638	none	{"result":{"address":1660798638,"states":["connect","run","respond"],"executing":true}}
211786861	none	{"result":{"address":211786861,"states":["connect","run","respond"],"executing":true}}
1097742948	none	{"result":{"address":1097742948,"states":["connect","run","respond"],"executing":true}}
296961098	none	{"result":{"address":296961098,"states":["connect","run","respond"],"executing":true}}
878860912	none	{"result":{"address":878860912,"states":["connect","run","respond"],"executing":true}}
848052506	none	{"result":{"address":848052506,"states":["connect","run","respond"],"executing":true}}
1031918032	none	{"result":{"address":1031918032,"states":["connect","run","respond"],"executing":true}}
411144340	none	{"result":{"address":411144340,"states":["connect","run","respond"],"executing":true}}
1403372879	none	{"result":{"address":1403372879,"states":["connect","run","respond"],"executing":true}}
2121251147	none	{"result":{"address":2121251147,"states":["connect","run","respond"],"executing":true}}
1003617223	none	{"result":{"address":1003617223,"states":["connect","run","respond"],"executing":true}}
1040722805	none	{"result":{"address":1040722805,"states":["connect","run","respond"],"executing":true}}
1526650657	none	{"result":{"address":1526650657,"states":["connect","run","respond"],"executing":true}}
791987643	none	{"result":{"address":791987643,"states":["connect","run","respond"],"executing":true}}
1356424010	none	{"result":{"address":1356424010,"states":["connect","run","respond"],"executing":true}}
1562941010	none	{"result":{"address":1562941010,"states":["connect","run","respond"],"executing":true}}
791632466	none	{"result":{"address":791632466,"states":["connect","run","respond"],"executing":true}}
1457371369	none	{"result":{"address":1457371369,"states":["connect","run","respond"],"executing":true}}
2006323076	none	{"result":{"address":2006323076,"states":["connect","run","respond"],"executing":true}}
385555023	none	{"result":{"address":385555023,"states":["connect","run","respond"],"executing":true}}
1661762940	none	{"result":{"address":1661762940,"states":["connect","run","respond"],"executing":true}}
725597158	none	{"result":{"address":725597158,"states":["connect","run","respond"],"executing":true}}
1110625782	none	{"result":{"address":1110625782,"states":["connect","run","respond"],"executing":true}}
1934330241	none	{"result":{"address":1934330241,"states":["connect","run","respond"],"executing":true}}
166555761	none	{"result":{"address":166555761,"states":["connect","run","respond"],"executing":true}}
859552955	none	{"result":{"address":859552955,"states":["connect","run","respond"],"executing":true}}
1987451498	none	{"result":{"address":1987451498,"states":["connect","run","respond"],"executing":true}}
100745323	none	{"result":{"address":100745323,"states":["connect","run","respond"],"executing":true}}
576279269	none	{"result":{"address":576279269,"states":["connect","run","respond"],"executing":true}}
1687412482	none	{"result":{"address":1687412482,"states":["connect","run","respond"],"executing":true}}
810197015	none	{"result":{"address":810197015,"states":["connect","run","respond"],"executing":true}}
1454076145	none	{"result":{"address":1454076145,"states":["connect","run","respond"],"executing":true}}
513716548	none	{"result":{"address":513716548,"states":["connect","run","respond"],"executing":true}}
661855428	none	{"result":{"address":661855428,"states":["connect","run","respond"],"executing":true}}
1988042810	none	{"result":{"address":1988042810,"states":["connect","run","respond"],"executing":true}}
2112422400	none	{"result":{"address":2112422400,"states":["connect","run","respond"],"executing":true}}
1090620871	none	{"result":{"address":1090620871,"states":["connect","run","respond"],"executing":true}}
150023806	none	{"result":{"address":150023806,"states":["connect","run","respond"],"executing":true}}
300873690	none	{"result":{"address":300873690,"states":["connect","run","respond"],"executing":true}}
925323324	none	{"result":{"address":925323324,"states":["connect","run","respond"],"executing":true}}
2050954989	none	{"result":{"address":2050954989,"states":["connect","run","respond"],"executing":true}}
662834696	none	{"result":{"address":662834696,"states":["connect","run","respond"],"executing":true}}
400182017	none	{"result":{"address":400182017,"states":["connect","run","respond"],"executing":true}}
732641537	none	{"result":{"address":732641537,"states":["connect","run","respond"],"executing":true}}
46770270	none	{"result":{"address":46770270,"states":["connect","run","respond"],"executing":true}}
1490505264	none	{"result":{"address":1490505264,"states":["connect","run","respond"],"executing":true}}
1697589710	none	{"result":{"address":1697589710,"states":["connect","run","respond"],"executing":true}}
2147176877	none	{"result":{"address":2147176877,"states":["connect","run","respond"],"executing":true}}
575687160	none	{"result":{"address":575687160,"states":["connect","run","respond"],"executing":true}}
598573712	none	{"result":{"address":598573712,"states":["connect","run","respond"],"executing":true}}
839285200	none	{"result":{"address":839285200,"states":["connect","run","respond"],"executing":true}}
338287747	none	{"result":{"address":338287747,"states":["connect","run","respond"],"executing":true}}
1924527971	none	{"result":{"address":1924527971,"states":["connect","run","respond"],"executing":true}}
1336934964	none	{"result":{"address":1336934964,"states":["connect","run","respond"],"executing":true}}
1784866802	none	{"result":{"address":1784866802,"states":["connect","run","respond"],"executing":true}}
121217287	none	{"result":{"address":121217287,"states":["connect","run","respond"],"executing":true}}
1092066146	none	{"result":{"address":1092066146,"states":["connect","run","respond"],"executing":true}}
1143883004	none	{"result":{"address":1143883004,"states":["connect","run","respond"],"executing":true}}
645568694	none	{"result":{"address":645568694,"states":["connect","run","respond"],"executing":true}}
608092652	none	{"result":{"address":608092652,"states":["connect","run","respond"],"executing":true}}
1550607631	none	{"result":{"address":1550607631,"states":["connect","run","respond"],"executing":true}}
1650728852	none	{"result":{"address":1650728852,"states":["connect","run","respond"],"executing":true}}
304473652	none	{"result":{"address":304473652,"states":["connect","run","respond"],"executing":true}}
697686212	none	{"result":{"address":697686212,"states":["connect","run","respond"],"executing":true}}
1637707614	none	{"result":{"address":1637707614,"states":["connect","run","respond"],"executing":true}}
302567443	none	{"result":{"address":302567443,"states":["connect","run","respond"],"executing":true}}
533136626	none	{"result":{"address":533136626,"states":["connect","run","respond"],"executing":true}}
1464315448	none	{"result":{"address":1464315448,"states":["connect","run","respond"],"executing":true}}
1232786735	none	{"result":{"address":1232786735,"states":["connect","run","respond"],"executing":true}}
1522003771	none	{"result":{"address":1522003771,"states":["connect","run","respond"],"executing":true}}
907238707	none	{"result":{"address":907238707,"states":["connect","run","respond"],"executing":true}}
717821864	none	{"result":{"address":717821864,"states":["connect","run","respond"],"executing":true}}
1418500344	none	{"result":{"address":1418500344,"states":["connect","run","respond"],"executing":true}}
896613151	none	{"result":{"address":896613151,"states":["connect","run","respond"],"executing":true}}
1615875691	none	{"result":{"address":1615875691,"states":["connect","run","respond"],"executing":true}}
543819991	none	{"result":{"address":543819991,"states":["connect","run","respond"],"executing":true}}
435162345	none	{"result":{"address":435162345,"states":["connect","run","respond"],"executing":true}}
1300389193	none	{"result":{"address":1300389193,"states":["connect","run","respond"],"executing":true}}
155398799	none	{"result":{"address":155398799,"states":["connect","run","respond"],"executing":true}}
1731685026	none	{"result":{"address":1731685026,"states":["connect","run","respond"],"executing":true}}
1369459370	none	{"result":{"address":1369459370,"states":["connect","run","respond"],"executing":true}}
854797399	none	{"result":{"address":854797399,"states":["connect","run","respond"],"executing":true}}
1069932972	none	{"result":{"address":1069932972,"states":["connect","run","respond"],"executing":true}}
1157244663	none	{"result":{"address":1157244663,"states":["connect","run","respond"],"executing":true}}
1858302749	none	{"result":{"address":1858302749,"states":["connect","run","respond"],"executing":true}}
1667172694	none	{"result":{"address":1667172694,"states":["connect","run","respond"],"executing":true}}
525900678	none	{"result":{"address":525900678,"states":["connect","run","respond"],"executing":true}}
2133558186	none	{"result":{"address":2133558186,"states":["connect","run","respond"],"executing":true}}
849947539	none	{"result":{"address":849947539,"states":["connect","run","respond"],"executing":true}}
94572210	none	{"result":{"address":94572210,"states":["connect","run","respond"],"executing":true}}
1863849996	none	{"result":{"address":1863849996,"states":["connect","run","respond"],"executing":true}}
1083607342	none	{"result":{"address":1083607342,"states":["connect","run","respond"],"executing":true}}
1776005886	none	{"result":{"address":1776005886,"states":["connect","run","respond"],"executing":true}}
389732360	none	{"result":{"address":389732360,"states":["connect","run","respond"],"executing":true}}
1829190605	none	{"result":{"address":1829190605,"states":["connect","run","respond"],"executing":true}}
608155542	none	{"result":{"address":608155542,"states":["connect","run","respond"],"executing":true}}
1933714836	none	{"result":{"address":1933714836,"states":["connect","run","respond"],"executing":true}}
1795071314	none	{"result":{"address":1795071314,"states":["connect","run","respond"],"executing":true}}
1888291527	none	{"result":{"address":1888291527,"states":["connect","run","respond"],"executing":true}}
1555616608	none	{"result":{"address":1555616608,"states":["connect","run","respond"],"executing":true}}
67725951	none	{"result":{"address":67725951,"states":["connect","run","respond"],"executing":true}}
328851868	none	{"result":{"address":328851868,"states":["connect","run","respond"],"executing":true}}
275446829	none	{"result":{"address":275446829,"states":["connect","run","respond"],"executing":true}}
1729058581	none	{"result":{"address":1729058581,"states":["connect","run","respond"],"executing":true}}
2091861542	none	{"result":{"address":2091861542,"states":["connect","run","respond"],"executing":true}}
912298599	none	{"result":{"address":912298599,"states":["connect","run","respond"],"executing":true}}
119684403	none	{"result":{"address":119684403,"states":["connect","run","respond"],"executing":true}}
1886313815	none	{"result":{"address":1886313815,"states":["connect","run","respond"],"executing":true}}
1014820722	none	{"result":{"address":1014820722,"states":["connect","run","respond"],"executing":true}}
2069961847	none	{"result":{"address":2069961847,"states":["connect","run","respond"],"executing":true}}
1078180680	none	{"result":{"address":1078180680,"states":["connect","run","respond"],"executing":true}}
892255012	none	{"result":{"address":892255012,"states":["connect","run","respond"],"executing":true}}
1463707763	none	{"result":{"address":1463707763,"states":["connect","run","respond"],"executing":true}}
788705132	none	{"result":{"address":788705132,"states":["connect","run","respond"],"executing":true}}
898320868	none	{"result":{"address":898320868,"states":["connect","run","respond"],"executing":true}}
881796585	none	{"result":{"address":881796585,"states":["connect","run","respond"],"executing":true}}
1206095633	none	{"result":{"address":1206095633,"states":["connect","run","respond"],"executing":true}}
713737133	none	{"result":{"address":713737133,"states":["connect","run","respond"],"executing":true}}
251347057	none	{"result":{"address":251347057,"states":["connect","run","respond"],"executing":true}}
126980848	none	{"result":{"address":126980848,"states":["connect","run","respond"],"executing":true}}
1489773132	none	{"result":{"address":1489773132,"states":["connect","run","respond"],"executing":true}}
1096454284	none	{"result":{"address":1096454284,"states":["connect","run","respond"],"executing":true}}
1836211100	none	{"result":{"address":1836211100,"states":["connect","run","respond"],"executing":true}}
1998102662	none	{"result":{"address":1998102662,"states":["connect","run","respond"],"executing":true}}
1327730306	none	{"result":{"address":1327730306,"states":["connect","run","respond"],"executing":true}}
1277065476	none	{"result":{"address":1277065476,"states":["connect","run","respond"],"executing":true}}
1784868461	none	{"result":{"address":1784868461,"states":["connect","run","respond"],"executing":true}}
1628537388	none	{"result":{"address":1628537388,"states":["connect","run","respond"],"executing":true}}
51938926	none	{"result":{"address":51938926,"states":["connect","run","respond"],"executing":true}}
102671568	none	{"result":{"address":102671568,"states":["connect","run","respond"],"executing":true}}
189347176	none	{"result":{"address":189347176,"states":["connect","run","respond"],"executing":true}}
720574850	none	{"result":{"address":720574850,"states":["connect","run","respond"],"executing":true}}
1367893076	none	{"result":{"address":1367893076,"states":["connect","run","respond"],"executing":true}}
1730003259	none	{"result":{"address":1730003259,"states":["connect","run","respond"],"executing":true}}
288895155	none	{"result":{"address":288895155,"states":["connect","run","respond"],"executing":true}}
1725663701	none	{"result":{"address":1725663701,"states":["connect","run","respond"],"executing":true}}
162906203	none	{"result":{"address":162906203,"states":["connect","run","respond"],"executing":true}}
1082827720	none	{"result":{"address":1082827720,"states":["connect","run","respond"],"executing":true}}
682713970	none	{"result":{"address":682713970,"states":["connect","run","respond"],"executing":true}}
1571893579	none	{"result":{"address":1571893579,"states":["connect","run","respond"],"executing":true}}
1021849589	none	{"result":{"address":1021849589,"states":["connect","run","respond"],"executing":true}}
154798567	none	{"result":{"address":154798567,"states":["connect","run","respond"],"executing":true}}
1424757702	none	{"result":{"address":1424757702,"states":["connect","run","respond"],"executing":true}}
1269925978	none	{"result":{"address":1269925978,"states":["connect","run","respond"],"executing":true}}
581451160	none	{"result":{"address":581451160,"states":["connect","run","respond"],"executing":true}}
335541968	none	{"result":{"address":335541968,"states":["connect","run","respond"],"executing":true}}
1632834386	none	{"result":{"address":1632834386,"states":["connect","run","respond"],"executing":true}}
131439864	none	{"result":{"address":131439864,"states":["connect","run","respond"],"executing":true}}
1193281889	none	{"result":{"address":1193281889,"states":["connect","run","respond"],"executing":true}}
923373195	none	{"result":{"address":923373195,"states":["connect","run","respond"],"executing":true}}
1103476692	none	{"result":{"address":1103476692,"states":["connect","run","respond"],"executing":true}}
1805096281	none	{"result":{"address":1805096281,"states":["connect","run","respond"],"executing":true}}
1997930848	none	{"result":{"address":1997930848,"states":["connect","run","respond"],"executing":true}}
1429339103	none	{"result":{"address":1429339103,"states":["connect","run","respond"],"executing":true}}
1483428168	none	{"result":{"address":1483428168,"states":["connect","run","respond"],"executing":true}}
349483756	none	{"result":{"address":349483756,"states":["connect","run","respond"],"executing":true}}
75231007	none	{"result":{"address":75231007,"states":["connect","run","respond"],"executing":true}}
853644902	none	{"result":{"address":853644902,"states":["connect","run","respond"],"executing":true}}
481148991	none	{"result":{"address":481148991,"states":["connect","run","respond"],"executing":true}}
1354448463	none	{"result":{"address":1354448463,"states":["connect","run","respond"],"executing":true}}
65885089	none	{"result":{"address":65885089,"states":["connect","run","respond"],"executing":true}}
531577611	none	{"result":{"address":531577611,"states":["connect","run","respond"],"executing":true}}
267807742	none	{"result":{"address":267807742,"states":["connect","run","respond"],"executing":true}}
122631271	none	{"result":{"address":122631271,"states":["connect","run","respond"],"executing":true}}
332817736	none	{"result":{"address":332817736,"states":["connect","run","respond"],"executing":true}}
884255034	none	{"result":{"address":884255034,"states":["connect","run","respond"],"executing":true}}
44745639	none	{"result":{"address":44745639,"states":["connect","run","respond"],"executing":true}}
1529943603	none	{"result":{"address":1529943603,"states":["connect","run","respond"],"executing":true}}
92265153	none	{"result":{"address":92265153,"states":["connect","run","respond"],"executing":true}}
410254573	none	{"result":{"address":410254573,"states":["connect","run","respond"],"executing":true}}
20482521	none	{"result":{"address":20482521,"states":["connect","run","respond"],"executing":true}}
111457927	none	{"result":{"address":111457927,"states":["connect","run","respond"],"executing":true}}
120841973	none	{"result":{"address":120841973,"states":["connect","run","respond"],"executing":true}}
1052672423	none	{"result":{"address":1052672423,"states":["connect","run","respond"],"executing":true}}
947527670	none	{"result":{"address":947527670,"states":["connect","run","respond"],"executing":true}}
1129605751	none	{"result":{"address":1129605751,"states":["connect","run","respond"],"executing":true}}
318089169	none	{"result":{"address":318089169,"states":["connect","run","respond"],"executing":true}}
931750514	none	{"result":{"address":931750514,"states":["connect","run","respond"],"executing":true}}
1508479461	none	{"result":{"address":1508479461,"states":["connect","run","respond"],"executing":true}}
1635857394	none	{"result":{"address":1635857394,"states":["connect","run","respond"],"executing":true}}
1282079219	none	{"result":{"address":1282079219,"states":["connect","run","respond"],"executing":true}}
971409352	none	{"result":{"address":971409352,"states":["connect","run","respond"],"executing":true}}
1427021468	none	{"result":{"address":1427021468,"states":["connect","run","respond"],"executing":true}}
111837515	none	{"result":{"address":111837515,"states":["connect","run","respond"],"executing":true}}
551415999	none	{"result":{"address":551415999,"states":["connect","run","respond"],"executing":true}}
1935017916	none	{"result":{"address":1935017916,"states":["connect","run","respond"],"executing":true}}
372300007	none	{"result":{"address":372300007,"states":["connect","run","respond"],"executing":true}}
1243216122	none	{"result":{"address":1243216122,"states":["connect","run","respond"],"executing":true}}
390675621	none	{"result":{"address":390675621,"states":["connect","run","respond"],"executing":true}}
643009982	none	{"result":{"address":643009982,"states":["connect","run","respond"],"executing":true}}
1083856266	none	{"result":{"address":1083856266,"states":["connect","run","respond"],"executing":true}}
1305861781	none	{"result":{"address":1305861781,"states":["connect","run","respond"],"executing":true}}
1771177418	none	{"result":{"address":1771177418,"states":["connect","run","respond"],"executing":true}}
1683415322	none	{"result":{"address":1683415322,"states":["connect","run","respond"],"executing":true}}
874618002	none	{"result":{"address":874618002,"states":["connect","run","respond"],"executing":true}}
1933967288	none	{"result":{"address":1933967288,"states":["connect","run","respond"],"executing":true}}
1006922771	none	{"result":{"address":1006922771,"states":["connect","run","respond"],"executing":true}}
1757876483	none	{"result":{"address":1757876483,"states":["connect","run","respond"],"executing":true}}
4938169	none	{"result":{"address":4938169,"states":["connect","run","respond"],"executing":true}}
1057391293	none	{"result":{"address":1057391293,"states":["connect","run","respond"],"executing":true}}
1640977326	none	{"result":{"address":1640977326,"states":["connect","run","respond"],"executing":true}}
1169140957	none	{"result":{"address":1169140957,"states":["connect","run","respond"],"executing":true}}
1679623687	none	{"result":{"address":1679623687,"states":["connect","run","respond"],"executing":true}}
1640296487	none	{"result":{"address":1640296487,"states":["connect","run","respond"],"executing":true}}
151806977	none	{"result":{"address":151806977,"states":["connect","run","respond"],"executing":true}}
46465739	none	{"result":{"address":46465739,"states":["connect","run","respond"],"executing":true}}
2003359222	none	{"result":{"address":2003359222,"states":["connect","run","respond"],"executing":true}}
351613566	none	{"result":{"address":351613566,"states":["connect","run","respond"],"executing":true}}
1135182014	none	{"result":{"address":1135182014,"states":["connect","run","respond"],"executing":true}}
2036574667	none	{"result":{"address":2036574667,"states":["connect","run","respond"],"executing":true}}
1915519458	none	{"result":{"address":1915519458,"states":["connect","run","respond"],"executing":true}}
1999324114	none	{"result":{"address":1999324114,"states":["connect","run","respond"],"executing":true}}
955805760	none	{"result":{"address":955805760,"states":["connect","run","respond"],"executing":true}}
1404334391	none	{"result":{"address":1404334391,"states":["connect","run","respond"],"executing":true}}
2012463029	none	{"result":{"address":2012463029,"states":["connect","run","respond"],"executing":true}}
2064591663	none	{"result":{"address":2064591663,"states":["connect","run","respond"],"executing":true}}
1098009561	none	{"result":{"address":1098009561,"states":["connect","run","respond"],"executing":true}}
1590750112	none	{"result":{"address":1590750112,"states":["connect","run","respond"],"executing":true}}
1957771108	none	{"result":{"address":1957771108,"states":["connect","run","respond"],"executing":true}}
1557384926	none	{"result":{"address":1557384926,"states":["connect","run","respond"],"executing":true}}
1678608187	none	{"result":{"address":1678608187,"states":["connect","run","respond"],"executing":true}}
847993718	none	{"result":{"address":847993718,"states":["connect","run","respond"],"executing":true}}
993129454	none	{"result":{"address":993129454,"states":["connect","run","respond"],"executing":true}}
1324530281	none	{"result":{"address":1324530281,"states":["connect","run","respond"],"executing":true}}
4016779	none	{"result":{"address":4016779,"states":["connect","run","respond"],"executing":true}}
97048953	none	{"result":{"address":97048953,"states":["connect","run","respond"],"executing":true}}
1260509391	none	{"result":{"address":1260509391,"states":["connect","run","respond"],"executing":true}}
1692493608	none	{"result":{"address":1692493608,"states":["connect","run","respond"],"executing":true}}
1260270538	none	{"result":{"address":1260270538,"states":["connect","run","respond"],"executing":true}}
1001208105	none	{"result":{"address":1001208105,"states":["connect","run","respond"],"executing":true}}
1140005935	none	{"result":{"address":1140005935,"states":["connect","run","respond"],"executing":true}}
637988635	none	{"result":{"address":637988635,"states":["connect","run","respond"],"executing":true}}
1445145079	none	{"result":{"address":1445145079,"states":["connect","run","respond"],"executing":true}}
2014406826	none	{"result":{"address":2014406826,"states":["connect","run","respond"],"executing":true}}
1405355275	none	{"result":{"address":1405355275,"states":["connect","run","respond"],"executing":true}}
2136594289	none	{"result":{"address":2136594289,"states":["connect","run","respond"],"executing":true}}
1094608149	none	{"result":{"address":1094608149,"states":["connect","run","respond"],"executing":true}}
351892128	none	{"result":{"address":351892128,"states":["connect","run","respond"],"executing":true}}
907903548	none	{"result":{"address":907903548,"states":["connect","run","respond"],"executing":true}}
374311063	none	{"result":{"address":374311063,"states":["connect","run","respond"],"executing":true}}
2056922169	none	{"result":{"address":2056922169,"states":["connect","run","respond"],"executing":true}}
369694447	none	{"result":{"address":369694447,"states":["connect","run","respond"],"executing":true}}
758242084	none	{"result":{"address":758242084,"states":["connect","run","respond"],"executing":true}}
310867491	none	{"result":{"address":310867491,"states":["connect","run","respond"],"executing":true}}
2094304838	none	{"result":{"address":2094304838,"states":["connect","run","respond"],"executing":true}}
794840304	none	{"result":{"address":794840304,"states":["connect","run","respond"],"executing":true}}
243525417	none	{"result":{"address":243525417,"states":["connect","run","respond"],"executing":true}}
1022701616	none	{"result":{"address":1022701616,"states":["connect","run","respond"],"executing":true}}
1199858038	none	{"result":{"address":1199858038,"states":["connect","run","respond"],"executing":true}}
478603896	none	{"result":{"address":478603896,"states":["connect","run","respond"],"executing":true}}
314331332	none	{"result":{"address":314331332,"states":["connect","run","respond"],"executing":true}}
1834250133	none	{"result":{"address":1834250133,"states":["connect","run","respond"],"executing":true}}
877899371	none	{"result":{"address":877899371,"states":["connect","run","respond"],"executing":true}}
1270825740	none	{"result":{"address":1270825740,"states":["connect","run","respond"],"executing":true}}
2057849720	none	{"result":{"address":2057849720,"states":["connect","run","respond"],"executing":true}}
195500553	none	{"result":{"address":195500553,"states":["connect","run","respond"],"executing":true}}
193663032	none	{"result":{"address":193663032,"states":["connect","run","respond"],"executing":true}}
1492141407	none	{"result":{"address":1492141407,"states":["connect","run","respond"],"executing":true}}
720950592	none	{"result":{"address":720950592,"states":["connect","run","respond"],"executing":true}}
1149563016	none	{"result":{"address":1149563016,"states":["connect","run","respond"],"executing":true}}
1484023342	none	{"result":{"address":1484023342,"states":["connect","run","respond"],"executing":true}}
1640886751	none	{"result":{"address":1640886751,"states":["connect","run","respond"],"executing":true}}
496756434	none	{"result":{"address":496756434,"states":["connect","run","respond"],"executing":true}}
2059060969	none	{"result":{"address":2059060969,"states":["connect","run","respond"],"executing":true}}
1538616866	none	{"result":{"address":1538616866,"states":["connect","run","respond"],"executing":true}}
1197829427	none	{"result":{"address":1197829427,"states":["connect","run","respond"],"executing":true}}
862815744	none	{"result":{"address":862815744,"states":["connect","run","respond"],"executing":true}}
1687932613	none	{"result":{"address":1687932613,"states":["connect","run","respond"],"executing":true}}
2131549039	none	{"result":{"address":2131549039,"states":["connect","run","respond"],"executing":true}}
2046423478	none	{"result":{"address":2046423478,"states":["connect","run","respond"],"executing":true}}
1267707399	none	{"result":{"address":1267707399,"states":["connect","run","respond"],"executing":true}}
2025250278	none	{"result":{"address":2025250278,"states":["connect","run","respond"],"executing":true}}
1873004594	none	{"result":{"address":1873004594,"states":["connect","run","respond"],"executing":true}}
468783613	none	{"result":{"address":468783613,"states":["connect","run","respond"],"executing":true}}
301013792	none	{"result":{"address":301013792,"states":["connect","run","respond"],"executing":true}}
1743735064	none	{"result":{"address":1743735064,"states":["connect","run","respond"],"executing":true}}
369360904	none	{"result":{"address":369360904,"states":["connect","run","respond"],"executing":true}}
1625114061	none	{"result":{"address":1625114061,"states":["connect","run","respond"],"executing":true}}
519327893	none	{"result":{"address":519327893,"states":["connect","run","respond"],"executing":true}}
743473108	none	{"result":{"address":743473108,"states":["connect","run","respond"],"executing":true}}
1431567755	none	{"result":{"address":1431567755,"states":["connect","run","respond"],"executing":true}}
562993935	none	{"result":{"address":562993935,"states":["connect","run","respond"],"executing":true}}
1189238921	none	{"result":{"address":1189238921,"states":["connect","run","respond"],"executing":true}}
664594000	none	{"result":{"address":664594000,"states":["connect","run","respond"],"executing":true}}
1542017758	none	{"result":{"address":1542017758,"states":["connect","run","respond"],"executing":true}}
2010044098	none	{"result":{"address":2010044098,"states":["connect","run","respond"],"executing":true}}
1907774001	none	{"result":{"address":1907774001,"states":["connect","run","respond"],"executing":true}}
1597941313	none	{"result":{"address":1597941313,"states":["connect","run","respond"],"executing":true}}
16774314	none	{"result":{"address":16774314,"states":["connect","run","respond"],"executing":true}}
331384374	none	{"result":{"address":331384374,"states":["connect","run","respond"],"executing":true}}
9976773	none	{"result":{"address":9976773,"states":["connect","run","respond"],"executing":true}}
1210037329	none	{"result":{"address":1210037329,"states":["connect","run","respond"],"executing":true}}
2023188845	none	{"result":{"address":2023188845,"states":["connect","run","respond"],"executing":true}}
170418358	none	{"result":{"address":170418358,"states":["connect","run","respond"],"executing":true}}
81940635	none	{"result":{"address":81940635,"states":["connect","run","respond"],"executing":true}}
411446521	none	{"result":{"address":411446521,"states":["connect","run","respond"],"executing":true}}
807325299	none	{"result":{"address":807325299,"states":["connect","run","respond"],"executing":true}}
1406821758	none	{"result":{"address":1406821758,"states":["connect","run","respond"],"executing":true}}
1423485051	none	{"result":{"address":1423485051,"states":["connect","run","respond"],"executing":true}}
1460621888	none	{"result":{"address":1460621888,"states":["connect","run","respond"],"executing":true}}
511250018	none	{"result":{"address":511250018,"states":["connect","run","respond"],"executing":true}}
1833323314	none	{"result":{"address":1833323314,"states":["connect","run","respond"],"executing":true}}
1306136248	none	{"result":{"address":1306136248,"states":["connect","run","respond"],"executing":true}}
1360461076	none	{"result":{"address":1360461076,"states":["connect","run","respond"],"executing":true}}
696788824	none	{"result":{"address":696788824,"states":["connect","run","respond"],"executing":true}}
939563183	none	{"result":{"address":939563183,"states":["connect","run","respond"],"executing":true}}
2005105015	none	{"result":{"address":2005105015,"states":["connect","run","respond"],"executing":true}}
604050202	none	{"result":{"address":604050202,"states":["connect","run","respond"],"executing":true}}
138154398	none	{"result":{"address":138154398,"states":["connect","run","respond"],"executing":true}}
204673861	none	{"result":{"address":204673861,"states":["connect","run","respond"],"executing":true}}
692118480	none	{"result":{"address":692118480,"states":["connect","run","respond"],"executing":true}}
825659259	none	{"result":{"address":825659259,"states":["connect","run","respond"],"executing":true}}
723266679	none	{"result":{"address":723266679,"states":["connect","run","respond"],"executing":true}}
1188141138	none	{"result":{"address":1188141138,"states":["connect","run","respond"],"executing":true}}
429065586	none	{"result":{"address":429065586,"states":["connect","run","respond"],"executing":true}}
724884738	none	{"result":{"address":724884738,"states":["connect","run","respond"],"executing":true}}
2034301160	none	{"result":{"address":2034301160,"states":["connect","run","respond"],"executing":true}}
1877411342	none	{"result":{"address":1877411342,"states":["connect","run","respond"],"executing":true}}
1180839645	none	{"result":{"address":1180839645,"states":["connect","run","respond"],"executing":true}}
922983668	none	{"result":{"address":922983668,"states":["connect","run","respond"],"executing":true}}
1652085619	none	{"result":{"address":1652085619,"states":["connect","run","respond"],"executing":true}}
1502920436	none	{"result":{"address":1502920436,"states":["connect","run","respond"],"executing":true}}
711989815	none	{"result":{"address":711989815,"states":["connect","run","respond"],"executing":true}}
1343221702	none	{"result":{"address":1343221702,"states":["connect","run","respond"],"executing":true}}
1480071402	none	{"result":{"address":1480071402,"states":["connect","run","respond"],"executing":true}}
894755693	none	{"result":{"address":894755693,"states":["connect","run","respond"],"executing":true}}
864394115	none	{"result":{"address":864394115,"states":["connect","run","respond"],"executing":true}}
2144521229	none	{"result":{"address":2144521229,"states":["connect","run","respond"],"executing":true}}
954131561	none	{"result":{"address":954131561,"states":["connect","run","respond"],"executing":true}}
1747222365	none	{"result":{"address":1747222365,"states":["connect","run","respond"],"executing":true}}
245055969	none	{"result":{"address":245055969,"states":["connect","run","respond"],"executing":true}}
597433299	none	{"result":{"address":597433299,"states":["connect","run","respond"],"executing":true}}
140338464	none	{"result":{"address":140338464,"states":["connect","run","respond"],"executing":true}}
1205029906	none	{"result":{"address":1205029906,"states":["connect","run","respond"],"executing":true}}
1949548123	none	{"result":{"address":1949548123,"states":["connect","run","respond"],"executing":true}}
191824609	none	{"result":{"address":191824609,"states":["connect","run","respond"],"executing":true}}
586010085	none	{"result":{"address":586010085,"states":["connect","run","respond"],"executing":true}}
2074273418	none	{"result":{"address":2074273418,"states":["connect","run","respond"],"executing":true}}
316992324	none	{"result":{"address":316992324,"states":["connect","run","respond"],"executing":true}}
2094807867	none	{"result":{"address":2094807867,"states":["connect","run","respond"],"executing":true}}
253130129	none	{"result":{"address":253130129,"states":["connect","run","respond"],"executing":true}}
132094293	none	{"result":{"address":132094293,"states":["connect","run","respond"],"executing":true}}
603128013	none	{"result":{"address":603128013,"states":["connect","run","respond"],"executing":true}}
1023735310	none	{"result":{"address":1023735310,"states":["connect","run","respond"],"executing":true}}
394878230	none	{"result":{"address":394878230,"states":["connect","run","respond"],"executing":true}}
1069769143	none	{"result":{"address":1069769143,"states":["connect","run","respond"],"executing":true}}
15512851	none	{"result":{"address":15512851,"states":["connect","run","respond"],"executing":true}}
1131788544	none	{"result":{"address":1131788544,"states":["connect","run","respond"],"executing":true}}
1579915793	none	{"result":{"address":1579915793,"states":["connect","run","respond"],"executing":true}}
1854047011	none	{"result":{"address":1854047011,"states":["connect","run","respond"],"executing":true}}
1110858225	none	{"result":{"address":1110858225,"states":["connect","run","respond"],"executing":true}}
1523742286	none	{"result":{"address":1523742286,"states":["connect","run","respond"],"executing":true}}
158415977	none	{"result":{"address":158415977,"states":["connect","run","respond"],"executing":true}}
369951175	none	{"result":{"address":369951175,"states":["connect","run","respond"],"executing":true}}
596258278	none	{"result":{"address":596258278,"states":["connect","run","respond"],"executing":true}}
979506470	none	{"result":{"address":979506470,"states":["connect","run","respond"],"executing":true}}
1199921882	none	{"result":{"address":1199921882,"states":["connect","run","respond"],"executing":true}}
1769455814	none	{"result":{"address":1769455814,"states":["connect","run","respond"],"executing":true}}
1726829182	none	{"result":{"address":1726829182,"states":["connect","run","respond"],"executing":true}}
288863853	none	{"result":{"address":288863853,"states":["connect","run","respond"],"executing":true}}
1363177893	none	{"result":{"address":1363177893,"states":["connect","run","respond"],"executing":true}}
1221771214	none	{"result":{"address":1221771214,"states":["connect","run","respond"],"executing":true}}
532289177	none	{"result":{"address":532289177,"states":["connect","run","respond"],"executing":true}}
916635814	none	{"result":{"address":916635814,"states":["connect","run","respond"],"executing":true}}
360460247	none	{"result":{"address":360460247,"states":["connect","run","respond"],"executing":true}}
1795668971	none	{"result":{"address":1795668971,"states":["connect","run","respond"],"executing":true}}
445333905	none	{"result":{"address":445333905,"states":["connect","run","respond"],"executing":true}}
1969053903	none	{"result":{"address":1969053903,"states":["connect","run","respond"],"executing":true}}
1740647090	none	{"result":{"address":1740647090,"states":["connect","run","respond"],"executing":true}}
1472322254	none	{"result":{"address":1472322254,"states":["connect","run","respond"],"executing":true}}
1994070143	none	{"result":{"address":1994070143,"states":["connect","run","respond"],"executing":true}}
307629772	none	{"result":{"address":307629772,"states":["connect","run","respond"],"executing":true}}
934244414	none	{"result":{"address":934244414,"states":["connect","run","respond"],"executing":true}}
1668097857	none	{"result":{"address":1668097857,"states":["connect","run","respond"],"executing":true}}
1727978692	none	{"result":{"address":1727978692,"states":["connect","run","respond"],"executing":true}}
2051624689	none	{"result":{"address":2051624689,"states":["connect","run","respond"],"executing":true}}
1818160190	none	{"result":{"address":1818160190,"states":["connect","run","respond"],"executing":true}}
408357871	none	{"result":{"address":408357871,"states":["connect","run","respond"],"executing":true}}
128872175	none	{"result":{"address":128872175,"states":["connect","run","respond"],"executing":true}}
105979310	none	{"result":{"address":105979310,"states":["connect","run","respond"],"executing":true}}
404139041	none	{"result":{"address":404139041,"states":["connect","run","respond"],"executing":true}}
2009189043	none	{"result":{"address":2009189043,"states":["connect","run","respond"],"executing":true}}
2137873763	none	{"result":{"address":2137873763,"states":["connect","run","respond"],"executing":true}}
1482930844	none	{"result":{"address":1482930844,"states":["connect","run","respond"],"executing":true}}
498325680	none	{"result":{"address":498325680,"states":["connect","run","respond"],"executing":true}}
272693742	none	{"result":{"address":272693742,"states":["connect","run","respond"],"executing":true}}
1363943923	none	{"result":{"address":1363943923,"states":["connect","run","respond"],"executing":true}}
25236093	none	{"result":{"address":25236093,"states":["connect","run","respond"],"executing":true}}
739248511	none	{"result":{"address":739248511,"states":["connect","run","respond"],"executing":true}}
660376210	none	{"result":{"address":660376210,"states":["connect","run","respond"],"executing":true}}
86481221	none	{"result":{"address":86481221,"states":["connect","run","respond"],"executing":true}}
554968956	none	{"result":{"address":554968956,"states":["connect","run","respond"],"executing":true}}
777672294	none	{"result":{"address":777672294,"states":["connect","run","respond"],"executing":true}}
954791278	none	{"result":{"address":954791278,"states":["connect","run","respond"],"executing":true}}
2020110409	none	{"result":{"address":2020110409,"states":["connect","run","respond"],"executing":true}}
1278766338	none	{"result":{"address":1278766338,"states":["connect","run","respond"],"executing":true}}
911280290	none	{"result":{"address":911280290,"states":["connect","run","respond"],"executing":true}}
2048297240	none	{"result":{"address":2048297240,"states":["connect","run","respond"],"executing":true}}
2077069393	none	{"result":{"address":2077069393,"states":["connect","run","respond"],"executing":true}}
552671819	none	{"result":{"address":552671819,"states":["connect","run","respond"],"executing":true}}
1899370800	none	{"result":{"address":1899370800,"states":["connect","run","respond"],"executing":true}}
1511755803	none	{"result":{"address":1511755803,"states":["connect","run","respond"],"executing":true}}
2011534261	none	{"result":{"address":2011534261,"states":["connect","run","respond"],"executing":true}}
220014714	none	{"result":{"address":220014714,"states":["connect","run","respond"],"executing":true}}
329228533	none	{"result":{"address":329228533,"states":["connect","run","respond"],"executing":true}}
280395222	none	{"result":{"address":280395222,"states":["connect","run","respond"],"executing":true}}
18947632	none	{"result":{"address":18947632,"states":["connect","run","respond"],"executing":true}}
1221023373	none	{"result":{"address":1221023373,"states":["connect","run","respond"],"executing":true}}
1069023767	none	{"result":{"address":1069023767,"states":["connect","run","respond"],"executing":true}}
2074197749	none	{"result":{"address":2074197749,"states":["connect","run","respond"],"executing":true}}
349984204	none	{"result":{"address":349984204,"states":["connect","run","respond"],"executing":true}}
1690250768	none	{"result":{"address":1690250768,"states":["connect","run","respond"],"executing":true}}
1688424490	none	{"result":{"address":1688424490,"states":["connect","run","respond"],"executing":true}}
1838397782	none	{"result":{"address":1838397782,"states":["connect","run","respond"],"executing":true}}
1298431780	none	{"result":{"address":1298431780,"states":["connect","run","respond"],"executing":true}}
211603047	none	{"result":{"address":211603047,"states":["connect","run","respond"],"executing":true}}
1874685429	none	{"result":{"address":1874685429,"states":["connect","run","respond"],"executing":true}}
576845835	none	{"result":{"address":576845835,"states":["connect","run","respond"],"executing":true}}
640573634	none	{"result":{"address":640573634,"states":["connect","run","respond"],"executing":true}}
160516643	none	{"result":{"address":160516643,"states":["connect","run","respond"],"executing":true}}
1785123287	none	{"result":{"address":1785123287,"states":["connect","run","respond"],"executing":true}}
1283500088	none	{"result":{"address":1283500088,"states":["connect","run","respond"],"executing":true}}
732983283	none	{"result":{"address":732983283,"states":["connect","run","respond"],"executing":true}}
1502072542	none	{"result":{"address":1502072542,"states":["connect","run","respond"],"executing":true}}
934621287	none	{"result":{"address":934621287,"states":["connect","run","respond"],"executing":true}}
1434605662	none	{"result":{"address":1434605662,"states":["connect","run","respond"],"executing":true}}
815254042	none	{"result":{"address":815254042,"states":["connect","run","respond"],"executing":true}}
974948328	none	{"result":{"address":974948328,"states":["connect","run","respond"],"executing":true}}
1122766509	none	{"result":{"address":1122766509,"states":["connect","run","respond"],"executing":true}}
2592569	none	{"result":{"address":2592569,"states":["connect","run","respond"],"executing":true}}
568318427	none	{"result":{"address":568318427,"states":["connect","run","respond"],"executing":true}}
1529189607	none	{"result":{"address":1529189607,"states":["connect","run","respond"],"executing":true}}
1848577363	none	{"result":{"address":1848577363,"states":["connect","run","respond"],"executing":true}}
566433804	none	{"result":{"address":566433804,"states":["connect","run","respond"],"executing":true}}
356429835	none	{"result":{"address":356429835,"states":["connect","run","respond"],"executing":true}}
505356194	none	{"result":{"address":505356194,"states":["connect","run","respond"],"executing":true}}
859683626	none	{"result":{"address":859683626,"states":["connect","run","respond"],"executing":true}}
782246615	none	{"result":{"address":782246615,"states":["connect","run","respond"],"executing":true}}
1540842500	none	{"result":{"address":1540842500,"states":["connect","run","respond"],"executing":true}}
1072113968	none	{"result":{"address":1072113968,"states":["connect","run","respond"],"executing":true}}
711063032	none	{"result":{"address":711063032,"states":["connect","run","respond"],"executing":true}}
1284339466	none	{"result":{"address":1284339466,"states":["connect","run","respond"],"executing":true}}
860987349	none	{"result":{"address":860987349,"states":["connect","run","respond"],"executing":true}}
1562754573	none	{"result":{"address":1562754573,"states":["connect","run","respond"],"executing":true}}
6929568	none	{"result":{"address":6929568,"states":["connect","run","respond"],"executing":true}}
1892319749	none	{"result":{"address":1892319749,"states":["connect","run","respond"],"executing":true}}
1950540677	none	{"result":{"address":1950540677,"states":["connect","run","respond"],"executing":true}}
1320555652	none	{"result":{"address":1320555652,"states":["connect","run","respond"],"executing":true}}
72325384	none	{"result":{"address":72325384,"states":["connect","run","respond"],"executing":true}}
1112033658	none	{"result":{"address":1112033658,"states":["connect","run","respond"],"executing":true}}
1642953665	none	{"result":{"address":1642953665,"states":["connect","run","respond"],"executing":true}}
2031400669	none	{"result":{"address":2031400669,"states":["connect","run","respond"],"executing":true}}
1672651082	none	{"result":{"address":1672651082,"states":["connect","run","respond"],"executing":true}}
630830140	none	{"result":{"address":630830140,"states":["connect","run","respond"],"executing":true}}
220234732	none	{"result":{"address":220234732,"states":["connect","run","respond"],"executing":true}}
1422949302	none	{"result":{"address":1422949302,"states":["connect","run","respond"],"executing":true}}
2031737894	none	{"result":{"address":2031737894,"states":["connect","run","respond"],"executing":true}}
1612758271	none	{"result":{"address":1612758271,"states":["connect","run","respond"],"executing":true}}
1819494622	none	{"result":{"address":1819494622,"states":["connect","run","respond"],"executing":true}}
12226355	none	{"result":{"address":12226355,"states":["connect","run","respond"],"executing":true}}
1304843167	none	{"result":{"address":1304843167,"states":["connect","run","respond"],"executing":true}}
338816291	none	{"result":{"address":338816291,"states":["connect","run","respond"],"executing":true}}
1125387724	none	{"result":{"address":1125387724,"states":["connect","run","respond"],"executing":true}}
639425717	none	{"result":{"address":639425717,"states":["connect","run","respond"],"executing":true}}
761738625	none	{"result":{"address":761738625,"states":["connect","run","respond"],"executing":true}}
966894555	none	{"result":{"address":966894555,"states":["connect","run","respond"],"executing":true}}
943030571	none	{"result":{"address":943030571,"states":["connect","run","respond"],"executing":true}}
1130331991	none	{"result":{"address":1130331991,"states":["connect","run","respond"],"executing":true}}
347335749	none	{"result":{"address":347335749,"states":["connect","run","respond"],"executing":true}}
2054091225	none	{"result":{"address":2054091225,"states":["connect","run","respond"],"executing":true}}
435502622	none	{"result":{"address":435502622,"states":["connect","run","respond"],"executing":true}}
144086753	none	{"result":{"address":144086753,"states":["connect","run","respond"],"executing":true}}
841624516	none	{"result":{"address":841624516,"states":["connect","run","respond"],"executing":true}}
686141763	none	{"result":{"address":686141763,"states":["connect","run","respond"],"executing":true}}
150475551	none	{"result":{"address":150475551,"states":["connect","run","respond"],"executing":true}}
905626149	none	{"result":{"address":905626149,"states":["connect","run","respond"],"executing":true}}
843627249	none	{"result":{"address":843627249,"states":["connect","run","respond"],"executing":true}}
1403155516	none	{"result":{"address":1403155516,"states":["connect","run","respond"],"executing":true}}
1396865828	none	{"result":{"address":1396865828,"states":["connect","run","respond"],"executing":true}}
1954248140	none	{"result":{"address":1954248140,"states":["connect","run","respond"],"executing":true}}
161701029	none	{"result":{"address":161701029,"states":["connect","run","respond"],"executing":true}}
236128809	none	{"result":{"address":236128809,"states":["connect","run","respond"],"executing":true}}
371180019	none	{"result":{"address":371180019,"states":["connect","run","respond"],"executing":true}}
962981299	none	{"result":{"address":962981299,"states":["connect","run","respond"],"executing":true}}
601877722	none	{"result":{"address":601877722,"states":["connect","run","respond"],"executing":true}}
1583040616	none	{"result":{"address":1583040616,"states":["connect","run","respond"],"executing":true}}
1646836142	none	{"result":{"address":1646836142,"states":["connect","run","respond"],"executing":true}}
625126906	none	{"result":{"address":625126906,"states":["connect","run","respond"],"executing":true}}
789385299	none	{"result":{"address":789385299,"states":["connect","run","respond"],"executing":true}}
2055309319	none	{"result":{"address":2055309319,"states":["connect","run","respond"],"executing":true}}
631948373	none	{"result":{"address":631948373,"states":["connect","run","respond"],"executing":true}}
1269213299	none	{"result":{"address":1269213299,"states":["connect","run","respond"],"executing":true}}
2043539736	none	{"result":{"address":2043539736,"states":["connect","run","respond"],"executing":true}}
1377240522	none	{"result":{"address":1377240522,"states":["connect","run","respond"],"executing":true}}
1454801821	none	{"result":{"address":1454801821,"states":["connect","run","respond"],"executing":true}}
1432868489	none	{"result":{"address":1432868489,"states":["connect","run","respond"],"executing":true}}
1601007589	none	{"result":{"address":1601007589,"states":["connect","run","respond"],"executing":true}}
782586369	none	{"result":{"address":782586369,"states":["connect","run","respond"],"executing":true}}
444448740	none	{"result":{"address":444448740,"states":["connect","run","respond"],"executing":true}}
521644851	none	{"result":{"address":521644851,"states":["connect","run","respond"],"executing":true}}
190956203	none	{"result":{"address":190956203,"states":["connect","run","respond"],"executing":true}}
1378451653	none	{"result":{"address":1378451653,"states":["connect","run","respond"],"executing":true}}
1347914296	none	{"result":{"address":1347914296,"states":["connect","run","respond"],"executing":true}}
419352929	none	{"result":{"address":419352929,"states":["connect","run","respond"],"executing":true}}
274291692	none	{"result":{"address":274291692,"states":["connect","run","respond"],"executing":true}}
1800463431	none	{"result":{"address":1800463431,"states":["connect","run","respond"],"executing":true}}
1676291624	none	{"result":{"address":1676291624,"states":["connect","run","respond"],"executing":true}}
1262802645	none	{"result":{"address":1262802645,"states":["connect","run","respond"],"executing":true}}
2063985801	none	{"result":{"address":2063985801,"states":["connect","run","respond"],"executing":true}}
1510589941	none	{"result":{"address":1510589941,"states":["connect","run","respond"],"executing":true}}
2086929647	none	{"result":{"address":2086929647,"states":["connect","run","respond"],"executing":true}}
73767520	none	{"result":{"address":73767520,"states":["connect","run","respond"],"executing":true}}
1155994321	none	{"result":{"address":1155994321,"states":["connect","run","respond"],"executing":true}}
664179656	none	{"result":{"address":664179656,"states":["connect","run","respond"],"executing":true}}
37350247	none	{"result":{"address":37350247,"states":["connect","run","respond"],"executing":true}}
445259728	none	{"result":{"address":445259728,"states":["connect","run","respond"],"executing":true}}
1094096621	none	{"result":{"address":1094096621,"states":["connect","run","respond"],"executing":true}}
183765817	none	{"result":{"address":183765817,"states":["connect","run","respond"],"executing":true}}
1735282087	none	{"result":{"address":1735282087,"states":["connect","run","respond"],"executing":true}}
219727716	none	{"result":{"address":219727716,"states":["connect","run","respond"],"executing":true}}
185936354	none	{"result":{"address":185936354,"states":["connect","run","respond"],"executing":true}}
1458054643	none	{"result":{"address":1458054643,"states":["connect","run","respond"],"executing":true}}
855682444	none	{"result":{"address":855682444,"states":["connect","run","respond"],"executing":true}}
1123085111	none	{"result":{"address":1123085111,"states":["connect","run","respond"],"executing":true}}
1211517537	none	{"result":{"address":1211517537,"states":["connect","run","respond"],"executing":true}}
1745017230	none	{"result":{"address":1745017230,"states":["connect","run","respond"],"executing":true}}
125519087	none	{"result":{"address":125519087,"states":["connect","run","respond"],"executing":true}}
371685753	none	{"result":{"address":371685753,"states":["connect","run","respond"],"executing":true}}
948002490	none	{"result":{"address":948002490,"states":["connect","run","respond"],"executing":true}}
257368940	none	{"result":{"address":257368940,"states":["connect","run","respond"],"executing":true}}
1149932468	none	{"result":{"address":1149932468,"states":["connect","run","respond"],"executing":true}}
211114662	none	{"result":{"address":211114662,"states":["connect","run","respond"],"executing":true}}
742161729	none	{"result":{"address":742161729,"states":["connect","run","respond"],"executing":true}}
540577706	none	{"result":{"address":540577706,"states":["connect","run","respond"],"executing":true}}
1783954011	none	{"result":{"address":1783954011,"states":["connect","run","respond"],"executing":true}}
836905661	none	{"result":{"address":836905661,"states":["connect","run","respond"],"executing":true}}
1451205593	none	{"result":{"address":1451205593,"states":["connect","run","respond"],"executing":true}}
1257194698	none	{"result":{"address":1257194698,"states":["connect","run","respond"],"executing":true}}
1077986577	none	{"result":{"address":1077986577,"states":["connect","run","respond"],"executing":true}}
1856600557	none	{"result":{"address":1856600557,"states":["connect","run","respond"],"executing":true}}
1577073304	none	{"result":{"address":1577073304,"states":["connect","run","respond"],"executing":true}}
1080068670	none	{"result":{"address":1080068670,"states":["connect","run","respond"],"executing":true}}
1405496622	none	{"result":{"address":1405496622,"states":["connect","run","respond"],"executing":true}}
763359656	none	{"result":{"address":763359656,"states":["connect","run","respond"],"executing":true}}
1470258926	none	{"result":{"address":1470258926,"states":["connect","run","respond"],"executing":true}}
1934091920	none	{"result":{"address":1934091920,"states":["connect","run","respond"],"executing":true}}
1843116174	none	{"result":{"address":1843116174,"states":["connect","run","respond"],"executing":true}}
1265556578	none	{"result":{"address":1265556578,"states":["connect","run","respond"],"executing":true}}
449893844	none	{"result":{"address":449893844,"states":["connect","run","respond"],"executing":true}}
1602282964	none	{"result":{"address":1602282964,"states":["connect","run","respond"],"executing":true}}
1105669397	none	{"result":{"address":1105669397,"states":["connect","run","respond"],"executing":true}}
956409129	none	{"result":{"address":956409129,"states":["connect","run","respond"],"executing":true}}
510034499	none	{"result":{"address":510034499,"states":["connect","run","respond"],"executing":true}}
1928894927	none	{"result":{"address":1928894927,"states":["connect","run","respond"],"executing":true}}
1447642403	none	{"result":{"address":1447642403,"states":["connect","run","respond"],"executing":true}}
1130184186	none	{"result":{"address":1130184186,"states":["connect","run","respond"],"executing":true}}
270729029	none	{"result":{"address":270729029,"states":["connect","run","respond"],"executing":true}}
794478553	none	{"result":{"address":794478553,"states":["connect","run","respond"],"executing":true}}
2119020787	none	{"result":{"address":2119020787,"states":["connect","run","respond"],"executing":true}}
706512120	none	{"result":{"address":706512120,"states":["connect","run","respond"],"executing":true}}
694404313	none	{"result":{"address":694404313,"states":["connect","run","respond"],"executing":true}}
433489615	none	{"result":{"address":433489615,"states":["connect","run","respond"],"executing":true}}
1615820529	none	{"result":{"address":1615820529,"states":["connect","run","respond"],"executing":true}}
306504171	none	{"result":{"address":306504171,"states":["connect","run","respond"],"executing":true}}
1457644109	none	{"result":{"address":1457644109,"states":["connect","run","respond"],"executing":true}}
319243212	none	{"result":{"address":319243212,"states":["connect","run","respond"],"executing":true}}
145295196	none	{"result":{"address":145295196,"states":["connect","run","respond"],"executing":true}}
1355486307	none	{"result":{"address":1355486307,"states":["connect","run","respond"],"executing":true}}
1124503340	none	{"result":{"address":1124503340,"states":["connect","run","respond"],"executing":true}}
372835615	none	{"result":{"address":372835615,"states":["connect","run","respond"],"executing":true}}
956126067	none	{"result":{"address":956126067,"states":["connect","run","respond"],"executing":true}}
1396326404	none	{"result":{"address":1396326404,"states":["connect","run","respond"],"executing":true}}
1028935121	none	{"result":{"address":1028935121,"states":["connect","run","respond"],"executing":true}}
594549401	none	{"result":{"address":594549401,"states":["connect","run","respond"],"executing":true}}
1765134432	none	{"result":{"address":1765134432,"states":["connect","run","respond"],"executing":true}}
1019622002	none	{"result":{"address":1019622002,"states":["connect","run","respond"],"executing":true}}
460371804	none	{"result":{"address":460371804,"states":["connect","run","respond"],"executing":true}}
1870072871	none	{"result":{"address":1870072871,"states":["connect","run","respond"],"executing":true}}
1430670056	none	{"result":{"address":1430670056,"states":["connect","run","respond"],"executing":true}}
1773678742	none	{"result":{"address":1773678742,"states":["connect","run","respond"],"executing":true}}
1456983100	none	{"result":{"address":1456983100,"states":["connect","run","respond"],"executing":true}}
158250944	none	{"result":{"address":158250944,"states":["connect","run","respond"],"executing":true}}
54751723	none	{"result":{"address":54751723,"states":["connect","run","respond"],"executing":true}}
1810763717	none	{"result":{"address":1810763717,"states":["connect","run","respond"],"executing":true}}
129869087	none	{"result":{"address":129869087,"states":["connect","run","respond"],"executing":true}}
165418028	none	{"result":{"address":165418028,"states":["connect","run","respond"],"executing":true}}
541311301	none	{"result":{"address":541311301,"states":["connect","run","respond"],"executing":true}}
304436603	none	{"result":{"address":304436603,"states":["connect","run","respond"],"executing":true}}
995320100	none	{"result":{"address":995320100,"states":["connect","run","respond"],"executing":true}}
1208943579	none	{"result":{"address":1208943579,"states":["connect","run","respond"],"executing":true}}
1679993873	none	{"result":{"address":1679993873,"states":["connect","run","respond"],"executing":true}}
1049017735	none	{"result":{"address":1049017735,"states":["connect","run","respond"],"executing":true}}
1498522221	none	{"result":{"address":1498522221,"states":["connect","run","respond"],"executing":true}}
1905636352	none	{"result":{"address":1905636352,"states":["connect","run","respond"],"executing":true}}
1170689419	none	{"result":{"address":1170689419,"states":["connect","run","respond"],"executing":true}}
982522707	none	{"result":{"address":982522707,"states":["connect","run","respond"],"executing":true}}
1979275408	none	{"result":{"address":1979275408,"states":["connect","run","respond"],"executing":true}}
980652215	none	{"result":{"address":980652215,"states":["connect","run","respond"],"executing":true}}
705355635	none	{"result":{"address":705355635,"states":["connect","run","respond"],"executing":true}}
1346342118	none	{"result":{"address":1346342118,"states":["connect","run","respond"],"executing":true}}
369951385	none	{"result":{"address":369951385,"states":["connect","run","respond"],"executing":true}}
852709224	none	{"result":{"address":852709224,"states":["connect","run","respond"],"executing":true}}
1704653109	none	{"result":{"address":1704653109,"states":["connect","run","respond"],"executing":true}}
1241107190	none	{"result":{"address":1241107190,"states":["connect","run","respond"],"executing":true}}
1938555522	none	{"result":{"address":1938555522,"states":["connect","run","respond"],"executing":true}}
1215427572	none	{"result":{"address":1215427572,"states":["connect","run","respond"],"executing":true}}
1646334277	none	{"result":{"address":1646334277,"states":["connect","run","respond"],"executing":true}}
2032437118	none	{"result":{"address":2032437118,"states":["connect","run","respond"],"executing":true}}
440442462	none	{"result":{"address":440442462,"states":["connect","run","respond"],"executing":true}}
243321136	none	{"result":{"address":243321136,"states":["connect","run","respond"],"executing":true}}
1969483960	none	{"result":{"address":1969483960,"states":["connect","run","respond"],"executing":true}}
763346493	none	{"result":{"address":763346493,"states":["connect","run","respond"],"executing":true}}
1826922389	none	{"result":{"address":1826922389,"states":["connect","run","respond"],"executing":true}}
228303207	none	{"result":{"address":228303207,"states":["connect","run","respond"],"executing":true}}
1369940991	none	{"result":{"address":1369940991,"states":["connect","run","respond"],"executing":true}}
281572221	none	{"result":{"address":281572221,"states":["connect","run","respond"],"executing":true}}
1899562348	none	{"result":{"address":1899562348,"states":["connect","run","respond"],"executing":true}}
1903024048	none	{"result":{"address":1903024048,"states":["connect","run","respond"],"executing":true}}
997004999	none	{"result":{"address":997004999,"states":["connect","run","respond"],"executing":true}}
110744651	none	{"result":{"address":110744651,"states":["connect","run","respond"],"executing":true}}
1075608280	none	{"result":{"address":1075608280,"states":["connect","run","respond"],"executing":true}}
1688724618	none	{"result":{"address":1688724618,"states":["connect","run","respond"],"executing":true}}
1796256578	none	{"result":{"address":1796256578,"states":["connect","run","respond"],"executing":true}}
1777232207	none	{"result":{"address":1777232207,"states":["connect","run","respond"],"executing":true}}
1579930790	none	{"result":{"address":1579930790,"states":["connect","run","respond"],"executing":true}}
2097008939	none	{"result":{"address":2097008939,"states":["connect","run","respond"],"executing":true}}
656898734	none	{"result":{"address":656898734,"states":["connect","run","respond"],"executing":true}}
1536211767	none	{"result":{"address":1536211767,"states":["connect","run","respond"],"executing":true}}
1086924612	none	{"result":{"address":1086924612,"states":["connect","run","respond"],"executing":true}}
1770965122	none	{"result":{"address":1770965122,"states":["connect","run","respond"],"executing":true}}
1673621282	none	{"result":{"address":1673621282,"states":["connect","run","respond"],"executing":true}}
1098501148	none	{"result":{"address":1098501148,"states":["connect","run","respond"],"executing":true}}
1395792746	none	{"result":{"address":1395792746,"states":["connect","run","respond"],"executing":true}}
418514736	none	{"result":{"address":418514736,"states":["connect","run","respond"],"executing":true}}
1536352240	none	{"result":{"address":1536352240,"states":["connect","run","respond"],"executing":true}}
174420512	none	{"result":{"address":174420512,"states":["connect","run","respond"],"executing":true}}
1226865107	none	{"result":{"address":1226865107,"states":["connect","run","respond"],"executing":true}}
941013721	none	{"result":{"address":941013721,"states":["connect","run","respond"],"executing":true}}
181474978	none	{"result":{"address":181474978,"states":["connect","run","respond"],"executing":true}}
1579848868	none	{"result":{"address":1579848868,"states":["connect","run","respond"],"executing":true}}
2071103493	none	{"result":{"address":2071103493,"states":["connect","run","respond"],"executing":true}}
1211481121	none	{"result":{"address":1211481121,"states":["connect","run","respond"],"executing":true}}
1429789386	none	{"result":{"address":1429789386,"states":["connect","run","respond"],"executing":true}}
1246691648	none	{"result":{"address":1246691648,"states":["connect","run","respond"],"executing":true}}
2076600509	none	{"result":{"address":2076600509,"states":["connect","run","respond"],"executing":true}}
1308997231	none	{"result":{"address":1308997231,"states":["connect","run","respond"],"executing":true}}
1048494378	none	{"result":{"address":1048494378,"states":["connect","run","respond"],"executing":true}}
2076336216	none	{"result":{"address":2076336216,"states":["connect","run","respond"],"executing":true}}
352897970	none	{"result":{"address":352897970,"states":["connect","run","respond"],"executing":true}}
1885114520	none	{"result":{"address":1885114520,"states":["connect","run","respond"],"executing":true}}
1278619398	none	{"result":{"address":1278619398,"states":["connect","run","respond"],"executing":true}}
1736783429	none	{"result":{"address":1736783429,"states":["connect","run","respond"],"executing":true}}
594496875	none	{"result":{"address":594496875,"states":["connect","run","respond"],"executing":true}}
2008571080	none	{"result":{"address":2008571080,"states":["connect","run","respond"],"executing":true}}
115085051	none	{"result":{"address":115085051,"states":["connect","run","respond"],"executing":true}}
886983414	none	{"result":{"address":886983414,"states":["connect","run","respond"],"executing":true}}
1755883647	none	{"result":{"address":1755883647,"states":["connect","run","respond"],"executing":true}}
355599629	none	{"result":{"address":355599629,"states":["connect","run","respond"],"executing":true}}
448495964	none	{"result":{"address":448495964,"states":["connect","run","respond"],"executing":true}}
210771097	none	{"result":{"address":210771097,"states":["connect","run","respond"],"executing":true}}
800028413	none	{"result":{"address":800028413,"states":["connect","run","respond"],"executing":true}}
1436534443	none	{"result":{"address":1436534443,"states":["connect","run","respond"],"executing":true}}
1396367387	none	{"result":{"address":1396367387,"states":["connect","run","respond"],"executing":true}}
1566726218	none	{"result":{"address":1566726218,"states":["connect","run","respond"],"executing":true}}
154109354	none	{"result":{"address":154109354,"states":["connect","run","respond"],"executing":true}}
2085287493	none	{"result":{"address":2085287493,"states":["connect","run","respond"],"executing":true}}
883400345	none	{"result":{"address":883400345,"states":["connect","run","respond"],"executing":true}}
1917303031	none	{"result":{"address":1917303031,"states":["connect","run","respond"],"executing":true}}
417154351	none	{"result":{"address":417154351,"states":["connect","run","respond"],"executing":true}}
1771025857	none	{"result":{"address":1771025857,"states":["connect","run","respond"],"executing":true}}
2094750092	none	{"result":{"address":2094750092,"states":["connect","run","respond"],"executing":true}}
1252546419	none	{"result":{"address":1252546419,"states":["connect","run","respond"],"executing":true}}
1273930896	none	{"result":{"address":1273930896,"states":["connect","run","respond"],"executing":true}}
277426677	none	{"result":{"address":277426677,"states":["connect","run","respond"],"executing":true}}
1673321426	none	{"result":{"address":1673321426,"states":["connect","run","respond"],"executing":true}}
452381198	none	{"result":{"address":452381198,"states":["connect","run","respond"],"executing":true}}
1095394609	none	{"result":{"address":1095394609,"states":["connect","run","respond"],"executing":true}}
1700580092	none	{"result":{"address":1700580092,"states":["connect","run","respond"],"executing":true}}
171787199	none	{"result":{"address":171787199,"states":["connect","run","respond"],"executing":true}}
214842569	none	{"result":{"address":214842569,"states":["connect","run","respond"],"executing":true}}
53379067	none	{"result":{"address":53379067,"states":["connect","run","respond"],"executing":true}}
1356099943	none	{"result":{"address":1356099943,"states":["connect","run","respond"],"executing":true}}
1546956586	none	{"result":{"address":1546956586,"states":["connect","run","respond"],"executing":true}}
1391469012	none	{"result":{"address":1391469012,"states":["connect","run","respond"],"executing":true}}
1186699513	none	{"result":{"address":1186699513,"states":["connect","run","respond"],"executing":true}}
1756472368	none	{"result":{"address":1756472368,"states":["connect","run","respond"],"executing":true}}
307550136	none	{"result":{"address":307550136,"states":["connect","run","respond"],"executing":true}}
1845647898	none	{"result":{"address":1845647898,"states":["connect","run","respond"],"executing":true}}
256550612	none	{"result":{"address":256550612,"states":["connect","run","respond"],"executing":true}}
1299566542	none	{"result":{"address":1299566542,"states":["connect","run","respond"],"executing":true}}
1830865773	none	{"result":{"address":1830865773,"states":["connect","run","respond"],"executing":true}}
1460999205	none	{"result":{"address":1460999205,"states":["connect","run","respond"],"executing":true}}
301669268	none	{"result":{"address":301669268,"states":["connect","run","respond"],"executing":true}}
2096931796	none	{"result":{"address":2096931796,"states":["connect","run","respond"],"executing":true}}
45063737	none	{"result":{"address":45063737,"states":["connect","run","respond"],"executing":true}}
860048271	none	{"result":{"address":860048271,"states":["connect","run","respond"],"executing":true}}
806363740	none	{"result":{"address":806363740,"states":["connect","run","respond"],"executing":true}}
493305117	none	{"result":{"address":493305117,"states":["connect","run","respond"],"executing":true}}
506685189	none	{"result":{"address":506685189,"states":["connect","run","respond"],"executing":true}}
1652715927	none	{"result":{"address":1652715927,"states":["connect","run","respond"],"executing":true}}
1044091165	none	{"result":{"address":1044091165,"states":["connect","run","respond"],"executing":true}}
1757602396	none	{"result":{"address":1757602396,"states":["connect","run","respond"],"executing":true}}
42132131	none	{"result":{"address":42132131,"states":["connect","run","respond"],"executing":true}}
11437845	none	{"result":{"address":11437845,"states":["connect","run","respond"],"executing":true}}
2089527382	none	{"result":{"address":2089527382,"states":["connect","run","respond"],"executing":true}}
109323772	none	{"result":{"address":109323772,"states":["connect","run","respond"],"executing":true}}
1555116359	none	{"result":{"address":1555116359,"states":["connect","run","respond"],"executing":true}}
1367888903	none	{"result":{"address":1367888903,"states":["connect","run","respond"],"executing":true}}
1270116120	none	{"result":{"address":1270116120,"states":["connect","run","respond"],"executing":true}}
2076238419	none	{"result":{"address":2076238419,"states":["connect","run","respond"],"executing":true}}
1015812372	none	{"result":{"address":1015812372,"states":["connect","run","respond"],"executing":true}}
791138739	none	{"result":{"address":791138739,"states":["connect","run","respond"],"executing":true}}
2012612015	none	{"result":{"address":2012612015,"states":["connect","run","respond"],"executing":true}}
1558488839	none	{"result":{"address":1558488839,"states":["connect","run","respond"],"executing":true}}
369796592	none	{"result":{"address":369796592,"states":["connect","run","respond"],"executing":true}}
1698802365	none	{"result":{"address":1698802365,"states":["connect","run","respond"],"executing":true}}
1109267022	none	{"result":{"address":1109267022,"states":["connect","run","respond"],"executing":true}}
1267522266	none	{"result":{"address":1267522266,"states":["connect","run","respond"],"executing":true}}
892749692	none	{"result":{"address":892749692,"states":["connect","run","respond"],"executing":true}}
676627240	none	{"result":{"address":676627240,"states":["connect","run","respond"],"executing":true}}
674480498	none	{"result":{"address":674480498,"states":["connect","run","respond"],"executing":true}}
1262416395	none	{"result":{"address":1262416395,"states":["connect","run","respond"],"executing":true}}
153984706	none	{"result":{"address":153984706,"states":["connect","run","respond"],"executing":true}}
191883166	none	{"result":{"address":191883166,"states":["connect","run","respond"],"executing":true}}
379487567	none	{"result":{"address":379487567,"states":["connect","run","respond"],"executing":true}}
1238251621	none	{"result":{"address":1238251621,"states":["connect","run","respond"],"executing":true}}
2013034378	none	{"result":{"address":2013034378,"states":["connect","run","respond"],"executing":true}}
286754645	none	{"result":{"address":286754645,"states":["connect","run","respond"],"executing":true}}
1451178719	none	{"result":{"address":1451178719,"states":["connect","run","respond"],"executing":true}}
896777018	none	{"result":{"address":896777018,"states":["connect","run","respond"],"executing":true}}
1994967398	none	{"result":{"address":1994967398,"states":["connect","run","respond"],"executing":true}}
1588985595	none	{"result":{"address":1588985595,"states":["connect","run","respond"],"executing":true}}
1550728746	none	{"result":{"address":1550728746,"states":["connect","run","respond"],"executing":true}}
727644448	none	{"result":{"address":727644448,"states":["connect","run","respond"],"executing":true}}
1793587787	none	{"result":{"address":1793587787,"states":["connect","run","respond"],"executing":true}}
1511406349	none	{"result":{"address":1511406349,"states":["connect","run","respond"],"executing":true}}
662255773	none	{"result":{"address":662255773,"states":["connect","run","respond"],"executing":true}}
1704531758	none	{"result":{"address":1704531758,"states":["connect","run","respond"],"executing":true}}
914942717	none	{"result":{"address":914942717,"states":["connect","run","respond"],"executing":true}}
993146157	none	{"result":{"address":993146157,"states":["connect","run","respond"],"executing":true}}
1744269840	none	{"result":{"address":1744269840,"states":["connect","run","respond"],"executing":true}}
1039199109	none	{"result":{"address":1039199109,"states":["connect","run","respond"],"executing":true}}
231213497	none	{"result":{"address":231213497,"states":["connect","run","respond"],"executing":true}}
973541220	none	{"result":{"address":973541220,"states":["connect","run","respond"],"executing":true}}
1241006211	none	{"result":{"address":1241006211,"states":["connect","run","respond"],"executing":true}}
1079368465	none	{"result":{"address":1079368465,"states":["connect","run","respond"],"executing":true}}
1089580421	none	{"result":{"address":1089580421,"states":["connect","run","respond"],"executing":true}}
1412032232	none	{"result":{"address":1412032232,"states":["connect","run","respond"],"executing":true}}
127201704	none	{"result":{"address":127201704,"states":["connect","run","respond"],"executing":true}}
581383418	none	{"result":{"address":581383418,"states":["connect","run","respond"],"executing":true}}
2117629363	none	{"result":{"address":2117629363,"states":["connect","run","respond"],"executing":true}}
421598391	none	{"result":{"address":421598391,"states":["connect","run","respond"],"executing":true}}
1203169868	none	{"result":{"address":1203169868,"states":["connect","run","respond"],"executing":true}}
1240820781	none	{"result":{"address":1240820781,"states":["connect","run","respond"],"executing":true}}
435543068	none	{"result":{"address":435543068,"states":["connect","run","respond"],"executing":true}}
489568762	none	{"result":{"address":489568762,"states":["connect","run","respond"],"executing":true}}
325537804	none	{"result":{"address":325537804,"states":["connect","run","respond"],"executing":true}}
232145651	none	{"result":{"address":232145651,"states":["connect","run","respond"],"executing":true}}
617147334	none	{"result":{"address":617147334,"states":["connect","run","respond"],"executing":true}}
1064258316	none	{"result":{"address":1064258316,"states":["connect","run","respond"],"executing":true}}
1136674525	none	{"result":{"address":1136674525,"states":["connect","run","respond"],"executing":true}}
688070644	none	{"result":{"address":688070644,"states":["connect","run","respond"],"executing":true}}
1644702877	none	{"result":{"address":1644702877,"states":["connect","run","respond"],"executing":true}}
1547925609	none	{"result":{"address":1547925609,"states":["connect","run","respond"],"executing":true}}
871213150	none	{"result":{"address":871213150,"states":["connect","run","respond"],"executing":true}}
827978207	none	{"result":{"address":827978207,"states":["connect","run","respond"],"executing":true}}
671726367	none	{"result":{"address":671726367,"states":["connect","run","respond"],"executing":true}}
1722111662	none	{"result":{"address":1722111662,"states":["connect","run","respond"],"executing":true}}
1412197083	none	{"result":{"address":1412197083,"states":["connect","run","respond"],"executing":true}}
72081741	none	{"result":{"address":72081741,"states":["connect","run","respond"],"executing":true}}
315971367	none	{"result":{"address":315971367,"states":["connect","run","respond"],"executing":true}}
1526406967	none	{"result":{"address":1526406967,"states":["connect","run","respond"],"executing":true}}
1825386780	none	{"result":{"address":1825386780,"states":["connect","run","respond"],"executing":true}}
1852850706	none	{"result":{"address":1852850706,"states":["connect","run","respond"],"executing":true}}
1885627230	none	{"result":{"address":1885627230,"states":["connect","run","respond"],"executing":true}}
1039841871	none	{"result":{"address":1039841871,"states":["connect","run","respond"],"executing":true}}
1757768107	none	{"result":{"address":1757768107,"states":["connect","run","respond"],"executing":true}}
615122904	none	{"result":{"address":615122904,"states":["connect","run","respond"],"executing":true}}
1104954010	none	{"result":{"address":1104954010,"states":["connect","run","respond"],"executing":true}}
281774323	none	{"result":{"address":281774323,"states":["connect","run","respond"],"executing":true}}
454631514	none	{"result":{"address":454631514,"states":["connect","run","respond"],"executing":true}}
1285193412	none	{"result":{"address":1285193412,"states":["connect","run","respond"],"executing":true}}
1494881564	none	{"result":{"address":1494881564,"states":["connect","run","respond"],"executing":true}}
1638068553	none	{"result":{"address":1638068553,"states":["connect","run","respond"],"executing":true}}
642079139	none	{"result":{"address":642079139,"states":["connect","run","respond"],"executing":true}}
1174762125	none	{"result":{"address":1174762125,"states":["connect","run","respond"],"executing":true}}
246799480	none	{"result":{"address":246799480,"states":["connect","run","respond"],"executing":true}}
1663026111	none	{"result":{"address":1663026111,"states":["connect","run","respond"],"executing":true}}
9463711	none	{"result":{"address":9463711,"states":["connect","run","respond"],"executing":true}}
1254300042	none	{"result":{"address":1254300042,"states":["connect","run","respond"],"executing":true}}
1702531497	none	{"result":{"address":1702531497,"states":["connect","run","respond"],"executing":true}}
227497310	none	{"result":{"address":227497310,"states":["connect","run","respond"],"executing":true}}
481760110	none	{"result":{"address":481760110,"states":["connect","run","respond"],"executing":true}}
1246181709	none	{"result":{"address":1246181709,"states":["connect","run","respond"],"executing":true}}
1266930224	none	{"result":{"address":1266930224,"states":["connect","run","respond"],"executing":true}}
1409740205	none	{"result":{"address":1409740205,"states":["connect","run","respond"],"executing":true}}
1971034575	none	{"result":{"address":1971034575,"states":["connect","run","respond"],"executing":true}}
177336589	none	{"result":{"address":177336589,"states":["connect","run","respond"],"executing":true}}
1330182447	none	{"result":{"address":1330182447,"states":["connect","run","respond"],"executing":true}}
2012577938	none	{"result":{"address":2012577938,"states":["connect","run","respond"],"executing":true}}
478478688	none	{"result":{"address":478478688,"states":["connect","run","respond"],"executing":true}}
206576497	none	{"result":{"address":206576497,"states":["connect","run","respond"],"executing":true}}
1716171698	none	{"result":{"address":1716171698,"states":["connect","run","respond"],"executing":true}}
1332555258	none	{"result":{"address":1332555258,"states":["connect","run","respond"],"executing":true}}
869446903	none	{"result":{"address":869446903,"states":["connect","run","respond"],"executing":true}}
2010851502	none	{"result":{"address":2010851502,"states":["connect","run","respond"],"executing":true}}
2068341353	none	{"result":{"address":2068341353,"states":["connect","run","respond"],"executing":true}}
1630215023	none	{"result":{"address":1630215023,"states":["connect","run","respond"],"executing":true}}
1406618121	none	{"result":{"address":1406618121,"states":["connect","run","respond"],"executing":true}}
1615100331	none	{"result":{"address":1615100331,"states":["connect","run","respond"],"executing":true}}
2114742415	none	{"result":{"address":2114742415,"states":["connect","run","respond"],"executing":true}}
1072664895	none	{"result":{"address":1072664895,"states":["connect","run","respond"],"executing":true}}
590742866	none	{"result":{"address":590742866,"states":["connect","run","respond"],"executing":true}}
1512578980	none	{"result":{"address":1512578980,"states":["connect","run","respond"],"executing":true}}
2134758824	none	{"result":{"address":2134758824,"states":["connect","run","respond"],"executing":true}}
714801335	none	{"result":{"address":714801335,"states":["connect","run","respond"],"executing":true}}
1415900309	none	{"result":{"address":1415900309,"states":["connect","run","respond"],"executing":true}}
1461703653	none	{"result":{"address":1461703653,"states":["connect","run","respond"],"executing":true}}
1170798681	none	{"result":{"address":1170798681,"states":["connect","run","respond"],"executing":true}}
1646506090	none	{"result":{"address":1646506090,"states":["connect","run","respond"],"executing":true}}
211501990	none	{"result":{"address":211501990,"states":["connect","run","respond"],"executing":true}}
1757713050	none	{"result":{"address":1757713050,"states":["connect","run","respond"],"executing":true}}
1005072897	none	{"result":{"address":1005072897,"states":["connect","run","respond"],"executing":true}}
1644081749	none	{"result":{"address":1644081749,"states":["connect","run","respond"],"executing":true}}
1352240572	none	{"result":{"address":1352240572,"states":["connect","run","respond"],"executing":true}}
1087126714	none	{"result":{"address":1087126714,"states":["connect","run","respond"],"executing":true}}
1300664490	none	{"result":{"address":1300664490,"states":["connect","run","respond"],"executing":true}}
896313975	none	{"result":{"address":896313975,"states":["connect","run","respond"],"executing":true}}
978919336	none	{"result":{"address":978919336,"states":["connect","run","respond"],"executing":true}}
2041219430	none	{"result":{"address":2041219430,"states":["connect","run","respond"],"executing":true}}
908247387	none	{"result":{"address":908247387,"states":["connect","run","respond"],"executing":true}}
313472475	none	{"result":{"address":313472475,"states":["connect","run","respond"],"executing":true}}
819867391	none	{"result":{"address":819867391,"states":["connect","run","respond"],"executing":true}}
1890449846	none	{"result":{"address":1890449846,"states":["connect","run","respond"],"executing":true}}
655032134	none	{"result":{"address":655032134,"states":["connect","run","respond"],"executing":true}}
1171631579	none	{"result":{"address":1171631579,"states":["connect","run","respond"],"executing":true}}
2137979721	none	{"result":{"address":2137979721,"states":["connect","run","respond"],"executing":true}}
849201030	none	{"result":{"address":849201030,"states":["connect","run","respond"],"executing":true}}
331430174	none	{"result":{"address":331430174,"states":["connect","run","respond"],"executing":true}}
432761239	none	{"result":{"address":432761239,"states":["connect","run","respond"],"executing":true}}
1451788109	none	{"result":{"address":1451788109,"states":["connect","run","respond"],"executing":true}}
1714199433	none	{"result":{"address":1714199433,"states":["connect","run","respond"],"executing":true}}
1049058706	none	{"result":{"address":1049058706,"states":["connect","run","respond"],"executing":true}}
2002824708	none	{"result":{"address":2002824708,"states":["connect","run","respond"],"executing":true}}
1130966647	none	{"result":{"address":1130966647,"states":["connect","run","respond"],"executing":true}}
1630216115	none	{"result":{"address":1630216115,"states":["connect","run","respond"],"executing":true}}
1809573272	none	{"result":{"address":1809573272,"states":["connect","run","respond"],"executing":true}}
290734018	none	{"result":{"address":290734018,"states":["connect","run","respond"],"executing":true}}
187700404	none	{"result":{"address":187700404,"states":["connect","run","respond"],"executing":true}}
303852473	none	{"result":{"address":303852473,"states":["connect","run","respond"],"executing":true}}
1723371430	none	{"result":{"address":1723371430,"states":["connect","run","respond"],"executing":true}}
1410837849	none	{"result":{"address":1410837849,"states":["connect","run","respond"],"executing":true}}
373550191	none	{"result":{"address":373550191,"states":["connect","run","respond"],"executing":true}}
857721685	none	{"result":{"address":857721685,"states":["connect","run","respond"],"executing":true}}
1778704295	none	{"result":{"address":1778704295,"states":["connect","run","respond"],"executing":true}}
1621000566	none	{"result":{"address":1621000566,"states":["connect","run","respond"],"executing":true}}
688238902	none	{"result":{"address":688238902,"states":["connect","run","respond"],"executing":true}}
1191915797	none	{"result":{"address":1191915797,"states":["connect","run","respond"],"executing":true}}
252584999	none	{"result":{"address":252584999,"states":["connect","run","respond"],"executing":true}}
486111790	none	{"result":{"address":486111790,"states":["connect","run","respond"],"executing":true}}
1159642640	none	{"result":{"address":1159642640,"states":["connect","run","respond"],"executing":true}}
364891560	none	{"result":{"address":364891560,"states":["connect","run","respond"],"executing":true}}
1155962750	none	{"result":{"address":1155962750,"states":["connect","run","respond"],"executing":true}}
1472624417	none	{"result":{"address":1472624417,"states":["connect","run","respond"],"executing":true}}
2008893201	none	{"result":{"address":2008893201,"states":["connect","run","respond"],"executing":true}}
2009151651	none	{"result":{"address":2009151651,"states":["connect","run","respond"],"executing":true}}
866039026	none	{"result":{"address":866039026,"states":["connect","run","respond"],"executing":true}}
1743402462	none	{"result":{"address":1743402462,"states":["connect","run","respond"],"executing":true}}
1997630568	none	{"result":{"address":1997630568,"states":["connect","run","respond"],"executing":true}}
765495943	none	{"result":{"address":765495943,"states":["connect","run","respond"],"executing":true}}
1704694969	none	{"result":{"address":1704694969,"states":["connect","run","respond"],"executing":true}}
471403441	none	{"result":{"address":471403441,"states":["connect","run","respond"],"executing":true}}
536820704	none	{"result":{"address":536820704,"states":["connect","run","respond"],"executing":true}}
800381889	none	{"result":{"address":800381889,"states":["connect","run","respond"],"executing":true}}
1981282939	none	{"result":{"address":1981282939,"states":["connect","run","respond"],"executing":true}}
565935446	none	{"result":{"address":565935446,"states":["connect","run","respond"],"executing":true}}
393758750	none	{"result":{"address":393758750,"states":["connect","run","respond"],"executing":true}}
134443489	none	{"result":{"address":134443489,"states":["connect","run","respond"],"executing":true}}
1503150929	none	{"result":{"address":1503150929,"states":["connect","run","respond"],"executing":true}}
2108422067	none	{"result":{"address":2108422067,"states":["connect","run","respond"],"executing":true}}
1594051985	none	{"result":{"address":1594051985,"states":["connect","run","respond"],"executing":true}}
854476920	none	{"result":{"address":854476920,"states":["connect","run","respond"],"executing":true}}
1459992446	none	{"result":{"address":1459992446,"states":["connect","run","respond"],"executing":true}}
1068208189	none	{"result":{"address":1068208189,"states":["connect","run","respond"],"executing":true}}
94002217	none	{"result":{"address":94002217,"states":["connect","run","respond"],"executing":true}}
94418886	none	{"result":{"address":94418886,"states":["connect","run","respond"],"executing":true}}
1061552765	none	{"result":{"address":1061552765,"states":["connect","run","respond"],"executing":true}}
316099520	none	{"result":{"address":316099520,"states":["connect","run","respond"],"executing":true}}
1859486534	none	{"result":{"address":1859486534,"states":["connect","run","respond"],"executing":true}}
1374827597	none	{"result":{"address":1374827597,"states":["connect","run","respond"],"executing":true}}
1650735785	none	{"result":{"address":1650735785,"states":["connect","run","respond"],"executing":true}}
21478440	none	{"result":{"address":21478440,"states":["connect","run","respond"],"executing":true}}
392571138	none	{"result":{"address":392571138,"states":["connect","run","respond"],"executing":true}}
93279536	none	{"result":{"address":93279536,"states":["connect","run","respond"],"executing":true}}
594212450	none	{"result":{"address":594212450,"states":["connect","run","respond"],"executing":true}}
101181281	none	{"result":{"address":101181281,"states":["connect","run","respond"],"executing":true}}
439724456	none	{"result":{"address":439724456,"states":["connect","run","respond"],"executing":true}}
986909167	none	{"result":{"address":986909167,"states":["connect","run","respond"],"executing":true}}
1525673563	none	{"result":{"address":1525673563,"states":["connect","run","respond"],"executing":true}}
1280863831	none	{"result":{"address":1280863831,"states":["connect","run","respond"],"executing":true}}
806284980	none	{"result":{"address":806284980,"states":["connect","run","respond"],"executing":true}}
900311578	none	{"result":{"address":900311578,"states":["connect","run","respond"],"executing":true}}
472054044	none	{"result":{"address":472054044,"states":["connect","run","respond"],"executing":true}}
2075514478	none	{"result":{"address":2075514478,"states":["connect","run","respond"],"executing":true}}
1438574819	none	{"result":{"address":1438574819,"states":["connect","run","respond"],"executing":true}}
449695891	none	{"result":{"address":449695891,"states":["connect","run","respond"],"executing":true}}
1208046126	none	{"result":{"address":1208046126,"states":["connect","run","respond"],"executing":true}}
1694271556	none	{"result":{"address":1694271556,"states":["connect","run","respond"],"executing":true}}
1935046475	none	{"result":{"address":1935046475,"states":["connect","run","respond"],"executing":true}}
1773388278	none	{"result":{"address":1773388278,"states":["connect","run","respond"],"executing":true}}
1610303096	none	{"result":{"address":1610303096,"states":["connect","run","respond"],"executing":true}}
223142111	none	{"result":{"address":223142111,"states":["connect","run","respond"],"executing":true}}
1191421260	none	{"result":{"address":1191421260,"states":["connect","run","respond"],"executing":true}}
176836326	none	{"result":{"address":176836326,"states":["connect","run","respond"],"executing":true}}
771041592	none	{"result":{"address":771041592,"states":["connect","run","respond"],"executing":true}}
191567911	none	{"result":{"address":191567911,"states":["connect","run","respond"],"executing":true}}
2046766376	none	{"result":{"address":2046766376,"states":["connect","run","respond"],"executing":true}}
1053179778	none	{"result":{"address":1053179778,"states":["connect","run","respond"],"executing":true}}
1122990188	none	{"result":{"address":1122990188,"states":["connect","run","respond"],"executing":true}}
1800177904	none	{"result":{"address":1800177904,"states":["connect","run","respond"],"executing":true}}
1198675668	none	{"result":{"address":1198675668,"states":["connect","run","respond"],"executing":true}}
1822192494	none	{"result":{"address":1822192494,"states":["connect","run","respond"],"executing":true}}
942403236	none	{"result":{"address":942403236,"states":["connect","run","respond"],"executing":true}}
1186400484	none	{"result":{"address":1186400484,"states":["connect","run","respond"],"executing":true}}
1659996035	none	{"result":{"address":1659996035,"states":["connect","run","respond"],"executing":true}}
1805876517	none	{"result":{"address":1805876517,"states":["connect","run","respond"],"executing":true}}
1015143774	none	{"result":{"address":1015143774,"states":["connect","run","respond"],"executing":true}}
1881752845	none	{"result":{"address":1881752845,"states":["connect","run","respond"],"executing":true}}
810881980	none	{"result":{"address":810881980,"states":["connect","run","respond"],"executing":true}}
1884040141	none	{"result":{"address":1884040141,"states":["connect","run","respond"],"executing":true}}
112793371	none	{"result":{"address":112793371,"states":["connect","run","respond"],"executing":true}}
1080061413	none	{"result":{"address":1080061413,"states":["connect","run","respond"],"executing":true}}
1047091186	none	{"result":{"address":1047091186,"states":["connect","run","respond"],"executing":true}}
1688090447	none	{"result":{"address":1688090447,"states":["connect","run","respond"],"executing":true}}
209654921	none	{"result":{"address":209654921,"states":["connect","run","respond"],"executing":true}}
1352792429	none	{"result":{"address":1352792429,"states":["connect","run","respond"],"executing":true}}
1053250174	none	{"result":{"address":1053250174,"states":["connect","run","respond"],"executing":true}}
1416459896	none	{"result":{"address":1416459896,"states":["connect","run","respond"],"executing":true}}
42363392	none	{"result":{"address":42363392,"states":["connect","run","respond"],"executing":true}}
484295770	none	{"result":{"address":484295770,"states":["connect","run","respond"],"executing":true}}
2065566572	none	{"result":{"address":2065566572,"states":["connect","run","respond"],"executing":true}}
1866421063	none	{"result":{"address":1866421063,"states":["connect","run","respond"],"executing":true}}
2065376349	none	{"result":{"address":2065376349,"states":["connect","run","respond"],"executing":true}}
1560118376	none	{"result":{"address":1560118376,"states":["connect","run","respond"],"executing":true}}
1987253600	none	{"result":{"address":1987253600,"states":["connect","run","respond"],"executing":true}}
332031678	none	{"result":{"address":332031678,"states":["connect","run","respond"],"executing":true}}
221018072	none	{"result":{"address":221018072,"states":["connect","run","respond"],"executing":true}}
109544326	none	{"result":{"address":109544326,"states":["connect","run","respond"],"executing":true}}
1292531845	none	{"result":{"address":1292531845,"states":["connect","run","respond"],"executing":true}}
155376487	none	{"result":{"address":155376487,"states":["connect","run","respond"],"executing":true}}
53693055	none	{"result":{"address":53693055,"states":["connect","run","respond"],"executing":true}}
1881688133	none	{"result":{"address":1881688133,"states":["connect","run","respond"],"executing":true}}
1128372619	none	{"result":{"address":1128372619,"states":["connect","run","respond"],"executing":true}}
665989661	none	{"result":{"address":665989661,"states":["connect","run","respond"],"executing":true}}
396565088	none	{"result":{"address":396565088,"states":["connect","run","respond"],"executing":true}}
276553102	none	{"result":{"address":276553102,"states":["connect","run","respond"],"executing":true}}
1851383857	none	{"result":{"address":1851383857,"states":["connect","run","respond"],"executing":true}}
413435726	none	{"result":{"address":413435726,"states":["connect","run","respond"],"executing":true}}
1583733293	none	{"result":{"address":1583733293,"states":["connect","run","respond"],"executing":true}}
1413504809	none	{"result":{"address":1413504809,"states":["connect","run","respond"],"executing":true}}
641098890	none	{"result":{"address":641098890,"states":["connect","run","respond"],"executing":true}}
2067462610	none	{"result":{"address":2067462610,"states":["connect","run","respond"],"executing":true}}
1249613201	none	{"result":{"address":1249613201,"states":["connect","run","respond"],"executing":true}}
1575636664	none	{"result":{"address":1575636664,"states":["connect","run","respond"],"executing":true}}
2036120755	none	{"result":{"address":2036120755,"states":["connect","run","respond"],"executing":true}}
1748548747	none	{"result":{"address":1748548747,"states":["connect","run","respond"],"executing":true}}
472838945	none	{"result":{"address":472838945,"states":["connect","run","respond"],"executing":true}}
795645981	none	{"result":{"address":795645981,"states":["connect","run","respond"],"executing":true}}
1920122679	none	{"result":{"address":1920122679,"states":["connect","run","respond"],"executing":true}}
1810411297	none	{"result":{"address":1810411297,"states":["connect","run","respond"],"executing":true}}
593689118	none	{"result":{"address":593689118,"states":["connect","run","respond"],"executing":true}}
2138013560	none	{"result":{"address":2138013560,"states":["connect","run","respond"],"executing":true}}
1048903062	none	{"result":{"address":1048903062,"states":["connect","run","respond"],"executing":true}}
1149025209	none	{"result":{"address":1149025209,"states":["connect","run","respond"],"executing":true}}
790299454	none	{"result":{"address":790299454,"states":["connect","run","respond"],"executing":true}}
958280177	none	{"result":{"address":958280177,"states":["connect","run","respond"],"executing":true}}
1423714070	none	{"result":{"address":1423714070,"states":["connect","run","respond"],"executing":true}}
1935397911	none	{"result":{"address":1935397911,"states":["connect","run","respond"],"executing":true}}
1485385216	none	{"result":{"address":1485385216,"states":["connect","run","respond"],"executing":true}}
136337517	none	{"result":{"address":136337517,"states":["connect","run","respond"],"executing":true}}
1427459984	none	{"result":{"address":1427459984,"states":["connect","run","respond"],"executing":true}}
2133210895	none	{"result":{"address":2133210895,"states":["connect","run","respond"],"executing":true}}
1631279086	none	{"result":{"address":1631279086,"states":["connect","run","respond"],"executing":true}}
210890671	none	{"result":{"address":210890671,"states":["connect","run","respond"],"executing":true}}
1080556720	none	{"result":{"address":1080556720,"states":["connect","run","respond"],"executing":true}}
1330401576	none	{"result":{"address":1330401576,"states":["connect","run","respond"],"executing":true}}
259980930	none	{"result":{"address":259980930,"states":["connect","run","respond"],"executing":true}}
21159829	none	{"result":{"address":21159829,"states":["connect","run","respond"],"executing":true}}
122762597	none	{"result":{"address":122762597,"states":["connect","run","respond"],"executing":true}}
573222185	none	{"result":{"address":573222185,"states":["connect","run","respond"],"executing":true}}
620380406	none	{"result":{"address":620380406,"states":["connect","run","respond"],"executing":true}}
1870162345	none	{"result":{"address":1870162345,"states":["connect","run","respond"],"executing":true}}
715666852	none	{"result":{"address":715666852,"states":["connect","run","respond"],"executing":true}}
347085914	none	{"result":{"address":347085914,"states":["connect","run","respond"],"executing":true}}
1585531998	none	{"result":{"address":1585531998,"states":["connect","run","respond"],"executing":true}}
487529120	none	{"result":{"address":487529120,"states":["connect","run","respond"],"executing":true}}
419257158	none	{"result":{"address":419257158,"states":["connect","run","respond"],"executing":true}}
29055374	none	{"result":{"address":29055374,"states":["connect","run","respond"],"executing":true}}
1552329714	none	{"result":{"address":1552329714,"states":["connect","run","respond"],"executing":true}}
527253339	none	{"result":{"address":527253339,"states":["connect","run","respond"],"executing":true}}
283203582	none	{"result":{"address":283203582,"states":["connect","run","respond"],"executing":true}}
456694145	none	{"result":{"address":456694145,"states":["connect","run","respond"],"executing":true}}
1022203477	none	{"result":{"address":1022203477,"states":["connect","run","respond"],"executing":true}}
1189638526	none	{"result":{"address":1189638526,"states":["connect","run","respond"],"executing":true}}
50255054	none	{"result":{"address":50255054,"states":["connect","run","respond"],"executing":true}}
592467096	none	{"result":{"address":592467096,"states":["connect","run","respond"],"executing":true}}
1334095215	none	{"result":{"address":1334095215,"states":["connect","run","respond"],"executing":true}}
2071031550	none	{"result":{"address":2071031550,"states":["connect","run","respond"],"executing":true}}
1875312084	none	{"result":{"address":1875312084,"states":["connect","run","respond"],"executing":true}}
1863791425	none	{"result":{"address":1863791425,"states":["connect","run","respond"],"executing":true}}
2010349155	none	{"result":{"address":2010349155,"states":["connect","run","respond"],"executing":true}}
1890864561	none	{"result":{"address":1890864561,"states":["connect","run","respond"],"executing":true}}
1626625983	none	{"result":{"address":1626625983,"states":["connect","run","respond"],"executing":true}}
671061960	none	{"result":{"address":671061960,"states":["connect","run","respond"],"executing":true}}
721436292	none	{"result":{"address":721436292,"states":["connect","run","respond"],"executing":true}}
1615202787	none	{"result":{"address":1615202787,"states":["connect","run","respond"],"executing":true}}
706784872	none	{"result":{"address":706784872,"states":["connect","run","respond"],"executing":true}}
716278810	none	{"result":{"address":716278810,"states":["connect","run","respond"],"executing":true}}
225142845	none	{"result":{"address":225142845,"states":["connect","run","respond"],"executing":true}}
1889231366	none	{"result":{"address":1889231366,"states":["connect","run","respond"],"executing":true}}
559571199	none	{"result":{"address":559571199,"states":["connect","run","respond"],"executing":true}}
1050707169	none	{"result":{"address":1050707169,"states":["connect","run","respond"],"executing":true}}
1279075200	none	{"result":{"address":1279075200,"states":["connect","run","respond"],"executing":true}}
1802313625	none	{"result":{"address":1802313625,"states":["connect","run","respond"],"executing":true}}
370426801	none	{"result":{"address":370426801,"states":["connect","run","respond"],"executing":true}}
1927311256	none	{"result":{"address":1927311256,"states":["connect","run","respond"],"executing":true}}
26272101	none	{"result":{"address":26272101,"states":["connect","run","respond"],"executing":true}}
1006118156	none	{"result":{"address":1006118156,"states":["connect","run","respond"],"executing":true}}
1499543650	none	{"result":{"address":1499543650,"states":["connect","run","respond"],"executing":true}}
1749988688	none	{"result":{"address":1749988688,"states":["connect","run","respond"],"executing":true}}
1174873935	none	{"result":{"address":1174873935,"states":["connect","run","respond"],"executing":true}}
1565387293	none	{"result":{"address":1565387293,"states":["connect","run","respond"],"executing":true}}
1242956049	none	{"result":{"address":1242956049,"states":["connect","run","respond"],"executing":true}}
1656077610	none	{"result":{"address":1656077610,"states":["connect","run","respond"],"executing":true}}
1104801146	none	{"result":{"address":1104801146,"states":["connect","run","respond"],"executing":true}}
864506486	none	{"result":{"address":864506486,"states":["connect","run","respond"],"executing":true}}
1389157402	none	{"result":{"address":1389157402,"states":["connect","run","respond"],"executing":true}}
1050549802	none	{"result":{"address":1050549802,"states":["connect","run","respond"],"executing":true}}
511575687	none	{"result":{"address":511575687,"states":["connect","run","respond"],"executing":true}}
1783611027	none	{"result":{"address":1783611027,"states":["connect","run","respond"],"executing":true}}
315986526	none	{"result":{"address":315986526,"states":["connect","run","respond"],"executing":true}}
1020282541	none	{"result":{"address":1020282541,"states":["connect","run","respond"],"executing":true}}
2087980547	none	{"result":{"address":2087980547,"states":["connect","run","respond"],"executing":true}}
824473705	none	{"result":{"address":824473705,"states":["connect","run","respond"],"executing":true}}
1715707516	none	{"result":{"address":1715707516,"states":["connect","run","respond"],"executing":true}}
438729763	none	{"result":{"address":438729763,"states":["connect","run","respond"],"executing":true}}
484014517	none	{"result":{"address":484014517,"states":["connect","run","respond"],"executing":true}}
2076505547	none	{"result":{"address":2076505547,"states":["connect","run","respond"],"executing":true}}
296773012	none	{"result":{"address":296773012,"states":["connect","run","respond"],"executing":true}}
1747474217	none	{"result":{"address":1747474217,"states":["connect","run","respond"],"executing":true}}
718430911	none	{"result":{"address":718430911,"states":["connect","run","respond"],"executing":true}}
553552826	none	{"result":{"address":553552826,"states":["connect","run","respond"],"executing":true}}
1111980174	none	{"result":{"address":1111980174,"states":["connect","run","respond"],"executing":true}}
968736180	none	{"result":{"address":968736180,"states":["connect","run","respond"],"executing":true}}
762454821	none	{"result":{"address":762454821,"states":["connect","run","respond"],"executing":true}}
1680935570	none	{"result":{"address":1680935570,"states":["connect","run","respond"],"executing":true}}
198219865	none	{"result":{"address":198219865,"states":["connect","run","respond"],"executing":true}}
625536307	none	{"result":{"address":625536307,"states":["connect","run","respond"],"executing":true}}
565378037	none	{"result":{"address":565378037,"states":["connect","run","respond"],"executing":true}}
544267599	none	{"result":{"address":544267599,"states":["connect","run","respond"],"executing":true}}
679504620	none	{"result":{"address":679504620,"states":["connect","run","respond"],"executing":true}}
986944479	none	{"result":{"address":986944479,"states":["connect","run","respond"],"executing":true}}
768780982	none	{"result":{"address":768780982,"states":["connect","run","respond"],"executing":true}}
922219954	none	{"result":{"address":922219954,"states":["connect","run","respond"],"executing":true}}
849863792	none	{"result":{"address":849863792,"states":["connect","run","respond"],"executing":true}}
638655784	none	{"result":{"address":638655784,"states":["connect","run","respond"],"executing":true}}
1516555075	none	{"result":{"address":1516555075,"states":["connect","run","respond"],"executing":true}}
186974415	none	{"result":{"address":186974415,"states":["connect","run","respond"],"executing":true}}
1793732172	none	{"result":{"address":1793732172,"states":["connect","run","respond"],"executing":true}}
1058112792	none	{"result":{"address":1058112792,"states":["connect","run","respond"],"executing":true}}
917413158	none	{"result":{"address":917413158,"states":["connect","run","respond"],"executing":true}}
760823526	none	{"result":{"address":760823526,"states":["connect","run","respond"],"executing":true}}
973046644	none	{"result":{"address":973046644,"states":["connect","run","respond"],"executing":true}}
1901863540	none	{"result":{"address":1901863540,"states":["connect","run","respond"],"executing":true}}
1318812494	none	{"result":{"address":1318812494,"states":["connect","run","respond"],"executing":true}}
1978309252	none	{"result":{"address":1978309252,"states":["connect","run","respond"],"executing":true}}
370694189	none	{"result":{"address":370694189,"states":["connect","run","respond"],"executing":true}}
1340290365	none	{"result":{"address":1340290365,"states":["connect","run","respond"],"executing":true}}
1374413717	none	{"result":{"address":1374413717,"states":["connect","run","respond"],"executing":true}}
362214096	none	{"result":{"address":362214096,"states":["connect","run","respond"],"executing":true}}
1022054231	none	{"result":{"address":1022054231,"states":["connect","run","respond"],"executing":true}}
1094199412	none	{"result":{"address":1094199412,"states":["connect","run","respond"],"executing":true}}
2055073927	none	{"result":{"address":2055073927,"states":["connect","run","respond"],"executing":true}}
1637271304	none	{"result":{"address":1637271304,"states":["connect","run","respond"],"executing":true}}
2137848762	none	{"result":{"address":2137848762,"states":["connect","run","respond"],"executing":true}}
663969589	none	{"result":{"address":663969589,"states":["connect","run","respond"],"executing":true}}
1816228606	none	{"result":{"address":1816228606,"states":["connect","run","respond"],"executing":true}}
2062764844	none	{"result":{"address":2062764844,"states":["connect","run","respond"],"executing":true}}
115887189	none	{"result":{"address":115887189,"states":["connect","run","respond"],"executing":true}}
1421688659	none	{"result":{"address":1421688659,"states":["connect","run","respond"],"executing":true}}
1592256789	none	{"result":{"address":1592256789,"states":["connect","run","respond"],"executing":true}}
178356599	none	{"result":{"address":178356599,"states":["connect","run","respond"],"executing":true}}
107380001	none	{"result":{"address":107380001,"states":["connect","run","respond"],"executing":true}}
2022830530	none	{"result":{"address":2022830530,"states":["connect","run","respond"],"executing":true}}
1752716203	none	{"result":{"address":1752716203,"states":["connect","run","respond"],"executing":true}}
1606069671	none	{"result":{"address":1606069671,"states":["connect","run","respond"],"executing":true}}
1503691627	none	{"result":{"address":1503691627,"states":["connect","run","respond"],"executing":true}}
1139266783	none	{"result":{"address":1139266783,"states":["connect","run","respond"],"executing":true}}
449401470	none	{"result":{"address":449401470,"states":["connect","run","respond"],"executing":true}}
59146979	none	{"result":{"address":59146979,"states":["connect","run","respond"],"executing":true}}
358494660	none	{"result":{"address":358494660,"states":["connect","run","respond"],"executing":true}}
59805539	none	{"result":{"address":59805539,"states":["connect","run","respond"],"executing":true}}
1968895224	none	{"result":{"address":1968895224,"states":["connect","run","respond"],"executing":true}}
852902684	none	{"result":{"address":852902684,"states":["connect","run","respond"],"executing":true}}
2029469179	none	{"result":{"address":2029469179,"states":["connect","run","respond"],"executing":true}}
1325430055	none	{"result":{"address":1325430055,"states":["connect","run","respond"],"executing":true}}
1610755192	none	{"result":{"address":1610755192,"states":["connect","run","respond"],"executing":true}}
284695289	none	{"result":{"address":284695289,"states":["connect","run","respond"],"executing":true}}
1334657506	none	{"result":{"address":1334657506,"states":["connect","run","respond"],"executing":true}}
1078378186	none	{"result":{"address":1078378186,"states":["connect","run","respond"],"executing":true}}
2006462861	none	{"result":{"address":2006462861,"states":["connect","run","respond"],"executing":true}}
1020764614	none	{"result":{"address":1020764614,"states":["connect","run","respond"],"executing":true}}
363575150	none	{"result":{"address":363575150,"states":["connect","run","respond"],"executing":true}}
1816472304	none	{"result":{"address":1816472304,"states":["connect","run","respond"],"executing":true}}
366619253	none	{"result":{"address":366619253,"states":["connect","run","respond"],"executing":true}}
445179499	none	{"result":{"address":445179499,"states":["connect","run","respond"],"executing":true}}
1314650971	none	{"result":{"address":1314650971,"states":["connect","run","respond"],"executing":true}}
562561844	none	{"result":{"address":562561844,"states":["connect","run","respond"],"executing":true}}
279765891	none	{"result":{"address":279765891,"states":["connect","run","respond"],"executing":true}}
1105713282	none	{"result":{"address":1105713282,"states":["connect","run","respond"],"executing":true}}
273377667	none	{"result":{"address":273377667,"states":["connect","run","respond"],"executing":true}}
1215766286	none	{"result":{"address":1215766286,"states":["connect","run","respond"],"executing":true}}
471366241	none	{"result":{"address":471366241,"states":["connect","run","respond"],"executing":true}}
529497167	none	{"result":{"address":529497167,"states":["connect","run","respond"],"executing":true}}
1126424376	none	{"result":{"address":1126424376,"states":["connect","run","respond"],"executing":true}}
2065340601	none	{"result":{"address":2065340601,"states":["connect","run","respond"],"executing":true}}
201352145	none	{"result":{"address":201352145,"states":["connect","run","respond"],"executing":true}}
499025348	none	{"result":{"address":499025348,"states":["connect","run","respond"],"executing":true}}
1448787347	none	{"result":{"address":1448787347,"states":["connect","run","respond"],"executing":true}}
318922878	none	{"result":{"address":318922878,"states":["connect","run","respond"],"executing":true}}
1400417	none	{"result":{"address":1400417,"states":["connect","run","respond"],"executing":true}}
1191983543	none	{"result":{"address":1191983543,"states":["connect","run","respond"],"executing":true}}
19827069	none	{"result":{"address":19827069,"states":["connect","run","respond"],"executing":true}}
460075486	none	{"result":{"address":460075486,"states":["connect","run","respond"],"executing":true}}
1786851361	none	{"result":{"address":1786851361,"states":["connect","run","respond"],"executing":true}}
1978762143	none	{"result":{"address":1978762143,"states":["connect","run","respond"],"executing":true}}
1283996130	none	{"result":{"address":1283996130,"states":["connect","run","respond"],"executing":true}}
1819059748	none	{"result":{"address":1819059748,"states":["connect","run","respond"],"executing":true}}
97765201	none	{"result":{"address":97765201,"states":["connect","run","respond"],"executing":true}}
930404589	none	{"result":{"address":930404589,"states":["connect","run","respond"],"executing":true}}
405271472	none	{"result":{"address":405271472,"states":["connect","run","respond"],"executing":true}}
579211341	none	{"result":{"address":579211341,"states":["connect","run","respond"],"executing":true}}
1082200570	none	{"result":{"address":1082200570,"states":["connect","run","respond"],"executing":true}}
1384957553	none	{"result":{"address":1384957553,"states":["connect","run","respond"],"executing":true}}
2040972422	none	{"result":{"address":2040972422,"states":["connect","run","respond"],"executing":true}}
805721991	none	{"result":{"address":805721991,"states":["connect","run","respond"],"executing":true}}
132622877	none	{"result":{"address":132622877,"states":["connect","run","respond"],"executing":true}}
2117025253	none	{"result":{"address":2117025253,"states":["connect","run","respond"],"executing":true}}
604179315	none	{"result":{"address":604179315,"states":["connect","run","respond"],"executing":true}}
844316565	none	{"result":{"address":844316565,"states":["connect","run","respond"],"executing":true}}
1360383512	none	{"result":{"address":1360383512,"states":["connect","run","respond"],"executing":true}}
359944806	none	{"result":{"address":359944806,"states":["connect","run","respond"],"executing":true}}
173449853	none	{"result":{"address":173449853,"states":["connect","run","respond"],"executing":true}}
978027758	none	{"result":{"address":978027758,"states":["connect","run","respond"],"executing":true}}
1701512999	none	{"result":{"address":1701512999,"states":["connect","run","respond"],"executing":true}}
1771311774	none	{"result":{"address":1771311774,"states":["connect","run","respond"],"executing":true}}
636621758	none	{"result":{"address":636621758,"states":["connect","run","respond"],"executing":true}}
426676588	none	{"result":{"address":426676588,"states":["connect","run","respond"],"executing":true}}
1232355454	none	{"result":{"address":1232355454,"states":["connect","run","respond"],"executing":true}}
1208808554	none	{"result":{"address":1208808554,"states":["connect","run","respond"],"executing":true}}
1946341512	none	{"result":{"address":1946341512,"states":["connect","run","respond"],"executing":true}}
1925838172	none	{"result":{"address":1925838172,"states":["connect","run","respond"],"executing":true}}
402194896	none	{"result":{"address":402194896,"states":["connect","run","respond"],"executing":true}}
2132582496	none	{"result":{"address":2132582496,"states":["connect","run","respond"],"executing":true}}
1853722650	none	{"result":{"address":1853722650,"states":["connect","run","respond"],"executing":true}}
1839933157	none	{"result":{"address":1839933157,"states":["connect","run","respond"],"executing":true}}
75294304	none	{"result":{"address":75294304,"states":["connect","run","respond"],"executing":true}}
145897153	none	{"result":{"address":145897153,"states":["connect","run","respond"],"executing":true}}
1735677372	none	{"result":{"address":1735677372,"states":["connect","run","respond"],"executing":true}}
1923543422	none	{"result":{"address":1923543422,"states":["connect","run","respond"],"executing":true}}
1918363507	none	{"result":{"address":1918363507,"states":["connect","run","respond"],"executing":true}}
689087402	none	{"result":{"address":689087402,"states":["connect","run","respond"],"executing":true}}
786711547	none	{"result":{"address":786711547,"states":["connect","run","respond"],"executing":true}}
1818448296	none	{"result":{"address":1818448296,"states":["connect","run","respond"],"executing":true}}
455522068	none	{"result":{"address":455522068,"states":["connect","run","respond"],"executing":true}}
319458670	none	{"result":{"address":319458670,"states":["connect","run","respond"],"executing":true}}
739733086	none	{"result":{"address":739733086,"states":["connect","run","respond"],"executing":true}}
398887335	none	{"result":{"address":398887335,"states":["connect","run","respond"],"executing":true}}
947577865	none	{"result":{"address":947577865,"states":["connect","run","respond"],"executing":true}}
1699575463	none	{"result":{"address":1699575463,"states":["connect","run","respond"],"executing":true}}
1195957568	none	{"result":{"address":1195957568,"states":["connect","run","respond"],"executing":true}}
405117359	none	{"result":{"address":405117359,"states":["connect","run","respond"],"executing":true}}
682024263	none	{"result":{"address":682024263,"states":["connect","run","respond"],"executing":true}}
97047362	none	{"result":{"address":97047362,"states":["connect","run","respond"],"executing":true}}
268555201	none	{"result":{"address":268555201,"states":["connect","run","respond"],"executing":true}}
2061003053	none	{"result":{"address":2061003053,"states":["connect","run","respond"],"executing":true}}
874104037	none	{"result":{"address":874104037,"states":["connect","run","respond"],"executing":true}}
829706354	none	{"result":{"address":829706354,"states":["connect","run","respond"],"executing":true}}
751944075	none	{"result":{"address":751944075,"states":["connect","run","respond"],"executing":true}}
1335647829	none	{"result":{"address":1335647829,"states":["connect","run","respond"],"executing":true}}
819076152	none	{"result":{"address":819076152,"states":["connect","run","respond"],"executing":true}}
801464004	none	{"result":{"address":801464004,"states":["connect","run","respond"],"executing":true}}
1238975323	none	{"result":{"address":1238975323,"states":["connect","run","respond"],"executing":true}}
763137263	none	{"result":{"address":763137263,"states":["connect","run","respond"],"executing":true}}
995957153	none	{"result":{"address":995957153,"states":["connect","run","respond"],"executing":true}}
2027782513	none	{"result":{"address":2027782513,"states":["connect","run","respond"],"executing":true}}
607381468	none	{"result":{"address":607381468,"states":["connect","run","respond"],"executing":true}}
1820454811	none	{"result":{"address":1820454811,"states":["connect","run","respond"],"executing":true}}
1367168440	none	{"result":{"address":1367168440,"states":["connect","run","respond"],"executing":true}}
645953797	none	{"result":{"address":645953797,"states":["connect","run","respond"],"executing":true}}
1428941974	none	{"result":{"address":1428941974,"states":["connect","run","respond"],"executing":true}}
206038920	none	{"result":{"address":206038920,"states":["connect","run","respond"],"executing":true}}
118004827	none	{"result":{"address":118004827,"states":["connect","run","respond"],"executing":true}}
147526446	none	{"result":{"address":147526446,"states":["connect","run","respond"],"executing":true}}
1282527180	none	{"result":{"address":1282527180,"states":["connect","run","respond"],"executing":true}}
1805174874	none	{"result":{"address":1805174874,"states":["connect","run","respond"],"executing":true}}
702507778	none	{"result":{"address":702507778,"states":["connect","run","respond"],"executing":true}}
2040308558	none	{"result":{"address":2040308558,"states":["connect","run","respond"],"executing":true}}
86291378	none	{"result":{"address":86291378,"states":["connect","run","respond"],"executing":true}}
1024096149	none	{"result":{"address":1024096149,"states":["connect","run","respond"],"executing":true}}
1907306667	none	{"result":{"address":1907306667,"states":["connect","run","respond"],"executing":true}}
1425535555	none	{"result":{"address":1425535555,"states":["connect","run","respond"],"executing":true}}
1273008427	none	{"result":{"address":1273008427,"states":["connect","run","respond"],"executing":true}}
1178577499	none	{"result":{"address":1178577499,"states":["connect","run","respond"],"executing":true}}
1495352572	none	{"result":{"address":1495352572,"states":["connect","run","respond"],"executing":true}}
884597813	none	{"result":{"address":884597813,"states":["connect","run","respond"],"executing":true}}
535451870	none	{"result":{"address":535451870,"states":["connect","run","respond"],"executing":true}}
1466237351	none	{"result":{"address":1466237351,"states":["connect","run","respond"],"executing":true}}
655381434	none	{"result":{"address":655381434,"states":["connect","run","respond"],"executing":true}}
1710829504	none	{"result":{"address":1710829504,"states":["connect","run","respond"],"executing":true}}
668657835	none	{"result":{"address":668657835,"states":["connect","run","respond"],"executing":true}}
720328016	none	{"result":{"address":720328016,"states":["connect","run","respond"],"executing":true}}
1071778050	none	{"result":{"address":1071778050,"states":["connect","run","respond"],"executing":true}}
1769860229	none	{"result":{"address":1769860229,"states":["connect","run","respond"],"executing":true}}
1789278781	none	{"result":{"address":1789278781,"states":["connect","run","respond"],"executing":true}}
1429556264	none	{"result":{"address":1429556264,"states":["connect","run","respond"],"executing":true}}
912989771	none	{"result":{"address":912989771,"states":["connect","run","respond"],"executing":true}}
194326488	none	{"result":{"address":194326488,"states":["connect","run","respond"],"executing":true}}
1762367738	none	{"result":{"address":1762367738,"states":["connect","run","respond"],"executing":true}}
288735163	none	{"result":{"address":288735163,"states":["connect","run","respond"],"executing":true}}
1349331882	none	{"result":{"address":1349331882,"states":["connect","run","respond"],"executing":true}}
2009689455	none	{"result":{"address":2009689455,"states":["connect","run","respond"],"executing":true}}
226592492	none	{"result":{"address":226592492,"states":["connect","run","respond"],"executing":true}}
1912340755	none	{"result":{"address":1912340755,"states":["connect","run","respond"],"executing":true}}
631088332	none	{"result":{"address":631088332,"states":["connect","run","respond"],"executing":true}}
123147898	none	{"result":{"address":123147898,"states":["connect","run","respond"],"executing":true}}
916162945	none	{"result":{"address":916162945,"states":["connect","run","respond"],"executing":true}}
1672606189	none	{"result":{"address":1672606189,"states":["connect","run","respond"],"executing":true}}
1851185178	none	{"result":{"address":1851185178,"states":["connect","run","respond"],"executing":true}}
232081386	none	{"result":{"address":232081386,"states":["connect","run","respond"],"executing":true}}
1854446772	none	{"result":{"address":1854446772,"states":["connect","run","respond"],"executing":true}}
1058232834	none	{"result":{"address":1058232834,"states":["connect","run","respond"],"executing":true}}
1796026366	none	{"result":{"address":1796026366,"states":["connect","run","respond"],"executing":true}}
1529828558	none	{"result":{"address":1529828558,"states":["connect","run","respond"],"executing":true}}
1248562982	none	{"result":{"address":1248562982,"states":["connect","run","respond"],"executing":true}}
989215630	none	{"result":{"address":989215630,"states":["connect","run","respond"],"executing":true}}
1144694505	none	{"result":{"address":1144694505,"states":["connect","run","respond"],"executing":true}}
161113188	none	{"result":{"address":161113188,"states":["connect","run","respond"],"executing":true}}
265669445	none	{"result":{"address":265669445,"states":["connect","run","respond"],"executing":true}}
652890387	none	{"result":{"address":652890387,"states":["connect","run","respond"],"executing":true}}
1365069148	none	{"result":{"address":1365069148,"states":["connect","run","respond"],"executing":true}}
1954543315	none	{"result":{"address":1954543315,"states":["connect","run","respond"],"executing":true}}
1979098793	none	{"result":{"address":1979098793,"states":["connect","run","respond"],"executing":true}}
1217507413	none	{"result":{"address":1217507413,"states":["connect","run","respond"],"executing":true}}
346836507	none	{"result":{"address":346836507,"states":["connect","run","respond"],"executing":true}}
1404673384	none	{"result":{"address":1404673384,"states":["connect","run","respond"],"executing":true}}
639927374	none	{"result":{"address":639927374,"states":["connect","run","respond"],"executing":true}}
137111198	none	{"result":{"address":137111198,"states":["connect","run","respond"],"executing":true}}
1464034977	none	{"result":{"address":1464034977,"states":["connect","run","respond"],"executing":true}}
1994276265	none	{"result":{"address":1994276265,"states":["connect","run","respond"],"executing":true}}
570131563	none	{"result":{"address":570131563,"states":["connect","run","respond"],"executing":true}}
1594581506	none	{"result":{"address":1594581506,"states":["connect","run","respond"],"executing":true}}
867401680	none	{"result":{"address":867401680,"states":["connect","run","respond"],"executing":true}}
1247295128	none	{"result":{"address":1247295128,"states":["connect","run","respond"],"executing":true}}
1682700762	none	{"result":{"address":1682700762,"states":["connect","run","respond"],"executing":true}}
860522655	none	{"result":{"address":860522655,"states":["connect","run","respond"],"executing":true}}
1524561509	none	{"result":{"address":1524561509,"states":["connect","run","respond"],"executing":true}}
1222594404	none	{"result":{"address":1222594404,"states":["connect","run","respond"],"executing":true}}
1135272399	none	{"result":{"address":1135272399,"states":["connect","run","respond"],"executing":true}}
1422320357	none	{"result":{"address":1422320357,"states":["connect","run","respond"],"executing":true}}
1774082285	none	{"result":{"address":1774082285,"states":["connect","run","respond"],"executing":true}}
491542910	none	{"result":{"address":491542910,"states":["connect","run","respond"],"executing":true}}
1528177284	none	{"result":{"address":1528177284,"states":["connect","run","respond"],"executing":true}}
1538163779	none	{"result":{"address":1538163779,"states":["connect","run","respond"],"executing":true}}
70029084	none	{"result":{"address":70029084,"states":["connect","run","respond"],"executing":true}}
1826706770	none	{"result":{"address":1826706770,"states":["connect","run","respond"],"executing":true}}
306969423	none	{"result":{"address":306969423,"states":["connect","run","respond"],"executing":true}}
2112604347	none	{"result":{"address":2112604347,"states":["connect","run","respond"],"executing":true}}
452870063	none	{"result":{"address":452870063,"states":["connect","run","respond"],"executing":true}}
1898058393	none	{"result":{"address":1898058393,"states":["connect","run","respond"],"executing":true}}
520792788	none	{"result":{"address":520792788,"states":["connect","run","respond"],"executing":true}}
685926324	none	{"result":{"address":685926324,"states":["connect","run","respond"],"executing":true}}
551481102	none	{"result":{"address":551481102,"states":["connect","run","respond"],"executing":true}}
1141097560	none	{"result":{"address":1141097560,"states":["connect","run","respond"],"executing":true}}
452095947	none	{"result":{"address":452095947,"states":["connect","run","respond"],"executing":true}}
1562598871	none	{"result":{"address":1562598871,"states":["connect","run","respond"],"executing":true}}
1019329295	none	{"result":{"address":1019329295,"states":["connect","run","respond"],"executing":true}}
2131887098	none	{"result":{"address":2131887098,"states":["connect","run","respond"],"executing":true}}
1188644396	none	{"result":{"address":1188644396,"states":["connect","run","respond"],"executing":true}}
1374747188	none	{"result":{"address":1374747188,"states":["connect","run","respond"],"executing":true}}
1845922609	none	{"result":{"address":1845922609,"states":["connect","run","respond"],"executing":true}}
461198445	none	{"result":{"address":461198445,"states":["connect","run","respond"],"executing":true}}
1637872480	none	{"result":{"address":1637872480,"states":["connect","run","respond"],"executing":true}}
1608080542	none	{"result":{"address":1608080542,"states":["connect","run","respond"],"executing":true}}
218318368	none	{"result":{"address":218318368,"states":["connect","run","respond"],"executing":true}}
2012234090	none	{"result":{"address":2012234090,"states":["connect","run","respond"],"executing":true}}
1380512115	none	{"result":{"address":1380512115,"states":["connect","run","respond"],"executing":true}}
954455737	none	{"result":{"address":954455737,"states":["connect","run","respond"],"executing":true}}
33882479	none	{"result":{"address":33882479,"states":["connect","run","respond"],"executing":true}}
1193358771	none	{"result":{"address":1193358771,"states":["connect","run","respond"],"executing":true}}
1245478646	none	{"result":{"address":1245478646,"states":["connect","run","respond"],"executing":true}}
26009834	none	{"result":{"address":26009834,"states":["connect","run","respond"],"executing":true}}
1795404168	none	{"result":{"address":1795404168,"states":["connect","run","respond"],"executing":true}}
443703001	none	{"result":{"address":443703001,"states":["connect","run","respond"],"executing":true}}
1345141511	none	{"result":{"address":1345141511,"states":["connect","run","respond"],"executing":true}}
993477668	none	{"result":{"address":993477668,"states":["connect","run","respond"],"executing":true}}
1497917717	none	{"result":{"address":1497917717,"states":["connect","run","respond"],"executing":true}}
2144954033	none	{"result":{"address":2144954033,"states":["connect","run","respond"],"executing":true}}
1805088842	none	{"result":{"address":1805088842,"states":["connect","run","respond"],"executing":true}}
755385996	none	{"result":{"address":755385996,"states":["connect","run","respond"],"executing":true}}
1276666014	none	{"result":{"address":1276666014,"states":["connect","run","respond"],"executing":true}}
1636893987	none	{"result":{"address":1636893987,"states":["connect","run","respond"],"executing":true}}
1325957180	none	{"result":{"address":1325957180,"states":["connect","run","respond"],"executing":true}}
1297258940	none	{"result":{"address":1297258940,"states":["connect","run","respond"],"executing":true}}
88168480	none	{"result":{"address":88168480,"states":["connect","run","respond"],"executing":true}}
600796010	none	{"result":{"address":600796010,"states":["connect","run","respond"],"executing":true}}
1841742997	none	{"result":{"address":1841742997,"states":["connect","run","respond"],"executing":true}}
811345834	none	{"result":{"address":811345834,"states":["connect","run","respond"],"executing":true}}
109744317	none	{"result":{"address":109744317,"states":["connect","run","respond"],"executing":true}}
799157876	none	{"result":{"address":799157876,"states":["connect","run","respond"],"executing":true}}
2011825730	none	{"result":{"address":2011825730,"states":["connect","run","respond"],"executing":true}}
1905413857	none	{"result":{"address":1905413857,"states":["connect","run","respond"],"executing":true}}
645812477	none	{"result":{"address":645812477,"states":["connect","run","respond"],"executing":true}}
1845318062	none	{"result":{"address":1845318062,"states":["connect","run","respond"],"executing":true}}
668399213	none	{"result":{"address":668399213,"states":["connect","run","respond"],"executing":true}}
328932	none	{"result":{"address":328932,"states":["connect","run","respond"],"executing":true}}
1480163770	none	{"result":{"address":1480163770,"states":["connect","run","respond"],"executing":true}}
1730405165	none	{"result":{"address":1730405165,"states":["connect","run","respond"],"executing":true}}
1612870555	none	{"result":{"address":1612870555,"states":["connect","run","respond"],"executing":true}}
271338095	none	{"result":{"address":271338095,"states":["connect","run","respond"],"executing":true}}
632424770	none	{"result":{"address":632424770,"states":["connect","run","respond"],"executing":true}}
1956835808	none	{"result":{"address":1956835808,"states":["connect","run","respond"],"executing":true}}
1595805883	none	{"result":{"address":1595805883,"states":["connect","run","respond"],"executing":true}}
1208586073	none	{"result":{"address":1208586073,"states":["connect","run","respond"],"executing":true}}
1791212060	none	{"result":{"address":1791212060,"states":["connect","run","respond"],"executing":true}}
669820933	none	{"result":{"address":669820933,"states":["connect","run","respond"],"executing":true}}
1327243598	none	{"result":{"address":1327243598,"states":["connect","run","respond"],"executing":true}}
1371751893	none	{"result":{"address":1371751893,"states":["connect","run","respond"],"executing":true}}
460547524	none	{"result":{"address":460547524,"states":["connect","run","respond"],"executing":true}}
527274024	none	{"result":{"address":527274024,"states":["connect","run","respond"],"executing":true}}
1156011280	none	{"result":{"address":1156011280,"states":["connect","run","respond"],"executing":true}}
44429114	none	{"result":{"address":44429114,"states":["connect","run","respond"],"executing":true}}
1768264977	none	{"result":{"address":1768264977,"states":["connect","run","respond"],"executing":true}}
66966738	none	{"result":{"address":66966738,"states":["connect","run","respond"],"executing":true}}
1675549913	none	{"result":{"address":1675549913,"states":["connect","run","respond"],"executing":true}}
2058964024	none	{"result":{"address":2058964024,"states":["connect","run","respond"],"executing":true}}
968300511	none	{"result":{"address":968300511,"states":["connect","run","respond"],"executing":true}}
641862839	none	{"result":{"address":641862839,"states":["connect","run","respond"],"executing":true}}
323801177	none	{"result":{"address":323801177,"states":["connect","run","respond"],"executing":true}}
730321837	none	{"result":{"address":730321837,"states":["connect","run","respond"],"executing":true}}
1844808426	none	{"result":{"address":1844808426,"states":["connect","run","respond"],"executing":true}}
1587330934	none	{"result":{"address":1587330934,"states":["connect","run","respond"],"executing":true}}
74459945	none	{"result":{"address":74459945,"states":["connect","run","respond"],"executing":true}}
1597551776	none	{"result":{"address":1597551776,"states":["connect","run","respond"],"executing":true}}
448872805	none	{"result":{"address":448872805,"states":["connect","run","respond"],"executing":true}}
1979224282	none	{"result":{"address":1979224282,"states":["connect","run","respond"],"executing":true}}
1289191532	none	{"result":{"address":1289191532,"states":["connect","run","respond"],"executing":true}}
1730166072	none	{"result":{"address":1730166072,"states":["connect","run","respond"],"executing":true}}
134554517	none	{"result":{"address":134554517,"states":["connect","run","respond"],"executing":true}}
1062181542	none	{"result":{"address":1062181542,"states":["connect","run","respond"],"executing":true}}
1404331859	none	{"result":{"address":1404331859,"states":["connect","run","respond"],"executing":true}}
942717988	none	{"result":{"address":942717988,"states":["connect","run","respond"],"executing":true}}
1723742583	none	{"result":{"address":1723742583,"states":["connect","run","respond"],"executing":true}}
412040885	none	{"result":{"address":412040885,"states":["connect","run","respond"],"executing":true}}
331385065	none	{"result":{"address":331385065,"states":["connect","run","respond"],"executing":true}}
1676713595	none	{"result":{"address":1676713595,"states":["connect","run","respond"],"executing":true}}
1084825687	none	{"result":{"address":1084825687,"states":["connect","run","respond"],"executing":true}}
1289420681	none	{"result":{"address":1289420681,"states":["connect","run","respond"],"executing":true}}
536241556	none	{"result":{"address":536241556,"states":["connect","run","respond"],"executing":true}}
483788240	none	{"result":{"address":483788240,"states":["connect","run","respond"],"executing":true}}
858811410	none	{"result":{"address":858811410,"states":["connect","run","respond"],"executing":true}}
1336763086	none	{"result":{"address":1336763086,"states":["connect","run","respond"],"executing":true}}
1598564637	none	{"result":{"address":1598564637,"states":["connect","run","respond"],"executing":true}}
2065469087	none	{"result":{"address":2065469087,"states":["connect","run","respond"],"executing":true}}
972390593	none	{"result":{"address":972390593,"states":["connect","run","respond"],"executing":true}}
576610509	none	{"result":{"address":576610509,"states":["connect","run","respond"],"executing":true}}
1965319050	none	{"result":{"address":1965319050,"states":["connect","run","respond"],"executing":true}}
1421304745	none	{"result":{"address":1421304745,"states":["connect","run","respond"],"executing":true}}
1436818004	none	{"result":{"address":1436818004,"states":["connect","run","respond"],"executing":true}}
911611731	none	{"result":{"address":911611731,"states":["connect","run","respond"],"executing":true}}
370576927	none	{"result":{"address":370576927,"states":["connect","run","respond"],"executing":true}}
1137571128	none	{"result":{"address":1137571128,"states":["connect","run","respond"],"executing":true}}
1149716646	none	{"result":{"address":1149716646,"states":["connect","run","respond"],"executing":true}}
1694353598	none	{"result":{"address":1694353598,"states":["connect","run","respond"],"executing":true}}
335598202	none	{"result":{"address":335598202,"states":["connect","run","respond"],"executing":true}}
1488418044	none	{"result":{"address":1488418044,"states":["connect","run","respond"],"executing":true}}
976642220	none	{"result":{"address":976642220,"states":["connect","run","respond"],"executing":true}}
1896622537	none	{"result":{"address":1896622537,"states":["connect","run","respond"],"executing":true}}
599602106	none	{"result":{"address":599602106,"states":["connect","run","respond"],"executing":true}}
454144522	none	{"result":{"address":454144522,"states":["connect","run","respond"],"executing":true}}
1687653409	none	{"result":{"address":1687653409,"states":["connect","run","respond"],"executing":true}}
1829005210	none	{"result":{"address":1829005210,"states":["connect","run","respond"],"executing":true}}
644542916	none	{"result":{"address":644542916,"states":["connect","run","respond"],"executing":true}}
820016858	none	{"result":{"address":820016858,"states":["connect","run","respond"],"executing":true}}
1257314872	none	{"result":{"address":1257314872,"states":["connect","run","respond"],"executing":true}}
1057975036	none	{"result":{"address":1057975036,"states":["connect","run","respond"],"executing":true}}
1542945818	none	{"result":{"address":1542945818,"states":["connect","run","respond"],"executing":true}}
1840667276	none	{"result":{"address":1840667276,"states":["connect","run","respond"],"executing":true}}
284517868	none	{"result":{"address":284517868,"states":["connect","run","respond"],"executing":true}}
285855599	none	{"result":{"address":285855599,"states":["connect","run","respond"],"executing":true}}
760647111	none	{"result":{"address":760647111,"states":["connect","run","respond"],"executing":true}}
218671348	none	{"result":{"address":218671348,"states":["connect","run","respond"],"executing":true}}
976862550	none	{"result":{"address":976862550,"states":["connect","run","respond"],"executing":true}}
1200391854	none	{"result":{"address":1200391854,"states":["connect","run","respond"],"executing":true}}
1741099177	none	{"result":{"address":1741099177,"states":["connect","run","respond"],"executing":true}}
1564860731	none	{"result":{"address":1564860731,"states":["connect","run","respond"],"executing":true}}
215716879	none	{"result":{"address":215716879,"states":["connect","run","respond"],"executing":true}}
2131151902	none	{"result":{"address":2131151902,"states":["connect","run","respond"],"executing":true}}
1288967254	none	{"result":{"address":1288967254,"states":["connect","run","respond"],"executing":true}}
1658782546	none	{"result":{"address":1658782546,"states":["connect","run","respond"],"executing":true}}
1463803319	none	{"result":{"address":1463803319,"states":["connect","run","respond"],"executing":true}}
1812522129	none	{"result":{"address":1812522129,"states":["connect","run","respond"],"executing":true}}
1964516398	none	{"result":{"address":1964516398,"states":["connect","run","respond"],"executing":true}}
1377774777	none	{"result":{"address":1377774777,"states":["connect","run","respond"],"executing":true}}
128967602	none	{"result":{"address":128967602,"states":["connect","run","respond"],"executing":true}}
1410847482	none	{"result":{"address":1410847482,"states":["connect","run","respond"],"executing":true}}
1173757212	none	{"result":{"address":1173757212,"states":["connect","run","respond"],"executing":true}}
1615187656	none	{"result":{"address":1615187656,"states":["connect","run","respond"],"executing":true}}
432934539	none	{"result":{"address":432934539,"states":["connect","run","respond"],"executing":true}}
49143852	none	{"result":{"address":49143852,"states":["connect","run","respond"],"executing":true}}
111041408	none	{"result":{"address":111041408,"states":["connect","run","respond"],"executing":true}}
1078103879	none	{"result":{"address":1078103879,"states":["connect","run","respond"],"executing":true}}
1233490681	none	{"result":{"address":1233490681,"states":["connect","run","respond"],"executing":true}}
1353792659	none	{"result":{"address":1353792659,"states":["connect","run","respond"],"executing":true}}
618598990	none	{"result":{"address":618598990,"states":["connect","run","respond"],"executing":true}}
1196010686	none	{"result":{"address":1196010686,"states":["connect","run","respond"],"executing":true}}
6296893	none	{"result":{"address":6296893,"states":["connect","run","respond"],"executing":true}}
597805441	none	{"result":{"address":597805441,"states":["connect","run","respond"],"executing":true}}
931440439	none	{"result":{"address":931440439,"states":["connect","run","respond"],"executing":true}}
1531322146	none	{"result":{"address":1531322146,"states":["connect","run","respond"],"executing":true}}
963139285	none	{"result":{"address":963139285,"states":["connect","run","respond"],"executing":true}}
1516165537	none	{"result":{"address":1516165537,"states":["connect","run","respond"],"executing":true}}
19773123	none	{"result":{"address":19773123,"states":["connect","run","respond"],"executing":true}}
526581853	none	{"result":{"address":526581853,"states":["connect","run","respond"],"executing":true}}
1093836839	none	{"result":{"address":1093836839,"states":["connect","run","respond"],"executing":true}}
294450869	none	{"result":{"address":294450869,"states":["connect","run","respond"],"executing":true}}
1921029624	none	{"result":{"address":1921029624,"states":["connect","run","respond"],"executing":true}}
137008091	none	{"result":{"address":137008091,"states":["connect","run","respond"],"executing":true}}
495656776	none	{"result":{"address":495656776,"states":["connect","run","respond"],"executing":true}}
380836654	none	{"result":{"address":380836654,"states":["connect","run","respond"],"executing":true}}
261890742	none	{"result":{"address":261890742,"states":["connect","run","respond"],"executing":true}}
1106045560	none	{"result":{"address":1106045560,"states":["connect","run","respond"],"executing":true}}
421605366	none	{"result":{"address":421605366,"states":["connect","run","respond"],"executing":true}}
1945595392	none	{"result":{"address":1945595392,"states":["connect","run","respond"],"executing":true}}
1077754827	none	{"result":{"address":1077754827,"states":["connect","run","respond"],"executing":true}}
1068795317	none	{"result":{"address":1068795317,"states":["connect","run","respond"],"executing":true}}
1288278047	none	{"result":{"address":1288278047,"states":["connect","run","respond"],"executing":true}}
772462386	none	{"result":{"address":772462386,"states":["connect","run","respond"],"executing":true}}
819368957	none	{"result":{"address":819368957,"states":["connect","run","respond"],"executing":true}}
1811888946	none	{"result":{"address":1811888946,"states":["connect","run","respond"],"executing":true}}
930645020	none	{"result":{"address":930645020,"states":["connect","run","respond"],"executing":true}}
1273326102	none	{"result":{"address":1273326102,"states":["connect","run","respond"],"executing":true}}
1262363235	none	{"result":{"address":1262363235,"states":["connect","run","respond"],"executing":true}}
1618299960	none	{"result":{"address":1618299960,"states":["connect","run","respond"],"executing":true}}
1915182000	none	{"result":{"address":1915182000,"states":["connect","run","respond"],"executing":true}}
1944563011	none	{"result":{"address":1944563011,"states":["connect","run","respond"],"executing":true}}
196842965	none	{"result":{"address":196842965,"states":["connect","run","respond"],"executing":true}}
277248127	none	{"result":{"address":277248127,"states":["connect","run","respond"],"executing":true}}
403773252	none	{"result":{"address":403773252,"states":["connect","run","respond"],"executing":true}}
403943263	none	{"result":{"address":403943263,"states":["connect","run","respond"],"executing":true}}
1439908767	none	{"result":{"address":1439908767,"states":["connect","run","respond"],"executing":true}}
1169747286	none	{"result":{"address":1169747286,"states":["connect","run","respond"],"executing":true}}
280280024	none	{"result":{"address":280280024,"states":["connect","run","respond"],"executing":true}}
1562628820	none	{"result":{"address":1562628820,"states":["connect","run","respond"],"executing":true}}
209909614	none	{"result":{"address":209909614,"states":["connect","run","respond"],"executing":true}}
2127515626	none	{"result":{"address":2127515626,"states":["connect","run","respond"],"executing":true}}
1785371747	none	{"result":{"address":1785371747,"states":["connect","run","respond"],"executing":true}}
1351003517	none	{"result":{"address":1351003517,"states":["connect","run","respond"],"executing":true}}
204212864	none	{"result":{"address":204212864,"states":["connect","run","respond"],"executing":true}}
1058893223	none	{"result":{"address":1058893223,"states":["connect","run","respond"],"executing":true}}
1604326199	none	{"result":{"address":1604326199,"states":["connect","run","respond"],"executing":true}}
1034342683	none	{"result":{"address":1034342683,"states":["connect","run","respond"],"executing":true}}
1318853825	none	{"result":{"address":1318853825,"states":["connect","run","respond"],"executing":true}}
555657543	none	{"result":{"address":555657543,"states":["connect","run","respond"],"executing":true}}
2064101074	none	{"result":{"address":2064101074,"states":["connect","run","respond"],"executing":true}}
1638990686	none	{"result":{"address":1638990686,"states":["connect","run","respond"],"executing":true}}
955005659	none	{"result":{"address":955005659,"states":["connect","run","respond"],"executing":true}}
1330780160	none	{"result":{"address":1330780160,"states":["connect","run","respond"],"executing":true}}
890026653	none	{"result":{"address":890026653,"states":["connect","run","respond"],"executing":true}}
759068077	none	{"result":{"address":759068077,"states":["connect","run","respond"],"executing":true}}
176188424	none	{"result":{"address":176188424,"states":["connect","run","respond"],"executing":true}}
1019327374	none	{"result":{"address":1019327374,"states":["connect","run","respond"],"executing":true}}
1326304461	none	{"result":{"address":1326304461,"states":["connect","run","respond"],"executing":true}}
326580201	none	{"result":{"address":326580201,"states":["connect","run","respond"],"executing":true}}
1316091126	none	{"result":{"address":1316091126,"states":["connect","run","respond"],"executing":true}}
898914641	none	{"result":{"address":898914641,"states":["connect","run","respond"],"executing":true}}
1035284677	none	{"result":{"address":1035284677,"states":["connect","run","respond"],"executing":true}}
697272789	none	{"result":{"address":697272789,"states":["connect","run","respond"],"executing":true}}
223683207	none	{"result":{"address":223683207,"states":["connect","run","respond"],"executing":true}}
1630636008	none	{"result":{"address":1630636008,"states":["connect","run","respond"],"executing":true}}
93730006	none	{"result":{"address":93730006,"states":["connect","run","respond"],"executing":true}}
1837678631	none	{"result":{"address":1837678631,"states":["connect","run","respond"],"executing":true}}
1559935681	none	{"result":{"address":1559935681,"states":["connect","run","respond"],"executing":true}}
978014576	none	{"result":{"address":978014576,"states":["connect","run","respond"],"executing":true}}
75332085	none	{"result":{"address":75332085,"states":["connect","run","respond"],"executing":true}}
1460220708	none	{"result":{"address":1460220708,"states":["connect","run","respond"],"executing":true}}
283688020	none	{"result":{"address":283688020,"states":["connect","run","respond"],"executing":true}}
1244917617	none	{"result":{"address":1244917617,"states":["connect","run","respond"],"executing":true}}
1309955047	none	{"result":{"address":1309955047,"states":["connect","run","respond"],"executing":true}}
255244824	none	{"result":{"address":255244824,"states":["connect","run","respond"],"executing":true}}
1174598886	none	{"result":{"address":1174598886,"states":["connect","run","respond"],"executing":true}}
1615297976	none	{"result":{"address":1615297976,"states":["connect","run","respond"],"executing":true}}
2054521457	none	{"result":{"address":2054521457,"states":["connect","run","respond"],"executing":true}}
1284899737	none	{"result":{"address":1284899737,"states":["connect","run","respond"],"executing":true}}
149850451	none	{"result":{"address":149850451,"states":["connect","run","respond"],"executing":true}}
1475626968	none	{"result":{"address":1475626968,"states":["connect","run","respond"],"executing":true}}
234070973	none	{"result":{"address":234070973,"states":["connect","run","respond"],"executing":true}}
1727590707	none	{"result":{"address":1727590707,"states":["connect","run","respond"],"executing":true}}
907447449	none	{"result":{"address":907447449,"states":["connect","run","respond"],"executing":true}}
31077915	none	{"result":{"address":31077915,"states":["connect","run","respond"],"executing":true}}
1581723956	none	{"result":{"address":1581723956,"states":["connect","run","respond"],"executing":true}}
653547625	none	{"result":{"address":653547625,"states":["connect","run","respond"],"executing":true}}
1614919024	none	{"result":{"address":1614919024,"states":["connect","run","respond"],"executing":true}}
1862238881	none	{"result":{"address":1862238881,"states":["connect","run","respond"],"executing":true}}
792172991	none	{"result":{"address":792172991,"states":["connect","run","respond"],"executing":true}}
500045662	none	{"result":{"address":500045662,"states":["connect","run","respond"],"executing":true}}
1711728562	none	{"result":{"address":1711728562,"states":["connect","run","respond"],"executing":true}}
423283058	none	{"result":{"address":423283058,"states":["connect","run","respond"],"executing":true}}
114543409	none	{"result":{"address":114543409,"states":["connect","run","respond"],"executing":true}}
1735907906	none	{"result":{"address":1735907906,"states":["connect","run","respond"],"executing":true}}
97395933	none	{"result":{"address":97395933,"states":["connect","run","respond"],"executing":true}}
1399309823	none	{"result":{"address":1399309823,"states":["connect","run","respond"],"executing":true}}
1745501028	none	{"result":{"address":1745501028,"states":["connect","run","respond"],"executing":true}}
316905900	none	{"result":{"address":316905900,"states":["connect","run","respond"],"executing":true}}
466092199	none	{"result":{"address":466092199,"states":["connect","run","respond"],"executing":true}}
2087184984	none	{"result":{"address":2087184984,"states":["connect","run","respond"],"executing":true}}
1582235556	none	{"result":{"address":1582235556,"states":["connect","run","respond"],"executing":true}}
868704644	none	{"result":{"address":868704644,"states":["connect","run","respond"],"executing":true}}
1648386602	none	{"result":{"address":1648386602,"states":["connect","run","respond"],"executing":true}}
2007584820	none	{"result":{"address":2007584820,"states":["connect","run","respond"],"executing":true}}
40795975	none	{"result":{"address":40795975,"states":["connect","run","respond"],"executing":true}}
823680277	none	{"result":{"address":823680277,"states":["connect","run","respond"],"executing":true}}
1047286272	none	{"result":{"address":1047286272,"states":["connect","run","respond"],"executing":true}}
169396560	none	{"result":{"address":169396560,"states":["connect","run","respond"],"executing":true}}
1739002860	none	{"result":{"address":1739002860,"states":["connect","run","respond"],"executing":true}}
1684356611	none	{"result":{"address":1684356611,"states":["connect","run","respond"],"executing":true}}
805602183	none	{"result":{"address":805602183,"states":["connect","run","respond"],"executing":true}}
709782259	none	{"result":{"address":709782259,"states":["connect","run","respond"],"executing":true}}
1280890544	none	{"result":{"address":1280890544,"states":["connect","run","respond"],"executing":true}}
1946966898	none	{"result":{"address":1946966898,"states":["connect","run","respond"],"executing":true}}
346153577	none	{"result":{"address":346153577,"states":["connect","run","respond"],"executing":true}}
1710520682	none	{"result":{"address":1710520682,"states":["connect","run","respond"],"executing":true}}
325349580	none	{"result":{"address":325349580,"states":["connect","run","respond"],"executing":true}}
1968490707	none	{"result":{"address":1968490707,"states":["connect","run","respond"],"executing":true}}
1414012864	none	{"result":{"address":1414012864,"states":["connect","run","respond"],"executing":true}}
2064614580	none	{"result":{"address":2064614580,"states":["connect","run","respond"],"executing":true}}
1993560049	none	{"result":{"address":1993560049,"states":["connect","run","respond"],"executing":true}}
1403446080	none	{"result":{"address":1403446080,"states":["connect","run","respond"],"executing":true}}
457479438	none	{"result":{"address":457479438,"states":["connect","run","respond"],"executing":true}}
356665107	none	{"result":{"address":356665107,"states":["connect","run","respond"],"executing":true}}
807799689	none	{"result":{"address":807799689,"states":["connect","run","respond"],"executing":true}}
591906301	none	{"result":{"address":591906301,"states":["connect","run","respond"],"executing":true}}
1902554421	none	{"result":{"address":1902554421,"states":["connect","run","respond"],"executing":true}}
1317708330	none	{"result":{"address":1317708330,"states":["connect","run","respond"],"executing":true}}
449016518	none	{"result":{"address":449016518,"states":["connect","run","respond"],"executing":true}}
1038753780	none	{"result":{"address":1038753780,"states":["connect","run","respond"],"executing":true}}
15398734	none	{"result":{"address":15398734,"states":["connect","run","respond"],"executing":true}}
1953511194	none	{"result":{"address":1953511194,"states":["connect","run","respond"],"executing":true}}
1373925461	none	{"result":{"address":1373925461,"states":["connect","run","respond"],"executing":true}}
214645085	none	{"result":{"address":214645085,"states":["connect","run","respond"],"executing":true}}
692737751	none	{"result":{"address":692737751,"states":["connect","run","respond"],"executing":true}}
2089681178	none	{"result":{"address":2089681178,"states":["connect","run","respond"],"executing":true}}
1166002632	none	{"result":{"address":1166002632,"states":["connect","run","respond"],"executing":true}}
1353847333	none	{"result":{"address":1353847333,"states":["connect","run","respond"],"executing":true}}
1078984055	none	{"result":{"address":1078984055,"states":["connect","run","respond"],"executing":true}}
555861768	none	{"result":{"address":555861768,"states":["connect","run","respond"],"executing":true}}
1619210326	none	{"result":{"address":1619210326,"states":["connect","run","respond"],"executing":true}}
1371507001	none	{"result":{"address":1371507001,"states":["connect","run","respond"],"executing":true}}
1562921338	none	{"result":{"address":1562921338,"states":["connect","run","respond"],"executing":true}}
1272635820	none	{"result":{"address":1272635820,"states":["connect","run","respond"],"executing":true}}
1692582861	none	{"result":{"address":1692582861,"states":["connect","run","respond"],"executing":true}}
1525293424	none	{"result":{"address":1525293424,"states":["connect","run","respond"],"executing":true}}
1250284261	none	{"result":{"address":1250284261,"states":["connect","run","respond"],"executing":true}}
231841527	none	{"result":{"address":231841527,"states":["connect","run","respond"],"executing":true}}
1867391205	none	{"result":{"address":1867391205,"states":["connect","run","respond"],"executing":true}}
996065725	none	{"result":{"address":996065725,"states":["connect","run","respond"],"executing":true}}
32199217	none	{"result":{"address":32199217,"states":["connect","run","respond"],"executing":true}}
800520621	none	{"result":{"address":800520621,"states":["connect","run","respond"],"executing":true}}
1279537810	none	{"result":{"address":1279537810,"states":["connect","run","respond"],"executing":true}}
1331505336	none	{"result":{"address":1331505336,"states":["connect","run","respond"],"executing":true}}
276875237	none	{"result":{"address":276875237,"states":["connect","run","respond"],"executing":true}}
402356677	none	{"result":{"address":402356677,"states":["connect","run","respond"],"executing":true}}
709561097	none	{"result":{"address":709561097,"states":["connect","run","respond"],"executing":true}}
168774937	none	{"result":{"address":168774937,"states":["connect","run","respond"],"executing":true}}
79675236	none	{"result":{"address":79675236,"states":["connect","run","respond"],"executing":true}}
1499389874	none	{"result":{"address":1499389874,"states":["connect","run","respond"],"executing":true}}
179989059	none	{"result":{"address":179989059,"states":["connect","run","respond"],"executing":true}}
371015409	none	{"result":{"address":371015409,"states":["connect","run","respond"],"executing":true}}
1291122420	none	{"result":{"address":1291122420,"states":["connect","run","respond"],"executing":true}}
2090873926	none	{"result":{"address":2090873926,"states":["connect","run","respond"],"executing":true}}
767538539	none	{"result":{"address":767538539,"states":["connect","run","respond"],"executing":true}}
1686574240	none	{"result":{"address":1686574240,"states":["connect","run","respond"],"executing":true}}
58437581	none	{"result":{"address":58437581,"states":["connect","run","respond"],"executing":true}}
174412362	none	{"result":{"address":174412362,"states":["connect","run","respond"],"executing":true}}
441098161	none	{"result":{"address":441098161,"states":["connect","run","respond"],"executing":true}}
707239019	none	{"result":{"address":707239019,"states":["connect","run","respond"],"executing":true}}
1494561223	none	{"result":{"address":1494561223,"states":["connect","run","respond"],"executing":true}}
1662921087	none	{"result":{"address":1662921087,"states":["connect","run","respond"],"executing":true}}
376447660	none	{"result":{"address":376447660,"states":["connect","run","respond"],"executing":true}}
1145243017	none	{"result":{"address":1145243017,"states":["connect","run","respond"],"executing":true}}
1904033640	none	{"result":{"address":1904033640,"states":["connect","run","respond"],"executing":true}}
131213766	none	{"result":{"address":131213766,"states":["connect","run","respond"],"executing":true}}
1863706060	none	{"result":{"address":1863706060,"states":["connect","run","respond"],"executing":true}}
1666121133	none	{"result":{"address":1666121133,"states":["connect","run","respond"],"executing":true}}
1592914417	none	{"result":{"address":1592914417,"states":["connect","run","respond"],"executing":true}}
425534123	none	{"result":{"address":425534123,"states":["connect","run","respond"],"executing":true}}
885814707	none	{"result":{"address":885814707,"states":["connect","run","respond"],"executing":true}}
956739136	none	{"result":{"address":956739136,"states":["connect","run","respond"],"executing":true}}
2128119175	none	{"result":{"address":2128119175,"states":["connect","run","respond"],"executing":true}}
44666047	none	{"result":{"address":44666047,"states":["connect","run","respond"],"executing":true}}
1360739514	none	{"result":{"address":1360739514,"states":["connect","run","respond"],"executing":true}}
468460564	none	{"result":{"address":468460564,"states":["connect","run","respond"],"executing":true}}
1351203110	none	{"result":{"address":1351203110,"states":["connect","run","respond"],"executing":true}}
510813772	none	{"result":{"address":510813772,"states":["connect","run","respond"],"executing":true}}
1695848283	none	{"result":{"address":1695848283,"states":["connect","run","respond"],"executing":true}}
1262970317	none	{"result":{"address":1262970317,"states":["connect","run","respond"],"executing":true}}
1029870277	none	{"result":{"address":1029870277,"states":["connect","run","respond"],"executing":true}}
1919582780	none	{"result":{"address":1919582780,"states":["connect","run","respond"],"executing":true}}
1735201256	none	{"result":{"address":1735201256,"states":["connect","run","respond"],"executing":true}}
1397227063	none	{"result":{"address":1397227063,"states":["connect","run","respond"],"executing":true}}
773518505	none	{"result":{"address":773518505,"states":["connect","run","respond"],"executing":true}}
826696660	none	{"result":{"address":826696660,"states":["connect","run","respond"],"executing":true}}
1467825195	none	{"result":{"address":1467825195,"states":["connect","run","respond"],"executing":true}}
1618065086	none	{"result":{"address":1618065086,"states":["connect","run","respond"],"executing":true}}
1517546719	none	{"result":{"address":1517546719,"states":["connect","run","respond"],"executing":true}}
1001945762	none	{"result":{"address":1001945762,"states":["connect","run","respond"],"executing":true}}
684873412	none	{"result":{"address":684873412,"states":["connect","run","respond"],"executing":true}}
382593284	none	{"result":{"address":382593284,"states":["connect","run","respond"],"executing":true}}
1279642646	none	{"result":{"address":1279642646,"states":["connect","run","respond"],"executing":true}}
673249142	none	{"result":{"address":673249142,"states":["connect","run","respond"],"executing":true}}
50806645	none	{"result":{"address":50806645,"states":["connect","run","respond"],"executing":true}}
723680142	none	{"result":{"address":723680142,"states":["connect","run","respond"],"executing":true}}
2056394602	none	{"result":{"address":2056394602,"states":["connect","run","respond"],"executing":true}}
1213099010	none	{"result":{"address":1213099010,"states":["connect","run","respond"],"executing":true}}
201206238	none	{"result":{"address":201206238,"states":["connect","run","respond"],"executing":true}}
1151194003	none	{"result":{"address":1151194003,"states":["connect","run","respond"],"executing":true}}
1304296788	none	{"result":{"address":1304296788,"states":["connect","run","respond"],"executing":true}}
2141051052	none	{"result":{"address":2141051052,"states":["connect","run","respond"],"executing":true}}
1666158588	none	{"result":{"address":1666158588,"states":["connect","run","respond"],"executing":true}}
90561982	none	{"result":{"address":90561982,"states":["connect","run","respond"],"executing":true}}
312478581	none	{"result":{"address":312478581,"states":["connect","run","respond"],"executing":true}}
1817535858	none	{"result":{"address":1817535858,"states":["connect","run","respond"],"executing":true}}
484678422	none	{"result":{"address":484678422,"states":["connect","run","respond"],"executing":true}}
994321559	none	{"result":{"address":994321559,"states":["connect","run","respond"],"executing":true}}
1572409889	none	{"result":{"address":1572409889,"states":["connect","run","respond"],"executing":true}}
40195668	none	{"result":{"address":40195668,"states":["connect","run","respond"],"executing":true}}
522930586	none	{"result":{"address":522930586,"states":["connect","run","respond"],"executing":true}}
1219095136	none	{"result":{"address":1219095136,"states":["connect","run","respond"],"executing":true}}
1804709983	none	{"result":{"address":1804709983,"states":["connect","run","respond"],"executing":true}}
226387131	none	{"result":{"address":226387131,"states":["connect","run","respond"],"executing":true}}
489007934	none	{"result":{"address":489007934,"states":["connect","run","respond"],"executing":true}}
1373576967	none	{"result":{"address":1373576967,"states":["connect","run","respond"],"executing":true}}
499741482	none	{"result":{"address":499741482,"states":["connect","run","respond"],"executing":true}}
748542792	none	{"result":{"address":748542792,"states":["connect","run","respond"],"executing":true}}
2012879331	none	{"result":{"address":2012879331,"states":["connect","run","respond"],"executing":true}}
1470266259	none	{"result":{"address":1470266259,"states":["connect","run","respond"],"executing":true}}
272464118	none	{"result":{"address":272464118,"states":["connect","run","respond"],"executing":true}}
928342262	none	{"result":{"address":928342262,"states":["connect","run","respond"],"executing":true}}
163600821	none	{"result":{"address":163600821,"states":["connect","run","respond"],"executing":true}}
62249299	none	{"result":{"address":62249299,"states":["connect","run","respond"],"executing":true}}
971434409	none	{"result":{"address":971434409,"states":["connect","run","respond"],"executing":true}}
1196116870	none	{"result":{"address":1196116870,"states":["connect","run","respond"],"executing":true}}
1625789332	none	{"result":{"address":1625789332,"states":["connect","run","respond"],"executing":true}}
1732480219	none	{"result":{"address":1732480219,"states":["connect","run","respond"],"executing":true}}
467970538	none	{"result":{"address":467970538,"states":["connect","run","respond"],"executing":true}}
61893248	none	{"result":{"address":61893248,"states":["connect","run","respond"],"executing":true}}
2016454670	none	{"result":{"address":2016454670,"states":["connect","run","respond"],"executing":true}}
1068623297	none	{"result":{"address":1068623297,"states":["connect","run","respond"],"executing":true}}
924088586	none	{"result":{"address":924088586,"states":["connect","run","respond"],"executing":true}}
1746624539	none	{"result":{"address":1746624539,"states":["connect","run","respond"],"executing":true}}
1067606253	none	{"result":{"address":1067606253,"states":["connect","run","respond"],"executing":true}}
1212470256	none	{"result":{"address":1212470256,"states":["connect","run","respond"],"executing":true}}
1350009495	none	{"result":{"address":1350009495,"states":["connect","run","respond"],"executing":true}}
132261976	none	{"result":{"address":132261976,"states":["connect","run","respond"],"executing":true}}
583137687	none	{"result":{"address":583137687,"states":["connect","run","respond"],"executing":true}}
353560619	none	{"result":{"address":353560619,"states":["connect","run","respond"],"executing":true}}
1764496333	none	{"result":{"address":1764496333,"states":["connect","run","respond"],"executing":true}}
1605278733	none	{"result":{"address":1605278733,"states":["connect","run","respond"],"executing":true}}
2109117539	none	{"result":{"address":2109117539,"states":["connect","run","respond"],"executing":true}}
147865334	none	{"result":{"address":147865334,"states":["connect","run","respond"],"executing":true}}
1562813055	none	{"result":{"address":1562813055,"states":["connect","run","respond"],"executing":true}}
1754030393	none	{"result":{"address":1754030393,"states":["connect","run","respond"],"executing":true}}
1674713946	none	{"result":{"address":1674713946,"states":["connect","run","respond"],"executing":true}}
1684144090	none	{"result":{"address":1684144090,"states":["connect","run","respond"],"executing":true}}
260737317	none	{"result":{"address":260737317,"states":["connect","run","respond"],"executing":true}}
669462515	none	{"result":{"address":669462515,"states":["connect","run","respond"],"executing":true}}
459035455	none	{"result":{"address":459035455,"states":["connect","run","respond"],"executing":true}}
131038315	none	{"result":{"address":131038315,"states":["connect","run","respond"],"executing":true}}
2036072495	none	{"result":{"address":2036072495,"states":["connect","run","respond"],"executing":true}}
1783629768	none	{"result":{"address":1783629768,"states":["connect","run","respond"],"executing":true}}
1764161785	none	{"result":{"address":1764161785,"states":["connect","run","respond"],"executing":true}}
896562504	none	{"result":{"address":896562504,"states":["connect","run","respond"],"executing":true}}
2061875594	none	{"result":{"address":2061875594,"states":["connect","run","respond"],"executing":true}}
1197830898	none	{"result":{"address":1197830898,"states":["connect","run","respond"],"executing":true}}
648902890	none	{"result":{"address":648902890,"states":["connect","run","respond"],"executing":true}}
1130709916	none	{"result":{"address":1130709916,"states":["connect","run","respond"],"executing":true}}
1522060620	none	{"result":{"address":1522060620,"states":["connect","run","respond"],"executing":true}}
2023821143	none	{"result":{"address":2023821143,"states":["connect","run","respond"],"executing":true}}
1620957922	none	{"result":{"address":1620957922,"states":["connect","run","respond"],"executing":true}}
506750338	none	{"result":{"address":506750338,"states":["connect","run","respond"],"executing":true}}
504780799	none	{"result":{"address":504780799,"states":["connect","run","respond"],"executing":true}}
847111863	none	{"result":{"address":847111863,"states":["connect","run","respond"],"executing":true}}
1053302226	none	{"result":{"address":1053302226,"states":["connect","run","respond"],"executing":true}}
212806441	none	{"result":{"address":212806441,"states":["connect","run","respond"],"executing":true}}
1749921585	none	{"result":{"address":1749921585,"states":["connect","run","respond"],"executing":true}}
1017155397	none	{"result":{"address":1017155397,"states":["connect","run","respond"],"executing":true}}
1332608926	none	{"result":{"address":1332608926,"states":["connect","run","respond"],"executing":true}}
207402631	none	{"result":{"address":207402631,"states":["connect","run","respond"],"executing":true}}
1701186261	none	{"result":{"address":1701186261,"states":["connect","run","respond"],"executing":true}}
958311660	none	{"result":{"address":958311660,"states":["connect","run","respond"],"executing":true}}
1508600610	none	{"result":{"address":1508600610,"states":["connect","run","respond"],"executing":true}}
1957256323	none	{"result":{"address":1957256323,"states":["connect","run","respond"],"executing":true}}
1605274545	none	{"result":{"address":1605274545,"states":["connect","run","respond"],"executing":true}}
2101639333	none	{"result":{"address":2101639333,"states":["connect","run","respond"],"executing":true}}
1612475626	none	{"result":{"address":1612475626,"states":["connect","run","respond"],"executing":true}}
704067635	none	{"result":{"address":704067635,"states":["connect","run","respond"],"executing":true}}
532868492	none	{"result":{"address":532868492,"states":["connect","run","respond"],"executing":true}}
534777939	none	{"result":{"address":534777939,"states":["connect","run","respond"],"executing":true}}
507010560	none	{"result":{"address":507010560,"states":["connect","run","respond"],"executing":true}}
1337265135	none	{"result":{"address":1337265135,"states":["connect","run","respond"],"executing":true}}
1614448401	none	{"result":{"address":1614448401,"states":["connect","run","respond"],"executing":true}}
504842883	none	{"result":{"address":504842883,"states":["connect","run","respond"],"executing":true}}
2126304980	none	{"result":{"address":2126304980,"states":["connect","run","respond"],"executing":true}}
419846654	none	{"result":{"address":419846654,"states":["connect","run","respond"],"executing":true}}
1120839905	none	{"result":{"address":1120839905,"states":["connect","run","respond"],"executing":true}}
289579240	none	{"result":{"address":289579240,"states":["connect","run","respond"],"executing":true}}
1985974529	none	{"result":{"address":1985974529,"states":["connect","run","respond"],"executing":true}}
870538802	none	{"result":{"address":870538802,"states":["connect","run","respond"],"executing":true}}
1738171306	none	{"result":{"address":1738171306,"states":["connect","run","respond"],"executing":true}}
1232052439	none	{"result":{"address":1232052439,"states":["connect","run","respond"],"executing":true}}
1328508485	none	{"result":{"address":1328508485,"states":["connect","run","respond"],"executing":true}}
1170349643	none	{"result":{"address":1170349643,"states":["connect","run","respond"],"executing":true}}
669647656	none	{"result":{"address":669647656,"states":["connect","run","respond"],"executing":true}}
1779599322	none	{"result":{"address":1779599322,"states":["connect","run","respond"],"executing":true}}
1047257013	none	{"result":{"address":1047257013,"states":["connect","run","respond"],"executing":true}}
1352111185	none	{"result":{"address":1352111185,"states":["connect","run","respond"],"executing":true}}
290846053	none	{"result":{"address":290846053,"states":["connect","run","respond"],"executing":true}}
1280672294	none	{"result":{"address":1280672294,"states":["connect","run","respond"],"executing":true}}
2048005296	none	{"result":{"address":2048005296,"states":["connect","run","respond"],"executing":true}}
551112129	none	{"result":{"address":551112129,"states":["connect","run","respond"],"executing":true}}
1745101915	none	{"result":{"address":1745101915,"states":["connect","run","respond"],"executing":true}}
1752403524	none	{"result":{"address":1752403524,"states":["connect","run","respond"],"executing":true}}
1675403969	none	{"result":{"address":1675403969,"states":["connect","run","respond"],"executing":true}}
559163707	none	{"result":{"address":559163707,"states":["connect","run","respond"],"executing":true}}
1481808716	none	{"result":{"address":1481808716,"states":["connect","run","respond"],"executing":true}}
1558666045	none	{"result":{"address":1558666045,"states":["connect","run","respond"],"executing":true}}
648749473	none	{"result":{"address":648749473,"states":["connect","run","respond"],"executing":true}}
40186712	none	{"result":{"address":40186712,"states":["connect","run","respond"],"executing":true}}
1036240901	none	{"result":{"address":1036240901,"states":["connect","run","respond"],"executing":true}}
1008299706	none	{"result":{"address":1008299706,"states":["connect","run","respond"],"executing":true}}
1509485886	none	{"result":{"address":1509485886,"states":["connect","run","respond"],"executing":true}}
847399023	none	{"result":{"address":847399023,"states":["connect","run","respond"],"executing":true}}
1257732813	none	{"result":{"address":1257732813,"states":["connect","run","respond"],"executing":true}}
2129136742	none	{"result":{"address":2129136742,"states":["connect","run","respond"],"executing":true}}
63660464	none	{"result":{"address":63660464,"states":["connect","run","respond"],"executing":true}}
1852026787	none	{"result":{"address":1852026787,"states":["connect","run","respond"],"executing":true}}
132448111	none	{"result":{"address":132448111,"states":["connect","run","respond"],"executing":true}}
1513640903	none	{"result":{"address":1513640903,"states":["connect","run","respond"],"executing":true}}
1782864997	none	{"result":{"address":1782864997,"states":["connect","run","respond"],"executing":true}}
713902154	none	{"result":{"address":713902154,"states":["connect","run","respond"],"executing":true}}
1394692057	none	{"result":{"address":1394692057,"states":["connect","run","respond"],"executing":true}}
939988821	none	{"result":{"address":939988821,"states":["connect","run","respond"],"executing":true}}
1646612074	none	{"result":{"address":1646612074,"states":["connect","run","respond"],"executing":true}}
741097808	none	{"result":{"address":741097808,"states":["connect","run","respond"],"executing":true}}
1748211273	none	{"result":{"address":1748211273,"states":["connect","run","respond"],"executing":true}}
2065703734	none	{"result":{"address":2065703734,"states":["connect","run","respond"],"executing":true}}
723406873	none	{"result":{"address":723406873,"states":["connect","run","respond"],"executing":true}}
1183842139	none	{"result":{"address":1183842139,"states":["connect","run","respond"],"executing":true}}
1701180645	none	{"result":{"address":1701180645,"states":["connect","run","respond"],"executing":true}}
699581915	none	{"result":{"address":699581915,"states":["connect","run","respond"],"executing":true}}
336744176	none	{"result":{"address":336744176,"states":["connect","run","respond"],"executing":true}}
835452784	none	{"result":{"address":835452784,"states":["connect","run","respond"],"executing":true}}
1438022150	none	{"result":{"address":1438022150,"states":["connect","run","respond"],"executing":true}}
947874177	none	{"result":{"address":947874177,"states":["connect","run","respond"],"executing":true}}
1934733313	none	{"result":{"address":1934733313,"states":["connect","run","respond"],"executing":true}}
1699972691	none	{"result":{"address":1699972691,"states":["connect","run","respond"],"executing":true}}
1076719059	none	{"result":{"address":1076719059,"states":["connect","run","respond"],"executing":true}}
1624650623	none	{"result":{"address":1624650623,"states":["connect","run","respond"],"executing":true}}
1340058052	none	{"result":{"address":1340058052,"states":["connect","run","respond"],"executing":true}}
1514496083	none	{"result":{"address":1514496083,"states":["connect","run","respond"],"executing":true}}
503456025	none	{"result":{"address":503456025,"states":["connect","run","respond"],"executing":true}}
164156194	none	{"result":{"address":164156194,"states":["connect","run","respond"],"executing":true}}
1234796628	none	{"result":{"address":1234796628,"states":["connect","run","respond"],"executing":true}}
1435320708	none	{"result":{"address":1435320708,"states":["connect","run","respond"],"executing":true}}
380015704	none	{"result":{"address":380015704,"states":["connect","run","respond"],"executing":true}}
1655481887	none	{"result":{"address":1655481887,"states":["connect","run","respond"],"executing":true}}
85602193	none	{"result":{"address":85602193,"states":["connect","run","respond"],"executing":true}}
1632317018	none	{"result":{"address":1632317018,"states":["connect","run","respond"],"executing":true}}
1400617012	none	{"result":{"address":1400617012,"states":["connect","run","respond"],"executing":true}}
1858955727	none	{"result":{"address":1858955727,"states":["connect","run","respond"],"executing":true}}
246172297	none	{"result":{"address":246172297,"states":["connect","run","respond"],"executing":true}}
1113191746	none	{"result":{"address":1113191746,"states":["connect","run","respond"],"executing":true}}
221905185	none	{"result":{"address":221905185,"states":["connect","run","respond"],"executing":true}}
1492949034	none	{"result":{"address":1492949034,"states":["connect","run","respond"],"executing":true}}
624075490	none	{"result":{"address":624075490,"states":["connect","run","respond"],"executing":true}}
693537913	none	{"result":{"address":693537913,"states":["connect","run","respond"],"executing":true}}
973464527	none	{"result":{"address":973464527,"states":["connect","run","respond"],"executing":true}}
1273180075	none	{"result":{"address":1273180075,"states":["connect","run","respond"],"executing":true}}
408889978	none	{"result":{"address":408889978,"states":["connect","run","respond"],"executing":true}}
1997367251	none	{"result":{"address":1997367251,"states":["connect","run","respond"],"executing":true}}
1401145624	none	{"result":{"address":1401145624,"states":["connect","run","respond"],"executing":true}}
1933852819	none	{"result":{"address":1933852819,"states":["connect","run","respond"],"executing":true}}
1219743928	none	{"result":{"address":1219743928,"states":["connect","run","respond"],"executing":true}}
850656433	none	{"result":{"address":850656433,"states":["connect","run","respond"],"executing":true}}
139048884	none	{"result":{"address":139048884,"states":["connect","run","respond"],"executing":true}}
285071390	none	{"result":{"address":285071390,"states":["connect","run","respond"],"executing":true}}
995113514	none	{"result":{"address":995113514,"states":["connect","run","respond"],"executing":true}}
168044514	none	{"result":{"address":168044514,"states":["connect","run","respond"],"executing":true}}
1376848505	none	{"result":{"address":1376848505,"states":["connect","run","respond"],"executing":true}}
1443725576	none	{"result":{"address":1443725576,"states":["connect","run","respond"],"executing":true}}
1351371130	none	{"result":{"address":1351371130,"states":["connect","run","respond"],"executing":true}}
1150322060	none	{"result":{"address":1150322060,"states":["connect","run","respond"],"executing":true}}
143471423	none	{"result":{"address":143471423,"states":["connect","run","respond"],"executing":true}}
57943217	none	{"result":{"address":57943217,"states":["connect","run","respond"],"executing":true}}
875329869	none	{"result":{"address":875329869,"states":["connect","run","respond"],"executing":true}}
365785289	none	{"result":{"address":365785289,"states":["connect","run","respond"],"executing":true}}
808175565	none	{"result":{"address":808175565,"states":["connect","run","respond"],"executing":true}}
335193378	none	{"result":{"address":335193378,"states":["connect","run","respond"],"executing":true}}
350479828	none	{"result":{"address":350479828,"states":["connect","run","respond"],"executing":true}}
444800672	none	{"result":{"address":444800672,"states":["connect","run","respond"],"executing":true}}
1408353951	none	{"result":{"address":1408353951,"states":["connect","run","respond"],"executing":true}}
1989665024	none	{"result":{"address":1989665024,"states":["connect","run","respond"],"executing":true}}
515182564	none	{"result":{"address":515182564,"states":["connect","run","respond"],"executing":true}}
1209718655	none	{"result":{"address":1209718655,"states":["connect","run","respond"],"executing":true}}
1685430978	none	{"result":{"address":1685430978,"states":["connect","run","respond"],"executing":true}}
1851875014	none	{"result":{"address":1851875014,"states":["connect","run","respond"],"executing":true}}
12418485	none	{"result":{"address":12418485,"states":["connect","run","respond"],"executing":true}}
1974067796	none	{"result":{"address":1974067796,"states":["connect","run","respond"],"executing":true}}
1560095256	none	{"result":{"address":1560095256,"states":["connect","run","respond"],"executing":true}}
1786793068	none	{"result":{"address":1786793068,"states":["connect","run","respond"],"executing":true}}
1101414059	none	{"result":{"address":1101414059,"states":["connect","run","respond"],"executing":true}}
1675640192	none	{"result":{"address":1675640192,"states":["connect","run","respond"],"executing":true}}
144595639	none	{"result":{"address":144595639,"states":["connect","run","respond"],"executing":true}}
2102814143	none	{"result":{"address":2102814143,"states":["connect","run","respond"],"executing":true}}
1404488320	none	{"result":{"address":1404488320,"states":["connect","run","respond"],"executing":true}}
1762483565	none	{"result":{"address":1762483565,"states":["connect","run","respond"],"executing":true}}
2081548803	none	{"result":{"address":2081548803,"states":["connect","run","respond"],"executing":true}}
1322762586	none	{"result":{"address":1322762586,"states":["connect","run","respond"],"executing":true}}
170906931	none	{"result":{"address":170906931,"states":["connect","run","respond"],"executing":true}}
696438335	none	{"result":{"address":696438335,"states":["connect","run","respond"],"executing":true}}
1145222190	none	{"result":{"address":1145222190,"states":["connect","run","respond"],"executing":true}}
304322367	none	{"result":{"address":304322367,"states":["connect","run","respond"],"executing":true}}
1237697808	none	{"result":{"address":1237697808,"states":["connect","run","respond"],"executing":true}}
1535104896	none	{"result":{"address":1535104896,"states":["connect","run","respond"],"executing":true}}
393847637	none	{"result":{"address":393847637,"states":["connect","run","respond"],"executing":true}}
1122687991	none	{"result":{"address":1122687991,"states":["connect","run","respond"],"executing":true}}
1956832761	none	{"result":{"address":1956832761,"states":["connect","run","respond"],"executing":true}}
625255424	none	{"result":{"address":625255424,"states":["connect","run","respond"],"executing":true}}
1232871480	none	{"result":{"address":1232871480,"states":["connect","run","respond"],"executing":true}}
414320353	none	{"result":{"address":414320353,"states":["connect","run","respond"],"executing":true}}
1165741074	none	{"result":{"address":1165741074,"states":["connect","run","respond"],"executing":true}}
638792035	none	{"result":{"address":638792035,"states":["connect","run","respond"],"executing":true}}
1066602724	none	{"result":{"address":1066602724,"states":["connect","run","respond"],"executing":true}}
1548005235	none	{"result":{"address":1548005235,"states":["connect","run","respond"],"executing":true}}
1698811131	none	{"result":{"address":1698811131,"states":["connect","run","respond"],"executing":true}}
924471590	none	{"result":{"address":924471590,"states":["connect","run","respond"],"executing":true}}
1205015515	none	{"result":{"address":1205015515,"states":["connect","run","respond"],"executing":true}}
1378753313	none	{"result":{"address":1378753313,"states":["connect","run","respond"],"executing":true}}
2116918850	none	{"result":{"address":2116918850,"states":["connect","run","respond"],"executing":true}}
1838171646	none	{"result":{"address":1838171646,"states":["connect","run","respond"],"executing":true}}
1585022967	none	{"result":{"address":1585022967,"states":["connect","run","respond"],"executing":true}}
370225833	none	{"result":{"address":370225833,"states":["connect","run","respond"],"executing":true}}
1448211558	none	{"result":{"address":1448211558,"states":["connect","run","respond"],"executing":true}}
38880436	none	{"result":{"address":38880436,"states":["connect","run","respond"],"executing":true}}
1577447418	none	{"result":{"address":1577447418,"states":["connect","run","respond"],"executing":true}}
1794895711	none	{"result":{"address":1794895711,"states":["connect","run","respond"],"executing":true}}
2052755900	none	{"result":{"address":2052755900,"states":["connect","run","respond"],"executing":true}}
763021025	none	{"result":{"address":763021025,"states":["connect","run","respond"],"executing":true}}
897759784	none	{"result":{"address":897759784,"states":["connect","run","respond"],"executing":true}}
357804117	none	{"result":{"address":357804117,"states":["connect","run","respond"],"executing":true}}
1034418800	none	{"result":{"address":1034418800,"states":["connect","run","respond"],"executing":true}}
654711018	none	{"result":{"address":654711018,"states":["connect","run","respond"],"executing":true}}
1992995831	none	{"result":{"address":1992995831,"states":["connect","run","respond"],"executing":true}}
1728776881	none	{"result":{"address":1728776881,"states":["connect","run","respond"],"executing":true}}
84258078	none	{"result":{"address":84258078,"states":["connect","run","respond"],"executing":true}}
1760149416	none	{"result":{"address":1760149416,"states":["connect","run","respond"],"executing":true}}
743597070	none	{"result":{"address":743597070,"states":["connect","run","respond"],"executing":true}}
778831356	none	{"result":{"address":778831356,"states":["connect","run","respond"],"executing":true}}
650523535	none	{"result":{"address":650523535,"states":["connect","run","respond"],"executing":true}}
1744351364	none	{"result":{"address":1744351364,"states":["connect","run","respond"],"executing":true}}
1498796302	none	{"result":{"address":1498796302,"states":["connect","run","respond"],"executing":true}}
1269963863	none	{"result":{"address":1269963863,"states":["connect","run","respond"],"executing":true}}
1718129849	none	{"result":{"address":1718129849,"states":["connect","run","respond"],"executing":true}}
1381883589	none	{"result":{"address":1381883589,"states":["connect","run","respond"],"executing":true}}
1564757008	none	{"result":{"address":1564757008,"states":["connect","run","respond"],"executing":true}}
349394242	none	{"result":{"address":349394242,"states":["connect","run","respond"],"executing":true}}
345579655	none	{"result":{"address":345579655,"states":["connect","run","respond"],"executing":true}}
1138487428	none	{"result":{"address":1138487428,"states":["connect","run","respond"],"executing":true}}
1004258963	none	{"result":{"address":1004258963,"states":["connect","run","respond"],"executing":true}}
1339009644	none	{"result":{"address":1339009644,"states":["connect","run","respond"],"executing":true}}
1354966877	none	{"result":{"address":1354966877,"states":["connect","run","respond"],"executing":true}}
1511212442	none	{"result":{"address":1511212442,"states":["connect","run","respond"],"executing":true}}
335490474	none	{"result":{"address":335490474,"states":["connect","run","respond"],"executing":true}}
1632593922	none	{"result":{"address":1632593922,"states":["connect","run","respond"],"executing":true}}
1156236265	none	{"result":{"address":1156236265,"states":["connect","run","respond"],"executing":true}}
1146101590	none	{"result":{"address":1146101590,"states":["connect","run","respond"],"executing":true}}
946610263	none	{"result":{"address":946610263,"states":["connect","run","respond"],"executing":true}}
915276337	none	{"result":{"address":915276337,"states":["connect","run","respond"],"executing":true}}
2056465869	none	{"result":{"address":2056465869,"states":["connect","run","respond"],"executing":true}}
571660519	none	{"result":{"address":571660519,"states":["connect","run","respond"],"executing":true}}
699769740	none	{"result":{"address":699769740,"states":["connect","run","respond"],"executing":true}}
1587864109	none	{"result":{"address":1587864109,"states":["connect","run","respond"],"executing":true}}
73736232	none	{"result":{"address":73736232,"states":["connect","run","respond"],"executing":true}}
1510727568	none	{"result":{"address":1510727568,"states":["connect","run","respond"],"executing":true}}
1340624917	none	{"result":{"address":1340624917,"states":["connect","run","respond"],"executing":true}}
786340974	none	{"result":{"address":786340974,"states":["connect","run","respond"],"executing":true}}
1011202154	none	{"result":{"address":1011202154,"states":["connect","run","respond"],"executing":true}}
527090554	none	{"result":{"address":527090554,"states":["connect","run","respond"],"executing":true}}
1539870931	none	{"result":{"address":1539870931,"states":["connect","run","respond"],"executing":true}}
1790358424	none	{"result":{"address":1790358424,"states":["connect","run","respond"],"executing":true}}
1305934669	none	{"result":{"address":1305934669,"states":["connect","run","respond"],"executing":true}}
1039873917	none	{"result":{"address":1039873917,"states":["connect","run","respond"],"executing":true}}
963821694	none	{"result":{"address":963821694,"states":["connect","run","respond"],"executing":true}}
567670161	none	{"result":{"address":567670161,"states":["connect","run","respond"],"executing":true}}
233748119	none	{"result":{"address":233748119,"states":["connect","run","respond"],"executing":true}}
1573992844	none	{"result":{"address":1573992844,"states":["connect","run","respond"],"executing":true}}
1571650145	none	{"result":{"address":1571650145,"states":["connect","run","respond"],"executing":true}}
842600806	none	{"result":{"address":842600806,"states":["connect","run","respond"],"executing":true}}
1646796974	none	{"result":{"address":1646796974,"states":["connect","run","respond"],"executing":true}}
1312604242	none	{"result":{"address":1312604242,"states":["connect","run","respond"],"executing":true}}
1461648475	none	{"result":{"address":1461648475,"states":["connect","run","respond"],"executing":true}}
2095206364	none	{"result":{"address":2095206364,"states":["connect","run","respond"],"executing":true}}
2072746698	none	{"result":{"address":2072746698,"states":["connect","run","respond"],"executing":true}}
153035763	none	{"result":{"address":153035763,"states":["connect","run","respond"],"executing":true}}
1177699100	none	{"result":{"address":1177699100,"states":["connect","run","respond"],"executing":true}}
1453240831	none	{"result":{"address":1453240831,"states":["connect","run","respond"],"executing":true}}
654021369	none	{"result":{"address":654021369,"states":["connect","run","respond"],"executing":true}}
1147100978	none	{"result":{"address":1147100978,"states":["connect","run","respond"],"executing":true}}
174574912	none	{"result":{"address":174574912,"states":["connect","run","respond"],"executing":true}}
2098750721	none	{"result":{"address":2098750721,"states":["connect","run","respond"],"executing":true}}
1279398128	none	{"result":{"address":1279398128,"states":["connect","run","respond"],"executing":true}}
1988062952	none	{"result":{"address":1988062952,"states":["connect","run","respond"],"executing":true}}
513063899	none	{"result":{"address":513063899,"states":["connect","run","respond"],"executing":true}}
1148066462	none	{"result":{"address":1148066462,"states":["connect","run","respond"],"executing":true}}
1388106818	none	{"result":{"address":1388106818,"states":["connect","run","respond"],"executing":true}}
1160468934	none	{"result":{"address":1160468934,"states":["connect","run","respond"],"executing":true}}
973378970	none	{"result":{"address":973378970,"states":["connect","run","respond"],"executing":true}}
410349722	none	{"result":{"address":410349722,"states":["connect","run","respond"],"executing":true}}
1868794172	none	{"result":{"address":1868794172,"states":["connect","run","respond"],"executing":true}}
1800196297	none	{"result":{"address":1800196297,"states":["connect","run","respond"],"executing":true}}
102254196	none	{"result":{"address":102254196,"states":["connect","run","respond"],"executing":true}}
509630120	none	{"result":{"address":509630120,"states":["connect","run","respond"],"executing":true}}
1139315608	none	{"result":{"address":1139315608,"states":["connect","run","respond"],"executing":true}}
1116365541	none	{"result":{"address":1116365541,"states":["connect","run","respond"],"executing":true}}
1247651443	none	{"result":{"address":1247651443,"states":["connect","run","respond"],"executing":true}}
634528819	none	{"result":{"address":634528819,"states":["connect","run","respond"],"executing":true}}
1340593456	none	{"result":{"address":1340593456,"states":["connect","run","respond"],"executing":true}}
394414586	none	{"result":{"address":394414586,"states":["connect","run","respond"],"executing":true}}
1008986190	none	{"result":{"address":1008986190,"states":["connect","run","respond"],"executing":true}}
2054030762	none	{"result":{"address":2054030762,"states":["connect","run","respond"],"executing":true}}
1298444675	none	{"result":{"address":1298444675,"states":["connect","run","respond"],"executing":true}}
450794975	none	{"result":{"address":450794975,"states":["connect","run","respond"],"executing":true}}
583433435	none	{"result":{"address":583433435,"states":["connect","run","respond"],"executing":true}}
1857175141	none	{"result":{"address":1857175141,"states":["connect","run","respond"],"executing":true}}
1456296462	none	{"result":{"address":1456296462,"states":["connect","run","respond"],"executing":true}}
816471541	none	{"result":{"address":816471541,"states":["connect","run","respond"],"executing":true}}
403185506	none	{"result":{"address":403185506,"states":["connect","run","respond"],"executing":true}}
1085234200	none	{"result":{"address":1085234200,"states":["connect","run","respond"],"executing":true}}
1817835066	none	{"result":{"address":1817835066,"states":["connect","run","respond"],"executing":true}}
1282636789	none	{"result":{"address":1282636789,"states":["connect","run","respond"],"executing":true}}
763392371	none	{"result":{"address":763392371,"states":["connect","run","respond"],"executing":true}}
129720405	none	{"result":{"address":129720405,"states":["connect","run","respond"],"executing":true}}
1197251100	none	{"result":{"address":1197251100,"states":["connect","run","respond"],"executing":true}}
1611233894	none	{"result":{"address":1611233894,"states":["connect","run","respond"],"executing":true}}
884166641	none	{"result":{"address":884166641,"states":["connect","run","respond"],"executing":true}}
400223559	none	{"result":{"address":400223559,"states":["connect","run","respond"],"executing":true}}
563072425	none	{"result":{"address":563072425,"states":["connect","run","respond"],"executing":true}}
206016645	none	{"result":{"address":206016645,"states":["connect","run","respond"],"executing":true}}
1933801598	none	{"result":{"address":1933801598,"states":["connect","run","respond"],"executing":true}}
723443405	none	{"result":{"address":723443405,"states":["connect","run","respond"],"executing":true}}
1285784714	none	{"result":{"address":1285784714,"states":["connect","run","respond"],"executing":true}}
864678753	none	{"result":{"address":864678753,"states":["connect","run","respond"],"executing":true}}
1687499455	none	{"result":{"address":1687499455,"states":["connect","run","respond"],"executing":true}}
209875331	none	{"result":{"address":209875331,"states":["connect","run","respond"],"executing":true}}
686135403	none	{"result":{"address":686135403,"states":["connect","run","respond"],"executing":true}}
1196764277	none	{"result":{"address":1196764277,"states":["connect","run","respond"],"executing":true}}
1145766027	none	{"result":{"address":1145766027,"states":["connect","run","respond"],"executing":true}}
1334210316	none	{"result":{"address":1334210316,"states":["connect","run","respond"],"executing":true}}
1368649526	none	{"result":{"address":1368649526,"states":["connect","run","respond"],"executing":true}}
1045968606	none	{"result":{"address":1045968606,"states":["connect","run","respond"],"executing":true}}
233029149	none	{"result":{"address":233029149,"states":["connect","run","respond"],"executing":true}}
829304148	none	{"result":{"address":829304148,"states":["connect","run","respond"],"executing":true}}
542370021	none	{"result":{"address":542370021,"states":["connect","run","respond"],"executing":true}}
805621023	none	{"result":{"address":805621023,"states":["connect","run","respond"],"executing":true}}
534809522	none	{"result":{"address":534809522,"states":["connect","run","respond"],"executing":true}}
937173370	none	{"result":{"address":937173370,"states":["connect","run","respond"],"executing":true}}
1906351311	none	{"result":{"address":1906351311,"states":["connect","run","respond"],"executing":true}}
1774950952	none	{"result":{"address":1774950952,"states":["connect","run","respond"],"executing":true}}
2027263390	none	{"result":{"address":2027263390,"states":["connect","run","respond"],"executing":true}}
301677122	none	{"result":{"address":301677122,"states":["connect","run","respond"],"executing":true}}
628991559	none	{"result":{"address":628991559,"states":["connect","run","respond"],"executing":true}}
887932206	none	{"result":{"address":887932206,"states":["connect","run","respond"],"executing":true}}
471117456	none	{"result":{"address":471117456,"states":["connect","run","respond"],"executing":true}}
843846099	none	{"result":{"address":843846099,"states":["connect","run","respond"],"executing":true}}
1090554441	none	{"result":{"address":1090554441,"states":["connect","run","respond"],"executing":true}}
482943539	none	{"result":{"address":482943539,"states":["connect","run","respond"],"executing":true}}
955299353	none	{"result":{"address":955299353,"states":["connect","run","respond"],"executing":true}}
311119536	none	{"result":{"address":311119536,"states":["connect","run","respond"],"executing":true}}
1896008361	none	{"result":{"address":1896008361,"states":["connect","run","respond"],"executing":true}}
1805336611	none	{"result":{"address":1805336611,"states":["connect","run","respond"],"executing":true}}
1428202112	none	{"result":{"address":1428202112,"states":["connect","run","respond"],"executing":true}}
380803700	none	{"result":{"address":380803700,"states":["connect","run","respond"],"executing":true}}
2052371536	none	{"result":{"address":2052371536,"states":["connect","run","respond"],"executing":true}}
1138249716	none	{"result":{"address":1138249716,"states":["connect","run","respond"],"executing":true}}
1939068018	none	{"result":{"address":1939068018,"states":["connect","run","respond"],"executing":true}}
1330289417	none	{"result":{"address":1330289417,"states":["connect","run","respond"],"executing":true}}
925452507	none	{"result":{"address":925452507,"states":["connect","run","respond"],"executing":true}}
1970099470	none	{"result":{"address":1970099470,"states":["connect","run","respond"],"executing":true}}
1771532578	none	{"result":{"address":1771532578,"states":["connect","run","respond"],"executing":true}}
1349045372	none	{"result":{"address":1349045372,"states":["connect","run","respond"],"executing":true}}
614427591	none	{"result":{"address":614427591,"states":["connect","run","respond"],"executing":true}}
329059341	none	{"result":{"address":329059341,"states":["connect","run","respond"],"executing":true}}
2008480154	none	{"result":{"address":2008480154,"states":["connect","run","respond"],"executing":true}}
1726035908	none	{"result":{"address":1726035908,"states":["connect","run","respond"],"executing":true}}
1249854042	none	{"result":{"address":1249854042,"states":["connect","run","respond"],"executing":true}}
766671769	none	{"result":{"address":766671769,"states":["connect","run","respond"],"executing":true}}
1552813184	none	{"result":{"address":1552813184,"states":["connect","run","respond"],"executing":true}}
1916568398	none	{"result":{"address":1916568398,"states":["connect","run","respond"],"executing":true}}
1699513431	none	{"result":{"address":1699513431,"states":["connect","run","respond"],"executing":true}}
2105363549	none	{"result":{"address":2105363549,"states":["connect","run","respond"],"executing":true}}
785306938	none	{"result":{"address":785306938,"states":["connect","run","respond"],"executing":true}}
536273381	none	{"result":{"address":536273381,"states":["connect","run","respond"],"executing":true}}
1810636349	none	{"result":{"address":1810636349,"states":["connect","run","respond"],"executing":true}}
1511332427	none	{"result":{"address":1511332427,"states":["connect","run","respond"],"executing":true}}
208937053	none	{"result":{"address":208937053,"states":["connect","run","respond"],"executing":true}}
1525754120	none	{"result":{"address":1525754120,"states":["connect","run","respond"],"executing":true}}
127604143	none	{"result":{"address":127604143,"states":["connect","run","respond"],"executing":true}}
941369532	none	{"result":{"address":941369532,"states":["connect","run","respond"],"executing":true}}
1733743036	none	{"result":{"address":1733743036,"states":["connect","run","respond"],"executing":true}}
144308427	none	{"result":{"address":144308427,"states":["connect","run","respond"],"executing":true}}
1702304452	none	{"result":{"address":1702304452,"states":["connect","run","respond"],"executing":true}}
604991513	none	{"result":{"address":604991513,"states":["connect","run","respond"],"executing":true}}
1626719792	none	{"result":{"address":1626719792,"states":["connect","run","respond"],"executing":true}}
764466596	none	{"result":{"address":764466596,"states":["connect","run","respond"],"executing":true}}
839673233	none	{"result":{"address":839673233,"states":["connect","run","respond"],"executing":true}}
1289795822	none	{"result":{"address":1289795822,"states":["connect","run","respond"],"executing":true}}
1732110012	none	{"result":{"address":1732110012,"states":["connect","run","respond"],"executing":true}}
12132859	none	{"result":{"address":12132859,"states":["connect","run","respond"],"executing":true}}
583965997	none	{"result":{"address":583965997,"states":["connect","run","respond"],"executing":true}}
1385543758	none	{"result":{"address":1385543758,"states":["connect","run","respond"],"executing":true}}
1653281444	none	{"result":{"address":1653281444,"states":["connect","run","respond"],"executing":true}}
416033722	none	{"result":{"address":416033722,"states":["connect","run","respond"],"executing":true}}
556062655	none	{"result":{"address":556062655,"states":["connect","run","respond"],"executing":true}}
176122786	none	{"result":{"address":176122786,"states":["connect","run","respond"],"executing":true}}
1522752770	none	{"result":{"address":1522752770,"states":["connect","run","respond"],"executing":true}}
935288174	none	{"result":{"address":935288174,"states":["connect","run","respond"],"executing":true}}
1655593319	none	{"result":{"address":1655593319,"states":["connect","run","respond"],"executing":true}}
500120604	none	{"result":{"address":500120604,"states":["connect","run","respond"],"executing":true}}
1694843057	none	{"result":{"address":1694843057,"states":["connect","run","respond"],"executing":true}}
1366208529	none	{"result":{"address":1366208529,"states":["connect","run","respond"],"executing":true}}
82786601	none	{"result":{"address":82786601,"states":["connect","run","respond"],"executing":true}}
388300470	none	{"result":{"address":388300470,"states":["connect","run","respond"],"executing":true}}
751105358	none	{"result":{"address":751105358,"states":["connect","run","respond"],"executing":true}}
698989004	none	{"result":{"address":698989004,"states":["connect","run","respond"],"executing":true}}
1772688756	none	{"result":{"address":1772688756,"states":["connect","run","respond"],"executing":true}}
211423968	none	{"result":{"address":211423968,"states":["connect","run","respond"],"executing":true}}
1930904775	none	{"result":{"address":1930904775,"states":["connect","run","respond"],"executing":true}}
562591315	none	{"result":{"address":562591315,"states":["connect","run","respond"],"executing":true}}
1867319422	none	{"result":{"address":1867319422,"states":["connect","run","respond"],"executing":true}}
127715841	none	{"result":{"address":127715841,"states":["connect","run","respond"],"executing":true}}
1440535350	none	{"result":{"address":1440535350,"states":["connect","run","respond"],"executing":true}}
59692399	none	{"result":{"address":59692399,"states":["connect","run","respond"],"executing":true}}
2086298744	none	{"result":{"address":2086298744,"states":["connect","run","respond"],"executing":true}}
983371743	none	{"result":{"address":983371743,"states":["connect","run","respond"],"executing":true}}
664431186	none	{"result":{"address":664431186,"states":["connect","run","respond"],"executing":true}}
29675530	none	{"result":{"address":29675530,"states":["connect","run","respond"],"executing":true}}
91945878	none	{"result":{"address":91945878,"states":["connect","run","respond"],"executing":true}}
211911108	none	{"result":{"address":211911108,"states":["connect","run","respond"],"executing":true}}
646630368	none	{"result":{"address":646630368,"states":["connect","run","respond"],"executing":true}}
497355153	none	{"result":{"address":497355153,"states":["connect","run","respond"],"executing":true}}
1712291233	none	{"result":{"address":1712291233,"states":["connect","run","respond"],"executing":true}}
1217037248	none	{"result":{"address":1217037248,"states":["connect","run","respond"],"executing":true}}
324960285	none	{"result":{"address":324960285,"states":["connect","run","respond"],"executing":true}}
655486142	none	{"result":{"address":655486142,"states":["connect","run","respond"],"executing":true}}
1206363321	none	{"result":{"address":1206363321,"states":["connect","run","respond"],"executing":true}}
737191133	none	{"result":{"address":737191133,"states":["connect","run","respond"],"executing":true}}
1113273023	none	{"result":{"address":1113273023,"states":["connect","run","respond"],"executing":true}}
922440863	none	{"result":{"address":922440863,"states":["connect","run","respond"],"executing":true}}
1269122236	none	{"result":{"address":1269122236,"states":["connect","run","respond"],"executing":true}}
492575726	none	{"result":{"address":492575726,"states":["connect","run","respond"],"executing":true}}
1059284140	none	{"result":{"address":1059284140,"states":["connect","run","respond"],"executing":true}}
612034415	none	{"result":{"address":612034415,"states":["connect","run","respond"],"executing":true}}
1255612206	none	{"result":{"address":1255612206,"states":["connect","run","respond"],"executing":true}}
720261706	none	{"result":{"address":720261706,"states":["connect","run","respond"],"executing":true}}
1888937873	none	{"result":{"address":1888937873,"states":["connect","run","respond"],"executing":true}}
356001826	none	{"result":{"address":356001826,"states":["connect","run","respond"],"executing":true}}
1068962799	none	{"result":{"address":1068962799,"states":["connect","run","respond"],"executing":true}}
17145978	none	{"result":{"address":17145978,"states":["connect","run","respond"],"executing":true}}
438315367	none	{"result":{"address":438315367,"states":["connect","run","respond"],"executing":true}}
341966724	none	{"result":{"address":341966724,"states":["connect","run","respond"],"executing":true}}
748958828	none	{"result":{"address":748958828,"states":["connect","run","respond"],"executing":true}}
807994502	none	{"result":{"address":807994502,"states":["connect","run","respond"],"executing":true}}
1579336681	none	{"result":{"address":1579336681,"states":["connect","run","respond"],"executing":true}}
524566092	none	{"result":{"address":524566092,"states":["connect","run","respond"],"executing":true}}
1011383224	none	{"result":{"address":1011383224,"states":["connect","run","respond"],"executing":true}}
1183043676	none	{"result":{"address":1183043676,"states":["connect","run","respond"],"executing":true}}
1642355180	none	{"result":{"address":1642355180,"states":["connect","run","respond"],"executing":true}}
315494039	none	{"result":{"address":315494039,"states":["connect","run","respond"],"executing":true}}
817974457	none	{"result":{"address":817974457,"states":["connect","run","respond"],"executing":true}}
230707283	none	{"result":{"address":230707283,"states":["connect","run","respond"],"executing":true}}
1623375207	none	{"result":{"address":1623375207,"states":["connect","run","respond"],"executing":true}}
322874691	none	{"result":{"address":322874691,"states":["connect","run","respond"],"executing":true}}
1686147123	none	{"result":{"address":1686147123,"states":["connect","run","respond"],"executing":true}}
160102885	none	{"result":{"address":160102885,"states":["connect","run","respond"],"executing":true}}
1102212818	none	{"result":{"address":1102212818,"states":["connect","run","respond"],"executing":true}}
1138276369	none	{"result":{"address":1138276369,"states":["connect","run","respond"],"executing":true}}
1011610238	none	{"result":{"address":1011610238,"states":["connect","run","respond"],"executing":true}}
16170317	none	{"result":{"address":16170317,"states":["connect","run","respond"],"executing":true}}
230885524	none	{"result":{"address":230885524,"states":["connect","run","respond"],"executing":true}}
1562989617	none	{"result":{"address":1562989617,"states":["connect","run","respond"],"executing":true}}
564115069	none	{"result":{"address":564115069,"states":["connect","run","respond"],"executing":true}}
882141667	none	{"result":{"address":882141667,"states":["connect","run","respond"],"executing":true}}
1160448968	none	{"result":{"address":1160448968,"states":["connect","run","respond"],"executing":true}}
743014582	none	{"result":{"address":743014582,"states":["connect","run","respond"],"executing":true}}
188058488	none	{"result":{"address":188058488,"states":["connect","run","respond"],"executing":true}}
1734182002	none	{"result":{"address":1734182002,"states":["connect","run","respond"],"executing":true}}
447777982	none	{"result":{"address":447777982,"states":["connect","run","respond"],"executing":true}}
1212247497	none	{"result":{"address":1212247497,"states":["connect","run","respond"],"executing":true}}
1910905765	none	{"result":{"address":1910905765,"states":["connect","run","respond"],"executing":true}}
397229906	none	{"result":{"address":397229906,"states":["connect","run","respond"],"executing":true}}
1245992574	none	{"result":{"address":1245992574,"states":["connect","run","respond"],"executing":true}}
1191804433	none	{"result":{"address":1191804433,"states":["connect","run","respond"],"executing":true}}
1245325817	none	{"result":{"address":1245325817,"states":["connect","run","respond"],"executing":true}}
975628904	none	{"result":{"address":975628904,"states":["connect","run","respond"],"executing":true}}
1529680058	none	{"result":{"address":1529680058,"states":["connect","run","respond"],"executing":true}}
1157897928	none	{"result":{"address":1157897928,"states":["connect","run","respond"],"executing":true}}
546551339	none	{"result":{"address":546551339,"states":["connect","run","respond"],"executing":true}}
1147634482	none	{"result":{"address":1147634482,"states":["connect","run","respond"],"executing":true}}
696979673	none	{"result":{"address":696979673,"states":["connect","run","respond"],"executing":true}}
738918051	none	{"result":{"address":738918051,"states":["connect","run","respond"],"executing":true}}
847962084	none	{"result":{"address":847962084,"states":["connect","run","respond"],"executing":true}}
80236121	none	{"result":{"address":80236121,"states":["connect","run","respond"],"executing":true}}
1235199836	none	{"result":{"address":1235199836,"states":["connect","run","respond"],"executing":true}}
524751356	none	{"result":{"address":524751356,"states":["connect","run","respond"],"executing":true}}
537601221	none	{"result":{"address":537601221,"states":["connect","run","respond"],"executing":true}}
955791415	none	{"result":{"address":955791415,"states":["connect","run","respond"],"executing":true}}
1429451328	none	{"result":{"address":1429451328,"states":["connect","run","respond"],"executing":true}}
1855793354	none	{"result":{"address":1855793354,"states":["connect","run","respond"],"executing":true}}
1261389751	none	{"result":{"address":1261389751,"states":["connect","run","respond"],"executing":true}}
1369185169	none	{"result":{"address":1369185169,"states":["connect","run","respond"],"executing":true}}
2104329777	none	{"result":{"address":2104329777,"states":["connect","run","respond"],"executing":true}}
575639152	none	{"result":{"address":575639152,"states":["connect","run","respond"],"executing":true}}
1265227983	none	{"result":{"address":1265227983,"states":["connect","run","respond"],"executing":true}}
1457608002	none	{"result":{"address":1457608002,"states":["connect","run","respond"],"executing":true}}
1472998494	none	{"result":{"address":1472998494,"states":["connect","run","respond"],"executing":true}}
992484256	none	{"result":{"address":992484256,"states":["connect","run","respond"],"executing":true}}
1051923335	none	{"result":{"address":1051923335,"states":["connect","run","respond"],"executing":true}}
1171076023	none	{"result":{"address":1171076023,"states":["connect","run","respond"],"executing":true}}
2105496548	none	{"result":{"address":2105496548,"states":["connect","run","respond"],"executing":true}}
787058316	none	{"result":{"address":787058316,"states":["connect","run","respond"],"executing":true}}
1036778823	none	{"result":{"address":1036778823,"states":["connect","run","respond"],"executing":true}}
405846475	none	{"result":{"address":405846475,"states":["connect","run","respond"],"executing":true}}
902863310	none	{"result":{"address":902863310,"states":["connect","run","respond"],"executing":true}}
524326365	none	{"result":{"address":524326365,"states":["connect","run","respond"],"executing":true}}
453401367	none	{"result":{"address":453401367,"states":["connect","run","respond"],"executing":true}}
566832360	none	{"result":{"address":566832360,"states":["connect","run","respond"],"executing":true}}
19389459	none	{"result":{"address":19389459,"states":["connect","run","respond"],"executing":true}}
721434635	none	{"result":{"address":721434635,"states":["connect","run","respond"],"executing":true}}
1334585463	none	{"result":{"address":1334585463,"states":["connect","run","respond"],"executing":true}}
45277157	none	{"result":{"address":45277157,"states":["connect","run","respond"],"executing":true}}
219804957	none	{"result":{"address":219804957,"states":["connect","run","respond"],"executing":true}}
1825121738	none	{"result":{"address":1825121738,"states":["connect","run","respond"],"executing":true}}
764633644	none	{"result":{"address":764633644,"states":["connect","run","respond"],"executing":true}}
663491913	none	{"result":{"address":663491913,"states":["connect","run","respond"],"executing":true}}
2117842596	none	{"result":{"address":2117842596,"states":["connect","run","respond"],"executing":true}}
1767886088	none	{"result":{"address":1767886088,"states":["connect","run","respond"],"executing":true}}
1992654387	none	{"result":{"address":1992654387,"states":["connect","run","respond"],"executing":true}}
2097172181	none	{"result":{"address":2097172181,"states":["connect","run","respond"],"executing":true}}
1069139321	none	{"result":{"address":1069139321,"states":["connect","run","respond"],"executing":true}}
921816079	none	{"result":{"address":921816079,"states":["connect","run","respond"],"executing":true}}
1542078068	none	{"result":{"address":1542078068,"states":["connect","run","respond"],"executing":true}}
2099515240	none	{"result":{"address":2099515240,"states":["connect","run","respond"],"executing":true}}
1002477505	none	{"result":{"address":1002477505,"states":["connect","run","respond"],"executing":true}}
24193841	none	{"result":{"address":24193841,"states":["connect","run","respond"],"executing":true}}
135221405	none	{"result":{"address":135221405,"states":["connect","run","respond"],"executing":true}}
1908372315	none	{"result":{"address":1908372315,"states":["connect","run","respond"],"executing":true}}
596301958	none	{"result":{"address":596301958,"states":["connect","run","respond"],"executing":true}}
647362165	none	{"result":{"address":647362165,"states":["connect","run","respond"],"executing":true}}
1256372546	none	{"result":{"address":1256372546,"states":["connect","run","respond"],"executing":true}}
118362713	none	{"result":{"address":118362713,"states":["connect","run","respond"],"executing":true}}
1560203569	none	{"result":{"address":1560203569,"states":["connect","run","respond"],"executing":true}}
571214542	none	{"result":{"address":571214542,"states":["connect","run","respond"],"executing":true}}
182073977	none	{"result":{"address":182073977,"states":["connect","run","respond"],"executing":true}}
1492530919	none	{"result":{"address":1492530919,"states":["connect","run","respond"],"executing":true}}
632145344	none	{"result":{"address":632145344,"states":["connect","run","respond"],"executing":true}}
15084343	none	{"result":{"address":15084343,"states":["connect","run","respond"],"executing":true}}
89825363	none	{"result":{"address":89825363,"states":["connect","run","respond"],"executing":true}}
1468751093	none	{"result":{"address":1468751093,"states":["connect","run","respond"],"executing":true}}
1550757780	none	{"result":{"address":1550757780,"states":["connect","run","respond"],"executing":true}}
1170160210	none	{"result":{"address":1170160210,"states":["connect","run","respond"],"executing":true}}
974604778	none	{"result":{"address":974604778,"states":["connect","run","respond"],"executing":true}}
827678774	none	{"result":{"address":827678774,"states":["connect","run","respond"],"executing":true}}
1966558056	none	{"result":{"address":1966558056,"states":["connect","run","respond"],"executing":true}}
1492515131	none	{"result":{"address":1492515131,"states":["connect","run","respond"],"executing":true}}
1510136287	none	{"result":{"address":1510136287,"states":["connect","run","respond"],"executing":true}}
616408970	none	{"result":{"address":616408970,"states":["connect","run","respond"],"executing":true}}
237062456	none	{"result":{"address":237062456,"states":["connect","run","respond"],"executing":true}}
1731548667	none	{"result":{"address":1731548667,"states":["connect","run","respond"],"executing":true}}
831845443	none	{"result":{"address":831845443,"states":["connect","run","respond"],"executing":true}}
1782595224	none	{"result":{"address":1782595224,"states":["connect","run","respond"],"executing":true}}
1697148139	none	{"result":{"address":1697148139,"states":["connect","run","respond"],"executing":true}}
2034072846	none	{"result":{"address":2034072846,"states":["connect","run","respond"],"executing":true}}
239774016	none	{"result":{"address":239774016,"states":["connect","run","respond"],"executing":true}}
574557345	none	{"result":{"address":574557345,"states":["connect","run","respond"],"executing":true}}
1761405172	none	{"result":{"address":1761405172,"states":["connect","run","respond"],"executing":true}}
1808960594	none	{"result":{"address":1808960594,"states":["connect","run","respond"],"executing":true}}
1886777284	none	{"result":{"address":1886777284,"states":["connect","run","respond"],"executing":true}}
942069829	none	{"result":{"address":942069829,"states":["connect","run","respond"],"executing":true}}
1344521796	none	{"result":{"address":1344521796,"states":["connect","run","respond"],"executing":true}}
1261294593	none	{"result":{"address":1261294593,"states":["connect","run","respond"],"executing":true}}
939509698	none	{"result":{"address":939509698,"states":["connect","run","respond"],"executing":true}}
1344667893	none	{"result":{"address":1344667893,"states":["connect","run","respond"],"executing":true}}
1904384647	none	{"result":{"address":1904384647,"states":["connect","run","respond"],"executing":true}}
1105500191	none	{"result":{"address":1105500191,"states":["connect","run","respond"],"executing":true}}
344110371	none	{"result":{"address":344110371,"states":["connect","run","respond"],"executing":true}}
54871740	none	{"result":{"address":54871740,"states":["connect","run","respond"],"executing":true}}
1146852280	none	{"result":{"address":1146852280,"states":["connect","run","respond"],"executing":true}}
2005066362	none	{"result":{"address":2005066362,"states":["connect","run","respond"],"executing":true}}
929235013	none	{"result":{"address":929235013,"states":["connect","run","respond"],"executing":true}}
997505656	none	{"result":{"address":997505656,"states":["connect","run","respond"],"executing":true}}
1828707269	none	{"result":{"address":1828707269,"states":["connect","run","respond"],"executing":true}}
260724273	none	{"result":{"address":260724273,"states":["connect","run","respond"],"executing":true}}
1090290890	none	{"result":{"address":1090290890,"states":["connect","run","respond"],"executing":true}}
594234979	none	{"result":{"address":594234979,"states":["connect","run","respond"],"executing":true}}
1618921727	none	{"result":{"address":1618921727,"states":["connect","run","respond"],"executing":true}}
2103956894	none	{"result":{"address":2103956894,"states":["connect","run","respond"],"executing":true}}
854473056	none	{"result":{"address":854473056,"states":["connect","run","respond"],"executing":true}}
235008172	none	{"result":{"address":235008172,"states":["connect","run","respond"],"executing":true}}
579402941	none	{"result":{"address":579402941,"states":["connect","run","respond"],"executing":true}}
575360219	none	{"result":{"address":575360219,"states":["connect","run","respond"],"executing":true}}
1378205777	none	{"result":{"address":1378205777,"states":["connect","run","respond"],"executing":true}}
847395530	none	{"result":{"address":847395530,"states":["connect","run","respond"],"executing":true}}
818145796	none	{"result":{"address":818145796,"states":["connect","run","respond"],"executing":true}}
504634041	none	{"result":{"address":504634041,"states":["connect","run","respond"],"executing":true}}
1808607707	none	{"result":{"address":1808607707,"states":["connect","run","respond"],"executing":true}}
1678797307	none	{"result":{"address":1678797307,"states":["connect","run","respond"],"executing":true}}
1861397029	none	{"result":{"address":1861397029,"states":["connect","run","respond"],"executing":true}}
1210338345	none	{"result":{"address":1210338345,"states":["connect","run","respond"],"executing":true}}
829620038	none	{"result":{"address":829620038,"states":["connect","run","respond"],"executing":true}}
1904031987	none	{"result":{"address":1904031987,"states":["connect","run","respond"],"executing":true}}
44199296	none	{"result":{"address":44199296,"states":["connect","run","respond"],"executing":true}}
1979287449	none	{"result":{"address":1979287449,"states":["connect","run","respond"],"executing":true}}
794877566	none	{"result":{"address":794877566,"states":["connect","run","respond"],"executing":true}}
1722136745	none	{"result":{"address":1722136745,"states":["connect","run","respond"],"executing":true}}
1775972975	none	{"result":{"address":1775972975,"states":["connect","run","respond"],"executing":true}}
1820779773	none	{"result":{"address":1820779773,"states":["connect","run","respond"],"executing":true}}
288299704	none	{"result":{"address":288299704,"states":["connect","run","respond"],"executing":true}}
1282505242	none	{"result":{"address":1282505242,"states":["connect","run","respond"],"executing":true}}
815757523	none	{"result":{"address":815757523,"states":["connect","run","respond"],"executing":true}}
1100579667	none	{"result":{"address":1100579667,"states":["connect","run","respond"],"executing":true}}
799377418	none	{"result":{"address":799377418,"states":["connect","run","respond"],"executing":true}}
1535838740	none	{"result":{"address":1535838740,"states":["connect","run","respond"],"executing":true}}
1161709245	none	{"result":{"address":1161709245,"states":["connect","run","respond"],"executing":true}}
2145528466	none	{"result":{"address":2145528466,"states":["connect","run","respond"],"executing":true}}
180825416	none	{"result":{"address":180825416,"states":["connect","run","respond"],"executing":true}}
2132445387	none	{"result":{"address":2132445387,"states":["connect","run","respond"],"executing":true}}
265766847	none	{"result":{"address":265766847,"states":["connect","run","respond"],"executing":true}}
1603526338	none	{"result":{"address":1603526338,"states":["connect","run","respond"],"executing":true}}
904493726	none	{"result":{"address":904493726,"states":["connect","run","respond"],"executing":true}}
1125966128	none	{"result":{"address":1125966128,"states":["connect","run","respond"],"executing":true}}
2144160628	none	{"result":{"address":2144160628,"states":["connect","run","respond"],"executing":true}}
70470882	none	{"result":{"address":70470882,"states":["connect","run","respond"],"executing":true}}
1915656243	none	{"result":{"address":1915656243,"states":["connect","run","respond"],"executing":true}}
1636549518	none	{"result":{"address":1636549518,"states":["connect","run","respond"],"executing":true}}
730596388	none	{"result":{"address":730596388,"states":["connect","run","respond"],"executing":true}}
1010653673	none	{"result":{"address":1010653673,"states":["connect","run","respond"],"executing":true}}
1957462752	none	{"result":{"address":1957462752,"states":["connect","run","respond"],"executing":true}}
231929201	none	{"result":{"address":231929201,"states":["connect","run","respond"],"executing":true}}
2124621578	none	{"result":{"address":2124621578,"states":["connect","run","respond"],"executing":true}}
1592866932	none	{"result":{"address":1592866932,"states":["connect","run","respond"],"executing":true}}
1111148974	none	{"result":{"address":1111148974,"states":["connect","run","respond"],"executing":true}}
695954273	none	{"result":{"address":695954273,"states":["connect","run","respond"],"executing":true}}
119907602	none	{"result":{"address":119907602,"states":["connect","run","respond"],"executing":true}}
1416330898	none	{"result":{"address":1416330898,"states":["connect","run","respond"],"executing":true}}
532182268	none	{"result":{"address":532182268,"states":["connect","run","respond"],"executing":true}}
1494654136	none	{"result":{"address":1494654136,"states":["connect","run","respond"],"executing":true}}
462994196	none	{"result":{"address":462994196,"states":["connect","run","respond"],"executing":true}}
64095272	none	{"result":{"address":64095272,"states":["connect","run","respond"],"executing":true}}
2056486837	none	{"result":{"address":2056486837,"states":["connect","run","respond"],"executing":true}}
2130450924	none	{"result":{"address":2130450924,"states":["connect","run","respond"],"executing":true}}
481966764	none	{"result":{"address":481966764,"states":["connect","run","respond"],"executing":true}}
2092065598	none	{"result":{"address":2092065598,"states":["connect","run","respond"],"executing":true}}
2094315480	none	{"result":{"address":2094315480,"states":["connect","run","respond"],"executing":true}}
1424662318	none	{"result":{"address":1424662318,"states":["connect","run","respond"],"executing":true}}
1092553156	none	{"result":{"address":1092553156,"states":["connect","run","respond"],"executing":true}}
526940156	none	{"result":{"address":526940156,"states":["connect","run","respond"],"executing":true}}
1979108838	none	{"result":{"address":1979108838,"states":["connect","run","respond"],"executing":true}}
142980606	none	{"result":{"address":142980606,"states":["connect","run","respond"],"executing":true}}
705017038	none	{"result":{"address":705017038,"states":["connect","run","respond"],"executing":true}}
1484415914	none	{"result":{"address":1484415914,"states":["connect","run","respond"],"executing":true}}
482999749	none	{"result":{"address":482999749,"states":["connect","run","respond"],"executing":true}}
1803378462	none	{"result":{"address":1803378462,"states":["connect","run","respond"],"executing":true}}
1619120176	none	{"result":{"address":1619120176,"states":["connect","run","respond"],"executing":true}}
1272448626	none	{"result":{"address":1272448626,"states":["connect","run","respond"],"executing":true}}
102927102	none	{"result":{"address":102927102,"states":["connect","run","respond"],"executing":true}}
228108408	none	{"result":{"address":228108408,"states":["connect","run","respond"],"executing":true}}
602295326	none	{"result":{"address":602295326,"states":["connect","run","respond"],"executing":true}}
1032830196	none	{"result":{"address":1032830196,"states":["connect","run","respond"],"executing":true}}
1172073451	none	{"result":{"address":1172073451,"states":["connect","run","respond"],"executing":true}}
1970464691	none	{"result":{"address":1970464691,"states":["connect","run","respond"],"executing":true}}
2113278913	none	{"result":{"address":2113278913,"states":["connect","run","respond"],"executing":true}}
1999499778	none	{"result":{"address":1999499778,"states":["connect","run","respond"],"executing":true}}
436304848	none	{"result":{"address":436304848,"states":["connect","run","respond"],"executing":true}}
483514208	none	{"result":{"address":483514208,"states":["connect","run","respond"],"executing":true}}
219142073	none	{"result":{"address":219142073,"states":["connect","run","respond"],"executing":true}}
458451243	none	{"result":{"address":458451243,"states":["connect","run","respond"],"executing":true}}
479771046	none	{"result":{"address":479771046,"states":["connect","run","respond"],"executing":true}}
1225847270	none	{"result":{"address":1225847270,"states":["connect","run","respond"],"executing":true}}
988723172	none	{"result":{"address":988723172,"states":["connect","run","respond"],"executing":true}}
1249481116	none	{"result":{"address":1249481116,"states":["connect","run","respond"],"executing":true}}
866038443	none	{"result":{"address":866038443,"states":["connect","run","respond"],"executing":true}}
10100713	none	{"result":{"address":10100713,"states":["connect","run","respond"],"executing":true}}
1958423094	none	{"result":{"address":1958423094,"states":["connect","run","respond"],"executing":true}}
432374813	none	{"result":{"address":432374813,"states":["connect","run","respond"],"executing":true}}
1354084223	none	{"result":{"address":1354084223,"states":["connect","run","respond"],"executing":true}}
1131670596	none	{"result":{"address":1131670596,"states":["connect","run","respond"],"executing":true}}
1528665293	none	{"result":{"address":1528665293,"states":["connect","run","respond"],"executing":true}}
91774214	none	{"result":{"address":91774214,"states":["connect","run","respond"],"executing":true}}
1642184806	none	{"result":{"address":1642184806,"states":["connect","run","respond"],"executing":true}}
30976088	none	{"result":{"address":30976088,"states":["connect","run","respond"],"executing":true}}
1280800051	none	{"result":{"address":1280800051,"states":["connect","run","respond"],"executing":true}}
821020245	none	{"result":{"address":821020245,"states":["connect","run","respond"],"executing":true}}
1449822708	none	{"result":{"address":1449822708,"states":["connect","run","respond"],"executing":true}}
409026865	none	{"result":{"address":409026865,"states":["connect","run","respond"],"executing":true}}
1572183816	none	{"result":{"address":1572183816,"states":["connect","run","respond"],"executing":true}}
1849060740	none	{"result":{"address":1849060740,"states":["connect","run","respond"],"executing":true}}
615341480	none	{"result":{"address":615341480,"states":["connect","run","respond"],"executing":true}}
2124340837	none	{"result":{"address":2124340837,"states":["connect","run","respond"],"executing":true}}
378961973	none	{"result":{"address":378961973,"states":["connect","run","respond"],"executing":true}}
1612705173	none	{"result":{"address":1612705173,"states":["connect","run","respond"],"executing":true}}
739436529	none	{"result":{"address":739436529,"states":["connect","run","respond"],"executing":true}}
1832664460	none	{"result":{"address":1832664460,"states":["connect","run","respond"],"executing":true}}
1562171437	none	{"result":{"address":1562171437,"states":["connect","run","respond"],"executing":true}}
2043191365	none	{"result":{"address":2043191365,"states":["connect","run","respond"],"executing":true}}
1721214167	none	{"result":{"address":1721214167,"states":["connect","run","respond"],"executing":true}}
1409545169	none	{"result":{"address":1409545169,"states":["connect","run","respond"],"executing":true}}
1001863727	none	{"result":{"address":1001863727,"states":["connect","run","respond"],"executing":true}}
2043155485	none	{"result":{"address":2043155485,"states":["connect","run","respond"],"executing":true}}
1585794299	none	{"result":{"address":1585794299,"states":["connect","run","respond"],"executing":true}}
150416624	none	{"result":{"address":150416624,"states":["connect","run","respond"],"executing":true}}
1152164495	none	{"result":{"address":1152164495,"states":["connect","run","respond"],"executing":true}}
284805316	none	{"result":{"address":284805316,"states":["connect","run","respond"],"executing":true}}
1547919152	none	{"result":{"address":1547919152,"states":["connect","run","respond"],"executing":true}}
1327359631	none	{"result":{"address":1327359631,"states":["connect","run","respond"],"executing":true}}
653687530	none	{"result":{"address":653687530,"states":["connect","run","respond"],"executing":true}}
2084068096	none	{"result":{"address":2084068096,"states":["connect","run","respond"],"executing":true}}
1825550213	none	{"result":{"address":1825550213,"states":["connect","run","respond"],"executing":true}}
187596286	none	{"result":{"address":187596286,"states":["connect","run","respond"],"executing":true}}
1231637557	none	{"result":{"address":1231637557,"states":["connect","run","respond"],"executing":true}}
1878154548	none	{"result":{"address":1878154548,"states":["connect","run","respond"],"executing":true}}
1430766128	none	{"result":{"address":1430766128,"states":["connect","run","respond"],"executing":true}}
1333624408	none	{"result":{"address":1333624408,"states":["connect","run","respond"],"executing":true}}
224567277	none	{"result":{"address":224567277,"states":["connect","run","respond"],"executing":true}}
66310916	none	{"result":{"address":66310916,"states":["connect","run","respond"],"executing":true}}
6579726	none	{"result":{"address":6579726,"states":["connect","run","respond"],"executing":true}}
784144032	none	{"result":{"address":784144032,"states":["connect","run","respond"],"executing":true}}
300173241	none	{"result":{"address":300173241,"states":["connect","run","respond"],"executing":true}}
1986731854	none	{"result":{"address":1986731854,"states":["connect","run","respond"],"executing":true}}
2121485069	none	{"result":{"address":2121485069,"states":["connect","run","respond"],"executing":true}}
2012615166	none	{"result":{"address":2012615166,"states":["connect","run","respond"],"executing":true}}
893485955	none	{"result":{"address":893485955,"states":["connect","run","respond"],"executing":true}}
1452214019	none	{"result":{"address":1452214019,"states":["connect","run","respond"],"executing":true}}
1942368698	none	{"result":{"address":1942368698,"states":["connect","run","respond"],"executing":true}}
1253215265	none	{"result":{"address":1253215265,"states":["connect","run","respond"],"executing":true}}
2088204688	none	{"result":{"address":2088204688,"states":["connect","run","respond"],"executing":true}}
1136930839	none	{"result":{"address":1136930839,"states":["connect","run","respond"],"executing":true}}
939519410	none	{"result":{"address":939519410,"states":["connect","run","respond"],"executing":true}}
1736396313	none	{"result":{"address":1736396313,"states":["connect","run","respond"],"executing":true}}
2112741095	none	{"result":{"address":2112741095,"states":["connect","run","respond"],"executing":true}}
705829689	none	{"result":{"address":705829689,"states":["connect","run","respond"],"executing":true}}
1077939407	none	{"result":{"address":1077939407,"states":["connect","run","respond"],"executing":true}}
915909175	none	{"result":{"address":915909175,"states":["connect","run","respond"],"executing":true}}
1280570008	none	{"result":{"address":1280570008,"states":["connect","run","respond"],"executing":true}}
440367383	none	{"result":{"address":440367383,"states":["connect","run","respond"],"executing":true}}
1076608580	none	{"result":{"address":1076608580,"states":["connect","run","respond"],"executing":true}}
1702911794	none	{"result":{"address":1702911794,"states":["connect","run","respond"],"executing":true}}
1271142658	none	{"result":{"address":1271142658,"states":["connect","run","respond"],"executing":true}}
123046876	none	{"result":{"address":123046876,"states":["connect","run","respond"],"executing":true}}
1748864030	none	{"result":{"address":1748864030,"states":["connect","run","respond"],"executing":true}}
1823555074	none	{"result":{"address":1823555074,"states":["connect","run","respond"],"executing":true}}
1273165273	none	{"result":{"address":1273165273,"states":["connect","run","respond"],"executing":true}}
1625464012	none	{"result":{"address":1625464012,"states":["connect","run","respond"],"executing":true}}
1052769632	none	{"result":{"address":1052769632,"states":["connect","run","respond"],"executing":true}}
1451665664	none	{"result":{"address":1451665664,"states":["connect","run","respond"],"executing":true}}
899208521	none	{"result":{"address":899208521,"states":["connect","run","respond"],"executing":true}}
83134525	none	{"result":{"address":83134525,"states":["connect","run","respond"],"executing":true}}
246937920	none	{"result":{"address":246937920,"states":["connect","run","respond"],"executing":true}}
989037866	none	{"result":{"address":989037866,"states":["connect","run","respond"],"executing":true}}
349120154	none	{"result":{"address":349120154,"states":["connect","run","respond"],"executing":true}}
545599831	none	{"result":{"address":545599831,"states":["connect","run","respond"],"executing":true}}
1609044297	none	{"result":{"address":1609044297,"states":["connect","run","respond"],"executing":true}}
2055295758	none	{"result":{"address":2055295758,"states":["connect","run","respond"],"executing":true}}
1094102937	none	{"result":{"address":1094102937,"states":["connect","run","respond"],"executing":true}}
1385960231	none	{"result":{"address":1385960231,"states":["connect","run","respond"],"executing":true}}
793288713	none	{"result":{"address":793288713,"states":["connect","run","respond"],"executing":true}}
530855375	none	{"result":{"address":530855375,"states":["connect","run","respond"],"executing":true}}
1398692838	none	{"result":{"address":1398692838,"states":["connect","run","respond"],"executing":true}}
1725370758	none	{"result":{"address":1725370758,"states":["connect","run","respond"],"executing":true}}
805700277	none	{"result":{"address":805700277,"states":["connect","run","respond"],"executing":true}}
1777454076	none	{"result":{"address":1777454076,"states":["connect","run","respond"],"executing":true}}
439375417	none	{"result":{"address":439375417,"states":["connect","run","respond"],"executing":true}}
27609092	none	{"result":{"address":27609092,"states":["connect","run","respond"],"executing":true}}
1415430490	none	{"result":{"address":1415430490,"states":["connect","run","respond"],"executing":true}}
1776473691	none	{"result":{"address":1776473691,"states":["connect","run","respond"],"executing":true}}
835320519	none	{"result":{"address":835320519,"states":["connect","run","respond"],"executing":true}}
21878135	none	{"result":{"address":21878135,"states":["connect","run","respond"],"executing":true}}
335622354	none	{"result":{"address":335622354,"states":["connect","run","respond"],"executing":true}}
461459779	none	{"result":{"address":461459779,"states":["connect","run","respond"],"executing":true}}
144757132	none	{"result":{"address":144757132,"states":["connect","run","respond"],"executing":true}}
1918478015	none	{"result":{"address":1918478015,"states":["connect","run","respond"],"executing":true}}
706598732	none	{"result":{"address":706598732,"states":["connect","run","respond"],"executing":true}}
81130312	none	{"result":{"address":81130312,"states":["connect","run","respond"],"executing":true}}
662712401	none	{"result":{"address":662712401,"states":["connect","run","respond"],"executing":true}}
701321758	none	{"result":{"address":701321758,"states":["connect","run","respond"],"executing":true}}
398953464	none	{"result":{"address":398953464,"states":["connect","run","respond"],"executing":true}}
2018143259	none	{"result":{"address":2018143259,"states":["connect","run","respond"],"executing":true}}
476688963	none	{"result":{"address":476688963,"states":["connect","run","respond"],"executing":true}}
1287710845	none	{"result":{"address":1287710845,"states":["connect","run","respond"],"executing":true}}
703935245	none	{"result":{"address":703935245,"states":["connect","run","respond"],"executing":true}}
800767062	none	{"result":{"address":800767062,"states":["connect","run","respond"],"executing":true}}
440097641	none	{"result":{"address":440097641,"states":["connect","run","respond"],"executing":true}}
204409208	none	{"result":{"address":204409208,"states":["connect","run","respond"],"executing":true}}
451739546	none	{"result":{"address":451739546,"states":["connect","run","respond"],"executing":true}}
607721509	none	{"result":{"address":607721509,"states":["connect","run","respond"],"executing":true}}
1123371209	none	{"result":{"address":1123371209,"states":["connect","run","respond"],"executing":true}}
1559555194	none	{"result":{"address":1559555194,"states":["connect","run","respond"],"executing":true}}
982513377	none	{"result":{"address":982513377,"states":["connect","run","respond"],"executing":true}}
1095149600	none	{"result":{"address":1095149600,"states":["connect","run","respond"],"executing":true}}
124826931	none	{"result":{"address":124826931,"states":["connect","run","respond"],"executing":true}}
1202543666	none	{"result":{"address":1202543666,"states":["connect","run","respond"],"executing":true}}
30536605	none	{"result":{"address":30536605,"states":["connect","run","respond"],"executing":true}}
2145182450	none	{"result":{"address":2145182450,"states":["connect","run","respond"],"executing":true}}
449680514	none	{"result":{"address":449680514,"states":["connect","run","respond"],"executing":true}}
487573865	none	{"result":{"address":487573865,"states":["connect","run","respond"],"executing":true}}
970149014	none	{"result":{"address":970149014,"states":["connect","run","respond"],"executing":true}}
651318730	none	{"result":{"address":651318730,"states":["connect","run","respond"],"executing":true}}
2005860277	none	{"result":{"address":2005860277,"states":["connect","run","respond"],"executing":true}}
867326632	none	{"result":{"address":867326632,"states":["connect","run","respond"],"executing":true}}
711958443	none	{"result":{"address":711958443,"states":["connect","run","respond"],"executing":true}}
1502665142	none	{"result":{"address":1502665142,"states":["connect","run","respond"],"executing":true}}
581689550	none	{"result":{"address":581689550,"states":["connect","run","respond"],"executing":true}}
409349389	none	{"result":{"address":409349389,"states":["connect","run","respond"],"executing":true}}
1182099444	none	{"result":{"address":1182099444,"states":["connect","run","respond"],"executing":true}}
1600370921	none	{"result":{"address":1600370921,"states":["connect","run","respond"],"executing":true}}
1526778833	none	{"result":{"address":1526778833,"states":["connect","run","respond"],"executing":true}}
936152226	none	{"result":{"address":936152226,"states":["connect","run","respond"],"executing":true}}
1388123697	none	{"result":{"address":1388123697,"states":["connect","run","respond"],"executing":true}}
298885719	none	{"result":{"address":298885719,"states":["connect","run","respond"],"executing":true}}
1130379064	none	{"result":{"address":1130379064,"states":["connect","run","respond"],"executing":true}}
517587495	none	{"result":{"address":517587495,"states":["connect","run","respond"],"executing":true}}
1749737659	none	{"result":{"address":1749737659,"states":["connect","run","respond"],"executing":true}}
1338860193	none	{"result":{"address":1338860193,"states":["connect","run","respond"],"executing":true}}
1074158891	none	{"result":{"address":1074158891,"states":["connect","run","respond"],"executing":true}}
125868829	none	{"result":{"address":125868829,"states":["connect","run","respond"],"executing":true}}
1166709748	none	{"result":{"address":1166709748,"states":["connect","run","respond"],"executing":true}}
1783861000	none	{"result":{"address":1783861000,"states":["connect","run","respond"],"executing":true}}
1256753388	none	{"result":{"address":1256753388,"states":["connect","run","respond"],"executing":true}}
496324643	none	{"result":{"address":496324643,"states":["connect","run","respond"],"executing":true}}
409640987	none	{"result":{"address":409640987,"states":["connect","run","respond"],"executing":true}}
13103992	none	{"result":{"address":13103992,"states":["connect","run","respond"],"executing":true}}
726621097	none	{"result":{"address":726621097,"states":["connect","run","respond"],"executing":true}}
1359761722	none	{"result":{"address":1359761722,"states":["connect","run","respond"],"executing":true}}
1901749984	none	{"result":{"address":1901749984,"states":["connect","run","respond"],"executing":true}}
4620252	none	{"result":{"address":4620252,"states":["connect","run","respond"],"executing":true}}
804155769	none	{"result":{"address":804155769,"states":["connect","run","respond"],"executing":true}}
593944601	none	{"result":{"address":593944601,"states":["connect","run","respond"],"executing":true}}
1867395356	none	{"result":{"address":1867395356,"states":["connect","run","respond"],"executing":true}}
396471790	none	{"result":{"address":396471790,"states":["connect","run","respond"],"executing":true}}
1260566051	none	{"result":{"address":1260566051,"states":["connect","run","respond"],"executing":true}}
1536860104	none	{"result":{"address":1536860104,"states":["connect","run","respond"],"executing":true}}
130753315	none	{"result":{"address":130753315,"states":["connect","run","respond"],"executing":true}}
2080282715	none	{"result":{"address":2080282715,"states":["connect","run","respond"],"executing":true}}
1651859233	none	{"result":{"address":1651859233,"states":["connect","run","respond"],"executing":true}}
557122343	none	{"result":{"address":557122343,"states":["connect","run","respond"],"executing":true}}
1066251112	none	{"result":{"address":1066251112,"states":["connect","run","respond"],"executing":true}}
1066636600	none	{"result":{"address":1066636600,"states":["connect","run","respond"],"executing":true}}
768300367	none	{"result":{"address":768300367,"states":["connect","run","respond"],"executing":true}}
2057480843	none	{"result":{"address":2057480843,"states":["connect","run","respond"],"executing":true}}
789205461	none	{"result":{"address":789205461,"states":["connect","run","respond"],"executing":true}}
707801405	none	{"result":{"address":707801405,"states":["connect","run","respond"],"executing":true}}
979427749	none	{"result":{"address":979427749,"states":["connect","run","respond"],"executing":true}}
1003745118	none	{"result":{"address":1003745118,"states":["connect","run","respond"],"executing":true}}
782508438	none	{"result":{"address":782508438,"states":["connect","run","respond"],"executing":true}}
1268209093	none	{"result":{"address":1268209093,"states":["connect","run","respond"],"executing":true}}
749430129	none	{"result":{"address":749430129,"states":["connect","run","respond"],"executing":true}}
1997723653	none	{"result":{"address":1997723653,"states":["connect","run","respond"],"executing":true}}
2075462623	none	{"result":{"address":2075462623,"states":["connect","run","respond"],"executing":true}}
251174435	none	{"result":{"address":251174435,"states":["connect","run","respond"],"executing":true}}
837044920	none	{"result":{"address":837044920,"states":["connect","run","respond"],"executing":true}}
1144631916	none	{"result":{"address":1144631916,"states":["connect","run","respond"],"executing":true}}
478209377	none	{"result":{"address":478209377,"states":["connect","run","respond"],"executing":true}}
2005791043	none	{"result":{"address":2005791043,"states":["connect","run","respond"],"executing":true}}
305895565	none	{"result":{"address":305895565,"states":["connect","run","respond"],"executing":true}}
1419912258	none	{"result":{"address":1419912258,"states":["connect","run","respond"],"executing":true}}
2068904881	none	{"result":{"address":2068904881,"states":["connect","run","respond"],"executing":true}}
1152302466	none	{"result":{"address":1152302466,"states":["connect","run","respond"],"executing":true}}
1028187148	none	{"result":{"address":1028187148,"states":["connect","run","respond"],"executing":true}}
2043765193	none	{"result":{"address":2043765193,"states":["connect","run","respond"],"executing":true}}
672463410	none	{"result":{"address":672463410,"states":["connect","run","respond"],"executing":true}}
480789068	none	{"result":{"address":480789068,"states":["connect","run","respond"],"executing":true}}
1125894762	none	{"result":{"address":1125894762,"states":["connect","run","respond"],"executing":true}}
1017240917	none	{"result":{"address":1017240917,"states":["connect","run","respond"],"executing":true}}
1778562385	none	{"result":{"address":1778562385,"states":["connect","run","respond"],"executing":true}}
1342605853	none	{"result":{"address":1342605853,"states":["connect","run","respond"],"executing":true}}
1841181733	none	{"result":{"address":1841181733,"states":["connect","run","respond"],"executing":true}}
900616545	none	{"result":{"address":900616545,"states":["connect","run","respond"],"executing":true}}
1131830272	none	{"result":{"address":1131830272,"states":["connect","run","respond"],"executing":true}}
241341349	none	{"result":{"address":241341349,"states":["connect","run","respond"],"executing":true}}
419598059	none	{"result":{"address":419598059,"states":["connect","run","respond"],"executing":true}}
652765390	none	{"result":{"address":652765390,"states":["connect","run","respond"],"executing":true}}
1430563914	none	{"result":{"address":1430563914,"states":["connect","run","respond"],"executing":true}}
156280793	none	{"result":{"address":156280793,"states":["connect","run","respond"],"executing":true}}
377276010	none	{"result":{"address":377276010,"states":["connect","run","respond"],"executing":true}}
848988368	none	{"result":{"address":848988368,"states":["connect","run","respond"],"executing":true}}
880453785	none	{"result":{"address":880453785,"states":["connect","run","respond"],"executing":true}}
183352135	none	{"result":{"address":183352135,"states":["connect","run","respond"],"executing":true}}
1493661736	none	{"result":{"address":1493661736,"states":["connect","run","respond"],"executing":true}}
9844756	none	{"result":{"address":9844756,"states":["connect","run","respond"],"executing":true}}
359065690	none	{"result":{"address":359065690,"states":["connect","run","respond"],"executing":true}}
1234158121	none	{"result":{"address":1234158121,"states":["connect","run","respond"],"executing":true}}
635682091	none	{"result":{"address":635682091,"states":["connect","run","respond"],"executing":true}}
1168604670	none	{"result":{"address":1168604670,"states":["connect","run","respond"],"executing":true}}
1708623799	none	{"result":{"address":1708623799,"states":["connect","run","respond"],"executing":true}}
1218122520	none	{"result":{"address":1218122520,"states":["connect","run","respond"],"executing":true}}
1523151052	none	{"result":{"address":1523151052,"states":["connect","run","respond"],"executing":true}}
1727037538	none	{"result":{"address":1727037538,"states":["connect","run","respond"],"executing":true}}
1132535021	none	{"result":{"address":1132535021,"states":["connect","run","respond"],"executing":true}}
1816942880	none	{"result":{"address":1816942880,"states":["connect","run","respond"],"executing":true}}
883052528	none	{"result":{"address":883052528,"states":["connect","run","respond"],"executing":true}}
2062489335	none	{"result":{"address":2062489335,"states":["connect","run","respond"],"executing":true}}
789317492	none	{"result":{"address":789317492,"states":["connect","run","respond"],"executing":true}}
1494219840	none	{"result":{"address":1494219840,"states":["connect","run","respond"],"executing":true}}
1957728661	none	{"result":{"address":1957728661,"states":["connect","run","respond"],"executing":true}}
2039660031	none	{"result":{"address":2039660031,"states":["connect","run","respond"],"executing":true}}
579706695	none	{"result":{"address":579706695,"states":["connect","run","respond"],"executing":true}}
221120267	none	{"result":{"address":221120267,"states":["connect","run","respond"],"executing":true}}
646535341	none	{"result":{"address":646535341,"states":["connect","run","respond"],"executing":true}}
1829421162	none	{"result":{"address":1829421162,"states":["connect","run","respond"],"executing":true}}
324899634	none	{"result":{"address":324899634,"states":["connect","run","respond"],"executing":true}}
171696854	none	{"result":{"address":171696854,"states":["connect","run","respond"],"executing":true}}
1853044232	none	{"result":{"address":1853044232,"states":["connect","run","respond"],"executing":true}}
147767565	none	{"result":{"address":147767565,"states":["connect","run","respond"],"executing":true}}
1364822773	none	{"result":{"address":1364822773,"states":["connect","run","respond"],"executing":true}}
1807909982	none	{"result":{"address":1807909982,"states":["connect","run","respond"],"executing":true}}
1265231074	none	{"result":{"address":1265231074,"states":["connect","run","respond"],"executing":true}}
736223302	none	{"result":{"address":736223302,"states":["connect","run","respond"],"executing":true}}
58333340	none	{"result":{"address":58333340,"states":["connect","run","respond"],"executing":true}}
1803592153	none	{"result":{"address":1803592153,"states":["connect","run","respond"],"executing":true}}
20218480	none	{"result":{"address":20218480,"states":["connect","run","respond"],"executing":true}}
1758018397	none	{"result":{"address":1758018397,"states":["connect","run","respond"],"executing":true}}
1501024148	none	{"result":{"address":1501024148,"states":["connect","run","respond"],"executing":true}}
1311118201	none	{"result":{"address":1311118201,"states":["connect","run","respond"],"executing":true}}
1166960612	none	{"result":{"address":1166960612,"states":["connect","run","respond"],"executing":true}}
589051149	none	{"result":{"address":589051149,"states":["connect","run","respond"],"executing":true}}
100857404	none	{"result":{"address":100857404,"states":["connect","run","respond"],"executing":true}}
1434472835	none	{"result":{"address":1434472835,"states":["connect","run","respond"],"executing":true}}
1848427320	none	{"result":{"address":1848427320,"states":["connect","run","respond"],"executing":true}}
604052694	none	{"result":{"address":604052694,"states":["connect","run","respond"],"executing":true}}
1363357819	none	{"result":{"address":1363357819,"states":["connect","run","respond"],"executing":true}}
535309947	none	{"result":{"address":535309947,"states":["connect","run","respond"],"executing":true}}
998158698	none	{"result":{"address":998158698,"states":["connect","run","respond"],"executing":true}}
2059720381	none	{"result":{"address":2059720381,"states":["connect","run","respond"],"executing":true}}
2027857271	none	{"result":{"address":2027857271,"states":["connect","run","respond"],"executing":true}}
1281122938	none	{"result":{"address":1281122938,"states":["connect","run","respond"],"executing":true}}
1014161488	none	{"result":{"address":1014161488,"states":["connect","run","respond"],"executing":true}}
360984272	none	{"result":{"address":360984272,"states":["connect","run","respond"],"executing":true}}
611817300	none	{"result":{"address":611817300,"states":["connect","run","respond"],"executing":true}}
1694778074	none	{"result":{"address":1694778074,"states":["connect","run","respond"],"executing":true}}
1349799820	none	{"result":{"address":1349799820,"states":["connect","run","respond"],"executing":true}}
107702581	none	{"result":{"address":107702581,"states":["connect","run","respond"],"executing":true}}
1321317464	none	{"result":{"address":1321317464,"states":["connect","run","respond"],"executing":true}}
1301320934	none	{"result":{"address":1301320934,"states":["connect","run","respond"],"executing":true}}
1162121325	none	{"result":{"address":1162121325,"states":["connect","run","respond"],"executing":true}}
2141498413	none	{"result":{"address":2141498413,"states":["connect","run","respond"],"executing":true}}
902537633	none	{"result":{"address":902537633,"states":["connect","run","respond"],"executing":true}}
414702506	none	{"result":{"address":414702506,"states":["connect","run","respond"],"executing":true}}
607894398	none	{"result":{"address":607894398,"states":["connect","run","respond"],"executing":true}}
1056777559	none	{"result":{"address":1056777559,"states":["connect","run","respond"],"executing":true}}
1054324247	none	{"result":{"address":1054324247,"states":["connect","run","respond"],"executing":true}}
85274685	none	{"result":{"address":85274685,"states":["connect","run","respond"],"executing":true}}
713909482	none	{"result":{"address":713909482,"states":["connect","run","respond"],"executing":true}}
346255725	none	{"result":{"address":346255725,"states":["connect","run","respond"],"executing":true}}
721473505	none	{"result":{"address":721473505,"states":["connect","run","respond"],"executing":true}}
982434427	none	{"result":{"address":982434427,"states":["connect","run","respond"],"executing":true}}
1963301773	none	{"result":{"address":1963301773,"states":["connect","run","respond"],"executing":true}}
689501300	none	{"result":{"address":689501300,"states":["connect","run","respond"],"executing":true}}
966578587	none	{"result":{"address":966578587,"states":["connect","run","respond"],"executing":true}}
31911933	none	{"result":{"address":31911933,"states":["connect","run","respond"],"executing":true}}
1144942650	none	{"result":{"address":1144942650,"states":["connect","run","respond"],"executing":true}}
1497312837	none	{"result":{"address":1497312837,"states":["connect","run","respond"],"executing":true}}
1583720342	none	{"result":{"address":1583720342,"states":["connect","run","respond"],"executing":true}}
725086912	none	{"result":{"address":725086912,"states":["connect","run","respond"],"executing":true}}
582355317	none	{"result":{"address":582355317,"states":["connect","run","respond"],"executing":true}}
1330772904	none	{"result":{"address":1330772904,"states":["connect","run","respond"],"executing":true}}
182467778	none	{"result":{"address":182467778,"states":["connect","run","respond"],"executing":true}}
785534864	none	{"result":{"address":785534864,"states":["connect","run","respond"],"executing":true}}
1706942361	none	{"result":{"address":1706942361,"states":["connect","run","respond"],"executing":true}}
62663490	none	{"result":{"address":62663490,"states":["connect","run","respond"],"executing":true}}
652896406	none	{"result":{"address":652896406,"states":["connect","run","respond"],"executing":true}}
1147503074	none	{"result":{"address":1147503074,"states":["connect","run","respond"],"executing":true}}
1324727198	none	{"result":{"address":1324727198,"states":["connect","run","respond"],"executing":true}}
1292462700	none	{"result":{"address":1292462700,"states":["connect","run","respond"],"executing":true}}
2057430980	none	{"result":{"address":2057430980,"states":["connect","run","respond"],"executing":true}}
1883841387	none	{"result":{"address":1883841387,"states":["connect","run","respond"],"executing":true}}
1531300275	none	{"result":{"address":1531300275,"states":["connect","run","respond"],"executing":true}}
251983460	none	{"result":{"address":251983460,"states":["connect","run","respond"],"executing":true}}
174446210	none	{"result":{"address":174446210,"states":["connect","run","respond"],"executing":true}}
1617565140	none	{"result":{"address":1617565140,"states":["connect","run","respond"],"executing":true}}
544082553	none	{"result":{"address":544082553,"states":["connect","run","respond"],"executing":true}}
477617336	none	{"result":{"address":477617336,"states":["connect","run","respond"],"executing":true}}
898328121	none	{"result":{"address":898328121,"states":["connect","run","respond"],"executing":true}}
1697977807	none	{"result":{"address":1697977807,"states":["connect","run","respond"],"executing":true}}
1943061151	none	{"result":{"address":1943061151,"states":["connect","run","respond"],"executing":true}}
962568353	none	{"result":{"address":962568353,"states":["connect","run","respond"],"executing":true}}
1837912076	none	{"result":{"address":1837912076,"states":["connect","run","respond"],"executing":true}}
861738529	none	{"result":{"address":861738529,"states":["connect","run","respond"],"executing":true}}
583707975	none	{"result":{"address":583707975,"states":["connect","run","respond"],"executing":true}}
1371458724	none	{"result":{"address":1371458724,"states":["connect","run","respond"],"executing":true}}
1291255995	none	{"result":{"address":1291255995,"states":["connect","run","respond"],"executing":true}}
1869399601	none	{"result":{"address":1869399601,"states":["connect","run","respond"],"executing":true}}
893038224	none	{"result":{"address":893038224,"states":["connect","run","respond"],"executing":true}}
99013964	none	{"result":{"address":99013964,"states":["connect","run","respond"],"executing":true}}
457330548	none	{"result":{"address":457330548,"states":["connect","run","respond"],"executing":true}}
1863972817	none	{"result":{"address":1863972817,"states":["connect","run","respond"],"executing":true}}
984605079	none	{"result":{"address":984605079,"states":["connect","run","respond"],"executing":true}}
740527674	none	{"result":{"address":740527674,"states":["connect","run","respond"],"executing":true}}
796301389	none	{"result":{"address":796301389,"states":["connect","run","respond"],"executing":true}}
577468540	none	{"result":{"address":577468540,"states":["connect","run","respond"],"executing":true}}
1511594271	none	{"result":{"address":1511594271,"states":["connect","run","respond"],"executing":true}}
901152818	none	{"result":{"address":901152818,"states":["connect","run","respond"],"executing":true}}
390782529	none	{"result":{"address":390782529,"states":["connect","run","respond"],"executing":true}}
471652501	none	{"result":{"address":471652501,"states":["connect","run","respond"],"executing":true}}
1027613985	none	{"result":{"address":1027613985,"states":["connect","run","respond"],"executing":true}}
1640328925	none	{"result":{"address":1640328925,"states":["connect","run","respond"],"executing":true}}
1344229088	none	{"result":{"address":1344229088,"states":["connect","run","respond"],"executing":true}}
1042309568	none	{"result":{"address":1042309568,"states":["connect","run","respond"],"executing":true}}
1397660837	none	{"result":{"address":1397660837,"states":["connect","run","respond"],"executing":true}}
584735291	none	{"result":{"address":584735291,"states":["connect","run","respond"],"executing":true}}
1711650022	none	{"result":{"address":1711650022,"states":["connect","run","respond"],"executing":true}}
77883931	none	{"result":{"address":77883931,"states":["connect","run","respond"],"executing":true}}
359887687	none	{"result":{"address":359887687,"states":["connect","run","respond"],"executing":true}}
511483057	none	{"result":{"address":511483057,"states":["connect","run","respond"],"executing":true}}
1641705217	none	{"result":{"address":1641705217,"states":["connect","run","respond"],"executing":true}}
2083556825	none	{"result":{"address":2083556825,"states":["connect","run","respond"],"executing":true}}
55078040	none	{"result":{"address":55078040,"states":["connect","run","respond"],"executing":true}}
1711434670	none	{"result":{"address":1711434670,"states":["connect","run","respond"],"executing":true}}
1483135086	none	{"result":{"address":1483135086,"states":["connect","run","respond"],"executing":true}}
1385127604	none	{"result":{"address":1385127604,"states":["connect","run","respond"],"executing":true}}
1358575865	none	{"result":{"address":1358575865,"states":["connect","run","respond"],"executing":true}}
325979699	none	{"result":{"address":325979699,"states":["connect","run","respond"],"executing":true}}
838654854	none	{"result":{"address":838654854,"states":["connect","run","respond"],"executing":true}}
1643710574	none	{"result":{"address":1643710574,"states":["connect","run","respond"],"executing":true}}
1409227894	none	{"result":{"address":1409227894,"states":["connect","run","respond"],"executing":true}}
124354317	none	{"result":{"address":124354317,"states":["connect","run","respond"],"executing":true}}
1017333475	none	{"result":{"address":1017333475,"states":["connect","run","respond"],"executing":true}}
401337202	none	{"result":{"address":401337202,"states":["connect","run","respond"],"executing":true}}
1245136577	none	{"result":{"address":1245136577,"states":["connect","run","respond"],"executing":true}}
1964885695	none	{"result":{"address":1964885695,"states":["connect","run","respond"],"executing":true}}
2076291835	none	{"result":{"address":2076291835,"states":["connect","run","respond"],"executing":true}}
1884892870	none	{"result":{"address":1884892870,"states":["connect","run","respond"],"executing":true}}
2030186205	none	{"result":{"address":2030186205,"states":["connect","run","respond"],"executing":true}}
51117406	none	{"result":{"address":51117406,"states":["connect","run","respond"],"executing":true}}
1202114695	none	{"result":{"address":1202114695,"states":["connect","run","respond"],"executing":true}}
484542836	none	{"result":{"address":484542836,"states":["connect","run","respond"],"executing":true}}
1939150777	none	{"result":{"address":1939150777,"states":["connect","run","respond"],"executing":true}}
1495436616	none	{"result":{"address":1495436616,"states":["connect","run","respond"],"executing":true}}
1998300220	none	{"result":{"address":1998300220,"states":["connect","run","respond"],"executing":true}}
1579729962	none	{"result":{"address":1579729962,"states":["connect","run","respond"],"executing":true}}
741050015	none	{"result":{"address":741050015,"states":["connect","run","respond"],"executing":true}}
1839635420	none	{"result":{"address":1839635420,"states":["connect","run","respond"],"executing":true}}
206624651	none	{"result":{"address":206624651,"states":["connect","run","respond"],"executing":true}}
882190384	none	{"result":{"address":882190384,"states":["connect","run","respond"],"executing":true}}
261531960	none	{"result":{"address":261531960,"states":["connect","run","respond"],"executing":true}}
1184260467	none	{"result":{"address":1184260467,"states":["connect","run","respond"],"executing":true}}
1979268695	none	{"result":{"address":1979268695,"states":["connect","run","respond"],"executing":true}}
66427414	none	{"result":{"address":66427414,"states":["connect","run","respond"],"executing":true}}
497779661	none	{"result":{"address":497779661,"states":["connect","run","respond"],"executing":true}}
1283782113	none	{"result":{"address":1283782113,"states":["connect","run","respond"],"executing":true}}
152871223	none	{"result":{"address":152871223,"states":["connect","run","respond"],"executing":true}}
1072960640	none	{"result":{"address":1072960640,"states":["connect","run","respond"],"executing":true}}
622717869	none	{"result":{"address":622717869,"states":["connect","run","respond"],"executing":true}}
1555221757	none	{"result":{"address":1555221757,"states":["connect","run","respond"],"executing":true}}
193372862	none	{"result":{"address":193372862,"states":["connect","run","respond"],"executing":true}}
1365364317	none	{"result":{"address":1365364317,"states":["connect","run","respond"],"executing":true}}
430264567	none	{"result":{"address":430264567,"states":["connect","run","respond"],"executing":true}}
1023074347	none	{"result":{"address":1023074347,"states":["connect","run","respond"],"executing":true}}
1979396691	none	{"result":{"address":1979396691,"states":["connect","run","respond"],"executing":true}}
924102605	none	{"result":{"address":924102605,"states":["connect","run","respond"],"executing":true}}
147291468	none	{"result":{"address":147291468,"states":["connect","run","respond"],"executing":true}}
977812019	none	{"result":{"address":977812019,"states":["connect","run","respond"],"executing":true}}
214320151	none	{"result":{"address":214320151,"states":["connect","run","respond"],"executing":true}}
1141223085	none	{"result":{"address":1141223085,"states":["connect","run","respond"],"executing":true}}
1215341385	none	{"result":{"address":1215341385,"states":["connect","run","respond"],"executing":true}}
1370815908	none	{"result":{"address":1370815908,"states":["connect","run","respond"],"executing":true}}
784995809	none	{"result":{"address":784995809,"states":["connect","run","respond"],"executing":true}}
147436413	none	{"result":{"address":147436413,"states":["connect","run","respond"],"executing":true}}
1460845990	none	{"result":{"address":1460845990,"states":["connect","run","respond"],"executing":true}}
84244689	none	{"result":{"address":84244689,"states":["connect","run","respond"],"executing":true}}
921599387	none	{"result":{"address":921599387,"states":["connect","run","respond"],"executing":true}}
1024487340	none	{"result":{"address":1024487340,"states":["connect","run","respond"],"executing":true}}
1150902773	none	{"result":{"address":1150902773,"states":["connect","run","respond"],"executing":true}}
1224174314	none	{"result":{"address":1224174314,"states":["connect","run","respond"],"executing":true}}
1622013827	none	{"result":{"address":1622013827,"states":["connect","run","respond"],"executing":true}}
1197288625	none	{"result":{"address":1197288625,"states":["connect","run","respond"],"executing":true}}
591771894	none	{"result":{"address":591771894,"states":["connect","run","respond"],"executing":true}}
1974194119	none	{"result":{"address":1974194119,"states":["connect","run","respond"],"executing":true}}
1456861855	none	{"result":{"address":1456861855,"states":["connect","run","respond"],"executing":true}}
2010497631	none	{"result":{"address":2010497631,"states":["connect","run","respond"],"executing":true}}
1099957041	none	{"result":{"address":1099957041,"states":["connect","run","respond"],"executing":true}}
652030022	none	{"result":{"address":652030022,"states":["connect","run","respond"],"executing":true}}
1584446962	none	{"result":{"address":1584446962,"states":["connect","run","respond"],"executing":true}}
1553220919	none	{"result":{"address":1553220919,"states":["connect","run","respond"],"executing":true}}
898732443	none	{"result":{"address":898732443,"states":["connect","run","respond"],"executing":true}}
2073244366	none	{"result":{"address":2073244366,"states":["connect","run","respond"],"executing":true}}
1364289179	none	{"result":{"address":1364289179,"states":["connect","run","respond"],"executing":true}}
625115226	none	{"result":{"address":625115226,"states":["connect","run","respond"],"executing":true}}
729831815	none	{"result":{"address":729831815,"states":["connect","run","respond"],"executing":true}}
525490433	none	{"result":{"address":525490433,"states":["connect","run","respond"],"executing":true}}
776432026	none	{"result":{"address":776432026,"states":["connect","run","respond"],"executing":true}}
876607721	none	{"result":{"address":876607721,"states":["connect","run","respond"],"executing":true}}
132475478	none	{"result":{"address":132475478,"states":["connect","run","respond"],"executing":true}}
1519812379	none	{"result":{"address":1519812379,"states":["connect","run","respond"],"executing":true}}
830019192	none	{"result":{"address":830019192,"states":["connect","run","respond"],"executing":true}}
840324116	none	{"result":{"address":840324116,"states":["connect","run","respond"],"executing":true}}
272277403	none	{"result":{"address":272277403,"states":["connect","run","respond"],"executing":true}}
619285260	none	{"result":{"address":619285260,"states":["connect","run","respond"],"executing":true}}
556112248	none	{"result":{"address":556112248,"states":["connect","run","respond"],"executing":true}}
1237116509	none	{"result":{"address":1237116509,"states":["connect","run","respond"],"executing":true}}
124149742	none	{"result":{"address":124149742,"states":["connect","run","respond"],"executing":true}}
792805122	none	{"result":{"address":792805122,"states":["connect","run","respond"],"executing":true}}
2121583727	none	{"result":{"address":2121583727,"states":["connect","run","respond"],"executing":true}}
1841560714	none	{"result":{"address":1841560714,"states":["connect","run","respond"],"executing":true}}
815508207	none	{"result":{"address":815508207,"states":["connect","run","respond"],"executing":true}}
1421404174	none	{"result":{"address":1421404174,"states":["connect","run","respond"],"executing":true}}
135939600	none	{"result":{"address":135939600,"states":["connect","run","respond"],"executing":true}}
1426360285	none	{"result":{"address":1426360285,"states":["connect","run","respond"],"executing":true}}
928431832	none	{"result":{"address":928431832,"states":["connect","run","respond"],"executing":true}}
900587335	none	{"result":{"address":900587335,"states":["connect","run","respond"],"executing":true}}
1892459579	none	{"result":{"address":1892459579,"states":["connect","run","respond"],"executing":true}}
1271451255	none	{"result":{"address":1271451255,"states":["connect","run","respond"],"executing":true}}
1844347371	none	{"result":{"address":1844347371,"states":["connect","run","respond"],"executing":true}}
1393334979	none	{"result":{"address":1393334979,"states":["connect","run","respond"],"executing":true}}
1363649715	none	{"result":{"address":1363649715,"states":["connect","run","respond"],"executing":true}}
397928257	none	{"result":{"address":397928257,"states":["connect","run","respond"],"executing":true}}
435759842	none	{"result":{"address":435759842,"states":["connect","run","respond"],"executing":true}}
1518318498	none	{"result":{"address":1518318498,"states":["connect","run","respond"],"executing":true}}
676056414	none	{"result":{"address":676056414,"states":["connect","run","respond"],"executing":true}}
2091769405	none	{"result":{"address":2091769405,"states":["connect","run","respond"],"executing":true}}
125964699	none	{"result":{"address":125964699,"states":["connect","run","respond"],"executing":true}}
58103267	none	{"result":{"address":58103267,"states":["connect","run","respond"],"executing":true}}
127368085	none	{"result":{"address":127368085,"states":["connect","run","respond"],"executing":true}}
216829612	none	{"result":{"address":216829612,"states":["connect","run","respond"],"executing":true}}
972992197	none	{"result":{"address":972992197,"states":["connect","run","respond"],"executing":true}}
251553282	none	{"result":{"address":251553282,"states":["connect","run","respond"],"executing":true}}
679865383	none	{"result":{"address":679865383,"states":["connect","run","respond"],"executing":true}}
7461751	none	{"result":{"address":7461751,"states":["connect","run","respond"],"executing":true}}
2023610727	none	{"result":{"address":2023610727,"states":["connect","run","respond"],"executing":true}}
958404622	none	{"result":{"address":958404622,"states":["connect","run","respond"],"executing":true}}
37780992	none	{"result":{"address":37780992,"states":["connect","run","respond"],"executing":true}}
1985675244	none	{"result":{"address":1985675244,"states":["connect","run","respond"],"executing":true}}
491629905	none	{"result":{"address":491629905,"states":["connect","run","respond"],"executing":true}}
120125295	none	{"result":{"address":120125295,"states":["connect","run","respond"],"executing":true}}
471915390	none	{"result":{"address":471915390,"states":["connect","run","respond"],"executing":true}}
1989793496	none	{"result":{"address":1989793496,"states":["connect","run","respond"],"executing":true}}
675143037	none	{"result":{"address":675143037,"states":["connect","run","respond"],"executing":true}}
313038107	none	{"result":{"address":313038107,"states":["connect","run","respond"],"executing":true}}
1465262785	none	{"result":{"address":1465262785,"states":["connect","run","respond"],"executing":true}}
555253018	none	{"result":{"address":555253018,"states":["connect","run","respond"],"executing":true}}
1007385009	none	{"result":{"address":1007385009,"states":["connect","run","respond"],"executing":true}}
32022594	none	{"result":{"address":32022594,"states":["connect","run","respond"],"executing":true}}
79203986	none	{"result":{"address":79203986,"states":["connect","run","respond"],"executing":true}}
1022559861	none	{"result":{"address":1022559861,"states":["connect","run","respond"],"executing":true}}
283709922	none	{"result":{"address":283709922,"states":["connect","run","respond"],"executing":true}}
1155070880	none	{"result":{"address":1155070880,"states":["connect","run","respond"],"executing":true}}
829532378	none	{"result":{"address":829532378,"states":["connect","run","respond"],"executing":true}}
6006162	none	{"result":{"address":6006162,"states":["connect","run","respond"],"executing":true}}
1110911952	none	{"result":{"address":1110911952,"states":["connect","run","respond"],"executing":true}}
38160024	none	{"result":{"address":38160024,"states":["connect","run","respond"],"executing":true}}
1537042362	none	{"result":{"address":1537042362,"states":["connect","run","respond"],"executing":true}}
613845292	none	{"result":{"address":613845292,"states":["connect","run","respond"],"executing":true}}
1585229257	none	{"result":{"address":1585229257,"states":["connect","run","respond"],"executing":true}}
803199112	none	{"result":{"address":803199112,"states":["connect","run","respond"],"executing":true}}
663334339	none	{"result":{"address":663334339,"states":["connect","run","respond"],"executing":true}}
1754146130	none	{"result":{"address":1754146130,"states":["connect","run","respond"],"executing":true}}
595407707	none	{"result":{"address":595407707,"states":["connect","run","respond"],"executing":true}}
8591019	none	{"result":{"address":8591019,"states":["connect","run","respond"],"executing":true}}
418087505	none	{"result":{"address":418087505,"states":["connect","run","respond"],"executing":true}}
2026035661	none	{"result":{"address":2026035661,"states":["connect","run","respond"],"executing":true}}
1268564869	none	{"result":{"address":1268564869,"states":["connect","run","respond"],"executing":true}}
1103217375	none	{"result":{"address":1103217375,"states":["connect","run","respond"],"executing":true}}
289690174	none	{"result":{"address":289690174,"states":["connect","run","respond"],"executing":true}}
1649981657	none	{"result":{"address":1649981657,"states":["connect","run","respond"],"executing":true}}
1599220154	none	{"result":{"address":1599220154,"states":["connect","run","respond"],"executing":true}}
1988455613	none	{"result":{"address":1988455613,"states":["connect","run","respond"],"executing":true}}
933471273	none	{"result":{"address":933471273,"states":["connect","run","respond"],"executing":true}}
554114678	none	{"result":{"address":554114678,"states":["connect","run","respond"],"executing":true}}
1053595836	none	{"result":{"address":1053595836,"states":["connect","run","respond"],"executing":true}}
568474494	none	{"result":{"address":568474494,"states":["connect","run","respond"],"executing":true}}
423958546	none	{"result":{"address":423958546,"states":["connect","run","respond"],"executing":true}}
1015659271	none	{"result":{"address":1015659271,"states":["connect","run","respond"],"executing":true}}
1927640128	none	{"result":{"address":1927640128,"states":["connect","run","respond"],"executing":true}}
1484906900	none	{"result":{"address":1484906900,"states":["connect","run","respond"],"executing":true}}
499616435	none	{"result":{"address":499616435,"states":["connect","run","respond"],"executing":true}}
1271339251	none	{"result":{"address":1271339251,"states":["connect","run","respond"],"executing":true}}
1496158334	none	{"result":{"address":1496158334,"states":["connect","run","respond"],"executing":true}}
482796766	none	{"result":{"address":482796766,"states":["connect","run","respond"],"executing":true}}
150116304	none	{"result":{"address":150116304,"states":["connect","run","respond"],"executing":true}}
1908246113	none	{"result":{"address":1908246113,"states":["connect","run","respond"],"executing":true}}
1191432060	none	{"result":{"address":1191432060,"states":["connect","run","respond"],"executing":true}}
595932165	none	{"result":{"address":595932165,"states":["connect","run","respond"],"executing":true}}
1589111062	none	{"result":{"address":1589111062,"states":["connect","run","respond"],"executing":true}}
2041420256	none	{"result":{"address":2041420256,"states":["connect","run","respond"],"executing":true}}
309404285	none	{"result":{"address":309404285,"states":["connect","run","respond"],"executing":true}}
1948665493	none	{"result":{"address":1948665493,"states":["connect","run","respond"],"executing":true}}
2122821571	none	{"result":{"address":2122821571,"states":["connect","run","respond"],"executing":true}}
1425448407	none	{"result":{"address":1425448407,"states":["connect","run","respond"],"executing":true}}
1440746832	none	{"result":{"address":1440746832,"states":["connect","run","respond"],"executing":true}}
845415197	none	{"result":{"address":845415197,"states":["connect","run","respond"],"executing":true}}
1760965264	none	{"result":{"address":1760965264,"states":["connect","run","respond"],"executing":true}}
839085297	none	{"result":{"address":839085297,"states":["connect","run","respond"],"executing":true}}
732764833	none	{"result":{"address":732764833,"states":["connect","run","respond"],"executing":true}}
1202407677	none	{"result":{"address":1202407677,"states":["connect","run","respond"],"executing":true}}
49967113	none	{"result":{"address":49967113,"states":["connect","run","respond"],"executing":true}}
953769271	none	{"result":{"address":953769271,"states":["connect","run","respond"],"executing":true}}
277384730	none	{"result":{"address":277384730,"states":["connect","run","respond"],"executing":true}}
1251312593	none	{"result":{"address":1251312593,"states":["connect","run","respond"],"executing":true}}
1440686959	none	{"result":{"address":1440686959,"states":["connect","run","respond"],"executing":true}}
647137255	none	{"result":{"address":647137255,"states":["connect","run","respond"],"executing":true}}
540709463	none	{"result":{"address":540709463,"states":["connect","run","respond"],"executing":true}}
2052869099	none	{"result":{"address":2052869099,"states":["connect","run","respond"],"executing":true}}
157847240	none	{"result":{"address":157847240,"states":["connect","run","respond"],"executing":true}}
1014541335	none	{"result":{"address":1014541335,"states":["connect","run","respond"],"executing":true}}
597353139	none	{"result":{"address":597353139,"states":["connect","run","respond"],"executing":true}}
1036207948	none	{"result":{"address":1036207948,"states":["connect","run","respond"],"executing":true}}
1601388624	none	{"result":{"address":1601388624,"states":["connect","run","respond"],"executing":true}}
1165205292	none	{"result":{"address":1165205292,"states":["connect","run","respond"],"executing":true}}
2012833749	none	{"result":{"address":2012833749,"states":["connect","run","respond"],"executing":true}}
1651625690	none	{"result":{"address":1651625690,"states":["connect","run","respond"],"executing":true}}
378396109	none	{"result":{"address":378396109,"states":["connect","run","respond"],"executing":true}}
1216701971	none	{"result":{"address":1216701971,"states":["connect","run","respond"],"executing":true}}
1288045937	none	{"result":{"address":1288045937,"states":["connect","run","respond"],"executing":true}}
1392732010	none	{"result":{"address":1392732010,"states":["connect","run","respond"],"executing":true}}
412594766	none	{"result":{"address":412594766,"states":["connect","run","respond"],"executing":true}}
2098537932	none	{"result":{"address":2098537932,"states":["connect","run","respond"],"executing":true}}
1125444771	none	{"result":{"address":1125444771,"states":["connect","run","respond"],"executing":true}}
807230911	none	{"result":{"address":807230911,"states":["connect","run","respond"],"executing":true}}
1605992280	none	{"result":{"address":1605992280,"states":["connect","run","respond"],"executing":true}}
1294572449	none	{"result":{"address":1294572449,"states":["connect","run","respond"],"executing":true}}
13112798	none	{"result":{"address":13112798,"states":["connect","run","respond"],"executing":true}}
627002382	none	{"result":{"address":627002382,"states":["connect","run","respond"],"executing":true}}
227760531	none	{"result":{"address":227760531,"states":["connect","run","respond"],"executing":true}}
469330231	none	{"result":{"address":469330231,"states":["connect","run","respond"],"executing":true}}
629305160	none	{"result":{"address":629305160,"states":["connect","run","respond"],"executing":true}}
1418634678	none	{"result":{"address":1418634678,"states":["connect","run","respond"],"executing":true}}
1466371153	none	{"result":{"address":1466371153,"states":["connect","run","respond"],"executing":true}}
2027073107	none	{"result":{"address":2027073107,"states":["connect","run","respond"],"executing":true}}
1521462652	none	{"result":{"address":1521462652,"states":["connect","run","respond"],"executing":true}}
1689890070	none	{"result":{"address":1689890070,"states":["connect","run","respond"],"executing":true}}
2054801683	none	{"result":{"address":2054801683,"states":["connect","run","respond"],"executing":true}}
1020873205	none	{"result":{"address":1020873205,"states":["connect","run","respond"],"executing":true}}
388172750	none	{"result":{"address":388172750,"states":["connect","run","respond"],"executing":true}}
1827418487	none	{"result":{"address":1827418487,"states":["connect","run","respond"],"executing":true}}
358510145	none	{"result":{"address":358510145,"states":["connect","run","respond"],"executing":true}}
1390134302	none	{"result":{"address":1390134302,"states":["connect","run","respond"],"executing":true}}
584818885	none	{"result":{"address":584818885,"states":["connect","run","respond"],"executing":true}}
2085794776	none	{"result":{"address":2085794776,"states":["connect","run","respond"],"executing":true}}
1759296925	none	{"result":{"address":1759296925,"states":["connect","run","respond"],"executing":true}}
1766727011	none	{"result":{"address":1766727011,"states":["connect","run","respond"],"executing":true}}
789472758	none	{"result":{"address":789472758,"states":["connect","run","respond"],"executing":true}}
563979187	none	{"result":{"address":563979187,"states":["connect","run","respond"],"executing":true}}
909436345	none	{"result":{"address":909436345,"states":["connect","run","respond"],"executing":true}}
1039560871	none	{"result":{"address":1039560871,"states":["connect","run","respond"],"executing":true}}
246985522	none	{"result":{"address":246985522,"states":["connect","run","respond"],"executing":true}}
1020652387	none	{"result":{"address":1020652387,"states":["connect","run","respond"],"executing":true}}
1403888066	none	{"result":{"address":1403888066,"states":["connect","run","respond"],"executing":true}}
1427554621	none	{"result":{"address":1427554621,"states":["connect","run","respond"],"executing":true}}
1759886785	none	{"result":{"address":1759886785,"states":["connect","run","respond"],"executing":true}}
77636347	none	{"result":{"address":77636347,"states":["connect","run","respond"],"executing":true}}
1150009911	none	{"result":{"address":1150009911,"states":["connect","run","respond"],"executing":true}}
1738813973	none	{"result":{"address":1738813973,"states":["connect","run","respond"],"executing":true}}
1857693439	none	{"result":{"address":1857693439,"states":["connect","run","respond"],"executing":true}}
391496434	none	{"result":{"address":391496434,"states":["connect","run","respond"],"executing":true}}
833633373	none	{"result":{"address":833633373,"states":["connect","run","respond"],"executing":true}}
1335586329	none	{"result":{"address":1335586329,"states":["connect","run","respond"],"executing":true}}
1334949941	none	{"result":{"address":1334949941,"states":["connect","run","respond"],"executing":true}}
1708394692	none	{"result":{"address":1708394692,"states":["connect","run","respond"],"executing":true}}
1059413684	none	{"result":{"address":1059413684,"states":["connect","run","respond"],"executing":true}}
1702109683	none	{"result":{"address":1702109683,"states":["connect","run","respond"],"executing":true}}
1230932055	none	{"result":{"address":1230932055,"states":["connect","run","respond"],"executing":true}}
1176093582	none	{"result":{"address":1176093582,"states":["connect","run","respond"],"executing":true}}
1877718965	none	{"result":{"address":1877718965,"states":["connect","run","respond"],"executing":true}}
1390463833	none	{"result":{"address":1390463833,"states":["connect","run","respond"],"executing":true}}
1106496131	none	{"result":{"address":1106496131,"states":["connect","run","respond"],"executing":true}}
44074926	none	{"result":{"address":44074926,"states":["connect","run","respond"],"executing":true}}
1807626826	none	{"result":{"address":1807626826,"states":["connect","run","respond"],"executing":true}}
369570373	none	{"result":{"address":369570373,"states":["connect","run","respond"],"executing":true}}
898338987	none	{"result":{"address":898338987,"states":["connect","run","respond"],"executing":true}}
1416916138	none	{"result":{"address":1416916138,"states":["connect","run","respond"],"executing":true}}
629380121	none	{"result":{"address":629380121,"states":["connect","run","respond"],"executing":true}}
1935832423	none	{"result":{"address":1935832423,"states":["connect","run","respond"],"executing":true}}
290011773	none	{"result":{"address":290011773,"states":["connect","run","respond"],"executing":true}}
1218364903	none	{"result":{"address":1218364903,"states":["connect","run","respond"],"executing":true}}
997854845	none	{"result":{"address":997854845,"states":["connect","run","respond"],"executing":true}}
661270190	none	{"result":{"address":661270190,"states":["connect","run","respond"],"executing":true}}
182042196	none	{"result":{"address":182042196,"states":["connect","run","respond"],"executing":true}}
692308040	none	{"result":{"address":692308040,"states":["connect","run","respond"],"executing":true}}
1358862453	none	{"result":{"address":1358862453,"states":["connect","run","respond"],"executing":true}}
1072952759	none	{"result":{"address":1072952759,"states":["connect","run","respond"],"executing":true}}
990765051	none	{"result":{"address":990765051,"states":["connect","run","respond"],"executing":true}}
57864667	none	{"result":{"address":57864667,"states":["connect","run","respond"],"executing":true}}
506997799	none	{"result":{"address":506997799,"states":["connect","run","respond"],"executing":true}}
1263190049	none	{"result":{"address":1263190049,"states":["connect","run","respond"],"executing":true}}
1810185115	none	{"result":{"address":1810185115,"states":["connect","run","respond"],"executing":true}}
1340191251	none	{"result":{"address":1340191251,"states":["connect","run","respond"],"executing":true}}
894037116	none	{"result":{"address":894037116,"states":["connect","run","respond"],"executing":true}}
449557416	none	{"result":{"address":449557416,"states":["connect","run","respond"],"executing":true}}
1260022722	none	{"result":{"address":1260022722,"states":["connect","run","respond"],"executing":true}}
1634315326	none	{"result":{"address":1634315326,"states":["connect","run","respond"],"executing":true}}
922268343	none	{"result":{"address":922268343,"states":["connect","run","respond"],"executing":true}}
1458280439	none	{"result":{"address":1458280439,"states":["connect","run","respond"],"executing":true}}
1413740481	none	{"result":{"address":1413740481,"states":["connect","run","respond"],"executing":true}}
525721166	none	{"result":{"address":525721166,"states":["connect","run","respond"],"executing":true}}
78511136	none	{"result":{"address":78511136,"states":["connect","run","respond"],"executing":true}}
2125958080	none	{"result":{"address":2125958080,"states":["connect","run","respond"],"executing":true}}
1415462881	none	{"result":{"address":1415462881,"states":["connect","run","respond"],"executing":true}}
131785060	none	{"result":{"address":131785060,"states":["connect","run","respond"],"executing":true}}
886600699	none	{"result":{"address":886600699,"states":["connect","run","respond"],"executing":true}}
1664572623	none	{"result":{"address":1664572623,"states":["connect","run","respond"],"executing":true}}
982868835	none	{"result":{"address":982868835,"states":["connect","run","respond"],"executing":true}}
879986060	none	{"result":{"address":879986060,"states":["connect","run","respond"],"executing":true}}
1201188291	none	{"result":{"address":1201188291,"states":["connect","run","respond"],"executing":true}}
1485063213	none	{"result":{"address":1485063213,"states":["connect","run","respond"],"executing":true}}
318198309	none	{"result":{"address":318198309,"states":["connect","run","respond"],"executing":true}}
1217769849	none	{"result":{"address":1217769849,"states":["connect","run","respond"],"executing":true}}
163102800	none	{"result":{"address":163102800,"states":["connect","run","respond"],"executing":true}}
133810057	none	{"result":{"address":133810057,"states":["connect","run","respond"],"executing":true}}
1205839284	none	{"result":{"address":1205839284,"states":["connect","run","respond"],"executing":true}}
1559127440	none	{"result":{"address":1559127440,"states":["connect","run","respond"],"executing":true}}
1549243167	none	{"result":{"address":1549243167,"states":["connect","run","respond"],"executing":true}}
1396422279	none	{"result":{"address":1396422279,"states":["connect","run","respond"],"executing":true}}
58063208	none	{"result":{"address":58063208,"states":["connect","run","respond"],"executing":true}}
1745677019	none	{"result":{"address":1745677019,"states":["connect","run","respond"],"executing":true}}
6484106	none	{"result":{"address":6484106,"states":["connect","run","respond"],"executing":true}}
1149810206	none	{"result":{"address":1149810206,"states":["connect","run","respond"],"executing":true}}
1432700589	none	{"result":{"address":1432700589,"states":["connect","run","respond"],"executing":true}}
851635988	none	{"result":{"address":851635988,"states":["connect","run","respond"],"executing":true}}
1518775587	none	{"result":{"address":1518775587,"states":["connect","run","respond"],"executing":true}}
978196462	none	{"result":{"address":978196462,"states":["connect","run","respond"],"executing":true}}
1178010489	none	{"result":{"address":1178010489,"states":["connect","run","respond"],"executing":true}}
68881092	none	{"result":{"address":68881092,"states":["connect","run","respond"],"executing":true}}
916406308	none	{"result":{"address":916406308,"states":["connect","run","respond"],"executing":true}}
540706083	none	{"result":{"address":540706083,"states":["connect","run","respond"],"executing":true}}
108936227	none	{"result":{"address":108936227,"states":["connect","run","respond"],"executing":true}}
814456580	none	{"result":{"address":814456580,"states":["connect","run","respond"],"executing":true}}
471115977	none	{"result":{"address":471115977,"states":["connect","run","respond"],"executing":true}}
252197439	none	{"result":{"address":252197439,"states":["connect","run","respond"],"executing":true}}
669016412	none	{"result":{"address":669016412,"states":["connect","run","respond"],"executing":true}}
585264564	none	{"result":{"address":585264564,"states":["connect","run","respond"],"executing":true}}
1502736462	none	{"result":{"address":1502736462,"states":["connect","run","respond"],"executing":true}}
36402024	none	{"result":{"address":36402024,"states":["connect","run","respond"],"executing":true}}
1399991595	none	{"result":{"address":1399991595,"states":["connect","run","respond"],"executing":true}}
1706647498	none	{"result":{"address":1706647498,"states":["connect","run","respond"],"executing":true}}
1563541350	none	{"result":{"address":1563541350,"states":["connect","run","respond"],"executing":true}}
1627626892	none	{"result":{"address":1627626892,"states":["connect","run","respond"],"executing":true}}
2111934956	none	{"result":{"address":2111934956,"states":["connect","run","respond"],"executing":true}}
416304597	none	{"result":{"address":416304597,"states":["connect","run","respond"],"executing":true}}
1025710871	none	{"result":{"address":1025710871,"states":["connect","run","respond"],"executing":true}}
1006309289	none	{"result":{"address":1006309289,"states":["connect","run","respond"],"executing":true}}
1927859337	none	{"result":{"address":1927859337,"states":["connect","run","respond"],"executing":true}}
941280749	none	{"result":{"address":941280749,"states":["connect","run","respond"],"executing":true}}
1893303396	none	{"result":{"address":1893303396,"states":["connect","run","respond"],"executing":true}}
1449665918	none	{"result":{"address":1449665918,"states":["connect","run","respond"],"executing":true}}
1017119888	none	{"result":{"address":1017119888,"states":["connect","run","respond"],"executing":true}}
283544889	none	{"result":{"address":283544889,"states":["connect","run","respond"],"executing":true}}
1823654563	none	{"result":{"address":1823654563,"states":["connect","run","respond"],"executing":true}}
848435182	none	{"result":{"address":848435182,"states":["connect","run","respond"],"executing":true}}
1908493226	none	{"result":{"address":1908493226,"states":["connect","run","respond"],"executing":true}}
203966664	none	{"result":{"address":203966664,"states":["connect","run","respond"],"executing":true}}
279068892	none	{"result":{"address":279068892,"states":["connect","run","respond"],"executing":true}}
1439278650	none	{"result":{"address":1439278650,"states":["connect","run","respond"],"executing":true}}
222938388	none	{"result":{"address":222938388,"states":["connect","run","respond"],"executing":true}}
680056558	none	{"result":{"address":680056558,"states":["connect","run","respond"],"executing":true}}
1857540893	none	{"result":{"address":1857540893,"states":["connect","run","respond"],"executing":true}}
1288902292	none	{"result":{"address":1288902292,"states":["connect","run","respond"],"executing":true}}
280982516	none	{"result":{"address":280982516,"states":["connect","run","respond"],"executing":true}}
1941707593	none	{"result":{"address":1941707593,"states":["connect","run","respond"],"executing":true}}
2137312513	none	{"result":{"address":2137312513,"states":["connect","run","respond"],"executing":true}}
30129389	none	{"result":{"address":30129389,"states":["connect","run","respond"],"executing":true}}
1650005089	none	{"result":{"address":1650005089,"states":["connect","run","respond"],"executing":true}}
813048563	none	{"result":{"address":813048563,"states":["connect","run","respond"],"executing":true}}
434276773	none	{"result":{"address":434276773,"states":["connect","run","respond"],"executing":true}}
874187960	none	{"result":{"address":874187960,"states":["connect","run","respond"],"executing":true}}
432938851	none	{"result":{"address":432938851,"states":["connect","run","respond"],"executing":true}}
830149080	none	{"result":{"address":830149080,"states":["connect","run","respond"],"executing":true}}
1688219395	none	{"result":{"address":1688219395,"states":["connect","run","respond"],"executing":true}}
201823638	none	{"result":{"address":201823638,"states":["connect","run","respond"],"executing":true}}
901773937	none	{"result":{"address":901773937,"states":["connect","run","respond"],"executing":true}}
1106051152	none	{"result":{"address":1106051152,"states":["connect","run","respond"],"executing":true}}
2067233154	none	{"result":{"address":2067233154,"states":["connect","run","respond"],"executing":true}}
1609149449	none	{"result":{"address":1609149449,"states":["connect","run","respond"],"executing":true}}
1116346055	none	{"result":{"address":1116346055,"states":["connect","run","respond"],"executing":true}}
1967822536	none	{"result":{"address":1967822536,"states":["connect","run","respond"],"executing":true}}
290327058	none	{"result":{"address":290327058,"states":["connect","run","respond"],"executing":true}}
2057211247	none	{"result":{"address":2057211247,"states":["connect","run","respond"],"executing":true}}
892887522	none	{"result":{"address":892887522,"states":["connect","run","respond"],"executing":true}}
930131351	none	{"result":{"address":930131351,"states":["connect","run","respond"],"executing":true}}
1007555531	none	{"result":{"address":1007555531,"states":["connect","run","respond"],"executing":true}}
1949218840	none	{"result":{"address":1949218840,"states":["connect","run","respond"],"executing":true}}
1908457131	none	{"result":{"address":1908457131,"states":["connect","run","respond"],"executing":true}}
438694190	none	{"result":{"address":438694190,"states":["connect","run","respond"],"executing":true}}
684447218	none	{"result":{"address":684447218,"states":["connect","run","respond"],"executing":true}}
64095452	none	{"result":{"address":64095452,"states":["connect","run","respond"],"executing":true}}
340492133	none	{"result":{"address":340492133,"states":["connect","run","respond"],"executing":true}}
229280282	none	{"result":{"address":229280282,"states":["connect","run","respond"],"executing":true}}
638532606	none	{"result":{"address":638532606,"states":["connect","run","respond"],"executing":true}}
755205383	none	{"result":{"address":755205383,"states":["connect","run","respond"],"executing":true}}
2051159061	none	{"result":{"address":2051159061,"states":["connect","run","respond"],"executing":true}}
584606870	none	{"result":{"address":584606870,"states":["connect","run","respond"],"executing":true}}
694623622	none	{"result":{"address":694623622,"states":["connect","run","respond"],"executing":true}}
876705906	none	{"result":{"address":876705906,"states":["connect","run","respond"],"executing":true}}
535639828	none	{"result":{"address":535639828,"states":["connect","run","respond"],"executing":true}}
931675884	none	{"result":{"address":931675884,"states":["connect","run","respond"],"executing":true}}
110652562	none	{"result":{"address":110652562,"states":["connect","run","respond"],"executing":true}}
650584494	none	{"result":{"address":650584494,"states":["connect","run","respond"],"executing":true}}
1929283509	none	{"result":{"address":1929283509,"states":["connect","run","respond"],"executing":true}}
2082172188	none	{"result":{"address":2082172188,"states":["connect","run","respond"],"executing":true}}
986949062	none	{"result":{"address":986949062,"states":["connect","run","respond"],"executing":true}}
1225925806	none	{"result":{"address":1225925806,"states":["connect","run","respond"],"executing":true}}
1245133950	none	{"result":{"address":1245133950,"states":["connect","run","respond"],"executing":true}}
1795869742	none	{"result":{"address":1795869742,"states":["connect","run","respond"],"executing":true}}
1740331397	none	{"result":{"address":1740331397,"states":["connect","run","respond"],"executing":true}}
1646865075	none	{"result":{"address":1646865075,"states":["connect","run","respond"],"executing":true}}
2073523685	none	{"result":{"address":2073523685,"states":["connect","run","respond"],"executing":true}}
1549221649	none	{"result":{"address":1549221649,"states":["connect","run","respond"],"executing":true}}
245870169	none	{"result":{"address":245870169,"states":["connect","run","respond"],"executing":true}}
1924026713	none	{"result":{"address":1924026713,"states":["connect","run","respond"],"executing":true}}
260577143	none	{"result":{"address":260577143,"states":["connect","run","respond"],"executing":true}}
1415448410	none	{"result":{"address":1415448410,"states":["connect","run","respond"],"executing":true}}
433171959	none	{"result":{"address":433171959,"states":["connect","run","respond"],"executing":true}}
1625589078	none	{"result":{"address":1625589078,"states":["connect","run","respond"],"executing":true}}
878731917	none	{"result":{"address":878731917,"states":["connect","run","respond"],"executing":true}}
165722893	none	{"result":{"address":165722893,"states":["connect","run","respond"],"executing":true}}
485991785	none	{"result":{"address":485991785,"states":["connect","run","respond"],"executing":true}}
854845559	none	{"result":{"address":854845559,"states":["connect","run","respond"],"executing":true}}
97200081	none	{"result":{"address":97200081,"states":["connect","run","respond"],"executing":true}}
428181853	none	{"result":{"address":428181853,"states":["connect","run","respond"],"executing":true}}
907400441	none	{"result":{"address":907400441,"states":["connect","run","respond"],"executing":true}}
1835888878	none	{"result":{"address":1835888878,"states":["connect","run","respond"],"executing":true}}
164676671	none	{"result":{"address":164676671,"states":["connect","run","respond"],"executing":true}}
33651378	none	{"result":{"address":33651378,"states":["connect","run","respond"],"executing":true}}
709196123	none	{"result":{"address":709196123,"states":["connect","run","respond"],"executing":true}}
522241815	none	{"result":{"address":522241815,"states":["connect","run","respond"],"executing":true}}
574273540	none	{"result":{"address":574273540,"states":["connect","run","respond"],"executing":true}}
1467967342	none	{"result":{"address":1467967342,"states":["connect","run","respond"],"executing":true}}
1406324935	none	{"result":{"address":1406324935,"states":["connect","run","respond"],"executing":true}}
1152478760	none	{"result":{"address":1152478760,"states":["connect","run","respond"],"executing":true}}
1151631556	none	{"result":{"address":1151631556,"states":["connect","run","respond"],"executing":true}}
647139570	none	{"result":{"address":647139570,"states":["connect","run","respond"],"executing":true}}
1339915303	none	{"result":{"address":1339915303,"states":["connect","run","respond"],"executing":true}}
904208976	none	{"result":{"address":904208976,"states":["connect","run","respond"],"executing":true}}
2016437840	none	{"result":{"address":2016437840,"states":["connect","run","respond"],"executing":true}}
735163267	none	{"result":{"address":735163267,"states":["connect","run","respond"],"executing":true}}
337604265	none	{"result":{"address":337604265,"states":["connect","run","respond"],"executing":true}}
1912172246	none	{"result":{"address":1912172246,"states":["connect","run","respond"],"executing":true}}
1747367021	none	{"result":{"address":1747367021,"states":["connect","run","respond"],"executing":true}}
1054362539	none	{"result":{"address":1054362539,"states":["connect","run","respond"],"executing":true}}
1630523238	none	{"result":{"address":1630523238,"states":["connect","run","respond"],"executing":true}}
845178396	none	{"result":{"address":845178396,"states":["connect","run","respond"],"executing":true}}
37640185	none	{"result":{"address":37640185,"states":["connect","run","respond"],"executing":true}}
674135765	none	{"result":{"address":674135765,"states":["connect","run","respond"],"executing":true}}
1511825122	none	{"result":{"address":1511825122,"states":["connect","run","respond"],"executing":true}}
1541858295	none	{"result":{"address":1541858295,"states":["connect","run","respond"],"executing":true}}
695128551	none	{"result":{"address":695128551,"states":["connect","run","respond"],"executing":true}}
1101539092	none	{"result":{"address":1101539092,"states":["connect","run","respond"],"executing":true}}
1624789249	none	{"result":{"address":1624789249,"states":["connect","run","respond"],"executing":true}}
2092896408	none	{"result":{"address":2092896408,"states":["connect","run","respond"],"executing":true}}
350920416	none	{"result":{"address":350920416,"states":["connect","run","respond"],"executing":true}}
1481144213	none	{"result":{"address":1481144213,"states":["connect","run","respond"],"executing":true}}
914435646	none	{"result":{"address":914435646,"states":["connect","run","respond"],"executing":true}}
149255489	none	{"result":{"address":149255489,"states":["connect","run","respond"],"executing":true}}
1818017644	none	{"result":{"address":1818017644,"states":["connect","run","respond"],"executing":true}}
539649253	none	{"result":{"address":539649253,"states":["connect","run","respond"],"executing":true}}
1258725524	none	{"result":{"address":1258725524,"states":["connect","run","respond"],"executing":true}}
2141715444	none	{"result":{"address":2141715444,"states":["connect","run","respond"],"executing":true}}
1458562296	none	{"result":{"address":1458562296,"states":["connect","run","respond"],"executing":true}}
228176475	none	{"result":{"address":228176475,"states":["connect","run","respond"],"executing":true}}
2018015404	none	{"result":{"address":2018015404,"states":["connect","run","respond"],"executing":true}}
773035146	none	{"result":{"address":773035146,"states":["connect","run","respond"],"executing":true}}
865776730	none	{"result":{"address":865776730,"states":["connect","run","respond"],"executing":true}}
14040932	none	{"result":{"address":14040932,"states":["connect","run","respond"],"executing":true}}
581062829	none	{"result":{"address":581062829,"states":["connect","run","respond"],"executing":true}}
947921387	none	{"result":{"address":947921387,"states":["connect","run","respond"],"executing":true}}
2045823743	none	{"result":{"address":2045823743,"states":["connect","run","respond"],"executing":true}}
2024069694	none	{"result":{"address":2024069694,"states":["connect","run","respond"],"executing":true}}
1590802865	none	{"result":{"address":1590802865,"states":["connect","run","respond"],"executing":true}}
525446714	none	{"result":{"address":525446714,"states":["connect","run","respond"],"executing":true}}
1406541418	none	{"result":{"address":1406541418,"states":["connect","run","respond"],"executing":true}}
1303715999	none	{"result":{"address":1303715999,"states":["connect","run","respond"],"executing":true}}
668193713	none	{"result":{"address":668193713,"states":["connect","run","respond"],"executing":true}}
1791793257	none	{"result":{"address":1791793257,"states":["connect","run","respond"],"executing":true}}
296037025	none	{"result":{"address":296037025,"states":["connect","run","respond"],"executing":true}}
105142007	none	{"result":{"address":105142007,"states":["connect","run","respond"],"executing":true}}
1907004243	none	{"result":{"address":1907004243,"states":["connect","run","respond"],"executing":true}}
755807188	none	{"result":{"address":755807188,"states":["connect","run","respond"],"executing":true}}
539023482	none	{"result":{"address":539023482,"states":["connect","run","respond"],"executing":true}}
597002710	none	{"result":{"address":597002710,"states":["connect","run","respond"],"executing":true}}
784073503	none	{"result":{"address":784073503,"states":["connect","run","respond"],"executing":true}}
1431187496	none	{"result":{"address":1431187496,"states":["connect","run","respond"],"executing":true}}
1152410847	none	{"result":{"address":1152410847,"states":["connect","run","respond"],"executing":true}}
1012369834	none	{"result":{"address":1012369834,"states":["connect","run","respond"],"executing":true}}
339770697	none	{"result":{"address":339770697,"states":["connect","run","respond"],"executing":true}}
1152844188	none	{"result":{"address":1152844188,"states":["connect","run","respond"],"executing":true}}
989803063	none	{"result":{"address":989803063,"states":["connect","run","respond"],"executing":true}}
2103636508	none	{"result":{"address":2103636508,"states":["connect","run","respond"],"executing":true}}
376460212	none	{"result":{"address":376460212,"states":["connect","run","respond"],"executing":true}}
1442639131	none	{"result":{"address":1442639131,"states":["connect","run","respond"],"executing":true}}
359260497	none	{"result":{"address":359260497,"states":["connect","run","respond"],"executing":true}}
209522074	none	{"result":{"address":209522074,"states":["connect","run","respond"],"executing":true}}
457159462	none	{"result":{"address":457159462,"states":["connect","run","respond"],"executing":true}}
77134826	none	{"result":{"address":77134826,"states":["connect","run","respond"],"executing":true}}
1139355740	none	{"result":{"address":1139355740,"states":["connect","run","respond"],"executing":true}}
1708525084	none	{"result":{"address":1708525084,"states":["connect","run","respond"],"executing":true}}
1825027471	none	{"result":{"address":1825027471,"states":["connect","run","respond"],"executing":true}}
915423096	none	{"result":{"address":915423096,"states":["connect","run","respond"],"executing":true}}
1175768117	none	{"result":{"address":1175768117,"states":["connect","run","respond"],"executing":true}}
151682824	none	{"result":{"address":151682824,"states":["connect","run","respond"],"executing":true}}
1892494678	none	{"result":{"address":1892494678,"states":["connect","run","respond"],"executing":true}}
1605121254	none	{"result":{"address":1605121254,"states":["connect","run","respond"],"executing":true}}
1273770379	none	{"result":{"address":1273770379,"states":["connect","run","respond"],"executing":true}}
186626939	none	{"result":{"address":186626939,"states":["connect","run","respond"],"executing":true}}
981262812	none	{"result":{"address":981262812,"states":["connect","run","respond"],"executing":true}}
1350507278	none	{"result":{"address":1350507278,"states":["connect","run","respond"],"executing":true}}
1154146790	none	{"result":{"address":1154146790,"states":["connect","run","respond"],"executing":true}}
1022286910	none	{"result":{"address":1022286910,"states":["connect","run","respond"],"executing":true}}
1967931897	none	{"result":{"address":1967931897,"states":["connect","run","respond"],"executing":true}}
773194097	none	{"result":{"address":773194097,"states":["connect","run","respond"],"executing":true}}
529023553	none	{"result":{"address":529023553,"states":["connect","run","respond"],"executing":true}}
1182871590	none	{"result":{"address":1182871590,"states":["connect","run","respond"],"executing":true}}
894351932	none	{"result":{"address":894351932,"states":["connect","run","respond"],"executing":true}}
2089728875	none	{"result":{"address":2089728875,"states":["connect","run","respond"],"executing":true}}
1327373278	none	{"result":{"address":1327373278,"states":["connect","run","respond"],"executing":true}}
1749780616	none	{"result":{"address":1749780616,"states":["connect","run","respond"],"executing":true}}
1781494308	none	{"result":{"address":1781494308,"states":["connect","run","respond"],"executing":true}}
1034990820	none	{"result":{"address":1034990820,"states":["connect","run","respond"],"executing":true}}
2021007595	none	{"result":{"address":2021007595,"states":["connect","run","respond"],"executing":true}}
976315466	none	{"result":{"address":976315466,"states":["connect","run","respond"],"executing":true}}
759930925	none	{"result":{"address":759930925,"states":["connect","run","respond"],"executing":true}}
1433120973	none	{"result":{"address":1433120973,"states":["connect","run","respond"],"executing":true}}
685389565	none	{"result":{"address":685389565,"states":["connect","run","respond"],"executing":true}}
211963423	none	{"result":{"address":211963423,"states":["connect","run","respond"],"executing":true}}
533353534	none	{"result":{"address":533353534,"states":["connect","run","respond"],"executing":true}}
473335637	none	{"result":{"address":473335637,"states":["connect","run","respond"],"executing":true}}
1018273732	none	{"result":{"address":1018273732,"states":["connect","run","respond"],"executing":true}}
108388774	none	{"result":{"address":108388774,"states":["connect","run","respond"],"executing":true}}
1577368273	none	{"result":{"address":1577368273,"states":["connect","run","respond"],"executing":true}}
1126473346	none	{"result":{"address":1126473346,"states":["connect","run","respond"],"executing":true}}
2132287548	none	{"result":{"address":2132287548,"states":["connect","run","respond"],"executing":true}}
9111794	none	{"result":{"address":9111794,"states":["connect","run","respond"],"executing":true}}
1618713397	none	{"result":{"address":1618713397,"states":["connect","run","respond"],"executing":true}}
1238100125	none	{"result":{"address":1238100125,"states":["connect","run","respond"],"executing":true}}
1951416990	none	{"result":{"address":1951416990,"states":["connect","run","respond"],"executing":true}}
539165399	none	{"result":{"address":539165399,"states":["connect","run","respond"],"executing":true}}
119375354	none	{"result":{"address":119375354,"states":["connect","run","respond"],"executing":true}}
244732407	none	{"result":{"address":244732407,"states":["connect","run","respond"],"executing":true}}
532110307	none	{"result":{"address":532110307,"states":["connect","run","respond"],"executing":true}}
1486432210	none	{"result":{"address":1486432210,"states":["connect","run","respond"],"executing":true}}
1961488755	none	{"result":{"address":1961488755,"states":["connect","run","respond"],"executing":true}}
1172552420	none	{"result":{"address":1172552420,"states":["connect","run","respond"],"executing":true}}
2057977495	none	{"result":{"address":2057977495,"states":["connect","run","respond"],"executing":true}}
1408074435	none	{"result":{"address":1408074435,"states":["connect","run","respond"],"executing":true}}
522663159	none	{"result":{"address":522663159,"states":["connect","run","respond"],"executing":true}}
1882064060	none	{"result":{"address":1882064060,"states":["connect","run","respond"],"executing":true}}
763670648	none	{"result":{"address":763670648,"states":["connect","run","respond"],"executing":true}}
2023407360	none	{"result":{"address":2023407360,"states":["connect","run","respond"],"executing":true}}
300049435	none	{"result":{"address":300049435,"states":["connect","run","respond"],"executing":true}}
1071812675	none	{"result":{"address":1071812675,"states":["connect","run","respond"],"executing":true}}
906395214	none	{"result":{"address":906395214,"states":["connect","run","respond"],"executing":true}}
1221005087	none	{"result":{"address":1221005087,"states":["connect","run","respond"],"executing":true}}
877345938	none	{"result":{"address":877345938,"states":["connect","run","respond"],"executing":true}}
1226130692	none	{"result":{"address":1226130692,"states":["connect","run","respond"],"executing":true}}
699068302	none	{"result":{"address":699068302,"states":["connect","run","respond"],"executing":true}}
516832974	none	{"result":{"address":516832974,"states":["connect","run","respond"],"executing":true}}
749616502	none	{"result":{"address":749616502,"states":["connect","run","respond"],"executing":true}}
1609854055	none	{"result":{"address":1609854055,"states":["connect","run","respond"],"executing":true}}
12531612	none	{"result":{"address":12531612,"states":["connect","run","respond"],"executing":true}}
336367944	none	{"result":{"address":336367944,"states":["connect","run","respond"],"executing":true}}
708983371	none	{"result":{"address":708983371,"states":["connect","run","respond"],"executing":true}}
2016193989	none	{"result":{"address":2016193989,"states":["connect","run","respond"],"executing":true}}
954304155	none	{"result":{"address":954304155,"states":["connect","run","respond"],"executing":true}}
324097885	none	{"result":{"address":324097885,"states":["connect","run","respond"],"executing":true}}
180362881	none	{"result":{"address":180362881,"states":["connect","run","respond"],"executing":true}}
1870285779	none	{"result":{"address":1870285779,"states":["connect","run","respond"],"executing":true}}
1778460700	none	{"result":{"address":1778460700,"states":["connect","run","respond"],"executing":true}}
657233425	none	{"result":{"address":657233425,"states":["connect","run","respond"],"executing":true}}
1841248847	none	{"result":{"address":1841248847,"states":["connect","run","respond"],"executing":true}}
1328338271	none	{"result":{"address":1328338271,"states":["connect","run","respond"],"executing":true}}
746469094	none	{"result":{"address":746469094,"states":["connect","run","respond"],"executing":true}}
664839298	none	{"result":{"address":664839298,"states":["connect","run","respond"],"executing":true}}
783510567	none	{"result":{"address":783510567,"states":["connect","run","respond"],"executing":true}}
38611788	none	{"result":{"address":38611788,"states":["connect","run","respond"],"executing":true}}
1221089750	none	{"result":{"address":1221089750,"states":["connect","run","respond"],"executing":true}}
503613639	none	{"result":{"address":503613639,"states":["connect","run","respond"],"executing":true}}
1104451908	none	{"result":{"address":1104451908,"states":["connect","run","respond"],"executing":true}}
1774672799	none	{"result":{"address":1774672799,"states":["connect","run","respond"],"executing":true}}
714776777	none	{"result":{"address":714776777,"states":["connect","run","respond"],"executing":true}}
300783619	none	{"result":{"address":300783619,"states":["connect","run","respond"],"executing":true}}
215146327	none	{"result":{"address":215146327,"states":["connect","run","respond"],"executing":true}}
86224425	none	{"result":{"address":86224425,"states":["connect","run","respond"],"executing":true}}
623004440	none	{"result":{"address":623004440,"states":["connect","run","respond"],"executing":true}}
1545616267	none	{"result":{"address":1545616267,"states":["connect","run","respond"],"executing":true}}
1029407489	none	{"result":{"address":1029407489,"states":["connect","run","respond"],"executing":true}}
2119027214	none	{"result":{"address":2119027214,"states":["connect","run","respond"],"executing":true}}
1334410843	none	{"result":{"address":1334410843,"states":["connect","run","respond"],"executing":true}}
332358968	none	{"result":{"address":332358968,"states":["connect","run","respond"],"executing":true}}
2066143509	none	{"result":{"address":2066143509,"states":["connect","run","respond"],"executing":true}}
1859704149	none	{"result":{"address":1859704149,"states":["connect","run","respond"],"executing":true}}
902499299	none	{"result":{"address":902499299,"states":["connect","run","respond"],"executing":true}}
851704042	none	{"result":{"address":851704042,"states":["connect","run","respond"],"executing":true}}
477420589	none	{"result":{"address":477420589,"states":["connect","run","respond"],"executing":true}}
1600225620	none	{"result":{"address":1600225620,"states":["connect","run","respond"],"executing":true}}
2102965364	none	{"result":{"address":2102965364,"states":["connect","run","respond"],"executing":true}}
1150077297	none	{"result":{"address":1150077297,"states":["connect","run","respond"],"executing":true}}
2040680952	none	{"result":{"address":2040680952,"states":["connect","run","respond"],"executing":true}}
459899552	none	{"result":{"address":459899552,"states":["connect","run","respond"],"executing":true}}
596150808	none	{"result":{"address":596150808,"states":["connect","run","respond"],"executing":true}}
619415138	none	{"result":{"address":619415138,"states":["connect","run","respond"],"executing":true}}
253002977	none	{"result":{"address":253002977,"states":["connect","run","respond"],"executing":true}}
1483881380	none	{"result":{"address":1483881380,"states":["connect","run","respond"],"executing":true}}
894687144	none	{"result":{"address":894687144,"states":["connect","run","respond"],"executing":true}}
968054237	none	{"result":{"address":968054237,"states":["connect","run","respond"],"executing":true}}
338573827	none	{"result":{"address":338573827,"states":["connect","run","respond"],"executing":true}}
1885904581	none	{"result":{"address":1885904581,"states":["connect","run","respond"],"executing":true}}
1379682875	none	{"result":{"address":1379682875,"states":["connect","run","respond"],"executing":true}}
23468324	none	{"result":{"address":23468324,"states":["connect","run","respond"],"executing":true}}
838173814	none	{"result":{"address":838173814,"states":["connect","run","respond"],"executing":true}}
518410480	none	{"result":{"address":518410480,"states":["connect","run","respond"],"executing":true}}
234125242	none	{"result":{"address":234125242,"states":["connect","run","respond"],"executing":true}}
2026813400	none	{"result":{"address":2026813400,"states":["connect","run","respond"],"executing":true}}
1648499000	none	{"result":{"address":1648499000,"states":["connect","run","respond"],"executing":true}}
127848818	none	{"result":{"address":127848818,"states":["connect","run","respond"],"executing":true}}
242662567	none	{"result":{"address":242662567,"states":["connect","run","respond"],"executing":true}}
748265802	none	{"result":{"address":748265802,"states":["connect","run","respond"],"executing":true}}
728324502	none	{"result":{"address":728324502,"states":["connect","run","respond"],"executing":true}}
923964582	none	{"result":{"address":923964582,"states":["connect","run","respond"],"executing":true}}
143573847	none	{"result":{"address":143573847,"states":["connect","run","respond"],"executing":true}}
651873247	none	{"result":{"address":651873247,"states":["connect","run","respond"],"executing":true}}
1627193942	none	{"result":{"address":1627193942,"states":["connect","run","respond"],"executing":true}}
1881555872	none	{"result":{"address":1881555872,"states":["connect","run","respond"],"executing":true}}
1420360256	none	{"result":{"address":1420360256,"states":["connect","run","respond"],"executing":true}}
480479663	none	{"result":{"address":480479663,"states":["connect","run","respond"],"executing":true}}
1971959888	none	{"result":{"address":1971959888,"states":["connect","run","respond"],"executing":true}}
610505621	none	{"result":{"address":610505621,"states":["connect","run","respond"],"executing":true}}
1533713177	none	{"result":{"address":1533713177,"states":["connect","run","respond"],"executing":true}}
1364121283	none	{"result":{"address":1364121283,"states":["connect","run","respond"],"executing":true}}
609786957	none	{"result":{"address":609786957,"states":["connect","run","respond"],"executing":true}}
998222744	none	{"result":{"address":998222744,"states":["connect","run","respond"],"executing":true}}
1858743655	none	{"result":{"address":1858743655,"states":["connect","run","respond"],"executing":true}}
483843682	none	{"result":{"address":483843682,"states":["connect","run","respond"],"executing":true}}
162862690	none	{"result":{"address":162862690,"states":["connect","run","respond"],"executing":true}}
1458093492	none	{"result":{"address":1458093492,"states":["connect","run","respond"],"executing":true}}
1590386532	none	{"result":{"address":1590386532,"states":["connect","run","respond"],"executing":true}}
1995052547	none	{"result":{"address":1995052547,"states":["connect","run","respond"],"executing":true}}
1061019432	none	{"result":{"address":1061019432,"states":["connect","run","respond"],"executing":true}}
262129748	none	{"result":{"address":262129748,"states":["connect","run","respond"],"executing":true}}
1047926047	none	{"result":{"address":1047926047,"states":["connect","run","respond"],"executing":true}}
524704763	none	{"result":{"address":524704763,"states":["connect","run","respond"],"executing":true}}
482486947	none	{"result":{"address":482486947,"states":["connect","run","respond"],"executing":true}}
662842533	none	{"result":{"address":662842533,"states":["connect","run","respond"],"executing":true}}
2072929574	none	{"result":{"address":2072929574,"states":["connect","run","respond"],"executing":true}}
1648547157	none	{"result":{"address":1648547157,"states":["connect","run","respond"],"executing":true}}
1612184027	none	{"result":{"address":1612184027,"states":["connect","run","respond"],"executing":true}}
907229891	none	{"result":{"address":907229891,"states":["connect","run","respond"],"executing":true}}
1498381348	none	{"result":{"address":1498381348,"states":["connect","run","respond"],"executing":true}}
564745821	none	{"result":{"address":564745821,"states":["connect","run","respond"],"executing":true}}
838252423	none	{"result":{"address":838252423,"states":["connect","run","respond"],"executing":true}}
458607249	none	{"result":{"address":458607249,"states":["connect","run","respond"],"executing":true}}
1006312877	none	{"result":{"address":1006312877,"states":["connect","run","respond"],"executing":true}}
1100721409	none	{"result":{"address":1100721409,"states":["connect","run","respond"],"executing":true}}
1669519108	none	{"result":{"address":1669519108,"states":["connect","run","respond"],"executing":true}}
632291445	none	{"result":{"address":632291445,"states":["connect","run","respond"],"executing":true}}
951005309	none	{"result":{"address":951005309,"states":["connect","run","respond"],"executing":true}}
420383931	none	{"result":{"address":420383931,"states":["connect","run","respond"],"executing":true}}
2093914466	none	{"result":{"address":2093914466,"states":["connect","run","respond"],"executing":true}}
898016340	none	{"result":{"address":898016340,"states":["connect","run","respond"],"executing":true}}
1365131047	none	{"result":{"address":1365131047,"states":["connect","run","respond"],"executing":true}}
2013027796	none	{"result":{"address":2013027796,"states":["connect","run","respond"],"executing":true}}
1676710986	none	{"result":{"address":1676710986,"states":["connect","run","respond"],"executing":true}}
1704452237	none	{"result":{"address":1704452237,"states":["connect","run","respond"],"executing":true}}
516235398	none	{"result":{"address":516235398,"states":["connect","run","respond"],"executing":true}}
494562926	none	{"result":{"address":494562926,"states":["connect","run","respond"],"executing":true}}
1693508190	none	{"result":{"address":1693508190,"states":["connect","run","respond"],"executing":true}}
1592587709	none	{"result":{"address":1592587709,"states":["connect","run","respond"],"executing":true}}
984522468	none	{"result":{"address":984522468,"states":["connect","run","respond"],"executing":true}}
1386427803	none	{"result":{"address":1386427803,"states":["connect","run","respond"],"executing":true}}
97067194	none	{"result":{"address":97067194,"states":["connect","run","respond"],"executing":true}}
1192483270	none	{"result":{"address":1192483270,"states":["connect","run","respond"],"executing":true}}
762697909	none	{"result":{"address":762697909,"states":["connect","run","respond"],"executing":true}}
1195309475	none	{"result":{"address":1195309475,"states":["connect","run","respond"],"executing":true}}
1749978039	none	{"result":{"address":1749978039,"states":["connect","run","respond"],"executing":true}}
1762666004	none	{"result":{"address":1762666004,"states":["connect","run","respond"],"executing":true}}
1115137958	none	{"result":{"address":1115137958,"states":["connect","run","respond"],"executing":true}}
516517859	none	{"result":{"address":516517859,"states":["connect","run","respond"],"executing":true}}
1920153843	none	{"result":{"address":1920153843,"states":["connect","run","respond"],"executing":true}}
950271563	none	{"result":{"address":950271563,"states":["connect","run","respond"],"executing":true}}
258504291	none	{"result":{"address":258504291,"states":["connect","run","respond"],"executing":true}}
486829494	none	{"result":{"address":486829494,"states":["connect","run","respond"],"executing":true}}
2143441685	none	{"result":{"address":2143441685,"states":["connect","run","respond"],"executing":true}}
2102996415	none	{"result":{"address":2102996415,"states":["connect","run","respond"],"executing":true}}
114603629	none	{"result":{"address":114603629,"states":["connect","run","respond"],"executing":true}}
659078670	none	{"result":{"address":659078670,"states":["connect","run","respond"],"executing":true}}
556007644	none	{"result":{"address":556007644,"states":["connect","run","respond"],"executing":true}}
1074316401	none	{"result":{"address":1074316401,"states":["connect","run","respond"],"executing":true}}
771716802	none	{"result":{"address":771716802,"states":["connect","run","respond"],"executing":true}}
661144846	none	{"result":{"address":661144846,"states":["connect","run","respond"],"executing":true}}
1738871377	none	{"result":{"address":1738871377,"states":["connect","run","respond"],"executing":true}}
322232993	none	{"result":{"address":322232993,"states":["connect","run","respond"],"executing":true}}
852531165	none	{"result":{"address":852531165,"states":["connect","run","respond"],"executing":true}}
1280712530	none	{"result":{"address":1280712530,"states":["connect","run","respond"],"executing":true}}
828430986	none	{"result":{"address":828430986,"states":["connect","run","respond"],"executing":true}}
332047550	none	{"result":{"address":332047550,"states":["connect","run","respond"],"executing":true}}
1938056016	none	{"result":{"address":1938056016,"states":["connect","run","respond"],"executing":true}}
1481429879	none	{"result":{"address":1481429879,"states":["connect","run","respond"],"executing":true}}
1417654221	none	{"result":{"address":1417654221,"states":["connect","run","respond"],"executing":true}}
680629549	none	{"result":{"address":680629549,"states":["connect","run","respond"],"executing":true}}
1249993019	none	{"result":{"address":1249993019,"states":["connect","run","respond"],"executing":true}}
892083833	none	{"result":{"address":892083833,"states":["connect","run","respond"],"executing":true}}
1180728949	none	{"result":{"address":1180728949,"states":["connect","run","respond"],"executing":true}}
509406518	none	{"result":{"address":509406518,"states":["connect","run","respond"],"executing":true}}
1128459710	none	{"result":{"address":1128459710,"states":["connect","run","respond"],"executing":true}}
331683194	none	{"result":{"address":331683194,"states":["connect","run","respond"],"executing":true}}
1401890766	none	{"result":{"address":1401890766,"states":["connect","run","respond"],"executing":true}}
1921171632	none	{"result":{"address":1921171632,"states":["connect","run","respond"],"executing":true}}
191344498	none	{"result":{"address":191344498,"states":["connect","run","respond"],"executing":true}}
1706400285	none	{"result":{"address":1706400285,"states":["connect","run","respond"],"executing":true}}
144313165	none	{"result":{"address":144313165,"states":["connect","run","respond"],"executing":true}}
837808913	none	{"result":{"address":837808913,"states":["connect","run","respond"],"executing":true}}
394046400	none	{"result":{"address":394046400,"states":["connect","run","respond"],"executing":true}}
1834674022	none	{"result":{"address":1834674022,"states":["connect","run","respond"],"executing":true}}
800948594	none	{"result":{"address":800948594,"states":["connect","run","respond"],"executing":true}}
544382750	none	{"result":{"address":544382750,"states":["connect","run","respond"],"executing":true}}
828561267	none	{"result":{"address":828561267,"states":["connect","run","respond"],"executing":true}}
1448726614	none	{"result":{"address":1448726614,"states":["connect","run","respond"],"executing":true}}
2064143237	none	{"result":{"address":2064143237,"states":["connect","run","respond"],"executing":true}}
777720471	none	{"result":{"address":777720471,"states":["connect","run","respond"],"executing":true}}
354959945	none	{"result":{"address":354959945,"states":["connect","run","respond"],"executing":true}}
178928669	none	{"result":{"address":178928669,"states":["connect","run","respond"],"executing":true}}
216939170	none	{"result":{"address":216939170,"states":["connect","run","respond"],"executing":true}}
1218233183	none	{"result":{"address":1218233183,"states":["connect","run","respond"],"executing":true}}
714898103	none	{"result":{"address":714898103,"states":["connect","run","respond"],"executing":true}}
236466807	none	{"result":{"address":236466807,"states":["connect","run","respond"],"executing":true}}
1292520891	none	{"result":{"address":1292520891,"states":["connect","run","respond"],"executing":true}}
538310733	none	{"result":{"address":538310733,"states":["connect","run","respond"],"executing":true}}
531445124	none	{"result":{"address":531445124,"states":["connect","run","respond"],"executing":true}}
1707306272	none	{"result":{"address":1707306272,"states":["connect","run","respond"],"executing":true}}
2146778369	none	{"result":{"address":2146778369,"states":["connect","run","respond"],"executing":true}}
756178761	none	{"result":{"address":756178761,"states":["connect","run","respond"],"executing":true}}
380540868	none	{"result":{"address":380540868,"states":["connect","run","respond"],"executing":true}}
666921892	none	{"result":{"address":666921892,"states":["connect","run","respond"],"executing":true}}
2107265758	none	{"result":{"address":2107265758,"states":["connect","run","respond"],"executing":true}}
492804729	none	{"result":{"address":492804729,"states":["connect","run","respond"],"executing":true}}
368902054	none	{"result":{"address":368902054,"states":["connect","run","respond"],"executing":true}}
865043592	none	{"result":{"address":865043592,"states":["connect","run","respond"],"executing":true}}
607416644	none	{"result":{"address":607416644,"states":["connect","run","respond"],"executing":true}}
362619515	none	{"result":{"address":362619515,"states":["connect","run","respond"],"executing":true}}
890161689	none	{"result":{"address":890161689,"states":["connect","run","respond"],"executing":true}}
1582509579	none	{"result":{"address":1582509579,"states":["connect","run","respond"],"executing":true}}
1958498426	none	{"result":{"address":1958498426,"states":["connect","run","respond"],"executing":true}}
92306193	none	{"result":{"address":92306193,"states":["connect","run","respond"],"executing":true}}
326733506	none	{"result":{"address":326733506,"states":["connect","run","respond"],"executing":true}}
1428738280	none	{"result":{"address":1428738280,"states":["connect","run","respond"],"executing":true}}
488062106	none	{"result":{"address":488062106,"states":["connect","run","respond"],"executing":true}}
1234646826	none	{"result":{"address":1234646826,"states":["connect","run","respond"],"executing":true}}
185816103	none	{"result":{"address":185816103,"states":["connect","run","respond"],"executing":true}}
1629106269	none	{"result":{"address":1629106269,"states":["connect","run","respond"],"executing":true}}
1778943485	none	{"result":{"address":1778943485,"states":["connect","run","respond"],"executing":true}}
1038227103	none	{"result":{"address":1038227103,"states":["connect","run","respond"],"executing":true}}
2146765597	none	{"result":{"address":2146765597,"states":["connect","run","respond"],"executing":true}}
1259704340	none	{"result":{"address":1259704340,"states":["connect","run","respond"],"executing":true}}
1187183759	none	{"result":{"address":1187183759,"states":["connect","run","respond"],"executing":true}}
1020623793	none	{"result":{"address":1020623793,"states":["connect","run","respond"],"executing":true}}
329786447	none	{"result":{"address":329786447,"states":["connect","run","respond"],"executing":true}}
2080903383	none	{"result":{"address":2080903383,"states":["connect","run","respond"],"executing":true}}
1732372020	none	{"result":{"address":1732372020,"states":["connect","run","respond"],"executing":true}}
948148580	none	{"result":{"address":948148580,"states":["connect","run","respond"],"executing":true}}
1890391410	none	{"result":{"address":1890391410,"states":["connect","run","respond"],"executing":true}}
823272536	none	{"result":{"address":823272536,"states":["connect","run","respond"],"executing":true}}
1712571512	none	{"result":{"address":1712571512,"states":["connect","run","respond"],"executing":true}}
309981440	none	{"result":{"address":309981440,"states":["connect","run","respond"],"executing":true}}
1542492148	none	{"result":{"address":1542492148,"states":["connect","run","respond"],"executing":true}}
1811501571	none	{"result":{"address":1811501571,"states":["connect","run","respond"],"executing":true}}
1005984764	none	{"result":{"address":1005984764,"states":["connect","run","respond"],"executing":true}}
1321765136	none	{"result":{"address":1321765136,"states":["connect","run","respond"],"executing":true}}
487946203	none	{"result":{"address":487946203,"states":["connect","run","respond"],"executing":true}}
124771036	none	{"result":{"address":124771036,"states":["connect","run","respond"],"executing":true}}
1759416968	none	{"result":{"address":1759416968,"states":["connect","run","respond"],"executing":true}}
955771312	none	{"result":{"address":955771312,"states":["connect","run","respond"],"executing":true}}
1570173709	none	{"result":{"address":1570173709,"states":["connect","run","respond"],"executing":true}}
1330813083	none	{"result":{"address":1330813083,"states":["connect","run","respond"],"executing":true}}
466857314	none	{"result":{"address":466857314,"states":["connect","run","respond"],"executing":true}}
1896549503	none	{"result":{"address":1896549503,"states":["connect","run","respond"],"executing":true}}
2083385804	none	{"result":{"address":2083385804,"states":["connect","run","respond"],"executing":true}}
303071783	none	{"result":{"address":303071783,"states":["connect","run","respond"],"executing":true}}
1789752996	none	{"result":{"address":1789752996,"states":["connect","run","respond"],"executing":true}}
926545627	none	{"result":{"address":926545627,"states":["connect","run","respond"],"executing":true}}
355587787	none	{"result":{"address":355587787,"states":["connect","run","respond"],"executing":true}}
352276310	none	{"result":{"address":352276310,"states":["connect","run","respond"],"executing":true}}
1768790780	none	{"result":{"address":1768790780,"states":["connect","run","respond"],"executing":true}}
86805440	none	{"result":{"address":86805440,"states":["connect","run","respond"],"executing":true}}
1186996214	none	{"result":{"address":1186996214,"states":["connect","run","respond"],"executing":true}}
884514780	none	{"result":{"address":884514780,"states":["connect","run","respond"],"executing":true}}
993635277	none	{"result":{"address":993635277,"states":["connect","run","respond"],"executing":true}}
770741959	none	{"result":{"address":770741959,"states":["connect","run","respond"],"executing":true}}
913497083	none	{"result":{"address":913497083,"states":["connect","run","respond"],"executing":true}}
379475073	none	{"result":{"address":379475073,"states":["connect","run","respond"],"executing":true}}
1278565387	none	{"result":{"address":1278565387,"states":["connect","run","respond"],"executing":true}}
2034650248	none	{"result":{"address":2034650248,"states":["connect","run","respond"],"executing":true}}
1529074628	none	{"result":{"address":1529074628,"states":["connect","run","respond"],"executing":true}}
1389289893	none	{"result":{"address":1389289893,"states":["connect","run","respond"],"executing":true}}
1999529282	none	{"result":{"address":1999529282,"states":["connect","run","respond"],"executing":true}}
43963162	none	{"result":{"address":43963162,"states":["connect","run","respond"],"executing":true}}
1047381411	none	{"result":{"address":1047381411,"states":["connect","run","respond"],"executing":true}}
2103518836	none	{"result":{"address":2103518836,"states":["connect","run","respond"],"executing":true}}
1012485208	none	{"result":{"address":1012485208,"states":["connect","run","respond"],"executing":true}}
486938988	none	{"result":{"address":486938988,"states":["connect","run","respond"],"executing":true}}
836199417	none	{"result":{"address":836199417,"states":["connect","run","respond"],"executing":true}}
1754216556	none	{"result":{"address":1754216556,"states":["connect","run","respond"],"executing":true}}
1834830563	none	{"result":{"address":1834830563,"states":["connect","run","respond"],"executing":true}}
